vacancy_name,company_name,latitude,longitude,district,vacancy_url
Frontend разработчик,Golden Pages,41.319393,69.319748,Mirzo Ulugbek,https://hh.ru/vacancy/128374038
Frontend Vue.js - разработчик,NEO INSURANCE CORP,41.294216,69.269388,Yakkasaray,https://hh.ru/vacancy/128554344
Frontend-разработчик,VODIY SOFT HUB,41.200287,69.237615,Yangi hayot,https://hh.ru/vacancy/127813738
Frontend-разработчик,Akbarxojayev Ziyodilla,41.3296505,69.2905625,Yunusabad,https://hh.ru/vacancy/128853598
Backend-разработчик,Akbarxojayev Ziyodilla,41.3296505,69.2905625,Yunusabad,https://hh.ru/vacancy/128851225
Senior Frontend Developer,UZINFOCOM,41.34226,69.336241,Mirzo Ulugbek,https://hh.ru/vacancy/127998998
Backend-разработчик,Prospero agency,NULL,NULL,Ташкент,https://hh.ru/vacancy/127101925
Программист Backend (Java & SpringBoot),MUK Computers,41.330418,69.284713,Yunusabad,https://hh.ru/vacancy/127979079
Senior Backend Developer (Python),UZINFOCOM,41.34226,69.336241,Mirzo Ulugbek,https://hh.ru/vacancy/127978720
Senior Backend разработчик,DOSKA (BirBir),41.288809,69.251431,Yakkasaray,https://hh.ru/vacancy/128863532
Middle Java разработчик,COSCOM ТМ Ucell,41.31114,69.27973,Yunusabad,https://hh.ru/vacancy/128863899
Java Developer (Senior),АО ANOR BANK,41.311144,69.279728,Yunusabad,https://hh.ru/vacancy/128860704
Strong Middle Backend Developer (Node.js),MULTICARD PAYMENT,41.304519,69.307036,Yashnabad,https://hh.ru/vacancy/127935923
Backend разработчик (middle),WORKORIA,NULL,NULL,Ташкент,https://hh.ru/vacancy/128851347
Fullstack-разработчик,OSON (АO BRIO GROUP),41.349544,69.319334,Yunusabad,https://hh.ru/vacancy/128374305
Бэкенд-разработчик Middle,Golden Pages,41.319393,69.319748,Mirzo Ulugbek,https://hh.ru/vacancy/127936129
Fullstack-разработчик / Web-программист,ODIL SOFT,NULL,NULL,Ташкент,https://hh.ru/vacancy/128865438
Golang-разработчик,IT GENIUS,41.33715,69.28472,Yunusabad,https://hh.ru/vacancy/128851075
Программист 1С,SOFTWARE SYSTEMS,NULL,NULL,Ташкент,https://hh.ru/vacancy/128854609
Backend-разработчик,TENZOR SOFT,41.29850010502482,69.33825886650988,Yashnabad,https://hh.ru/vacancy/128540090
Frontend-разработчик,TENZOR SOFT,41.29848951714454,69.33827257092156,Yashnabad,https://hh.ru/vacancy/128540334
Power Apps Developer,Itransition,NULL,NULL,Ташкент,https://hh.ru/vacancy/127820418
Middle/Senior Java Software Engineer,«UZUM TECHNOLOGIES»,NULL,NULL,Ташкент,https://hh.ru/vacancy/125530480
Business Development Manager,Softgile,NULL,NULL,Ташкент,https://hh.ru/vacancy/128738474
.Net разработчик (Middle/Senior),FlexSoft,41.301112,69.306848,Yashnabad,https://hh.ru/vacancy/128704781
Frontend-разработчик,SOFTTECH GROUP,41.364664,69.287714,Yunusabad,https://hh.ru/vacancy/128295539
Backend-разработчик,BTS Express Cargo Servis,41.261803,69.231794,Yakkasaray,https://hh.ru/vacancy/128809281
Middle+/Senior Golang Developer,UZINFOCOM,41.34226,69.336241,Mirzo Ulugbek,https://hh.ru/vacancy/127995262
Мобильный разработчик Flutter,ASKLEPIY GROUP (phoenix core),NULL,NULL,Ташкент,https://hh.ru/vacancy/128689955
Разработчик MS SQL,ASKLEPIY GROUP (phoenix core),41.353131,69.264259,Almazar,https://hh.ru/vacancy/128850922
Unity-разработчик (Junior),8BIT,NULL,NULL,Ташкент,https://hh.ru/vacancy/128689210
Fullstack-разработчик,TASHSOFTCOM,NULL,NULL,Ташкент,https://hh.ru/vacancy/128677014
Frontend-разработчик,CODEREVIEW,NULL,NULL,Ташкент,https://hh.ru/vacancy/128785462
Middle Backend developer (Java),NETTOSOFT,NULL,NULL,Ташкент,https://hh.ru/vacancy/128789397
Инженер-программист АСУ ТП по автоматизации Зданий,METAPOWERENERGY,41.326802,69.338783,Mirzo Ulugbek,https://hh.ru/vacancy/128699978
Fullstack-разработчик,UMAROV ALISHER BAHTIYOR O‘G‘LI,41.355649,69.309947,Yunusabad,https://hh.ru/vacancy/127902436
Торговый представитель (Sales Development Executive) портфель Philip Morris International,Официальный Дистрибутор Philip Morris International (ASR&Co),41.322163,69.283195,Yunusabad,https://hh.ru/vacancy/128864938
Senior Java Developer (Fintech/Payment Systems),TAD INDUSTRIES,41.347919,69.350919,Mirzo Ulugbek,https://hh.ru/vacancy/128827852
Flutter разработчик,PAYNET,41.279986,69.25179,Yakkasaray,https://hh.ru/vacancy/128813524
"Фронтенд разработчик (Vue, Nuxt)",ЧП KIRANO,NULL,NULL,Ташкент,https://hh.ru/vacancy/128809911
Middle+ Java / Kotlin Developer (Spring Framework),Digital Office of Economic Development,NULL,NULL,Ташкент,https://hh.ru/vacancy/128824453
Android-разработчик,iPoint,41.30349,69.3131,Yashnabad,https://hh.ru/vacancy/127896823
"Middle Frontend developer (React, Next.js)",NETTOSOFT,NULL,NULL,Ташкент,https://hh.ru/vacancy/128789291
Middle Backend Engineer (Python/AWS),Sigma Sweden Software AB,41.295618,69.282054,Mirabad,https://hh.ru/vacancy/127930457
Senior Python developer,Sigma Sweden Software AB,41.295618,69.282054,Mirabad,https://hh.ru/vacancy/128163991
IT-специалист,СП ООО JAC MOTORS TOSHKENT,41.310426,69.248179,Chilanzar,https://hh.ru/vacancy/128867890
Backend Golang Developer,HamkorBank,NULL,NULL,Ташкент,https://hh.ru/vacancy/128787487
Fullstack O'qtuvchilar (HTML/CSS/JS/React & Python/Bot/Aiogram),Mars IT School,NULL,NULL,Ташкент,https://hh.ru/vacancy/128171595
Программист C++ (Gamedev),TSOGEN,NULL,NULL,Ташкент,https://hh.ru/vacancy/128825620
"Программист, разработчик",PODIUM,NULL,NULL,Ташкент,https://hh.ru/vacancy/128051029
Программист в ресторанные программы,OOO Smart Food City,41.316244,69.252625,Shaykhantahur,https://hh.ru/vacancy/128337525
IOS разработчик на Swift,Bordio,NULL,NULL,Ташкент,https://hh.ru/vacancy/128685614
Business Development Manager,VAD ALLIANCE DISTRIBUTION,41.31114,69.27973,Yunusabad,https://hh.ru/vacancy/128662576
Python Gameplay Programmer,Леста Игры,41.299757,69.296302,Yashnabad,https://hh.ru/vacancy/128794614
Программист 1С,SOFTTECH GROUP,NULL,NULL,Ташкент,https://hh.ru/vacancy/128296811
Web программист - преподаватель (Frontend),Digital Camp,41.326795,69.338783,Mirzo Ulugbek,https://hh.ru/vacancy/128419296
Unity Developer в GameDev,TSOGEN,NULL,NULL,Ташкент,https://hh.ru/vacancy/128825141
Middle back-end developer,OOO UZGPS,41.275595,69.220079,Chilanzar,https://hh.ru/vacancy/128788141
Backend-разработчик (AI-интегратор),Crowe TAC,41.301711982369525,69.26916156315892,Mirabad,https://hh.ru/vacancy/128383678
Fullstack-разработчик,BELCOR,41.292955,69.368373,Yashnabad,https://hh.ru/vacancy/125644379
IT Security Business Development Manager,SOFTPROM,41.278252,69.306632,Mirabad,https://hh.ru/vacancy/128791520
FullStack Developer,WEB THEMES DEVELOPMENT,41.302135,69.268993,Mirabad,https://hh.ru/vacancy/128152589
"Fullstack Engineer (Backend-focused, AI)",UZINFOCOM,41.34226,69.336241,Mirzo Ulugbek,https://hh.ru/vacancy/128855061
HR-рекрутер (IT),COMING SOON STUDIO,41.319136,69.264977,Shaykhantahur,https://hh.ru/vacancy/128742553
Backend-разработчик,YATT UMAROV SHOHRUH SHERZOD O‘G‘LI,41.295008,69.242744,Yakkasaray,https://hh.ru/vacancy/128723760
Программист 1С (г. Ташкент),ООО 1C-RARUS TAS,NULL,NULL,Ташкент,https://hh.ru/vacancy/127461859
Backend-разработчик (middle),SECTOR SOFT,41.27178,69.231865,Yakkasaray,https://hh.ru/vacancy/128730886
PHP Developer (PHP-разработчик),DIONYSOS,41.332733,69.283797,Yunusabad,https://hh.ru/vacancy/128249204
Learning & Development Manager,Sigma Sweden Software AB,41.295618,69.282054,Mirabad,https://hh.ru/vacancy/128266947
Разработчик игровых интерфейсов /UI developer,Леста Игры,NULL,NULL,Ташкент,https://hh.ru/vacancy/128061781
"Mobile Developer (Flutter) — Middle+ (EdTech, iOS / Android)",EDUCATEME,41.295787,69.256524,Yakkasaray,https://hh.ru/vacancy/128830770
Senior Android developer,NETTOSOFT,NULL,NULL,Ташкент,https://hh.ru/vacancy/128789121
Специалист по развитию бизнеса (Business Development Specialist),Alfa Line(ТМ Encompass Consulting),41.282287074944826,69.25335676801414,Yakkasaray,https://hh.ru/vacancy/128224189
Business Development Manager,YATT KUCHERYUK ARSENIY PAVLOVICH,NULL,NULL,Ташкент,https://hh.ru/vacancy/128784151
Разработчик электронных курсов,АИКБ ИПАК ЙУЛИ БАНК,41.322414,69.281264,Yunusabad,https://hh.ru/vacancy/128783740
Fullstack-разработчик,GUDVIL,41.316461,69.303425,Mirzo Ulugbek,https://hh.ru/vacancy/128586863
"Серверный программист (PHP, Lua, MySQL) в Gamedev",TSOGEN,NULL,NULL,Ташкент,https://hh.ru/vacancy/128825102
Мидл Программист 1С,LEADING BUSINESS SOFTWARE,NULL,NULL,Ташкент,https://hh.ru/vacancy/128438168
Стажер разработчик 1С,LEADING BUSINESS SOFTWARE,41.270838,69.261725,Yakkasaray,https://hh.ru/vacancy/128180857
Разработчик Node.js/React.js (Middle/Senior),Lincoln Labs,41.30292946083057,69.31479686871675,Yashnabad,https://hh.ru/vacancy/128753653
Middle Golang Developer,Alif Uzbekistan,41.314524,69.244603,Shaykhantahur,https://hh.ru/vacancy/127899834
C#/.NET-разработчик,FlexSoft,41.301153,69.306461,Yashnabad,https://hh.ru/vacancy/128408237
Программист C# .NET,СП UCD Micros,41.283009,69.266522,Yakkasaray,https://hh.ru/vacancy/128233827
Senior iOS разработчик,FlexSoft,41.301153,69.306461,Yashnabad,https://hh.ru/vacancy/127390982
Go Developer,Andersen,NULL,NULL,Ташкент,https://hh.ru/vacancy/128741021
Программист 1С (Middle+),VENKON,41.30293410580156,69.31479201053439,Yashnabad,https://hh.ru/vacancy/124199860
Java Backend Developer,ГУ ADLIYA ORGANLARI VA MUASSASALARIDA AXBOROT-KOMMUNIKASIYA TEXNOLOGIYALARINI RIVOJLANTIRISH MARKAZI,41.303287,69.276314,Mirabad,https://hh.ru/vacancy/128709717
Senior Flutter Developer Instruktori,IT TA`LIM BERISH MARKAZI USTUDY,41.34224954071061,69.33692913988085,Mirzo Ulugbek,https://hh.ru/vacancy/128427935
Fullstack-разработчик / Программист,Kelyanmedia,41.298877,69.304934,Yashnabad,https://hh.ru/vacancy/128736437
Golang Developer,Udevs,41.355866,69.28792,Yunusabad,https://hh.ru/vacancy/128609539
Software Support Engineer,PIWorks Inc.,NULL,NULL,Ташкент,https://hh.ru/vacancy/128519258
Strong Junior NodeJS Developer,UNICAL,41.264792,69.200011,Chilanzar,https://hh.ru/vacancy/128774161
JavaScript developer in ServiceNow platform,ACCESA,41.292495,69.263351,Yakkasaray,https://hh.ru/vacancy/126882424
"Frontend-разработчик (Nuxt, Tailwind, Firebase, TypeScript)",Wash Inn Technologies,NULL,NULL,Ташкент,https://hh.ru/vacancy/128386108
Менеджер маркетолог по привлечению клиентов (IT сфера),ATADJANOV SAIDAMIR SAIDALIMOVICH,41.311144,69.279728,Yunusabad,https://hh.ru/vacancy/128749011
IT Officer,ПУ Webster University in Tashkent,41.320328,69.261654,Shaykhantahur,https://hh.ru/vacancy/128823904
IT-специалист,BMB HOLDING,41.266059,69.248197,Yakkasaray,https://hh.ru/vacancy/128678279
Middle Frontend Engineer (React / Next.js),Mukarrama Muallima,41.311144,69.279728,Yunusabad,https://hh.ru/vacancy/128790761
Senior Backend Engineer (Node.js / NestJS),Mukarrama Muallima,41.311144,69.279728,Yunusabad,https://hh.ru/vacancy/128790193
IT специалист,MITTIVOYGROUP,41.22695,69.18454,Yangi hayot,https://hh.ru/vacancy/128827420
Intern Front-end Developer,Itransition,NULL,NULL,Ташкент,https://hh.ru/vacancy/104381436
C#/.NET-разработчик,WEBASE,41.316969,69.235432,Shaykhantahur,https://hh.ru/vacancy/128756916
Директор по развитию и продажам бренда INGLOT (Sales & Brand Development Director),ИП ООО DIVI GROUP,41.316244,69.252625,Shaykhantahur,https://hh.ru/vacancy/128724625
Senior Mobile Developer (Flutter / React Native),Mukarrama Muallima,41.311144,69.279728,Yunusabad,https://hh.ru/vacancy/128791002
Flutter Developer (Middle),AXIUM,NULL,NULL,Ташкент,https://hh.ru/vacancy/128748132
Backend Developer (BPMN + Microservices),Citi Fuel (ООО Staff Atlantic),41.327872,69.250991,Shaykhantahur,https://hh.ru/vacancy/127836247
Intern .NET Developer,Itransition,NULL,NULL,Ташкент,https://hh.ru/vacancy/125377874
"Маркетолог (B2B, IT-направление)",MUK Computers,41.330418,69.284713,Yunusabad,https://hh.ru/vacancy/128117462
"Database Engineer & Backend devoloper (python, Big Data)",Национальный комитет Республики Узбекистан по статистике,41.325299,69.318571,Mirzo Ulugbek,https://hh.ru/vacancy/128720881
Java Senior Developer,Itransition,NULL,NULL,Ташкент,https://hh.ru/vacancy/127598256
Middle+/ Senior Android разработчик,АО ANOR BANK,NULL,NULL,Ташкент,https://hh.ru/vacancy/128764267
Младший разработчик IT Services Configuration (Uzum Market),«UZUM TECHNOLOGIES»,NULL,NULL,Ташкент,https://hh.ru/vacancy/128750887
Backend разработчик (Node.js / NestJS),YATT FAXRIDDINOV MIRODIL SHAMSIDDIN OGLI,NULL,NULL,Ташкент,https://hh.ru/vacancy/128686731
Python-разработчик,OCTO,41.288192,69.251781,Yakkasaray,https://hh.ru/vacancy/128653473
Преподаватель IT-дисциплин,FARADAY LAB,41.302799,69.31478,Yashnabad,https://hh.ru/vacancy/128809834
Менеджер проектов IT (Project manager IT),amoCRM,41.30013,69.262552,Yakkasaray,https://hh.ru/vacancy/128088719
Digital Marketing Manager (Growth & Performance) в IT компанию.,SD Solutions,41.37811057528218,69.29516489228205,Yunusabad,https://hh.ru/vacancy/128854875
PHP YII2 developer,BELCOR,41.29282,69.368607,Yashnabad,https://hh.ru/vacancy/127827530
Начальник Управления разработки кредитных продуктов,АКБ Тенге Банк,41.311144,69.279728,Yunusabad,https://hh.ru/vacancy/127817226
Backend-разработчик,SECTOR SOFT,41.27178,69.231865,Yakkasaray,https://hh.ru/vacancy/128631763
IT Auditor (Junior Manager),Ipotekabank OTP Group,NULL,NULL,Ташкент,https://hh.ru/vacancy/128835506
Преподаватель по программированию (Frontend/Backend),CLOUD IT SCHOOL,41.335814,69.201377,Shaykhantahur,https://hh.ru/vacancy/128732323
Менеджер по продажам IT-решений (B2B),WORKORIA,NULL,NULL,Ташкент,https://hh.ru/vacancy/128851700
Strong Middle PHP Developer (Laravel),Amedia Online Group,41.332246,69.324796,Mirzo Ulugbek,https://hh.ru/vacancy/128017757
Преподаватель IT для детей,СИНЕРГИЯ,41.321432,69.316262,Mirzo Ulugbek,https://hh.ru/vacancy/128489910
Специалист технической поддержки IT,EVOS,41.302182,69.248861,Chilanzar,https://hh.ru/vacancy/127941062
Химик-разработчик,ZUMA - PHARMA,41.169585,69.545234,Ташкент,https://hh.ru/vacancy/128088004
Back End разработчика (Python/Django),Exadot (TM Urbo.uz),NULL,NULL,Ташкент,https://hh.ru/vacancy/128677448
Менеджер по продажам (IT),MUK Computers,41.330418,69.284713,Yunusabad,https://hh.ru/vacancy/128674066
Backend-разработчик,OOO ICAN IT GROUP,41.32131481806797,69.30131005620458,Mirzo Ulugbek,https://hh.ru/vacancy/128552571
Менеджер по продажам IT-продуктов,IThink Tech,NULL,NULL,Ташкент,https://hh.ru/vacancy/128840098
Business Development Manager (Octane),Citi Fuel (ООО Staff Atlantic),41.311158,69.279737,Yunusabad,https://hh.ru/vacancy/127837699
"Фронтенд разработчик (Vue, Nuxt)",ЧП KIRANO,41.25584494043162,69.19940859234437,Chilanzar,https://hh.ru/vacancy/127777749
Разработчик C#,DAILY MAIL,41.23976041213401,69.31710027249146,Ташкент,https://hh.ru/vacancy/128690083
Менеджер по продажам в IT компанию,LEADING BUSINESS SOFTWARE,41.270838,69.261725,Yakkasaray,https://hh.ru/vacancy/128299900
IT специалист,CENTROPOLIS,41.316427,69.248385,Shaykhantahur,https://hh.ru/vacancy/128772974
Middle Python Backend Developer,United IT Company,41.321174,69.2729,Yunusabad,https://hh.ru/vacancy/128359414
Fullstack-разработчик,Bolter,41.295869,69.22882,Chilanzar,https://hh.ru/vacancy/128679833
Менеджер по разработке кредитных продуктов для корпоративных клиентов,Ipotekabank OTP Group,41.315133,69.2843,Mirzo Ulugbek,https://hh.ru/vacancy/128852403
Менеджер по разработке депозитных продуктов для корпоративных клиентов,Ipotekabank OTP Group,41.315133,69.2843,Mirzo Ulugbek,https://hh.ru/vacancy/128852390
IT-рекрутер,MILLION SOLUTIONS,NULL,NULL,Ташкент,https://hh.ru/vacancy/128764388
Java developer (Middle/Senior),CENTER FOR DIGITAL TECHNOLOGY AND INNOVATION,41.304648,69.321113,Yashnabad,https://hh.ru/vacancy/126488428
Менеджер по продажам (IT-услуги),SUMMERTECH,NULL,NULL,Ташкент,https://hh.ru/vacancy/128817428
Менеджер по продажам IT услуг,Prowork,41.32689,69.283096,Yunusabad,https://hh.ru/vacancy/128301920
Golang-разработчик,ALOQAPRO,41.324655,69.241459,Shaykhantahur,https://hh.ru/vacancy/128671408
Senior Frontend Developer (React),OCTO,NULL,NULL,Ташкент,https://hh.ru/vacancy/125186523
Account manager/Integrator (IT kompaniya),ROBOSELL,41.325197,69.334363,Mirzo Ulugbek,https://hh.ru/vacancy/128069869
Специалист по IT + АХО,Аудиотеле,41.295869,69.22882,Chilanzar,https://hh.ru/vacancy/128809210
React Front-end Developer,Itransition,NULL,NULL,Ташкент,https://hh.ru/vacancy/125205340
Senior Backend Developer (Java),Ipotekabank OTP Group,41.315133,69.2843,Mirzo Ulugbek,https://hh.ru/vacancy/127348705
IT Проектный Менеджер в Дирекцию по обслуживанию клиентов,Ipotekabank OTP Group,41.31514,69.284309,Mirzo Ulugbek,https://hh.ru/vacancy/127502019
Разработчик C++,INNOVATSIYA TEXNOLOGIYALARI MARKAZI,NULL,NULL,Ташкент,https://hh.ru/vacancy/128623270
Senior .NET Developer,BAIK Technologies,NULL,NULL,Ташкент,https://hh.ru/vacancy/128686230
Junior Java Developer,OCTO,41.288192,69.251781,Yakkasaray,https://hh.ru/vacancy/127405937
Java Developer,АКБ Агробанк,41.319508,69.253551,Shaykhantahur,https://hh.ru/vacancy/128408481
Начальник отдела разработки искусственного интеллекта,"Министерство инвестиций, промышленности и торговли Республики Узбекистан",41.3055521,69.2772993,Mirabad,https://hh.ru/vacancy/128827150
C#/.NET-Developer,ART OF BUSINESS ASSISTANCE,41.295991,69.1752,Uchtepa,https://hh.ru/vacancy/128665255
Frontend-разработчик Vue.js,«UZUM TECHNOLOGIES»,NULL,NULL,Ташкент,https://hh.ru/vacancy/127249684
Fullstack-разработчик,STROY DOMIK,NULL,NULL,Ташкент,https://hh.ru/vacancy/128560958
Senior QA Engineer (Automation / High-Load / Backend Focus),KSG INFINITE,41.274809,69.263567,Yakkasaray,https://hh.ru/vacancy/127774326
Преподаватель по Backend Development PHP,Alif Uzbekistan,41.314524,69.244603,Shaykhantahur,https://hh.ru/vacancy/128554537
"Менеджер по продажам IT оборудования (видеокамеры, серверы, оргтехника)",SUPPLY AND TRANSPORTATION,41.278252,69.306632,Mirabad,https://hh.ru/vacancy/128302892
Regional Engineering Manager  (IT company),SOFTWARE WIZARDS,41.29723,69.281758,Mirabad,https://hh.ru/vacancy/128586185
Business Development Manager (Call Center / BPO),Mixstone,NULL,NULL,Ташкент,https://hh.ru/vacancy/128720028
Начальник отдела разработки,UZINFOCOM,41.34226,69.336241,Mirzo Ulugbek,https://hh.ru/vacancy/128034590
Dynamics 365 \ Power Platform Developer,Itransition,NULL,NULL,Ташкент,https://hh.ru/vacancy/127598217
Руководитель отдела IT-инфраструктуры,«Baraka Market» (ИП ООО «Urban Retail»),NULL,NULL,Ташкент,https://hh.ru/vacancy/128768378
Senior Java developer,АО Асакабанк,41.310961,69.24675,Chilanzar,https://hh.ru/vacancy/128489641
Системный администратор Linux (IT специалист),ГРАН,41.322739,69.282773,Yunusabad,https://hh.ru/vacancy/128788639
Оператор Call center,DEVELOPMENT LEADERS SCHOOL,41.428722,69.488379,Ташкент,https://hh.ru/vacancy/128858655
Оператор call-центра,DEVELOPMENT LEADERS SCHOOL,41.31114,69.27973,Yunusabad,https://hh.ru/vacancy/128858098
Python-разработчик,Пилигрим,54.715847,56.004299,Ташкент,https://hh.ru/vacancy/128307643
HR Menejer (IT yo‘nalishi) kerak!,INNOTEK INVEST,41.305373,69.283375,Mirabad,https://hh.ru/vacancy/128796041
Java-разработчик (junior),АКБ Тенге Банк,41.315039,69.321158,Yashnabad,https://hh.ru/vacancy/127262010
Senior Golang Developer,NASIROV SH. S. (BOTAN),NULL,NULL,Ташкент,https://hh.ru/vacancy/128552979
Senior Java Developer,HUMAN AND CAPITAL,41.292,69.2623,Yakkasaray,https://hh.ru/vacancy/128381818
Инженер сервисов IT (ГПХ),COSCOM ТМ Ucell,41.322055,69.284031,Yunusabad,https://hh.ru/vacancy/128746790
"Strong Middle PHP Developer (Yii2,Laravel)",MULTICARD PAYMENT,41.304519,69.307036,Yashnabad,https://hh.ru/vacancy/127938879
Unity-разработчик (Middle/Senior),8BIT,41.309139,69.337013,Mirzo Ulugbek,https://hh.ru/vacancy/128635563
Ассистент преподавателя (WEB-разработка),Digital Camp,41.331379,69.249589,Almazar,https://hh.ru/vacancy/128418245
Flutter Developer,EDU UNIVER,41.271773,69.231838,Yakkasaray,https://hh.ru/vacancy/128499527
Специалист по информационной безопасности (IT Security),КДБ Банк Узбекистан,41.308618,69.276134,Mirabad,https://hh.ru/vacancy/128770118
Frontend Developer (Mobile-First / Web→App Integration),United IT Company,41.321174,69.2729,Yunusabad,https://hh.ru/vacancy/128129374
Разработчик (автоматизация контакт центра),AVO.UZ,NULL,NULL,Ташкент,https://hh.ru/vacancy/128609340
Программист 1С,Первый Бит,41.301803,69.269352,Mirabad,https://hh.ru/vacancy/128547616
"Full Stack Developer (Vue.JS, Node.JS)",Citi Fuel (ООО Staff Atlantic),NULL,NULL,Ташкент,https://hh.ru/vacancy/128186752
"Senior Backend-разработчик (Node.js, Nest.js)",ONESEC,NULL,NULL,Ташкент,https://hh.ru/vacancy/122797553
Менеджер по продажам IT-решений (B2B),Antal International Tashkent Xususiy Bandlik Agentligi,NULL,NULL,Ташкент,https://hh.ru/vacancy/126118598
Middle Data Engineer (ETL/ELT Developer),OPEN BANK AJ,41.315763,69.282683,Yunusabad,https://hh.ru/vacancy/128672546
Senior Data Engineer (ETL/ELT Developers),OPEN BANK AJ,41.315763,69.282683,Yunusabad,https://hh.ru/vacancy/128672547
Frontend-разработчик,SECTOR SOFT,41.27178,69.231865,Yakkasaray,https://hh.ru/vacancy/128174333
Web-разработчик / Web-дизайнер (сайт с нуля),Youth Entrepreneurship Support Center of Uzbekistan,41.296289,69.204709,Chilanzar,https://hh.ru/vacancy/128693467
Flutter Developer,OCTO,41.288192,69.251781,Yakkasaray,https://hh.ru/vacancy/125970659
Full-Stack Разработчик / WordPress + Telegram,Oxbridge International School,41.256719,69.328641,Yashnabad,https://hh.ru/vacancy/128658851
Менеджер по работе с клиентами / BDM (IT продукты),КСК-Эйч Ар,NULL,NULL,Ташкент,https://hh.ru/vacancy/128259412
R&D Engineer (Development Engineer),ИП ООО JINTING AUTOMOBILE ELECTRIC,40.097499,67.871744,Ташкент,https://hh.ru/vacancy/128613911
Помощник/курьер на простые поручения (IT корпорация),Алыпов Артём Романович,NULL,NULL,Ташкент,https://hh.ru/vacancy/128031992
Front-end (React) Developer,СП ООО «DAAC SYSTEM»,41.311144,69.279728,Yunusabad,https://hh.ru/vacancy/127419855
Backend-разработчик (Python),Ipotekabank OTP Group,41.31514,69.284309,Mirzo Ulugbek,https://hh.ru/vacancy/128032512
Strong Middle / Senior Java-разработчик,Солик-сервис,41.295672,69.218355,Chilanzar,https://hh.ru/vacancy/128463541
C# developer,Synel Software Development,41.299425,69.271867,Mirabad,https://hh.ru/vacancy/128387304
Курьер помощник в IT Компаниию/IT kompaniyaga kurer-yordamchi,Delivery Fast,NULL,NULL,Ташкент,https://hh.ru/vacancy/127309471
Backend разработчик,ZERODEV,NULL,NULL,Ташкент,https://hh.ru/vacancy/128104969
SAP BW Консультант (Разработчик),FULL STACK SOLUTION,41.336342,69.282432,Yunusabad,https://hh.ru/vacancy/127486229
Программист PHP,RESULT AGENCY,NULL,NULL,Ташкент,https://hh.ru/vacancy/128409900
Front-end разработчик,UNITEL LLC,41.336832,69.3141504,Yunusabad,https://hh.ru/vacancy/128172120
Java-разработчик,UNITEL LLC,NULL,NULL,Ташкент,https://hh.ru/vacancy/127154326
Senior PL/SQL Developer,YANGI BANK,41.33446,69.284165,Yunusabad,https://hh.ru/vacancy/128524842
Hospitality Software IT Specialist (1C software installation),HRS,NULL,NULL,Ташкент,https://hh.ru/vacancy/128565013
Программист,AJ “O'zTMK”,41.303449,69.321904,Yashnabad,https://hh.ru/vacancy/127828962
Ведущий маркетолог,Simtech Development,41.310121,69.291145,Mirzo Ulugbek,https://hh.ru/vacancy/127915626
IT-Recruiter (IT-рекрутер),АО ANOR BANK,41.306674,69.284839,Yashnabad,https://hh.ru/vacancy/128694991
Экономист по строительству,DURABLE DEVELOPMENT,41.28919,69.27421,Mirabad,https://hh.ru/vacancy/126789085
Java Developer (Платформа для миграции),Содействие,NULL,NULL,Ташкент,https://hh.ru/vacancy/128389333
Java-разработчик,PRO DATA,NULL,NULL,Ташкент,https://hh.ru/vacancy/127995150
Тимлид отдела маркетинга,Simtech Development,41.310121,69.291145,Mirzo Ulugbek,https://hh.ru/vacancy/128079526
Product marketing manager (B2B),Simtech Development,41.310121,69.291145,Mirzo Ulugbek,https://hh.ru/vacancy/127028512
Middle FullStack Javascript Developer,MILLAT UMIDI UNIVERSITY,41.295327,69.225478,Chilanzar,https://hh.ru/vacancy/128224272
Frontend-разработчик,RENTA-COR,41.339619,69.33828,Mirzo Ulugbek,https://hh.ru/vacancy/127972368
Product & Business Development Manager,BIRLIK KAPITAL,41.311144,69.279728,Yunusabad,https://hh.ru/vacancy/128505288
Java QA Intern,Комэнго,NULL,NULL,Ташкент,https://hh.ru/vacancy/128678576
Backend-разработчик,SECTOR SOFT,41.27178,69.231865,Yakkasaray,https://hh.ru/vacancy/127971781
Программист 1С,AZIMUTH (ООО TECHNOLOGIES OF REAL TIME),41.20277,69.15135,Ташкент,https://hh.ru/vacancy/126590924
Конструктор-технолог по разработке РКД для НКУ,XODJAYEV MUXAMMAD MARIMBOY O‘G‘LI,41.22364,69.33433,Bektemir,https://hh.ru/vacancy/128777662
Java Middle Developer,Itransition,NULL,NULL,Ташкент,https://hh.ru/vacancy/122217954
Low code разработчик (JavaScript + TypeScript),«UZUM TECHNOLOGIES»,NULL,NULL,Ташкент,https://hh.ru/vacancy/127304999
Back end разработчик (PL/SQL; PostgreSQL),Fido-Biznes,41.318994,69.277383,Yunusabad,https://hh.ru/vacancy/128461345
Middle Java Developer,PAYNET,41.279986,69.25179,Yakkasaray,https://hh.ru/vacancy/128132003
Middle Software Engineer (Java),Ipotekabank OTP Group,41.315133,69.2843,Mirzo Ulugbek,https://hh.ru/vacancy/128429547
Junior PHP Developer,AKACORP GLOBAL TECH,41.274809,69.263567,Yakkasaray,https://hh.ru/vacancy/128442155
Junior Frontend Developer,Alif Uzbekistan,41.314524,69.244603,Shaykhantahur,https://hh.ru/vacancy/128072270
PHP-разработчик,INTOP PLANET,41.289724,69.264564,Yakkasaray,https://hh.ru/vacancy/128257490
Middle/Senior Magento Back-end Developer,Creative people,41.279621,69.252859,Yakkasaray,https://hh.ru/vacancy/128420600
Senior Java разработчик,PAYNET,41.279986,69.25179,Yakkasaray,https://hh.ru/vacancy/128093361
SAP/IT Supervisor,ИП ООО JETOUR SOUEAST AUTOMOTIVE CENTRAL ASIAN,NULL,NULL,Ташкент,https://hh.ru/vacancy/124074247
Flutter разработчик (middle),Mageek,NULL,NULL,Ташкент,https://hh.ru/vacancy/128420949
Менеджер по ИТ-рискам (Risk Manager – IT Risks),UzAuto Motors,NULL,NULL,Ташкент,https://hh.ru/vacancy/128730860
Middle Developer .NET,Sharifa Com,NULL,NULL,Ташкент,https://hh.ru/vacancy/128373894
.NET Developer (middle),«UZUM TECHNOLOGIES»,NULL,NULL,Ташкент,https://hh.ru/vacancy/127249680
Feature Developer - Data Scientist,AVO.UZ,41.294297,69.282836,Mirabad,https://hh.ru/vacancy/128462820
Менеджер по продажам IT-оборудования (B2B),LIDER TEAM,41.27489,69.285764,Mirabad,https://hh.ru/vacancy/127474587
Business Development Director/Директор по развитию бизнеса,TIMSOH,41.311144,69.279728,Yunusabad,https://hh.ru/vacancy/127864551
Senior ASP.NET Engineer,MAYDON TECH,41.2438,69.25992,Ташкент,https://hh.ru/vacancy/128137237
Менеджер/Старший менеджер по операционной эффективности IT-процессов (ITSM),ООО «KPMG AUDIT»,NULL,NULL,Ташкент,https://hh.ru/vacancy/128736959
Программист 1С,Veolia Energy Tashkent,41.313,69.240579,Shaykhantahur,https://hh.ru/vacancy/127784302
Senior Java Developer,OCTO,NULL,NULL,Ташкент,https://hh.ru/vacancy/124414495
Backend разработчик Java (middle и выше),Garant bank,NULL,NULL,Ташкент,https://hh.ru/vacancy/128024611
Таргетолог Facebook/Meta,WEB THEMES DEVELOPMENT,41.302135,69.268993,Mirabad,https://hh.ru/vacancy/128077414
Инженер-электронщик/Инженер-программист микроконтроллеров/Embedded программист,FORTEK,41.325231,69.319253,Mirzo Ulugbek,https://hh.ru/vacancy/127248074
Главный специалист (DevSecOps),Капиталбанк,41.310148,69.27476,Mirabad,https://hh.ru/vacancy/128856966
Senior IOS разработчик,АИКБ ИПАК ЙУЛИ БАНК,41.345583,69.261258,Almazar,https://hh.ru/vacancy/126193675
Разработчик 1 С,BELDERSOY RESORT,41.30983,69.268741,Mirabad,https://hh.ru/vacancy/128295554
Game Development International Internship,Darktheme Studios,59.939699,30.28016,Ташкент,https://hh.ru/vacancy/128397582
Business Development Manager,Amrop,NULL,NULL,Ташкент,https://hh.ru/vacancy/128261683
Android-разработчик,АО ANOR BANK,41.306674,69.284839,Yashnabad,https://hh.ru/vacancy/128120828
Frontend & Backend Developer Internship Opportunities,SATashkent,41.308313,69.24428,Chilanzar,https://hh.ru/vacancy/127871306
IOS-разработчик,АКБ Агробанк,41.319508,69.253551,Shaykhantahur,https://hh.ru/vacancy/128138900
Менеджер по продажам (IT),IBS,NULL,NULL,Ташкент,https://hh.ru/vacancy/128714064
IT HR-Менеджер,УЗБЕКСКАЯ РЕСПУБЛИКАНСКАЯ ТОВАРНО-СЫРЬЕВАЯ БИРЖА,41.2714,69.260495,Yakkasaray,https://hh.ru/vacancy/128657235
Junior/Middle Frontend Developer,NOMADIAN,NULL,NULL,Ташкент,https://hh.ru/vacancy/127976041
Middle/Senior Node.js + Typescript Backend Developer,PAYME,41.321757,69.284336,Yunusabad,https://hh.ru/vacancy/128060264
Преподаватель по IT/STEAM,SCIENCE NETWORK ROBOTICS SNR,41.322962,69.27794,Yunusabad,https://hh.ru/vacancy/128702986
Full-Stack разработчик (junior/middle),KIBERNETIKADA INNOVATSIYALAR IT-PARKI,41.30183,69.273655,Mirabad,https://hh.ru/vacancy/128408387
Strong Middle / Senior Flutter-разработчик,Солик-сервис,41.295672,69.218355,Chilanzar,https://hh.ru/vacancy/128464829
IT менеджер,TEGEN (ООО Best Quality Products),NULL,NULL,Ташкент,https://hh.ru/vacancy/128165305
Руководитель отдела Саппорта (1С),LEADING BUSINESS SOFTWARE,41.270838,69.261725,Yakkasaray,https://hh.ru/vacancy/127479621
Senior/Middle PHP-developer,АИКБ ИПАК ЙУЛИ БАНК,41.345583,69.261258,Almazar,https://hh.ru/vacancy/121731452
Senior B2B Sales Manager / Key Account Manager (IT Solutions),YES WE CAN TECHNOLOGIES,41.2667,69.2167,Chilanzar,https://hh.ru/vacancy/128725771
"Business Development Manager, Education",IT PARK UNIVERSITY,41.302799,69.314762,Yashnabad,https://hh.ru/vacancy/128241086
Middle Node. js Backend разработчик,EDSPACE,41.356055,69.204727,Almazar,https://hh.ru/vacancy/127881932
Ички назорат хизмати бошлиғи/бош мутахассиси (банк/микромолия йўналишида),ALOQA FINANCE DEVELOPMENT MIKROMOLIYA TASHKILOTI,41.28346,69.3398,Yashnabad,https://hh.ru/vacancy/128833668
С# developer,АО ANOR BANK,NULL,NULL,Ташкент,https://hh.ru/vacancy/127981731
Senior Java Software Engineer,ACCESA,41.292495,69.263351,Yakkasaray,https://hh.ru/vacancy/127970299
"Контент менеджер сайта / разработчик, SEO продвижение",LTD EUROLUX UZBEKISTAN,41.2974,69.236357,Chilanzar,https://hh.ru/vacancy/128477400
BPM Разработчик,HamkorBank,NULL,NULL,Ташкент,https://hh.ru/vacancy/127999592
Strong Middle Python Developer,United IT Company,NULL,NULL,Ташкент,https://hh.ru/vacancy/126801767
Frontend Software Engineer,MAYDON TECH,41.2438,69.25992,Ташкент,https://hh.ru/vacancy/127978815
Директор филиала,Mars IT School,NULL,NULL,Ташкент,https://hh.ru/vacancy/128170778
Коммерческий директор / Head of Business Development,PARKTECH,41.311144,69.279728,Yunusabad,https://hh.ru/vacancy/128428403
Маркетолог,ЯТТ IT company,NULL,NULL,Ташкент,https://hh.ru/vacancy/128863693
Промт-инженер / backend-разработчик,YATT DONSKIX ALEKSANDR SERGEYEVICH,NULL,NULL,Ташкент,https://hh.ru/vacancy/127900876
Требуется: Менеджер по продажам (со знанием бухгалтерии),United IT Company,41.32102517690306,69.27324332242647,Yunusabad,https://hh.ru/vacancy/128866874
Web developer (JS+Wordpress),Lincoln Labs,NULL,NULL,Ташкент,https://hh.ru/vacancy/128128246
Huawei Eco-system development manager,FE LLC Huawei Tech Investment Tashkent,41.295272,69.276125,Mirabad,https://hh.ru/vacancy/128320527
Senior/Middle PHP-developer - CRM,AIRNET,41.332246,69.324796,Mirzo Ulugbek,https://hh.ru/vacancy/128288487
Fullstack Web Developer,YATT BAHROMOV ISFANDIYOR BAHROM O‘G‘LI,41.31856,69.299311,Mirzo Ulugbek,https://hh.ru/vacancy/128099880
C#/.NET-разработчик,FlexSoft,41.301153,69.306461,Yashnabad,https://hh.ru/vacancy/128090350
Программист 1С,АК Дори Дармон,41.321032,69.2396,Shaykhantahur,https://hh.ru/vacancy/128115673
SMM-менеджер,Mars IT School,NULL,NULL,Ташкент,https://hh.ru/vacancy/128857255
Java Developer Middle+/Senior,OPEN BANK AJ,41.315763,69.282683,Yunusabad,https://hh.ru/vacancy/127863603
"Менеджер по развитию бизнеса (Business development manager, BD)",БЛЭНК,53.918599,27.586256,Ташкент,https://hh.ru/vacancy/128474123
Golang Developer-Ayan,Alif Uzbekistan,41.314524,69.244603,Shaykhantahur,https://hh.ru/vacancy/126900238
Business Development specialist,UET CONSTRUCTION,41.28407171281748,69.25898001012489,Yakkasaray,https://hh.ru/vacancy/128078525
Middle Data Engineer (Azure & Databricks),ZLATA GREENPRODUCT,NULL,NULL,Ташкент,https://hh.ru/vacancy/128135938
Руководитель по ИИ разработке,UNITEL LLC,NULL,NULL,Ташкент,https://hh.ru/vacancy/128703388
IT Project manager,АО ANOR BANK,41.306674,69.284839,Yashnabad,https://hh.ru/vacancy/128551995
Lua-разработчик (Roblox),Джем,59.965282,30.312814,Ташкент,https://hh.ru/vacancy/128058946
Business Development / Lead Generation Manager (Cold Outreach),Social Discovery Group,NULL,NULL,Ташкент,https://hh.ru/vacancy/128366643
Помощник финансиста,Mars IT School,NULL,NULL,Ташкент,https://hh.ru/vacancy/128255333
PL/SQL разработчик,Fido-Biznes,41.318994,69.277383,Yunusabad,https://hh.ru/vacancy/128000667
Fullstack Разработчик Node js,Citi Fuel (ООО Staff Atlantic),41.311158,69.279737,Yunusabad,https://hh.ru/vacancy/127845966
Бухгалтер в IT компанию,ABSOFT,41.370457,69.300569,Yunusabad,https://hh.ru/vacancy/128606255
Химик отдела разработки (Фармкомпания),NAVBAHOR HOLDING (Memory Pharm AG),41.371567,69.244936,Almazar,https://hh.ru/vacancy/128708248
Junior Agentic AI Engineer (AI Agents Developer),UzVIP,41.354485,69.20983,Almazar,https://hh.ru/vacancy/125185145
Call-senter operatri,Mars IT School,NULL,NULL,Ташкент,https://hh.ru/vacancy/128530367
Разработчик силовой электроники / Специалист по силовой электронике,FORTEK,41.325231,69.319253,Mirzo Ulugbek,https://hh.ru/vacancy/127248145
Программист 1С/Аналитик 1С,AVIKON TEX,41.330309,69.270547,Shaykhantahur,https://hh.ru/vacancy/128239541
C#/.Net Software Developer – Tier 4,KUZNETSOVA DARYA ALEKSANDROVNA,41.311144,69.279728,Yunusabad,https://hh.ru/vacancy/127884981
Senior React Native Developer,BELLISSIMO PIZZA INTERNATIONAL,41.297942,69.249418,Yakkasaray,https://hh.ru/vacancy/128069889
IT Solution Expert,FE LLC Huawei Tech Investment Tashkent,41.295272,69.276125,Mirabad,https://hh.ru/vacancy/125532963
"Consultant (Audit & Assurance Department , IT Audit Team)",Delоitte&Touche,41.320707,69.300191,Mirzo Ulugbek,https://hh.ru/vacancy/127326998
Senior DevOps (Healthcare domain),Sigma Sweden Software AB,41.295618,69.282054,Mirabad,https://hh.ru/vacancy/128843710
"Tech Lead / Architect - (Credit Platform, Java)",Ipotekabank OTP Group,41.31507528834756,69.28448066137695,Mirzo Ulugbek,https://hh.ru/vacancy/128569730
Business Development Chief Specialist,UET CONSTRUCTION,41.28410134112054,69.25901155715532,Yakkasaray,https://hh.ru/vacancy/128088539
Sotuv operatori,HAAD IT CENTER,41.3511,69.285459,Yunusabad,https://hh.ru/vacancy/128031618
IT специалист/внутренний контроль/аудит,UNITEL LLC,41.341379,69.335396,Mirzo Ulugbek,https://hh.ru/vacancy/127598450
Учитель Русского Языка,IT House Edu,41.285794,69.185997,Uchtepa,https://hh.ru/vacancy/128731883
Middle PHP Developer (Laravel),Smart Media Solutions,41.332246,69.324796,Mirzo Ulugbek,https://hh.ru/vacancy/128028683
Middle+ Fullstack Developer,MOROZOV GLEB DMITRIYEVICH,41.319996,69.300892,Mirzo Ulugbek,https://hh.ru/vacancy/127923075
Brand Manager,CENTRAL ASIAN UNIVERSITY,41.327939,69.427294,Yashnabad,https://hh.ru/vacancy/128854337
Senior ML Engineer/Data Scientist,Sigma Sweden Software AB,41.295618,69.282054,Mirabad,https://hh.ru/vacancy/128720147
SMM menejeri kerak (ustozlikka),IT TA`LIM BERISH MARKAZI USTUDY,41.34224954071061,69.33692913988085,Mirzo Ulugbek,https://hh.ru/vacancy/128002242
"Consultant 1 (Audit & Assurance Department, IT Audit Team)",Delоitte&Touche,41.320707,69.300191,Mirzo Ulugbek,https://hh.ru/vacancy/126656410
Android-разработчик (Middle/Senior),АИКБ ИПАК ЙУЛИ БАНК,41.345583,69.261258,Almazar,https://hh.ru/vacancy/127998786
NodeJS Developer (Strong Middle),ART OF BUSINESS ASSISTANCE,41.295991,69.1752,Uchtepa,https://hh.ru/vacancy/128005562
Специалист контактного центра UZUM (г. Ташкент),«UZUM TECHNOLOGIES»,41.31556,69.236258,Shaykhantahur,https://hh.ru/vacancy/128624263
Программист 1С Senior,MIRACLE UNIQUE SOFTWARE,41.319346,69.296517,Mirzo Ulugbek,https://hh.ru/vacancy/127964991
Инженер технического надзора в строительстве (Строитель заказчик),LEADER BETON GROUP DEVELOPMENT,41.24351,69.29921,Ташкент,https://hh.ru/vacancy/128243932
Менеджер по продажам в IT компанию,UYSOT TEAM,41.378036,69.295268,Yunusabad,https://hh.ru/vacancy/128606336
Бизнес-аналитик Битрикс24,LEADING BUSINESS SOFTWARE,41.270838,69.261725,Yakkasaray,https://hh.ru/vacancy/128312080
.Net Middle Developer,Itransition,NULL,NULL,Ташкент,https://hh.ru/vacancy/126746572
Бизнес - аналитик со знанием УТ/ERP/ УТ/ Розница,LEADING BUSINESS SOFTWARE,41.270838,69.261725,Yakkasaray,https://hh.ru/vacancy/128087684
Fullstack Laravel + VueJS Developer/Разработчик (Узбекистан),Новео,NULL,NULL,Ташкент,https://hh.ru/vacancy/128000763
Диспетчер,LEADING BUSINESS SOFTWARE,41.270838,69.261725,Yakkasaray,https://hh.ru/vacancy/128070970
Team Lead/Fullstack Software Engineer (Python/React/AI),Lincoln Labs,41.302799,69.31478,Yashnabad,https://hh.ru/vacancy/128128425
IOS App Developer (Middle/Middle+),APEX BANK,41.30246,69.285001,Mirabad,https://hh.ru/vacancy/128035997
Senior IT Recruiter,АИКБ ИПАК ЙУЛИ БАНК,41.345583,69.261258,Almazar,https://hh.ru/vacancy/126807036
Full stack PHP Developer,BRB-TECH,41.351615,69.330905,Yunusabad,https://hh.ru/vacancy/127933969
Оператор колл-центра,“Ko’zgu Muhabbat” (B.INVEST Development),NULL,NULL,Ташкент,https://hh.ru/vacancy/126816936
Старший Go-разработчик в Uzum Tezkor,«UZUM TECHNOLOGIES»,41.278482,69.271562,Yakkasaray,https://hh.ru/vacancy/127052646
Flutter-разработчик (iOS),Павлова Татьяна,NULL,NULL,Ташкент,https://hh.ru/vacancy/127837092
"Менеджер по продажам (лабораторные, пищевые и ветеринарные решения)",EURAGENEX,NULL,NULL,Ташкент,https://hh.ru/vacancy/128865727
"Data Engineer (Python, ETL, Web-Scraping)",YATT BAHROMOV ISFANDIYOR BAHROM O‘G‘LI,41.31856,69.299311,Mirzo Ulugbek,https://hh.ru/vacancy/128504238
Strong Junior Android Developer,APEX BANK,41.30246,69.285001,Mirabad,https://hh.ru/vacancy/127955762
Business Development Manager / Коммерческий директор,AdvantiX group,NULL,NULL,Ташкент,https://hh.ru/vacancy/122952255
Updater specialist,IT-LEGACY,NULL,NULL,Ташкент,https://hh.ru/vacancy/128547646
Менеджер по продажам IT-продуктов,DEEP SPACE,NULL,NULL,Ташкент,https://hh.ru/vacancy/128548757
Руководитель технической поддержки / Head of IT Support,Safia кондитерский дом,41.297379,69.178757,Uchtepa,https://hh.ru/vacancy/128606229
Fundraising Development Officer (reannouncement),SOS Children`s Villages Uzbekistan,41.287318,69.272936,Mirabad,https://hh.ru/vacancy/127920455
Бизнес - аналитик 1С,LEADING BUSINESS SOFTWARE,41.270838,69.261725,Yakkasaray,https://hh.ru/vacancy/126207730
Business development manager (BDM),Городская Реклама,NULL,NULL,Ташкент,https://hh.ru/vacancy/127881000
Junior Teacher,My School,41.366776,69.29216,Yunusabad,https://hh.ru/vacancy/128750878
IT Project Manager,BTS Express Cargo Servis,41.261803,69.231794,Yakkasaray,https://hh.ru/vacancy/128313825
Application Security Engineer (Специалист по безопасности приложений),ASTERIUM,41.294717,69.278811,Mirabad,https://hh.ru/vacancy/124868895
ELD specialist,IT-LEGACY,NULL,NULL,Ташкент,https://hh.ru/vacancy/128829120
"Team Lead Backend (Java), Ташкент",OCTO,41.288192,69.251781,Yakkasaray,https://hh.ru/vacancy/126736000
Ментор/тьютор в IT школу/IT-специалист,URMANOV RAFAEL RINATOVICH,41.311144,69.279728,Yunusabad,https://hh.ru/vacancy/128425257
IT интеграция проектов специалист,SOFTY TEAM,41.341962,69.266181,Shaykhantahur,https://hh.ru/vacancy/128494614
Sales Supervisor,ANCOR Uzbekistan,NULL,NULL,Ташкент,https://hh.ru/vacancy/128854621
Java Technical Lead,ACCESA,41.292495,69.263351,Yakkasaray,https://hh.ru/vacancy/127823468
Product Manager,United IT Company,41.321174,69.2729,Yunusabad,https://hh.ru/vacancy/128832380
Business Analyst (Middle / Senior) — EdTech,EDUCATEME,41.295787,69.256524,Yakkasaray,https://hh.ru/vacancy/128818929
Power BI Senior Developer / BI-team lead,PROSIGHT DEV,NULL,NULL,Ташкент,https://hh.ru/vacancy/127983400
Mentor Python & AI Instructor — Target International School,TARGET-INTERNATIONAL SCHOOL,NULL,NULL,Ташкент,https://hh.ru/vacancy/128483517
Специалист технической поддержки iiko,АйтиДо,41.265341,69.224841,Yakkasaray,https://hh.ru/vacancy/127816568
B2B Marketing Manager,FC LLC ASBC ENTITY,NULL,NULL,Ташкент,https://hh.ru/vacancy/128825927
Технический писатель,OSON (АO BRIO GROUP),41.349544,69.319334,Yunusabad,https://hh.ru/vacancy/128862183
Менеджер по продажам Интерпрайс (услуги телеком и IT),Sarkor Telekom,41.32191,69.31122,Mirzo Ulugbek,https://hh.ru/vacancy/128565276
法律顾问,TIAN FENG DEVELOPMENT,41.306924,69.235917,Shaykhantahur,https://hh.ru/vacancy/128578695
Младший финансовый аналитик/Финансовый аналитик,SMARTBLAX IT GROUP,41.313989,69.244379,Shaykhantahur,https://hh.ru/vacancy/128467984
Team Lead Mobile Development (Flutter),AVO.UZ,41.294297,69.282836,Mirabad,https://hh.ru/vacancy/127839270
"Маркетолог (Электронные госзакупки, FinTech/IT, B2G)",Hayot birja,41.30304784706815,69.31480731599159,Yashnabad,https://hh.ru/vacancy/124495418
Senior QA Engineer II,Super Dispatch (ООО Software Transport),NULL,NULL,Ташкент,https://hh.ru/vacancy/128751313
Business Development Manager в венчур-билдер в Web3,Comfort Promotional Marketing Agency,NULL,NULL,Ташкент,https://hh.ru/vacancy/128088351
Эксперт по безопасности приложений (AppSec\DevSecOps),UNITEL LLC,41.341379,69.335396,Mirzo Ulugbek,https://hh.ru/vacancy/128821873
Технический SEO-специалист в Kun.uz,Kun.uz (ООО WEB EXPERT),41.29761,69.235782,Chilanzar,https://hh.ru/vacancy/127483716
Электрик,IT Support Group,41.311144,69.279728,Yunusabad,https://hh.ru/vacancy/128830802
Dasturchi (IT),MARJON FARM SERVIS,41.349456,69.234165,Almazar,https://hh.ru/vacancy/128153549
Junior Test Engineer (Formpipe),Sigma Sweden Software AB,41.295618,69.282054,Mirabad,https://hh.ru/vacancy/128722438
Помощник заведующего складом в магазины одежды name it/Jack&Jones/STOREXX,UNION SPACE GROUP (MEGASHOP),41.322739,69.282755,Yunusabad,https://hh.ru/vacancy/128620254
DevOps-инженер,Содействие,41.31114,69.27973,Yunusabad,https://hh.ru/vacancy/128854634
Консультант-бухгалтер 1С (ИТС),LEADING BUSINESS SOFTWARE,41.270838,69.261725,Yakkasaray,https://hh.ru/vacancy/126576105
Бизнес-аналитик (1С ЗУП),LEADING BUSINESS SOFTWARE,41.270838,69.261725,Yakkasaray,https://hh.ru/vacancy/124009462
SMM-менеджер,United IT Company,41.321174,69.2729,Yunusabad,https://hh.ru/vacancy/128813610
UX/UI-дизайнер (Product Designer),SALUTEDEV,41.315763,69.282683,Yunusabad,https://hh.ru/vacancy/128853312
"Tech Lead (Java, Fintech/Crypto)",ASTERIUM,41.294717,69.278811,Mirabad,https://hh.ru/vacancy/128258283
Руководитель IT-департамента (CTO/CIO),ГУ TOSHTECH TEXNIKA UNIVERSITETI,41.356055,69.204727,Almazar,https://hh.ru/vacancy/128473730
AI Frontend Intern,YATT MUSURMONOV SANJAR XAYRULLA O‘G‘LI,41.311408,69.335046,Mirzo Ulugbek,https://hh.ru/vacancy/128041874
Software engineering manager,FULL STACK SOLUTION,41.304391,69.283986,Mirabad,https://hh.ru/vacancy/127945367
"Lead AI Engineer (Agentic AI, LangChain, Python)",Citi Fuel (ООО Staff Atlantic),NULL,NULL,Ташкент,https://hh.ru/vacancy/128273090
Microwave engineer (Telecommunications),FE LLC ZTE Investment,41.297081,69.274311,Mirabad,https://hh.ru/vacancy/128072676
Business Development (Специалист по развитию бизнеса),KANS COMFORT TORG,41.282103012169465,69.2535395244762,Yakkasaray,https://hh.ru/vacancy/127694919
Enrollment Advisor (Консультант по образовательным программам),AMERIKA TEXNOLOGIYALAR UNIVERSITETI,41.306782,69.254844,Chilanzar,https://hh.ru/vacancy/128702861
Инженер по сопровождению Geobank / MSSQL / Python,Uzbekgeologiyaqidiruv AJ,41.34207,69.34202,Mirzo Ulugbek,https://hh.ru/vacancy/128299030
Менеджер по продажам электронных дивайсов,SMARTBLAX IT GROUP,41.313989,69.244379,Shaykhantahur,https://hh.ru/vacancy/128070215
Аудитор,Mars IT School,NULL,NULL,Ташкент,https://hh.ru/vacancy/128311907
Senior ML Engineer,Alif Uzbekistan,41.314524,69.244603,Shaykhantahur,https://hh.ru/vacancy/128854069
IT Project Manager/PM,IT GENIUS,41.33715,69.28472,Yunusabad,https://hh.ru/vacancy/127225537
IT-специалист,RAQAMLI IQTISODIYOT VA AGROTEXNOLOGIYALAR UNIVERSITETI,41.26728134731373,69.24865909689937,Yakkasaray,https://hh.ru/vacancy/128030975
IT Specialist / IT-специалист,ICE FRUTS,41.294331,69.220457,Chilanzar,https://hh.ru/vacancy/128030794
Technical Leader Java,Itransition,NULL,NULL,Ташкент,https://hh.ru/vacancy/125616261
Intern in Audit Department,EY Uzbekistan,41.320707,69.300191,Mirzo Ulugbek,https://hh.ru/vacancy/127310954
QA инженер (тестировщик),TAYANCH MIKROMOLIYA BANKI,41.31114,69.27973,Yunusabad,https://hh.ru/vacancy/128817801
Проектный менеджер (Fintech),TAYANCH MIKROMOLIYA BANKI,41.31114,69.27973,Yunusabad,https://hh.ru/vacancy/127978462
IT-специалист,ESG-Construction Pro,41.321547,69.286609,Yunusabad,https://hh.ru/vacancy/128037093
Senior Frontend Engineer (TypeScript / Vue),OCTO,NULL,NULL,Ташкент,https://hh.ru/vacancy/128172156
Инженер (г. Ташкент),Трекмарк,NULL,NULL,Ташкент,https://hh.ru/vacancy/125606487
Руководитель отдела IT-инфраструктуры,XONSAROY DEVELOPMENT,NULL,NULL,Ташкент,https://hh.ru/vacancy/128010629
IT-рекрутер,OCTO,41.288192,69.251781,Yakkasaray,https://hh.ru/vacancy/128009809
Тьютор (Наставник) КиберШколы,Kiber1,NULL,NULL,Ташкент,https://hh.ru/vacancy/128853756
Junior Project Manager,NURA-HIGH-TECHNOLOGIES,NULL,NULL,Ташкент,https://hh.ru/vacancy/128036154
Бизнес - аналитик со знанием бухгалтерского учета,LEADING BUSINESS SOFTWARE,41.270838,69.261725,Yakkasaray,https://hh.ru/vacancy/124505193
Специалист IT Help Desk,Logi Group 2009,41.28525894216194,69.23283037288552,Chilanzar,https://hh.ru/vacancy/128248564
DevOps,IPOST,41.26,69.223799,Yakkasaray,https://hh.ru/vacancy/128557430
AI Solutions Engineer,Itransition,NULL,NULL,Ташкент,https://hh.ru/vacancy/127765763
UX/UI-дизайнер,MAYDON TECH,NULL,NULL,Ташкент,https://hh.ru/vacancy/128341770
Odoo Business Analyst Junior,Itransition,NULL,NULL,Ташкент,https://hh.ru/vacancy/125478894
PON/GPON Engineer,FE LLC ZTE Investment,41.297081,69.274311,Mirabad,https://hh.ru/vacancy/127933844
IT Engineer & Operator,FE LLC Huawei Tech Investment Tashkent,NULL,NULL,Ташкент,https://hh.ru/vacancy/128118528
Drill Bit Field Engineer,Fersol,NULL,NULL,Ташкент,https://hh.ru/vacancy/128864188
Head of Agricultural Operations (project phase and operation phase),ИП ООО YASHIL FERMA,41.321547,69.286609,Yunusabad,https://hh.ru/vacancy/128575445
SMM-менеджер со знанием русского и узбекского языков,Яндекс,NULL,NULL,Ташкент,https://hh.ru/vacancy/127840595
"Брокер по новостройкам (недвижимость, БЕЗ поиска клиентов и набора базы)",DOMIO-IT,41.312086,69.317421,Yashnabad,https://hh.ru/vacancy/127877334
Backend mentor & Android App mentor,J OYLINKS TERMIZ,37.235577,67.283976,Ташкент,https://hh.ru/vacancy/128082275
IT-рекрутер / Рекрутер,CENTER FOR DIGITAL TECHNOLOGY AND INNOVATION,41.304648,69.321113,Yashnabad,https://hh.ru/vacancy/128010693
Продавец в магазине,GREENLEAF DEVELOPMENT,NULL,NULL,Ташкент,https://hh.ru/vacancy/128652260
Системный аналитик (middle/senior),«UZUM TECHNOLOGIES»,NULL,NULL,Ташкент,https://hh.ru/vacancy/127868514
Бизнес-аналитик,«UZUM TECHNOLOGIES»,41.311144,69.279728,Yunusabad,https://hh.ru/vacancy/127868561
Head of Product,PROJECTS (GK Consulting),41.288064,69.299329,Mirabad,https://hh.ru/vacancy/128856408
Head of Sales Department (Octane),Citi Fuel (ООО Staff Atlantic),NULL,NULL,Ташкент,https://hh.ru/vacancy/128826061
IT Project Manager,АО ANOR BANK,NULL,NULL,Ташкент,https://hh.ru/vacancy/127981624
Chief Data Officer (CDO) — Проект переписи населения и сельского хозяйства,Национальный комитет Республики Узбекистан по статистике,41.325299,69.318571,Mirzo Ulugbek,https://hh.ru/vacancy/128325549
Координатор 1С,BOSTON OIL TRADE (Uztobacco),41.27723115601255,69.33255854365481,Yashnabad,https://hh.ru/vacancy/128381995
HSE Advisor for managing Project and Field Service HSE,FLSmidth (ФЛСмидс),41.315763,69.282683,Yunusabad,https://hh.ru/vacancy/128534326
Учитель Английского языка,BRITANNIA CENTER,41.323044,69.238136,Shaykhantahur,https://hh.ru/vacancy/128223549
Сеньор Менеджер по продажам,LEADING BUSINESS SOFTWARE,41.270838,69.261725,Yakkasaray,https://hh.ru/vacancy/128388908
Руководитель отдела продаж,IT House Edu,41.285794,69.185997,Uchtepa,https://hh.ru/vacancy/127877940
IT recruiter (Middle/Senior),HamkorBank,NULL,NULL,Ташкент,https://hh.ru/vacancy/128141247
QA engineer,DIGITAL EDGE CONSULT,41.29069652930612,69.25011452279132,Yakkasaray,https://hh.ru/vacancy/127854857
Проректор по финансовым и административным вопросам (Chief Operating Officer),ГУ TOSHTECH TEXNIKA UNIVERSITETI,41.356055,69.204727,Almazar,https://hh.ru/vacancy/128816391
Специалист по поддержке пользователей и IT-инфраструктуре,HamkorBank,41.311144,69.279728,Yunusabad,https://hh.ru/vacancy/128295947
QA Engineer,EVERTECH,41.304648,69.32114,Yashnabad,https://hh.ru/vacancy/128747824
Руководитель региональной службы по продажам (фармацевтика + IT),FOCUS,41.305258,69.32626,Yashnabad,https://hh.ru/vacancy/125205969
"Middle AI Engineer (Python, LLMs)",United IT Company,NULL,NULL,Ташкент,https://hh.ru/vacancy/126803088
Руководитель отдела ИТС,LEADING BUSINESS SOFTWARE,NULL,NULL,Ташкент,https://hh.ru/vacancy/128579630
Marketing Deployment Executive,СП УЗБАТ А.О.,41.333018,69.281039,Yunusabad,https://hh.ru/vacancy/127925176
Middle Data Analyst – Аналитик по IFRS 9 и кредитному риску,Ipotekabank OTP Group,NULL,NULL,Ташкент,https://hh.ru/vacancy/128863395
Главный специалист отдела методологии ИБ,Капиталбанк,NULL,NULL,Ташкент,https://hh.ru/vacancy/125899364
Kurator,Mars IT School,NULL,NULL,Ташкент,https://hh.ru/vacancy/128051938
Технический специалист (АХО),Mars IT School,NULL,NULL,Ташкент,https://hh.ru/vacancy/128260625
SEO-специалист,FIND WORK NEW SERVICE,41.301173,69.276584,Mirabad,https://hh.ru/vacancy/127923469
Руководитель отдела продаж (магазин женской косметики),IT-LEGACY,41.2940753269223,69.24551203917821,Yakkasaray,https://hh.ru/vacancy/127838420
Product manager/Менеджер продукта,WORKORIA,41.293464,69.214285,Chilanzar,https://hh.ru/vacancy/128359331
Преподаватель IT-дисциплин (для частных школ),FARADAY LAB,NULL,NULL,Ташкент,https://hh.ru/vacancy/128118994
Специалист по работе дебиторской задолженности,XONSAROY DEVELOPMENT,41.36844,69.298475,Yunusabad,https://hh.ru/vacancy/128551828
Охранник,XONSAROY DEVELOPMENT,41.36844,69.298475,Yunusabad,https://hh.ru/vacancy/128551813
Менеджер по персоналу,XONSAROY DEVELOPMENT,41.36844,69.298475,Yunusabad,https://hh.ru/vacancy/128551806
Middle UX/UI дизайнер,Garant bank,NULL,NULL,Ташкент,https://hh.ru/vacancy/128826478
Radio access network engineer (RAN),FE LLC ZTE Investment,41.297081,69.274311,Mirabad,https://hh.ru/vacancy/125135443
Руководитель IT проектов,HamkorBank,41.353063,69.23845,Almazar,https://hh.ru/vacancy/127900462
Руководитель IT проектов,HamkorBank,41.353063,69.23845,Almazar,https://hh.ru/vacancy/127921855
Преподаватель IT(информатика),Registan School,41.33109952860592,69.22302658467359,Almazar,https://hh.ru/vacancy/127898846
Менеджер по продажам в IT-компанию,ALEX INFORMATION TECHNOLOGY,41.35528228683512,69.28787782285555,Yunusabad,https://hh.ru/vacancy/128163317
Продавец-консультант в Zetta Group,ZETTA GROUP,41.293965,69.245574,Yakkasaray,https://hh.ru/vacancy/127941415
Key Account Manager (KAM) — Government Sector,«SYGC UNITES IDEAS»,41.347215,69.351314,Mirzo Ulugbek,https://hh.ru/vacancy/128784170
IT sales manager,FOCUS,41.305258,69.32626,Yashnabad,https://hh.ru/vacancy/121049353
Администратор в PlayStation Club,IT-LEGACY,41.2940753269223,69.24551203917821,Yakkasaray,https://hh.ru/vacancy/128745274
Системный администратор,TAYANCH MIKROMOLIYA BANKI,41.31114,69.27973,Yunusabad,https://hh.ru/vacancy/127978176
Бизнес аналитик,Green White Solutions,NULL,NULL,Ташкент,https://hh.ru/vacancy/123808694
Руководитель строительного проекта,LUXE HOUSE,NULL,NULL,Ташкент,https://hh.ru/vacancy/127968549
Senior Analyst / Junior Enterprise Architect,ООО «KPMG AUDIT»,41.337283,69.282333,Yunusabad,https://hh.ru/vacancy/128732495
Специалист по госзакупкам,Центр развития IT- знаний,NULL,NULL,Ташкент,https://hh.ru/vacancy/128627264
DevOps-инженер,UZCARD (АО ЕОПЦ),NULL,NULL,Ташкент,https://hh.ru/vacancy/128033441
UX/UI-дизайнер,Global Solutions,41.29179,69.268157,Yakkasaray,https://hh.ru/vacancy/128696648
Lead of Solution Architect,InFinBank,41.30798827191819,69.2755808139563,Mirabad,https://hh.ru/vacancy/128830840
Специалист по внедрению,FlexSoft,41.301153,69.306461,Yashnabad,https://hh.ru/vacancy/128691494
Lawyer,ГУ O‘ZBEKISTON RESPUBLIKASI MAKTABGACHA VA MAKTAB TA'LIMI VAZIRLIGI,41.322116,69.267502,Shaykhantahur,https://hh.ru/vacancy/128829020
Marketing Specialist with Knowledge in Student Admission,New Uzbekistan University,41.316115,69.295664,Mirzo Ulugbek,https://hh.ru/vacancy/127869877
OTN/DWDM Engineer,FE LLC ZTE Investment,41.297081,69.274311,Mirabad,https://hh.ru/vacancy/128672755
Старший продуктовый аналитик,DOSKA (BirBir),NULL,NULL,Ташкент,https://hh.ru/vacancy/128863280
Design Review Engineer (Инженер-проектировщик),FE LLC ZTE Investment,41.297081,69.274311,Mirabad,https://hh.ru/vacancy/126365297
Заместитель руководителя офиса IT Архитектуры и стратегии,HamkorBank,NULL,NULL,Ташкент,https://hh.ru/vacancy/128115610
Call-center Operatori (IT kompaniya),ROBOSELL,41.325427,69.333698,Mirzo Ulugbek,https://hh.ru/vacancy/127971046
SMM-Manager (Intern),WGG Marketing Management LLC,25.188124,55.258499,Ташкент,https://hh.ru/vacancy/125245254
Инженер по разработке топологии печатных плат (инженер – тополог),FORTEK,41.325231,69.319253,Mirzo Ulugbek,https://hh.ru/vacancy/127248138
Джуниор аккаунт-менеджер/Менеджер по работе с клиентами,Colvir Software Solutions,NULL,NULL,Ташкент,https://hh.ru/vacancy/126671787
Менеджер по продажам,Mars IT School,NULL,NULL,Ташкент,https://hh.ru/vacancy/128145079
"Менеджер по продажам (IT, облачные решения)",HUMAN AND CAPITAL,41.364664,69.287714,Yunusabad,https://hh.ru/vacancy/127476664
Project Manager,Udevs,41.355866,69.28792,Yunusabad,https://hh.ru/vacancy/125368335
Tech-team Lead,NETTOSOFT,NULL,NULL,Ташкент,https://hh.ru/vacancy/128811873
Специалист поддержки IT инфраструктуры / системный администратор,Гидропроект,NULL,NULL,Ташкент,https://hh.ru/vacancy/128011052
DevOps-инженер,TAYANCH MIKROMOLIYA BANKI,41.31114,69.27973,Yunusabad,https://hh.ru/vacancy/128817757
Data Science специалист,FlexSoft,41.301153,69.306461,Yashnabad,https://hh.ru/vacancy/127408968
Key Account Manager — Telecom Sector,«SYGC UNITES IDEAS»,41.347215,69.351314,Mirzo Ulugbek,https://hh.ru/vacancy/128784127
Operational Manager / General Manager,ИП ООО LPP CA,NULL,NULL,Ташкент,https://hh.ru/vacancy/128659416
Full-Stack QA Engineer,CLICK,NULL,NULL,Ташкент,https://hh.ru/vacancy/128735027
Рекрутер,New Uzbekistan University,41.316115,69.295664,Mirzo Ulugbek,https://hh.ru/vacancy/128629690
Project manager,Green White Solutions,41.31120267888242,69.23850701410878,Shaykhantahur,https://hh.ru/vacancy/128552940
Junior Traffic manager / Media buyer (Meta Ads),WGG Marketing Management LLC,NULL,NULL,Ташкент,https://hh.ru/vacancy/126790876
Coordinator of project components / Monitoring and evaluation specialist,ГУ O‘ZBEKISTON RESPUBLIKASI MAKTABGACHA VA MAKTAB TA'LIMI VAZIRLIGI,NULL,NULL,Ташкент,https://hh.ru/vacancy/128629127
Lawyer,ИП ООО CENTRAL ASIA ENERGY INVESTMENT,41.342652,69.34437,Mirzo Ulugbek,https://hh.ru/vacancy/128767959
Аудитор,Центр развития IT- знаний,NULL,NULL,Ташкент,https://hh.ru/vacancy/128581410
Machine Learning Engineer,GROUP-IB TSHK,NULL,NULL,Ташкент,https://hh.ru/vacancy/127856753
Middle Traffic manager / Media buyer (Meta Ads),WGG Marketing Management LLC,NULL,NULL,Ташкент,https://hh.ru/vacancy/128054170
Тестировщик (QA),IPOST,41.26,69.223799,Yakkasaray,https://hh.ru/vacancy/128652819
Системный администратор,Zooplaneta,NULL,NULL,Ташкент,https://hh.ru/vacancy/128785408
Контент менеджер / ИИ креатор,Kelyanmedia,41.298877,69.304934,Yashnabad,https://hh.ru/vacancy/128818688
B2B yo'nalishidagi Sotuv menejerlari kerak,IT TA`LIM BERISH MARKAZI USTUDY,41.34224954071061,69.33692913988085,Mirzo Ulugbek,https://hh.ru/vacancy/128628535
Менеджер отдела продаж (IT-интегратор),Omni System,41.330519,69.305222,Mirzo Ulugbek,https://hh.ru/vacancy/127880191
Аналитик данных (Data analyst) в управление организации и проведения процессов переписи,Национальный комитет Республики Узбекистан по статистике,41.325299,69.318571,Mirzo Ulugbek,https://hh.ru/vacancy/128851604
Graphic Designer,Genesis Group AG,NULL,NULL,Ташкент,https://hh.ru/vacancy/128097004
Medical Advisor,Abbott,41.291472,69.280285,Mirabad,https://hh.ru/vacancy/128670822
Senior Procurement Manager – US Trucking Company,LONGHORN GROUP,NULL,NULL,Ташкент,https://hh.ru/vacancy/127963773
Региональный менеджер по продажам,FAMALL DEVELOPMENT INTERNATIONAL,NULL,NULL,Ташкент,https://hh.ru/vacancy/128504644
Специалист группы мониторинга (IT Monitoring Specialist),HUMANS LAB,41.306592,69.303057,Yashnabad,https://hh.ru/vacancy/127921111
Администратор/Сотрудник по работе с клиентами,LLI LANGUAGE SERVICES PTE,41.275365,69.245358,Yakkasaray,https://hh.ru/vacancy/128863349
Руководитель проекта по разработке месторождений / Менеджер по минеральным ресурсам,ИП ООО SINOMA GBM,41.2874,69.255249,Yakkasaray,https://hh.ru/vacancy/128265043
Administrator,IT TA`LIM BERISH MARKAZI USTUDY,41.34224954071061,69.33692913988085,Mirzo Ulugbek,https://hh.ru/vacancy/128718880
Бизнес-аналитик,IPOST,41.26,69.223799,Yakkasaray,https://hh.ru/vacancy/128785764
Technical Product Owner (TPO),Itransition,NULL,NULL,Ташкент,https://hh.ru/vacancy/126108973
Преподаватель Machine Learning,Alif Uzbekistan,41.314524,69.244603,Shaykhantahur,https://hh.ru/vacancy/128731143
Senior Content Manager / SMM Lead,SOCIALTECH,41.29256,69.28569,Mirabad,https://hh.ru/vacancy/127911831
Event Coordinator,BYD CENTRAL ASIA OOO,41.293477,69.278147,Mirabad,https://hh.ru/vacancy/127633715
Strong Junior Test Automation Engineer (OpenWeb),Sigma Sweden Software AB,41.295618,69.282054,Mirabad,https://hh.ru/vacancy/128644649
Специалист по IT технологиям и програмист,TMC Institute,41.281986,69.236555,Yakkasaray,https://hh.ru/vacancy/127867518
Бренд-менеджер В2С Uzum Bank,«UZUM TECHNOLOGIES»,41.31852,69.299095,Mirzo Ulugbek,https://hh.ru/vacancy/127840522
Главный бухгалтер,ABRAMYAN HR GROUP,41.319773,69.263064,Shaykhantahur,https://hh.ru/vacancy/127972586
Проектный менеджер (Project Manager),Consort Group,NULL,NULL,Ташкент,https://hh.ru/vacancy/127978242
UX/UI-дизайнер,Udevs,41.355866,69.28792,Yunusabad,https://hh.ru/vacancy/127972327
Инженер по информационной безопасности,PRO DATA,NULL,NULL,Ташкент,https://hh.ru/vacancy/128850894
Руководитель отдела продаж,DEVELOPMENT LEADERS SCHOOL,41.428722,69.488379,Ташкент,https://hh.ru/vacancy/128497524
Risk Analyst (Octane),Citi Fuel (ООО Staff Atlantic),41.327872,69.250991,Shaykhantahur,https://hh.ru/vacancy/127835672
Account Manager,DEEPEN,41.276083,69.255994,Yakkasaray,https://hh.ru/vacancy/128720452
Менеджер продукта,СП ООО IST TELEKOM,41.303856,69.321526,Yashnabad,https://hh.ru/vacancy/126340482
Door to Door Sales Specialist,ZHONGKE RUIHE NEW ENERGY INTERNATIONAL TECHNOLOGY,41.290001,69.220142,Chilanzar,https://hh.ru/vacancy/128816683
Communication designer,GROUP-IB TSHK,NULL,NULL,Ташкент,https://hh.ru/vacancy/127838356
Sales Representative LT Cable,LT CABLE,41.28828,69.258375,Yakkasaray,https://hh.ru/vacancy/128825817
Старший системный аналитик,HamkorBank,41.353063,69.23845,Almazar,https://hh.ru/vacancy/128868251
Бухгалтер,TIAN FENG DEVELOPMENT,41.306924,69.235917,Shaykhantahur,https://hh.ru/vacancy/128477857
HR intern,ACWA POWER TECHNICAL AND FINANCIAL SERVICES,41.337283,69.282333,Yunusabad,https://hh.ru/vacancy/128774497
Главный бухгалтер микрофинансовой организации,AVO.UZ,41.294297,69.282836,Mirabad,https://hh.ru/vacancy/127406565
Chemist,ZUMA - PHARMA,NULL,NULL,Ташкент,https://hh.ru/vacancy/127180992
Специалист по Onboarding/Менеджер по работе с клиентами,LINKTRADE,41.3346311,69.3269478,Mirzo Ulugbek,https://hh.ru/vacancy/127533512
Мастер-установщик Wi-Fi (Алмазарский рн),ЧП TURON MEDIA,NULL,NULL,Ташкент,https://hh.ru/vacancy/125739353
Product Owner,Lincoln Labs,41.30292946083057,69.31479686871675,Yashnabad,https://hh.ru/vacancy/128048199
Environmental and Social Safeguard Specialist,ГУ O‘ZBEKISTON RESPUBLIKASI MAKTABGACHA VA MAKTAB TA'LIMI VAZIRLIGI,NULL,NULL,Ташкент,https://hh.ru/vacancy/128629209
Продуктовый маркетолог,DORISON GROUP,41.322739,69.282773,Yunusabad,https://hh.ru/vacancy/128672636
Офис-менеджер (секретарь руководителя),EAN KOR DEVELOPMENT,41.331562,69.269029,Shaykhantahur,https://hh.ru/vacancy/128444442
"Specialist in social, gender issues, and resettlement in international projects",ANNEXURE,41.32622,69.32692,Mirzo Ulugbek,https://hh.ru/vacancy/128431966
Senior Data Scientist,АО Асакабанк,41.310961,69.24675,Chilanzar,https://hh.ru/vacancy/128738313
Консультант 1С в ИТС,VENKON,41.30293410580156,69.31479201053439,Yashnabad,https://hh.ru/vacancy/124799956
DevOps Engineer,Itransition,NULL,NULL,Ташкент,https://hh.ru/vacancy/128587056
Оператор Службы технической поддержки,DIGITAL RESTAURANT,41.339463,69.259776,Shaykhantahur,https://hh.ru/vacancy/128757403
Uzbek-Speaking Social Media Executive,XM,NULL,NULL,Ташкент,https://hh.ru/vacancy/128709719
Billing agent,Citi Fuel (ООО Staff Atlantic),NULL,NULL,Ташкент,https://hh.ru/vacancy/124403782
Head of Accounts Receivable,Citi Fuel (ООО Staff Atlantic),NULL,NULL,Ташкент,https://hh.ru/vacancy/126783853
Senior Cybersecurity consultant,ООО «KPMG AUDIT»,41.337283,69.282333,Yunusabad,https://hh.ru/vacancy/128732807
Customer Support Executive - Uzbek speaker (to Malaysia),EXNESS Global Limited,3.153784,101.70811,Ташкент,https://hh.ru/vacancy/128068365
Product Owner (мобильная разработка) г. Ташкент,CLICK,NULL,NULL,Ташкент,https://hh.ru/vacancy/127901900
Рекрутер,Darian Electronics (ООО MERAS TRADE CO),41.31489,69.23548,Shaykhantahur,https://hh.ru/vacancy/127621134
QA Тестировщик,Digital Camp,41.329463,69.263567,Shaykhantahur,https://hh.ru/vacancy/128604797
Financial Management Specialist,ГУ O‘ZBEKISTON RESPUBLIKASI MAKTABGACHA VA MAKTAB TA'LIMI VAZIRLIGI,41.322116,69.267502,Shaykhantahur,https://hh.ru/vacancy/128137814
Product Owner,АО ANOR BANK,NULL,NULL,Ташкент,https://hh.ru/vacancy/128767707
Middle Data Engineer (AWS),ZLATA GREENPRODUCT,NULL,NULL,Ташкент,https://hh.ru/vacancy/128397588
PR Manager,TA`LIM PORTALI,NULL,NULL,Ташкент,https://hh.ru/vacancy/128504240
Sales Manager of the Airlines tickets in the United States,KASH NETWORKS,NULL,NULL,Ташкент,https://hh.ru/vacancy/128398847
Специалист Service Desk,AVO.UZ,41.294297,69.282836,Mirabad,https://hh.ru/vacancy/128246389
Стажер,Winncom Technologies CA,41.282338,69.264411,Yakkasaray,https://hh.ru/vacancy/128828161
Главный специалист департамента информационной безопасности,Национальный межбанковский процессинговый центр,41.305204,69.335199,Yashnabad,https://hh.ru/vacancy/128856490
Bitrix UI-верстальщик (контент + правки дизайна),ИП ООО DIVI GROUP,41.316244,69.252625,Shaykhantahur,https://hh.ru/vacancy/128326389
Менеджер по работе с действующими ключевыми клиентами,Green White Solutions,41.31120267888242,69.23850701410878,Shaykhantahur,https://hh.ru/vacancy/126633973
Руководитель R&D,Sika,41.294466,69.156569,Uchtepa,https://hh.ru/vacancy/128747907
Главный специалист Департамента транзакционного бизнеса,АКБ Тенге Банк,41.315039,69.321158,Yashnabad,https://hh.ru/vacancy/125524686
"Supervisor/Manager, Actuarial Services and Insurance",ООО «KPMG AUDIT»,41.337283,69.282333,Yunusabad,https://hh.ru/vacancy/128704170
Смм менеджер,BEST ALBINO,41.251472,69.153892,Ташкент,https://hh.ru/vacancy/128865373
Специалист по поддержке интеграции (финтех Beepul),UNITEL LLC,41.34143748480611,69.33538625976188,Mirzo Ulugbek,https://hh.ru/vacancy/128774009
Системный аналитик,COSCOM ТМ Ucell,41.322163,69.283195,Yunusabad,https://hh.ru/vacancy/128851346
Эксперт/специалист информационной безопасности,ISTRA,NULL,NULL,Ташкент,https://hh.ru/vacancy/128858166
Qishloq xo‘jaligida sun’iy intellektni qo‘llash bo‘limi dasturchi,Министерство сельского хозяйства,41.360319,69.338774,Ташкент,https://hh.ru/vacancy/128757174
Technical Supervisor,ИП ООО JETOUR SOUEAST AUTOMOTIVE CENTRAL ASIAN,NULL,NULL,Ташкент,https://hh.ru/vacancy/122041552
Административный Менеджер со знанием английского языка / Administrative Manager,World e-Com,NULL,NULL,Ташкент,https://hh.ru/vacancy/128643819
Intern - Forensic - Strategy Risk & Transactions Department,Delоitte&Touche,41.320707,69.300191,Mirzo Ulugbek,https://hh.ru/vacancy/128733135
СТО (Chief Technology Officer),Global Solutions,41.29179,69.268157,Yakkasaray,https://hh.ru/vacancy/128237334
Financial Controller (Octane),Citi Fuel (ООО Staff Atlantic),41.327872,69.250991,Shaykhantahur,https://hh.ru/vacancy/127834871
Рекрутер,Creative people,41.279621,69.252859,Yakkasaray,https://hh.ru/vacancy/128587362
QA engineer (middle),UNITEL LLC,41.3416589,69.3350737,Mirzo Ulugbek,https://hh.ru/vacancy/127851925
Threat Hunter / Senior SOC Analyst (L3+),Ipotekabank OTP Group,41.31514,69.284309,Mirzo Ulugbek,https://hh.ru/vacancy/127838180
PROCUREMENT SPECIALIST,ГУ O‘ZBEKISTON RESPUBLIKASI MAKTABGACHA VA MAKTAB TA'LIMI VAZIRLIGI,41.322116,69.267502,Shaykhantahur,https://hh.ru/vacancy/128137504
Product Owner Assistant (Customer Support),Lincoln Labs,41.30292946083057,69.31479686871675,Yashnabad,https://hh.ru/vacancy/128148966
Refinance Analyst,Компания по рефинансированию ипотеки Узбекистана,41.336342,69.282432,Yunusabad,https://hh.ru/vacancy/128786293
DevOps-инженер,FlexSoft,41.30277508685682,69.31477924184047,Yashnabad,https://hh.ru/vacancy/127392307
Руководитель Call-центра,United IT Company,41.321174,69.2729,Yunusabad,https://hh.ru/vacancy/128690489
Venture Associate,UNITED VENTURES,41.2986,69.3383,Yashnabad,https://hh.ru/vacancy/128260103
SOC Quality & Compliance Lead,Ipotekabank OTP Group,41.315133,69.2843,Mirzo Ulugbek,https://hh.ru/vacancy/127838089
Analyst / modeller (trade and cargo transport),InfraEconomy Group,NULL,NULL,Ташкент,https://hh.ru/vacancy/128748512
Библиотекарь,НОУ TURKIYANING IQTISODIYOT VA TEXNOLOGIYALAR UNIVERSITETINING TOSHKENT SHAHRIDAGI FILIALI,41.305292,69.281767,Mirabad,https://hh.ru/vacancy/128116417
Менеджер по развитию бизнеса,1FIT-APP,41.301288,69.305833,Yashnabad,https://hh.ru/vacancy/128850980
Junior Data Analyst,Safia кондитерский дом,41.374754,69.27123,Yunusabad,https://hh.ru/vacancy/128775504
Ментор по математике для edtech-проекта / Edtech loyihasi uchun matematika bo‘yicha mentor,EDUCATEME,41.295787,69.256524,Yakkasaray,https://hh.ru/vacancy/128344763
Бизнес-ассистент (с китайским языком) (руководителя отдела развития),IPOST,41.26,69.223799,Yakkasaray,https://hh.ru/vacancy/128552310
Менеджер по продажам (телеком оборудование),NAGTECH,41.332876,69.320951,Mirzo Ulugbek,https://hh.ru/vacancy/128407386
Графический дизайнер в компанию Eriell Group,TEG Central Asia,41.253074552823804,69.1890162856992,Chilanzar,https://hh.ru/vacancy/128863528
Service Sales Respresentative,FE LLC Huawei Tech Investment Tashkent,41.295272,69.276125,Mirabad,https://hh.ru/vacancy/126783469
Оператор базы данных / call-центра,Quadrasoft,41.287732,69.256865,Yakkasaray,https://hh.ru/vacancy/128757007
Process & Compliance Coordinator,Citi Fuel (ООО Staff Atlantic),41.299852,69.271463,Mirabad,https://hh.ru/vacancy/127750590
Инженер технической поддержки 2 уровня,PROJECTS (GK Consulting),41.288064,69.299329,Mirabad,https://hh.ru/vacancy/128612511
Бизнес-аналитик,FlexSoft,41.301153,69.306461,Yashnabad,https://hh.ru/vacancy/127408950
Sales manager,ANSHIN MOTOR,41.320687,69.300272,Mirzo Ulugbek,https://hh.ru/vacancy/127566446
Sales Director,ИП ООО JETOUR SOUEAST AUTOMOTIVE CENTRAL ASIAN,NULL,NULL,Ташкент,https://hh.ru/vacancy/120347741
Product - менеджер канал HORECA,Unimix FMCG,41.25661,69.242088,Sergeli,https://hh.ru/vacancy/127997470
Менеджер по аренде жилья (обучаем с нуля + готовые клиенты),LOCUS DEVELOPMENT GROUP,41.28494,69.208662,Chilanzar,https://hh.ru/vacancy/127174527
SMM-менеджер,ALL EXPERT,41.320859373170585,69.2644146674931,Shaykhantahur,https://hh.ru/vacancy/128499353
Менеджер по работе с ключевыми клиентами (телеком оборудование),NAGTECH,41.332876,69.320951,Mirzo Ulugbek,https://hh.ru/vacancy/128407414
Оператор call-центра (без продаж),2GIS,41.326348,69.320215,Mirzo Ulugbek,https://hh.ru/vacancy/128172360
Оператор Сall-центра,IT CALL NAMANGAN,41.325387,69.316747,Mirzo Ulugbek,https://hh.ru/vacancy/128695772
SMM-менеджер/контент-менеджер,Creative people,41.279621,69.252859,Yakkasaray,https://hh.ru/vacancy/128506483
Директор текстильного производства (детская одежда),Vesbini,41.201345,69.159416,Ташкент,https://hh.ru/vacancy/128745956
Специалист по информационным технологиям,HAEMALAB,41.35434,69.22335,Almazar,https://hh.ru/vacancy/128865041
Retention Specialist,Citi Fuel (ООО Staff Atlantic),NULL,NULL,Ташкент,https://hh.ru/vacancy/125279056
Архитектор ИТ-инфраструктуры и облачных решений,ООО «KPMG AUDIT»,NULL,NULL,Ташкент,https://hh.ru/vacancy/128737108
Сетевой администратор,O`ZBEKENERGOTA`MIR,41.378056,69.373763,Ташкент,https://hh.ru/vacancy/128354328
Руководитель проектов,ABRAU Capital,41.29181,69.284219,Mirabad,https://hh.ru/vacancy/128242675
Видеограф / Оператор-монтажер,TENET-GROUP,41.302738,69.284803,Mirabad,https://hh.ru/vacancy/128667087
"QA Specialist (Manual, Web & Mobile Testing)",United IT Company,41.321174,69.2729,Yunusabad,https://hh.ru/vacancy/128117586
Инженер Juniper,MUK Computers,41.330418,69.284713,Yunusabad,https://hh.ru/vacancy/128117455
Инженер-технолог в пищевом производстве (по оборудованию),EAT GOOD,41.30459128902208,69.34995937878216,Yashnabad,https://hh.ru/vacancy/128702312
Regional MSME Banking Expert (Uzbekistan),Business & Finance Consulting (BFC),NULL,NULL,Ташкент,https://hh.ru/vacancy/128749376
Менеджер по продажам,GARMENT TEXTILE GROUP,41.200287,69.237615,Yangi hayot,https://hh.ru/vacancy/128654122
Медицинский представитель,Представительство PRO.MED.CS Praha a.s.,NULL,NULL,Ташкент,https://hh.ru/vacancy/127983549
English Language Teacher,TA`LIM PORTALI,41.472659,69.581229,Ташкент,https://hh.ru/vacancy/128161542
Тестировщик,Aros (Яратов Жавадбек Васил угли),NULL,NULL,Ташкент,https://hh.ru/vacancy/128673563
Procurement Manager,KANS COMFORT TORG,41.282235442352004,69.25347946791418,Yakkasaray,https://hh.ru/vacancy/128755107
CERT Analyst (Cybersecurity),GROUP-IB TSHK,41.322116,69.283995,Yunusabad,https://hh.ru/vacancy/128780129
Менеджер отдела продаж (эксперт) в Университет Искусственного Интеллекта,Tehnikum School,41.303131,69.267897,Mirabad,https://hh.ru/vacancy/128585699
FIELD FORCE MANAGER / NATIONAL SALES MANAGER,MUNOSAL,NULL,NULL,Ташкент,https://hh.ru/vacancy/128031181
Руководитель отдела сопровождения проектов в отраслях экономики,WATCHDOG,41.33129821981022,69.24958413428119,Almazar,https://hh.ru/vacancy/128818832
Фармацевт,SHAVKAT VA O'G'LI,41.283297480735044,69.3338386150093,Yashnabad,https://hh.ru/vacancy/128852493
Технолог кондитер,MUSA-SERVIS,41.35434,69.22335,Almazar,https://hh.ru/vacancy/127950646
Специалист службы поддержки пользователей,Kundalik,41.328434,69.279934,Yunusabad,https://hh.ru/vacancy/127254072
Продавец программ,ИП ООО ECOUNT SOFTWARE,41.296011,69.275506,Mirabad,https://hh.ru/vacancy/128567317
Личный ассистент операционного директора,United IT Company,41.321174,69.2729,Yunusabad,https://hh.ru/vacancy/128659164
Wise Marketer,Pulatov school,NULL,NULL,Ташкент,https://hh.ru/vacancy/128203198
Руководитель отдела продаж (РОП),Mars IT School,NULL,NULL,Ташкент,https://hh.ru/vacancy/128584772
AI Architect,Ipotekabank OTP Group,41.31514,69.284309,Mirzo Ulugbek,https://hh.ru/vacancy/127694608
Product Owner (B2C мобильное приложение),FlexSoft,41.301153,69.306461,Yashnabad,https://hh.ru/vacancy/127390848
Специалист по рекламе и PR,СП ООО JAC MOTORS TOSHKENT,41.310426,69.248179,Chilanzar,https://hh.ru/vacancy/128867882
Проект-менеджер,DAVR-SMART-SERVICE,41.197803,69.236222,Yangi hayot,https://hh.ru/vacancy/128857690
Sales Manager,ИП ООО “CHERAT CO.LTD” ( ТМ Globalink Logistics ),41.28126504404003,69.2615910096738,Yakkasaray,https://hh.ru/vacancy/126845877
Оператор Threat Intelligence,ONESEC,NULL,NULL,Ташкент,https://hh.ru/vacancy/128692268
UI/UX дизайнер,United IT Company,41.321174,69.2729,Yunusabad,https://hh.ru/vacancy/128222869
UX/UI-дизайнер,ASTERIUM,41.294717,69.278811,Mirabad,https://hh.ru/vacancy/128746226
Customer service/Менеджер по работе с клиентами,LESSO CA TRADING,40.79767,68.68407,Ташкент,https://hh.ru/vacancy/127919486
Продукт менеджер,INCOSMETIC ASIA,41.225,69.23673,Sergeli,https://hh.ru/vacancy/126880645
Network Specialist,СП ООО IST TELEKOM,41.30402504952918,69.32123101719532,Yashnabad,https://hh.ru/vacancy/126699632
Resort Housekeeping Manager,BELDERSOY RESORT,41.57161,69.93935,Ташкент,https://hh.ru/vacancy/125304998
Бизнес-ассистент,Murad Buildings,NULL,NULL,Ташкент,https://hh.ru/vacancy/128768940
Администратор гостиницы,OOO HOTEL MANOR,41.29618,69.282441,Mirabad,https://hh.ru/vacancy/128438625
Руководитель группы продаж,2GIS,41.326348,69.320215,Mirzo Ulugbek,https://hh.ru/vacancy/128607715
Трейд-маркетолог,ALLSET,41.316041,69.243921,Shaykhantahur,https://hh.ru/vacancy/128853000
Sales Supervisor/Specialist,ИП ООО JETOUR SOUEAST AUTOMOTIVE CENTRAL ASIAN,NULL,NULL,Ташкент,https://hh.ru/vacancy/122039231
Системный администратор,Inventors World,41.304784,69.304234,Yashnabad,https://hh.ru/vacancy/127820357
Главный специалист Управление администрирования систем защиты информации и операционного центра,Капиталбанк,NULL,NULL,Ташкент,https://hh.ru/vacancy/128466397
"Менеджер по поддержке бизнес-систем ERP (WMS, Честный знак)",DAMIRA BEVERAGES ENTERPRISE,41.298016,69.280554,Mirabad,https://hh.ru/vacancy/128726614
Инженер ПТО,XONSAROY DEVELOPMENT,41.36844,69.298475,Yunusabad,https://hh.ru/vacancy/127917535
SMM mutaxassis,ABABIN,41.20151248736419,69.23336915255456,Yangi hayot,https://hh.ru/vacancy/128570840
Ведущий специалист по кадровому учету,First Developing Group,41.298877,69.304934,Yashnabad,https://hh.ru/vacancy/128071536
Senior Project Manager,InFinBank,NULL,NULL,Ташкент,https://hh.ru/vacancy/128831298
Texnik xodim,I TECH IT GROUP,NULL,NULL,Ташкент,https://hh.ru/vacancy/128680666
SMM manager в сеть Оздоровительных Фитнес- Клубов,Wash Inn Technologies,41.310494,69.326799,Yashnabad,https://hh.ru/vacancy/128702396
Маркетолог,ASIAMOTOR,41.250556,69.218013,Sergeli,https://hh.ru/vacancy/127837533
Data Scientist,Новео,NULL,NULL,Ташкент,https://hh.ru/vacancy/128699219
Старший юрист юридического Департамента,АКБ Тенге Банк,41.315039,69.321158,Yashnabad,https://hh.ru/vacancy/126757247
SMM-менеджер/SMM-специалист,BLUE BIRD AGENCY,NULL,NULL,Ташкент,https://hh.ru/vacancy/128557474
Senior System Analyst (Системный аналитик),АО ANOR BANK,41.306674,69.284839,Yashnabad,https://hh.ru/vacancy/128776396
Менеджер по продажам,FIRST IT-GROUP,41.33972434578569,69.29698601162924,Yunusabad,https://hh.ru/vacancy/128636288
Заместитель технического директора,IPLUS,41.297596,69.272999,Mirabad,https://hh.ru/vacancy/127916066
Специалист технической поддержки,amoCRM,NULL,NULL,Ташкент,https://hh.ru/vacancy/128316591
Сценарист,PROMOGO,NULL,NULL,Ташкент,https://hh.ru/vacancy/128726643
Начальник управления по планированию и мониторингу эффективности розничной сети,АКБ Тенге Банк,41.311144,69.279728,Yunusabad,https://hh.ru/vacancy/127819806
SMM-менеджер,Yoshlik-Yu,41.21955,69.30567,Bektemir,https://hh.ru/vacancy/128733727
Mentor/Lecturer of Cyber Security and Ethical Hacking,PDP University,41.234283822732024,69.21549097477518,Sergeli,https://hh.ru/vacancy/128721205
Офис-менеджер,Topical Development,41.284391,69.224508,Chilanzar,https://hh.ru/vacancy/127866459
Системный администратор - Сотрудник по кибербезопасности,AKELA GROUP MACHINERY,41.229543,69.149391,Ташкент,https://hh.ru/vacancy/128657268
Руководитель проекта,ELEKTR MASHINALARI,NULL,NULL,Ташкент,https://hh.ru/vacancy/128467638
Тестировщик,UNITEL LLC,41.341379,69.335396,Mirzo Ulugbek,https://hh.ru/vacancy/127750395
Менеджер по развитию новых вендоров в сегменте кино- и fashion-индустрии,MUK Computers,41.330418,69.284713,Yunusabad,https://hh.ru/vacancy/127979054
Team-lead/Руководитель группы колл-центра,«UZUM TECHNOLOGIES»,41.314537,69.236564,Shaykhantahur,https://hh.ru/vacancy/128854912
Оператор видеонаблюдения,Very Nice Retail,41.36368,69.28008,Yunusabad,https://hh.ru/vacancy/128037900
Оператор Сall-центра,IT CALL QARSHI,41.325353,69.316729,Mirzo Ulugbek,https://hh.ru/vacancy/128609890
Экономист Отдела корпоративных финансов,ALYANS AUTO MCHJ,41.305976,69.278057,Mirabad,https://hh.ru/vacancy/128866150
Специалист контактного центра (чат-поддержка),«UZUM TECHNOLOGIES»,41.332138,69.293301,Yunusabad,https://hh.ru/vacancy/128697101
Системный администратор со знанием английского,IT Support Group,NULL,NULL,Ташкент,https://hh.ru/vacancy/128540008
Sales Manager,Citi Fuel (ООО Staff Atlantic),NULL,NULL,Ташкент,https://hh.ru/vacancy/125282398
Менеджер по продажам,GOLD BOOK BUSINES,NULL,NULL,Ташкент,https://hh.ru/vacancy/128043426
UX/UI-дизайнер,BISMUTH EDUCATION,41.271407,69.260504,Yakkasaray,https://hh.ru/vacancy/128707498
Project Manager,Global Solutions,41.29179,69.268157,Yakkasaray,https://hh.ru/vacancy/127919006
Бухгалтер,СП ООО Nazarov Rakhimbayev Group,41.304519,69.307036,Yashnabad,https://hh.ru/vacancy/126888626
Филиал-менеджер,HUMAN AND CAPITAL,41.28141,69.212668,Chilanzar,https://hh.ru/vacancy/128605197
Менеджер ресторана Papa Johns,ALEXANDER BRANDS,NULL,NULL,Ташкент,https://hh.ru/vacancy/128266938
Senior Data Engineer / Data Platform Engineer,ZORDOC,NULL,NULL,Ташкент,https://hh.ru/vacancy/128550824
GR manager / Policy and regulation analyst,ARETERA РА СА,41.311144,69.279728,Yunusabad,https://hh.ru/vacancy/128758203
Инженер-проектировщик мебели из нержавеющей стали,MONTAGE PRO SERVICE,41.225576,69.245619,Ташкент,https://hh.ru/vacancy/128844339
HRG / HR Generalist,IT BUYUK ZAMON SARI,41.355243,69.333869,Yunusabad,https://hh.ru/vacancy/128607379
Менеджер по МФО,Ipotekabank OTP Group,41.31514,69.284309,Mirzo Ulugbek,https://hh.ru/vacancy/127792558
Координатор проекта/архитектор,Представительство ONCUOGLU MIMARLIK SEHIRCILIK VE MUSAVIRLIK HIZMETLERI ANONIM SIRKETI,41.31982,69.32026,Mirzo Ulugbek,https://hh.ru/vacancy/128870562
Главный специалист Управления Информационной Безопасности,АКБ Asia Alliance Bank,41.306233,69.304036,Yashnabad,https://hh.ru/vacancy/128440462
Моушн-дизайнер,SPACE MARKETING,41.31684,69.241271,Shaykhantahur,https://hh.ru/vacancy/127950279
CPO. Директор департамента развития. Директор по развитию продуктов.,CLICK,NULL,NULL,Ташкент,https://hh.ru/vacancy/128863760
Менеджер курьерской службы,EUPHORIA GROUP,NULL,NULL,Ташкент,https://hh.ru/vacancy/128858541
Системный администратор,HURMA LOMBARD (ООО OLTIN LOMBARD),41.286444,69.221265,Chilanzar,https://hh.ru/vacancy/128114580
Менеджер по закупкам и снабжению,СП ООО Nazarov Rakhimbayev Group,41.304519,69.307036,Yashnabad,https://hh.ru/vacancy/126888308
QA Engineer,Alif Uzbekistan,41.314524,69.244603,Shaykhantahur,https://hh.ru/vacancy/128735685
Customer Service Specialist,Citi Fuel (ООО Staff Atlantic),41.311158,69.279737,Yunusabad,https://hh.ru/vacancy/124373991
Офис менеджер (помощник руководителя),KAFIL SUGURTA,41.318858,69.296239,Mirzo Ulugbek,https://hh.ru/vacancy/128850018
Руководитель отдела продаж (коммерческие проекты),Kundalik,41.321547,69.286609,Yunusabad,https://hh.ru/vacancy/127639275
Менеджер торговой марки,ОOO Lactalis Central Asia,41.292237,69.257135,Yakkasaray,https://hh.ru/vacancy/127933720
Технолог производства (ювелирного),TECHNOLOGY DEVELOPMENT (Ювелирный завод Fonon),41.288551,69.195052,Chilanzar,https://hh.ru/vacancy/128177492
Агент по недвижимости / риелтор / менеджер по продажам,LOCUS DEVELOPMENT GROUP,41.28494,69.208662,Chilanzar,https://hh.ru/vacancy/127966008
Агент по недвижимости / риелтор в премиум-агентство LOCUS,LOCUS DEVELOPMENT GROUP,41.28494,69.208662,Chilanzar,https://hh.ru/vacancy/127965944
Warranty/Claims Supervisor,ИП ООО JETOUR SOUEAST AUTOMOTIVE CENTRAL ASIAN,NULL,NULL,Ташкент,https://hh.ru/vacancy/126547879
Стажер риэлтор (без поиска клиентов),LOCUS DEVELOPMENT GROUP,41.28494,69.208662,Chilanzar,https://hh.ru/vacancy/127965833
Архитектор корпоративных систем,«UZUM TECHNOLOGIES»,41.29815,69.27392,Mirabad,https://hh.ru/vacancy/127346795
Construction Specialist,ГУ O‘ZBEKISTON RESPUBLIKASI MAKTABGACHA VA MAKTAB TA'LIMI VAZIRLIGI,41.322116,69.267502,Shaykhantahur,https://hh.ru/vacancy/128138141
Менеджер по развитию клиентов,Green White Solutions,41.31113,69.238486,Shaykhantahur,https://hh.ru/vacancy/127584413
Главный энергетик,SPC,41.302314502535054,69.35474588954925,Yashnabad,https://hh.ru/vacancy/127861165
Су-шеф,DREAM LAND,NULL,NULL,Ташкент,https://hh.ru/vacancy/128854961
Преподаватель Китайского языка в Profi Experts,ALL EXPERT,NULL,NULL,Ташкент,https://hh.ru/vacancy/128499483
Инженер ПТО,NAVRUZ INTERNATIONAL CORP.,41.3865550940639,69.3641574721513,Ташкент,https://hh.ru/vacancy/128858181
Sales manager (В2В),БИНОТЕЛ,41.31114,69.27973,Yunusabad,https://hh.ru/vacancy/128675245
Руководитель офиса управления проектами по операционной эффективности,Korzinka (Anglesey food),41.277798,69.271418,Yakkasaray,https://hh.ru/vacancy/127936261
Руководитель филиала,IMPACT DIGITAL HUB,41.28351,69.263181,Yakkasaray,https://hh.ru/vacancy/127998932
DevOps-инженер,UZINFOCOM,41.34226,69.336241,Mirzo Ulugbek,https://hh.ru/vacancy/127921436
Опратор Колл Центра,IT House Edu,41.285794,69.185997,Uchtepa,https://hh.ru/vacancy/127923561
Инженер-конструктор,ULEDME,41.389645,69.373458,Ташкент,https://hh.ru/vacancy/128693388
QA Engineer (Auto/Manual),«UZUM TECHNOLOGIES»,41.295354,69.258653,Yakkasaray,https://hh.ru/vacancy/127259120
СММ-менеджер,Хуснутдинова А.З,NULL,NULL,Ташкент,https://hh.ru/vacancy/128869526
Middle .NET Engineer,ЯТТ IT company,41.32807,69.26059,Shaykhantahur,https://hh.ru/vacancy/128224014
Manual QA Engineer,Lincoln Labs,41.30292946083057,69.31479686871675,Yashnabad,https://hh.ru/vacancy/128753599
Специалист по обучению персонала,EUROSNAB TECHNOLOGY,41.285596800816194,69.30903690541747,Yashnabad,https://hh.ru/vacancy/128815913
ML - engineer (Team Lead),UZINFOCOM,NULL,NULL,Ташкент,https://hh.ru/vacancy/128046543
AI-Менеджер в Кондитерский дом Safia,Safia кондитерский дом,41.311144,69.279728,Yunusabad,https://hh.ru/vacancy/128778712
Стажер по машинному обучению ( ML-классический ),Alif Uzbekistan,NULL,NULL,Ташкент,https://hh.ru/vacancy/124613723
Координатор проектов,Index Consulting Company,41.335963,69.289986,Yunusabad,https://hh.ru/vacancy/128550209
Associate Professor of Discrete Mathematics,ГУ AL-XORAZMIY UNIVERSITETI,41.56044853103636,60.62808830844694,Ташкент,https://hh.ru/vacancy/128693205
Менеджер по продажам (выставочные площадки),Prowork,41.337148,69.284695,Yunusabad,https://hh.ru/vacancy/128691391
Regional Growth Manager (Asia),Antal International Tashkent Xususiy Bandlik Agentligi,NULL,NULL,Ташкент,https://hh.ru/vacancy/127513156
Графический дизайнер,Prowork,41.34893147712182,69.35034663312021,Mirzo Ulugbek,https://hh.ru/vacancy/128127423
Инспектор отдела кадров,VENKON,41.302799,69.31478,Yashnabad,https://hh.ru/vacancy/128657389
Менеджер по продажам в офисе,AIVA Group,41.30304489695765,69.2673000085976,Mirabad,https://hh.ru/vacancy/127933545
Оператор технической поддержки клиентов,United IT Company,41.321174,69.2729,Yunusabad,https://hh.ru/vacancy/128371725
Шеф повар в премиальный ресторан в г. Ташкент,SAPERAVI,41.291953,69.270709,Mirabad,https://hh.ru/vacancy/127852633
Инженер по информационной безопасности,AVO.UZ,41.294297,69.282836,Mirabad,https://hh.ru/vacancy/128775591
Химик,СП ООО ARGETEST ULAB,41.310995,69.620836,Ташкент,https://hh.ru/vacancy/128695140
Маркетолог,United IT Company,41.321174,69.2729,Yunusabad,https://hh.ru/vacancy/128295825
Специалист технической поддержки и ввода данных,Stay Today Inc,25.953804,-80.136793,Ташкент,https://hh.ru/vacancy/128764822
Шеф-повар (еда на вынос / delivery),Microyol,NULL,NULL,Ташкент,https://hh.ru/vacancy/128850674
Senior Data Analyst,Ipotekabank OTP Group,NULL,NULL,Ташкент,https://hh.ru/vacancy/125836301
Менеджер по ВЭД,ERGO,41.30834,69.269253,Mirabad,https://hh.ru/vacancy/126513828
Специалист управления системы национальных счетов,Национальный комитет Республики Узбекистан по статистике,41.325299,69.318571,Mirzo Ulugbek,https://hh.ru/vacancy/128354856
Главный специалист отдела автоматизации отчетности,Капиталбанк,41.311151,69.279737,Yunusabad,https://hh.ru/vacancy/127864045
Мастер-установщик Wi-Fi (Яккасарайский рн),ЧП TURON MEDIA,41.28601,69.25377,Yakkasaray,https://hh.ru/vacancy/128295536
Product Manager (IaaS/PaaS),ROMANOV MEHANICA GROUP XUSUSIY BANDLIK AGENTLIGI,41.341495,69.3366,Mirzo Ulugbek,https://hh.ru/vacancy/128633853
Старший Дата-аналитик (Отдел отчетности корпоративного взыскания),Ipotekabank OTP Group,NULL,NULL,Ташкент,https://hh.ru/vacancy/127501603
Finance Manager Uzbekistan,ИП ООО INTREPID SILK ROAD,41.31114,69.27973,Yunusabad,https://hh.ru/vacancy/128657752
Дизайнер интерьеров,ABDULAZIZOV A’ZAM ABDUSATTOR O‘G‘LI,41.33234,69.21905,Shaykhantahur,https://hh.ru/vacancy/128103430
Главный механик,SPC,41.30170417778122,69.3551446200236,Yashnabad,https://hh.ru/vacancy/128356986
Аудитор,Акционерная Компания Узбектелеком,41.34119,69.336384,Mirzo Ulugbek,https://hh.ru/vacancy/127939068
Стажёр в отдел кадров,ABERNO BUTTERS GROUP,41.254246135742854,69.33562534771737,Yashnabad,https://hh.ru/vacancy/128852363
Дизайнер интерьеров,Antal International Tashkent Xususiy Bandlik Agentligi,41.333648,69.301314,Mirzo Ulugbek,https://hh.ru/vacancy/128863402
Руководитель Группы технического обслуживания и подключения к сети Интернет,Sharq Telekom,41.327289,69.313486,Mirzo Ulugbek,https://hh.ru/vacancy/128417737
Учитель китайского языка в учебный центр Kingdom Education,KINGDOM ACADEMY,41.30822543944368,69.24468290980347,Chilanzar,https://hh.ru/vacancy/128698083
Junior Marketing & BD Specialist (Tashkent),G-CORE TOSHKENT,NULL,NULL,Ташкент,https://hh.ru/vacancy/128073318
CAC (Commercial Air-Conditioning) Sales Manager,LG Electronics Uzbekistan,41.29181,69.284219,Mirabad,https://hh.ru/vacancy/128629141
Sales agent,TWENTY EIGHT GROUP,41.29181,69.284219,Mirabad,https://hh.ru/vacancy/128781305
Офис-менеджер со знанием английского и русского языков,MBGroup,41.32207709579847,69.28237890649203,Yunusabad,https://hh.ru/vacancy/128617554
Главный специалист отдела андеррайтинга и аналитики (инвестиционный аналитик),Капиталбанк,NULL,NULL,Ташкент,https://hh.ru/vacancy/128464403
Logistics Supervisor (Work place in Dhizak),ИП ООО JINTING AUTOMOBILE ELECTRIC,40.097499,67.871744,Ташкент,https://hh.ru/vacancy/126056625
Главный специалист по планированию и мониторингу колл-центра,PAYNET,41.279986,69.25179,Yakkasaray,https://hh.ru/vacancy/125535530
Cтажёр в HR отдел,United IT Company,41.321174,69.2729,Yunusabad,https://hh.ru/vacancy/128507528
Production Planning Engineer,ИП ООО JINTING AUTOMOBILE ELECTRIC,40.097499,67.871744,Ташкент,https://hh.ru/vacancy/127535657
Администратор-кассир в Куксарай,«UZUM TECHNOLOGIES»,41.354451,69.140704,Ташкент,https://hh.ru/vacancy/128628682
FP&A Specialist,ООО «KPMG AUDIT»,NULL,NULL,Ташкент,https://hh.ru/vacancy/127390772
Финансист,Центр развития IT- знаний,NULL,NULL,Ташкент,https://hh.ru/vacancy/128567087
Middle QA engineer,АО Асакабанк,41.31528,69.24649,Shaykhantahur,https://hh.ru/vacancy/128738301
Юрист,BELLISSIMO PIZZA INTERNATIONAL,41.364664,69.287714,Yunusabad,https://hh.ru/vacancy/128864595
Project Manager,NANA VENTURES,NULL,NULL,Ташкент,https://hh.ru/vacancy/128385286
Инженер физической сети,Ipotekabank OTP Group,NULL,NULL,Ташкент,https://hh.ru/vacancy/128865768
Flutter-dasturchi,Национальный комитет Республики Узбекистан по статистике,NULL,NULL,Ташкент,https://hh.ru/vacancy/128720257
Менеджер по продукту (медицинское/фармацевтическое направление),ASKLEPIY GROUP (phoenix core),41.353131,69.264259,Almazar,https://hh.ru/vacancy/128240309
Менеджер по работе со школами,СИНЕРГИЯ,NULL,NULL,Ташкент,https://hh.ru/vacancy/128489765
Руководитель отдела продаж,Unimix FMCG,41.25661,69.242088,Sergeli,https://hh.ru/vacancy/127997461
Менеджер по продажам,"PE BOMI Construction Engineering Co., LTD",NULL,NULL,Ташкент,https://hh.ru/vacancy/128154195
质量工程师/Quality Engineer,ИП ООО JINTING AUTOMOBILE ELECTRIC,40.097499,67.871744,Ташкент,https://hh.ru/vacancy/126649562
Налоговый консультант,LEX CORE CONSULT,41.292501,69.213683,Chilanzar,https://hh.ru/vacancy/127950624
Бизнес-системный аналитик,OPEN BANK AJ,41.3155,69.28205,Yunusabad,https://hh.ru/vacancy/126636021
Преподаватель IELTS (IELTS Teacher) - ENGLISH,Ай-Хаб,NULL,NULL,Ташкент,https://hh.ru/vacancy/128694176
Dispatcher,E&O GLOBAL (STI TRUCKERS),41.378036,69.295268,Yunusabad,https://hh.ru/vacancy/125804143
"Senior Relationship Manager, Large Corporate Directorate (Big 4 Experienced Professional)",Ipotekabank OTP Group,NULL,NULL,Ташкент,https://hh.ru/vacancy/128375714
Начальник отдела розничного кредитования,TAYANCH MIKROMOLIYA BANKI,41.31114,69.27973,Yunusabad,https://hh.ru/vacancy/127983917
UI/UX designer,NETTOSOFT,NULL,NULL,Ташкент,https://hh.ru/vacancy/128816490
Аудитор,МФО CASH POINT,41.32622,69.32692,Mirzo Ulugbek,https://hh.ru/vacancy/127935094
Стажёр в отдел обслуживания клиентов,Amedia Online Group,41.332246,69.324796,Mirzo Ulugbek,https://hh.ru/vacancy/122031688
Визуальный мерчандайзер,PODIUM,41.312087975790085,69.27461872497469,Yunusabad,https://hh.ru/vacancy/128574542
Angular Tech Lead,Sigli,NULL,NULL,Ташкент,https://hh.ru/vacancy/127948249
Технический проектный менеджер,NURA-HIGH-TECHNOLOGIES,41.311144,69.279728,Yunusabad,https://hh.ru/vacancy/127958485
Специалист по контролю за бюджетом,GTG OPERATION,41.299276,69.296149,Yashnabad,https://hh.ru/vacancy/128863397
Junior/Senior NOC Engineer (Специалист по мониторингу ИТ-инфраструктуры),Xalq Banki,41.287772,69.217007,Chilanzar,https://hh.ru/vacancy/128785126
HR & Accounting Specialist / Supervisor,POPTIC GLOBAL,41.33955724171893,69.29137792489847,Yunusabad,https://hh.ru/vacancy/128788295
Инженер-технолог,ИП ООО BELPHARM,41.333031,69.291487,Yunusabad,https://hh.ru/vacancy/127903056
Менеджер по привлечению партнеров,EDEM BISTRO,NULL,NULL,Ташкент,https://hh.ru/vacancy/128809603
UX/UI-дизайнер,ZAYRX,41.304052,69.215381,Shaykhantahur,https://hh.ru/vacancy/128831630
SMM-менеджер,INCOSMETIC ASIA,41.225,69.23673,Sergeli,https://hh.ru/vacancy/128852944
Юрист консультант,MARWIN BRANDS,41.250868,69.394227,Yangi Tashkent,https://hh.ru/vacancy/128124673
"Главный специалист (Отдел развития продуктов, нефинансовых сервисов и процессов)",Капиталбанк,NULL,NULL,Ташкент,https://hh.ru/vacancy/126724541
Технолог,Pro Food & beverages,NULL,NULL,Ташкент,https://hh.ru/vacancy/128856811
Маркетолог,TAYANCH MIKROMOLIYA BANKI,41.31114,69.27973,Yunusabad,https://hh.ru/vacancy/128271597
Ведущий специалист по API клиентам,PAYNET,41.279986,69.25179,Yakkasaray,https://hh.ru/vacancy/127827454
Банкет Шеф/Banquet Chef,JW Marriott Tashkent (OOO ALLIANCE HOLDING),41.316244,69.252625,Shaykhantahur,https://hh.ru/vacancy/128861054
Customer Support,«UZUM TECHNOLOGIES»,41.31852,69.299095,Mirzo Ulugbek,https://hh.ru/vacancy/128379503
Юрист,1FIT-APP,41.301053369658355,69.30574716931154,Yashnabad,https://hh.ru/vacancy/128571824
"Brand Manager, Pepsi (Футбольное и музыкальное направления)",International Beverages Tashkent,41.289154,69.275425,Mirabad,https://hh.ru/vacancy/128853404
Менеджер по продажам,Gafurova Sevara,41.328684,69.273008,Yunusabad,https://hh.ru/vacancy/128693899
Product Manager / Product Owner,Lincoln Labs,41.30292946083057,69.31479686871675,Yashnabad,https://hh.ru/vacancy/128714943
QA Engineer (Manual),iPoint,41.30349,69.3131,Yashnabad,https://hh.ru/vacancy/128654022
Руководитель сметно-договорного отдела,ROODELL,41.23456296724567,69.20751234567412,Sergeli,https://hh.ru/vacancy/128824691
Продукт менеджер в Фармацевтическую компанию,IMUN PHARMA,41.354641,69.335351,Yunusabad,https://hh.ru/vacancy/128769336
Бизнес ассистент/Помощник руководителя STARWAYS Logistics,KUDRATOVA IRODA,41.320572,69.286034,Yunusabad,https://hh.ru/vacancy/128532113
Trade Marketing Specialist Tashkent,pladis Kazakhstan,NULL,NULL,Ташкент,https://hh.ru/vacancy/128517022
Head of Ensuring Quality of Education Department,MILLAT UMIDI UNIVERSITY,41.296111740525,69.22923431151169,Chilanzar,https://hh.ru/vacancy/127857571
Account Manager,EMOTIV MARKETPLACE CONSULTANTS,40.133329674821674,67.82286985382841,Ташкент,https://hh.ru/vacancy/128666875
Младший UX-исследователь,«UZUM TECHNOLOGIES»,41.278482,69.271562,Yakkasaray,https://hh.ru/vacancy/128469505
Updater,E&O GLOBAL (STI TRUCKERS),41.378036,69.295268,Yunusabad,https://hh.ru/vacancy/128020686
Менеджер по продажам,TheLead Media,41.278685,69.305806,Mirabad,https://hh.ru/vacancy/127830091
Product designer,«UZUM TECHNOLOGIES»,41.29815,69.27392,Mirabad,https://hh.ru/vacancy/128413389
Маркетолог,CENTRAL ASIAN UNIVERSITY,41.327939,69.427294,Yashnabad,https://hh.ru/vacancy/128862336
Technical Advisor for Epidemiology to the Director of CSEW – Uzbekistan,ATLASKEIZET,NULL,NULL,Ташкент,https://hh.ru/vacancy/128572172
Финансист в SAP,NURA-HIGH-TECHNOLOGIES,41.36531306918812,69.2443679252688,Almazar,https://hh.ru/vacancy/124553144
Экономист,AZIMUTH (ООО TECHNOLOGIES OF REAL TIME),41.20071,69.13106,Ташкент,https://hh.ru/vacancy/128850366
Digital-marketolog|Marketolog,XAITMETOVA GULBAXOR,41.32400714801386,69.28200077766661,Yunusabad,https://hh.ru/vacancy/128149594
Оператор call-центра,IT CALL,NULL,NULL,Ташкент,https://hh.ru/vacancy/128365539
Operational Controlling Manager – Finance,Korzinka (Anglesey food),41.277798,69.271418,Yakkasaray,https://hh.ru/vacancy/128557610
Senior Brand Manager Mirinda / 7UP / Mountain Dew,International Beverages Tashkent,41.289154,69.275425,Mirabad,https://hh.ru/vacancy/128851031
Учитель Русского языка и Литературы,НОУ ISTE'DODLI KELAJAK YOSHLARI,41.284228,69.23015,Chilanzar,https://hh.ru/vacancy/128706413
Senior Designer,Sports Unlimited,41.37604,69.273933,Yunusabad,https://hh.ru/vacancy/128119645
Интернет-маркетолог (SMM + Контекстная реклама),MEGABITE-CRM,41.308624,69.337579,Mirzo Ulugbek,https://hh.ru/vacancy/128615256
Продюсер образовательных продуктов в Osnova,OSNOVA,41.288782,69.271391,Mirabad,https://hh.ru/vacancy/128565261
Графический дизайнер,GS PLANET,41.316393,69.325353,Mirzo Ulugbek,https://hh.ru/vacancy/127935563
Менеджер по продажам,SINO AI TECHNOLOGIES,41.36466,69.28771,Yunusabad,https://hh.ru/vacancy/128638898
Территориальный специалист по развитию внешней торговой сети,PAYME,41.298497,69.277401,Mirabad,https://hh.ru/vacancy/127616345
Менеджер по промо-активностям,THE RDB-GROUP,41.357673,69.332198,Yunusabad,https://hh.ru/vacancy/127809537
Customer service representative/Logist,A TO Z CONGLOMERATE MCHJ,41.327493,69.284821,Yunusabad,https://hh.ru/vacancy/128628265
Юрисконсульт,OSON (АO BRIO GROUP),41.349544,69.319334,Yunusabad,https://hh.ru/vacancy/128572145
Инженер по ОВиК,KUSUM,41.17861,69.17854,Ташкент,https://hh.ru/vacancy/127707897
Коммерческий директор (CCO),IT BUYUK ZAMON SARI,41.355236,69.333878,Yunusabad,https://hh.ru/vacancy/128471264
SMM-менеджер,MARKWORK,41.31215046868324,69.18748711394129,Uchtepa,https://hh.ru/vacancy/128526946
Торговый агент (Field Sales) в BILLZ,TBC,41.304039,69.28306,Mirabad,https://hh.ru/vacancy/128828892
Менеджер по продажам,BLUE BIRD AGENCY,NULL,NULL,Ташкент,https://hh.ru/vacancy/128557732
Сервисный инженер компрессорного оборудования,BERGMAN,41.352915,69.257925,Almazar,https://hh.ru/vacancy/128808911
Графический дизайнер,UZAGROSTAR Xolding,41.351615,69.330905,Yunusabad,https://hh.ru/vacancy/128639314
Смм-специалист в магазин женской одежды,Sfera Media,41.23507,69.247361,Ташкент,https://hh.ru/vacancy/128841803
Senior DevOps-инженер,CENTER FOR DIGITAL TECHNOLOGY AND INNOVATION,41.304648,69.32114,Yashnabad,https://hh.ru/vacancy/127576661
Менеджер по цифровым телеком-решениям,PAYNET,41.279986,69.25179,Yakkasaray,https://hh.ru/vacancy/126819669
Update Specialist,IT-LEGACY,NULL,NULL,Ташкент,https://hh.ru/vacancy/128063769
Talent Acquisition Supervisor,ACWA POWER TECHNICAL AND FINANCIAL SERVICES,NULL,NULL,Ташкент,https://hh.ru/vacancy/128120340
Оператор колл-центра,ЯТТ IT company,NULL,NULL,Ташкент,https://hh.ru/vacancy/128481334
Аналитик данных,AGIO HEALTHCARE INTERNATIONAL,41.31114,69.27973,Yunusabad,https://hh.ru/vacancy/128698084
Специалист по технической поддержке,LINKTRADE,41.3346489,69.3269473,Mirzo Ulugbek,https://hh.ru/vacancy/128746258
"Системный аналитик, Middle+ (офис, г. Ташкент)",CENTER FOR DIGITAL TECHNOLOGY AND INNOVATION,41.304648,69.321113,Yashnabad,https://hh.ru/vacancy/128564148
Главный бухгалтер,Alta Vista (ИП Смирнов Владимир Михайлович),41.31114,69.27973,Yunusabad,https://hh.ru/vacancy/128051883
Бизнес-аналитик (CRM),«UZUM TECHNOLOGIES»,41.295354,69.258653,Yakkasaray,https://hh.ru/vacancy/125938833
HR supervisor (Work place in Dhizak),ИП ООО JINTING AUTOMOBILE ELECTRIC,40.097499,67.871744,Ташкент,https://hh.ru/vacancy/126056710
UI/UX Designer (Cloud Platform + Web),ROMANOV MEHANICA GROUP XUSUSIY BANDLIK AGENTLIGI,41.341495,69.3366,Mirzo Ulugbek,https://hh.ru/vacancy/128634021
Контент-менеджер (Проект Agrobank),United IT Company,41.319508,69.253551,Shaykhantahur,https://hh.ru/vacancy/128465327
Консультант 1С,AIVA Group,41.30304489695765,69.2673000085976,Mirabad,https://hh.ru/vacancy/128095094
Инженер-проектировщик по РЗиА,РПИ УзИнжиниринг,NULL,NULL,Ташкент,https://hh.ru/vacancy/126801776
Менеджер по продажам,GreenGo,NULL,NULL,Ташкент,https://hh.ru/vacancy/128091875
Менеджер по традиционному медиа размещению,Национальный межбанковский процессинговый центр,41.305204,69.335199,Yashnabad,https://hh.ru/vacancy/128862374
Специалист по компенсациям и льготам,Аудиотеле,41.295869,69.22882,Chilanzar,https://hh.ru/vacancy/128810978
Business/System analyst,Andersen,NULL,NULL,Ташкент,https://hh.ru/vacancy/128563896
Retail Marketing Specialist in Uzbekistan,КОЛГЕЙТ-ПАЛМОЛИВ (КАЗАХСТАН),NULL,NULL,Ташкент,https://hh.ru/vacancy/128661377
Специалист по задолженности,Digital Camp,41.331386,69.249607,Almazar,https://hh.ru/vacancy/128623605
Администратор,VENKON,41.302799,69.31478,Yashnabad,https://hh.ru/vacancy/126858537
Assistant to Deputy Director General,СП ООО IST TELEKOM,41.30384777495893,69.32147400201652,Yashnabad,https://hh.ru/vacancy/128767964
Technical Advisor for Laboratory Systems Strengthening (LSS) to the Director of CSEW (Uzbekistan),ATLASKEIZET,NULL,NULL,Ташкент,https://hh.ru/vacancy/128572163
SEO-специалист,ORGSELL,41.276571,69.263558,Yakkasaray,https://hh.ru/vacancy/126207115
Product Manager (Life Insurance),TBC,41.322095,69.283285,Yunusabad,https://hh.ru/vacancy/127804617
Директор департамента управления и реализации проектов,Международный Кадровый Центр Профипипл,NULL,NULL,Ташкент,https://hh.ru/vacancy/127997257
Export manager,Darian Electronics (ООО MERAS TRADE CO),NULL,NULL,Ташкент,https://hh.ru/vacancy/122845392
Contracting & Reservations Manager Uzbekistan,ИП ООО INTREPID SILK ROAD,41.31114,69.27973,Yunusabad,https://hh.ru/vacancy/128661408
Бизнес-аналитик (НСИ),O`ZBEKENERGOTA`MIR,41.378056,69.373763,Ташкент,https://hh.ru/vacancy/128430310
Главный бухгалтер,TAYANCH MIKROMOLIYA BANKI,41.31114,69.27973,Yunusabad,https://hh.ru/vacancy/128081771
Бухгалтер,ИП ООО FAST FOOD SYSTEMS,41.271319,69.259533,Yakkasaray,https://hh.ru/vacancy/128702035
11,Nextgen IT,NULL,NULL,Ташкент,https://hh.ru/vacancy/128248845
Senior in FAAS department,EY Uzbekistan,41.320707,69.300191,Mirzo Ulugbek,https://hh.ru/vacancy/127318476
Графический дизайнер,ROODELL,41.24059,69.21326,Sergeli,https://hh.ru/vacancy/128840288
Дизайнер-визуализатор,PERIPTER,41.284877691224764,69.2683225286337,Mirabad,https://hh.ru/vacancy/128862060
DevSecOps Engineer,«UZUM TECHNOLOGIES»,NULL,NULL,Ташкент,https://hh.ru/vacancy/128385429
Специалист по корпоративной безопасности,Alif Uzbekistan,41.314524,69.244603,Shaykhantahur,https://hh.ru/vacancy/127959448
Директор по маркетингу (автосалон),AUTOLIGA,41.375167,69.287642,Yunusabad,https://hh.ru/vacancy/128861876
Генеральный директор,Розничная сеть,NULL,NULL,Ташкент,https://hh.ru/vacancy/128676022
Генеральный директор,Розничная сеть,NULL,NULL,Ташкент,https://hh.ru/vacancy/128676022
Service Desk Analyst,ТЛСконтакт Казахстан,NULL,NULL,Ташкент,https://hh.ru/vacancy/128067934
SMM-менеджер,MEDIAHOME,41.371716,69.311501,Yunusabad,https://hh.ru/vacancy/128784596
Project Technical Office (PTO) Engineer,MESMER-EAST,NULL,NULL,Ташкент,https://hh.ru/vacancy/128652971
Руководитель филиала,Римборсо-Руссия,41.319773,69.263064,Shaykhantahur,https://hh.ru/vacancy/128747294
QA инженер,RedLab,41.286011,69.253766,Yakkasaray,https://hh.ru/vacancy/128814967
After Sales Service Supervisor,ИП ООО JETOUR SOUEAST AUTOMOTIVE CENTRAL ASIAN,NULL,NULL,Ташкент,https://hh.ru/vacancy/120347711
AI-креатор,IT CENTER REVOLUTION,41.311144,69.279728,Yunusabad,https://hh.ru/vacancy/128431063
Корпоративный Юрист,DIGITAL EDGE CONSULT,41.29084846560589,69.25054676452486,Yakkasaray,https://hh.ru/vacancy/127854701
Мобилограф,IT CENTER REVOLUTION,41.311144,69.279728,Yunusabad,https://hh.ru/vacancy/128430864
Специалист call-центра,Коворкинг Альфа,NULL,NULL,Ташкент,https://hh.ru/vacancy/128495555
MLOps Engineer,Ipotekabank OTP Group,41.31514,69.284309,Mirzo Ulugbek,https://hh.ru/vacancy/127709971
Начальник управления продаж розничных продуктов и услуг,АКБ Тенге Банк,41.311144,69.279728,Yunusabad,https://hh.ru/vacancy/127818147
Менеджер по продажам мебели,ALPHA STAR,41.283165,69.251754,Yakkasaray,https://hh.ru/vacancy/128361196
Key Account Manager,«UZUM TECHNOLOGIES»,41.278482,69.271562,Yakkasaray,https://hh.ru/vacancy/128859883
SMM-менеджер,Mr Gordon,41.300028,69.272748,Mirabad,https://hh.ru/vacancy/128835814
Senior DevOps-инженер,PROHR,NULL,NULL,Ташкент,https://hh.ru/vacancy/128413498
Генпланист-урбанист,СТУДИЯ САД,41.326802,69.338783,Mirzo Ulugbek,https://hh.ru/vacancy/127921243
Филиал-менеджер (Управляющий филиалом),XAITMETOVA GULBAXOR,41.287298,69.205491,Chilanzar,https://hh.ru/vacancy/128149731
"Продуктовый аналитик, product menejer",'Norbekov sog‘lomlashtirish va maslahat markazi',41.335232,69.253506,Almazar,https://hh.ru/vacancy/128785082
"Преподаватель Китайского языка, Mandarin (Chinese) language instructor",LLI LANGUAGE SERVICES PTE,41.27588942954305,69.24523127501601,Yakkasaray,https://hh.ru/vacancy/128319968
Math Teacher/Учитель математики,INTERNATIONAL GOLDSTARS SCHOOL,41.34316655668664,69.23298239707842,Almazar,https://hh.ru/vacancy/127373281
Маркетолог (финансовые и бухгалтерские услуги),СЕРВИС ГРУПП,41.311144,69.279728,Yunusabad,https://hh.ru/vacancy/128705317
SMM-менеджер,Consort Group,41.324811,69.288971,Yunusabad,https://hh.ru/vacancy/127923648
Сити менеджер,PROFIT EXPERT,NULL,NULL,Ташкент,https://hh.ru/vacancy/128695438
Head teacher (English),Citi Fuel (ООО Staff Atlantic),40.46982,71.828715,Ташкент,https://hh.ru/vacancy/128750829
Руководитель по ипотечному кредитованию / Product owner,HamkorBank,NULL,NULL,Ташкент,https://hh.ru/vacancy/128833324
Commercial Operations Intern,ИП ООО KTNG GLOBAL TAS,41.298016,69.280554,Mirabad,https://hh.ru/vacancy/128653074
Penetration Tester,UCMG,NULL,NULL,Ташкент,https://hh.ru/vacancy/128703275
Менеджер по продажам,IT BUYUK ZAMON SARI,41.355243,69.333869,Yunusabad,https://hh.ru/vacancy/128487370
Специалист по обучению и развитию,Fido-Biznes,41.318994,69.277383,Yunusabad,https://hh.ru/vacancy/128355230
Директор микрокредитной организации,MIKROKREDIT TASHKILOTI ELIT MICROFINANS,41.36263623452593,69.28816406704723,Yunusabad,https://hh.ru/vacancy/128860623
Руководитель отдела продаж (РОП),PRIME PROPERTY,41.29723,69.281758,Mirabad,https://hh.ru/vacancy/128323536
DataOps specialist,Ipotekabank OTP Group,41.31514,69.284309,Mirzo Ulugbek,https://hh.ru/vacancy/127718522
Финансист,IMPULS BSR,41.29137,69.254665,Yakkasaray,https://hh.ru/vacancy/127898921
Аккаунт-менеджер (корпоративный сегмент),ООО 1C-RARUS TAS,41.274809,69.263567,Yakkasaray,https://hh.ru/vacancy/128058492
SOC Liaison Coordinator,Ipotekabank OTP Group,41.315133,69.2843,Mirzo Ulugbek,https://hh.ru/vacancy/127837966
Менеджер по работе с ключевыми клиентами (КАМ),СТиМ,41.355717,69.307108,Yunusabad,https://hh.ru/vacancy/127991672
Data Scientist,Ipotekabank OTP Group,41.31514,69.284309,Mirzo Ulugbek,https://hh.ru/vacancy/128700992
QA Manual Engineer,АИКБ ИПАК ЙУЛИ БАНК,41.345583,69.261258,Almazar,https://hh.ru/vacancy/127623071
Специалист call-центра,Коворкинг Альфа,NULL,NULL,Ташкент,https://hh.ru/vacancy/128495559
Руководитель отдела продаж (РОП),OOO Litez Services,41.288192,69.251781,Yakkasaray,https://hh.ru/vacancy/127852721
Chief Operating Officer (COO),ELITE SUPPORT SOLUTIONS ESS,NULL,NULL,Ташкент,https://hh.ru/vacancy/128543581
Учитель Корейского языка/Korean Language Instructor,LLI LANGUAGE SERVICES PTE,41.275779248801605,69.24522147828675,Yakkasaray,https://hh.ru/vacancy/128320001
CMM специалист,Uranus,41.326802,69.338783,Mirzo Ulugbek,https://hh.ru/vacancy/128435324
Региональный менеджер по продажам,Darian Electronics (ООО MERAS TRADE CO),41.31489,69.23548,Shaykhantahur,https://hh.ru/vacancy/128166980
Специалист по развитию торгового маркетинга,JTI TURON INC,41.29618,69.282441,Mirabad,https://hh.ru/vacancy/128788215
Ведущий менеджер проекта (Team Lead-Juniors),NURA-HIGH-TECHNOLOGIES,41.331982,69.277796,Yunusabad,https://hh.ru/vacancy/127884838
Аккаунт-менеджер,Amedia Online Group,41.332246,69.324796,Mirzo Ulugbek,https://hh.ru/vacancy/122031733
Директор офиса,SOFTPROM,41.278252,69.306632,Mirabad,https://hh.ru/vacancy/128791576
Офис менеджер,United IT Company,41.321174,69.2729,Yunusabad,https://hh.ru/vacancy/128223156
Head of Marketing & Student Recruitment,International Agriculture University,41.36641,69.342753,Ташкент,https://hh.ru/vacancy/128607501
Менеджер по логистике (Safety specialist),GFS TRUCKING,41.352481,69.262588,Almazar,https://hh.ru/vacancy/127845264
Начальник управления по борьбе с коррупцией,АО Асакабанк,41.315282,69.24649,Shaykhantahur,https://hh.ru/vacancy/128855000
Head of Sales (FinTech / PayTech),Global Solutions,41.29179,69.268157,Yakkasaray,https://hh.ru/vacancy/128114987
Начинающий специалист Yandex,Курьер № 1,NULL,NULL,Ташкент,https://hh.ru/vacancy/128611682
"E-commerce manager (FMCG, непищевое направление)",United Distribution,41.26608,69.22528,Yakkasaray,https://hh.ru/vacancy/128833920
Инженер - проектировщик в отдел управления режимами энергосистем,SREDAZENERGOSETPROEKT,NULL,NULL,Ташкент,https://hh.ru/vacancy/128245501
Офис-Менеджер/ Ресепшионист/ Front Desk Officer,The British School of Tashkent,41.329598,69.324365,Mirzo Ulugbek,https://hh.ru/vacancy/128732365
SMM-менеджер / Маркетолог,ТТСП Таджпроф,41.311144,69.279728,Yunusabad,https://hh.ru/vacancy/127935020
SMM-менеджер,ЧП KIRANO,NULL,NULL,Ташкент,https://hh.ru/vacancy/128810951
Офис-менеджер,VENKON,41.31106,69.31974,Yashnabad,https://hh.ru/vacancy/127261115
US Trucking Safety Specialist,Drenix IT center,NULL,NULL,Ташкент,https://hh.ru/vacancy/128026557
DevOps-инженер,MULTICARD PAYMENT,41.304519,69.307036,Yashnabad,https://hh.ru/vacancy/128299942
Графический дизайнер - наружная реклама,COLOURWAY DESING,41.35119,69.38129,Mirzo Ulugbek,https://hh.ru/vacancy/128295344
Head of academic Affairs,MILLAT UMIDI UNIVERSITY,41.29616568265178,69.22923431151169,Chilanzar,https://hh.ru/vacancy/127854954
Системный администратор,ООО ULTRADECOR,41.317754,69.244109,Shaykhantahur,https://hh.ru/vacancy/128777606
Архитектор концептуалист,СТУДИЯ САД,41.326802,69.338783,Mirzo Ulugbek,https://hh.ru/vacancy/127919625
Маркетолог,COLOURWAY DESING,41.3514005703469,69.38138511890925,Mirzo Ulugbek,https://hh.ru/vacancy/128295150
Методолог по управлению рисками,«UZUM TECHNOLOGIES»,NULL,NULL,Ташкент,https://hh.ru/vacancy/128735071
Начальник участка/смены в Цех розлива,DAMIRA BEVERAGES ENTERPRISE,41.23391,69.221463,Ташкент,https://hh.ru/vacancy/127808456
Юрисконсульт,LEX CORE CONSULT,41.292501,69.213683,Chilanzar,https://hh.ru/vacancy/127946701
Ведущий специалист отдела по работе с данными,Капиталбанк,NULL,NULL,Ташкент,https://hh.ru/vacancy/127254098
Контент-мейкер,ROBOSELL,41.325427,69.333698,Mirzo Ulugbek,https://hh.ru/vacancy/128824028
ML Engineer (Machine Learning Инженер),Содействие,NULL,NULL,Ташкент,https://hh.ru/vacancy/128542801
Таргетолог,IT CENTER REVOLUTION,41.311144,69.279728,Yunusabad,https://hh.ru/vacancy/128316327
SMM-менеджер,IT CENTER REVOLUTION,41.311144,69.279728,Yunusabad,https://hh.ru/vacancy/128315971
Маркетолог в отдел стратегического маркетинга,СамАвто,41.305976,69.278057,Mirabad,https://hh.ru/vacancy/127104877
3D дизайнер,BAHOR GULLARI,41.40169426610757,69.24381914879366,Ташкент,https://hh.ru/vacancy/128830440
Маркетолог/Digital-стратег,IT CENTER REVOLUTION,41.311144,69.279728,Yunusabad,https://hh.ru/vacancy/128309857
Менеджер по информационным технологиям,ИП ООО AURUM GLOBAL GROUP,42.351559,64.233567,Ташкент,https://hh.ru/vacancy/128633642
US Trucking Recruiter,Drenix IT center,NULL,NULL,Ташкент,https://hh.ru/vacancy/128026592
Технический писатель (middle level),FULL STACK SOLUTION,41.336342,69.282432,Yunusabad,https://hh.ru/vacancy/128583433
UX/UI-дизайнер,SPECTRE-ENERGY,41.35836600457255,69.21289113352832,Almazar,https://hh.ru/vacancy/128817838
Sales Manager (Apple),FC LLC ASBC ENTITY,NULL,NULL,Ташкент,https://hh.ru/vacancy/128825793
Графический дизайнер в команду URBAN HAYOT,URBAN HAYOT,41.31953,69.2882,Yunusabad,https://hh.ru/vacancy/128816535
Консультант-аналитик 1С,Perfect Solutions,41.280197,69.24649,Yakkasaray,https://hh.ru/vacancy/128634503
Physical Education teacher (Учитель физкультуры в детский сад),Inventors World,41.31939,69.24329,Shaykhantahur,https://hh.ru/vacancy/126314770
SMM-менеджер,GEMS GROUP,41.317172,69.248457,Shaykhantahur,https://hh.ru/vacancy/128810985
Marketing Manager (FMCG),Antal International Tashkent Xususiy Bandlik Agentligi,NULL,NULL,Ташкент,https://hh.ru/vacancy/128486343
Director of Reinsurance (Expat),ANCOR Uzbekistan,NULL,NULL,Ташкент,https://hh.ru/vacancy/128485593
Диспетчер,ERGO,41.30834,69.269253,Mirabad,https://hh.ru/vacancy/128785672
Системный администратор (Uzum Fintech),«UZUM TECHNOLOGIES»,NULL,NULL,Ташкент,https://hh.ru/vacancy/128302744
"Key Account Manager (КАМ) в Европейскую фарм компанию ""IMUN PHARMA"" MCHJ",IMUN PHARMA,41.354641,69.335351,Yunusabad,https://hh.ru/vacancy/128236903
Инженер-конструктор для производство грузоподъемных кранов,UZTRANSFORMATOR,NULL,NULL,Ташкент,https://hh.ru/vacancy/127967027
Change Coordinator,Ipotekabank OTP Group,41.31489733089319,69.2846308650818,Mirzo Ulugbek,https://hh.ru/vacancy/127768235
Руководитель отдела продаж (РОП),XAITMETOVA GULBAXOR,NULL,NULL,Ташкент,https://hh.ru/vacancy/128149763
Менеджер по работе с клиентами,INTERNO Edu,41.312248,69.314286,Yashnabad,https://hh.ru/vacancy/128654431
Технический специалист,REGOS Software,41.27493,69.26412,Yakkasaray,https://hh.ru/vacancy/127855767
MyHR Specialist (Tashkent),ИП ООО AIR PRODUCTS CENTRAL ASIA GROUP,41.336342,69.282432,Yunusabad,https://hh.ru/vacancy/128682059
HR Generalist,ИП ООО OPTIMO,41.302813762740385,69.30610622541056,Yashnabad,https://hh.ru/vacancy/128783610
Head of B2B Sales (fintech/banking/telecom),Antal International Tashkent Xususiy Bandlik Agentligi,NULL,NULL,Ташкент,https://hh.ru/vacancy/128711822
Менеджер по продажам 1C,SOFTTECH GROUP,41.299798,69.266082,Yakkasaray,https://hh.ru/vacancy/127848995
Специалист службы поддержки пользователей,Speedlinehub,NULL,NULL,Ташкент,https://hh.ru/vacancy/128799842
Главный энергетик,UNITEL LLC,41.336832,69.3141504,Yunusabad,https://hh.ru/vacancy/128810566
SMM-менеджер в компанию JUST,JUST RETAIL,NULL,NULL,Ташкент,https://hh.ru/vacancy/128666496
Инженер-проектировщик по РЗиА подстанций и ВЛ 220-500кВ,РПИ УзИнжиниринг,NULL,NULL,Ташкент,https://hh.ru/vacancy/126801601
Копирайтер,Creative people,41.279621,69.252859,Yakkasaray,https://hh.ru/vacancy/128694855
Service Desk Specialist,Леста Игры,41.299757,69.296302,Yashnabad,https://hh.ru/vacancy/128094097
Технолог,Матишева,51.128201,71.430429,Ташкент,https://hh.ru/vacancy/128048789
Monitoring Support Engineer,ACCESA,41.292495,69.263351,Yakkasaray,https://hh.ru/vacancy/128422800
Инженер по микроэлектронике,KIBERNETIKADA INNOVATSIYALAR IT-PARKI,41.30183,69.273655,Mirabad,https://hh.ru/vacancy/128235682
Специалист по охране труда и технике безопасности,A.ST-GROUP,41.350214,69.288549,Yunusabad,https://hh.ru/vacancy/128817602
Начальник отдела маркетинга,Национальный межбанковский процессинговый центр,41.305204,69.335199,Yashnabad,https://hh.ru/vacancy/128710357
Дата аналитик,CENTER FOR DIGITAL TECHNOLOGY AND INNOVATION,41.304648,69.321113,Yashnabad,https://hh.ru/vacancy/127747731
Специалист по поддержке сетевой и серверной архитектуры,DAMIRA BEVERAGES ENTERPRISE,41.298016,69.280554,Mirabad,https://hh.ru/vacancy/128726618
Специалист по компенсациям и льготам,ИП ООО Xalq Retail,41.288335,69.327958,Yashnabad,https://hh.ru/vacancy/128735216
HR менеджер,2GIS,41.326348,69.320215,Mirzo Ulugbek,https://hh.ru/vacancy/128741906
Финансовый аналитик,NURA-HIGH-TECHNOLOGIES,41.36512,69.24365,Almazar,https://hh.ru/vacancy/123022158
Методист образовательных программ,YAKUBOVS SCHOOL,41.364664,69.287714,Yunusabad,https://hh.ru/vacancy/128223397
Администратор процессингового центра,ГЕТ ЭКСПЕРТС РЕКРУТМЕНТ,NULL,NULL,Ташкент,https://hh.ru/vacancy/128621034
Главный специалист сектора дистанционного обучения и методологии,Капиталбанк,41.375769,69.297038,Yunusabad,https://hh.ru/vacancy/127875926
Продуктовый маркетолог,Сontrol Inteligente World,41.31115,69.27974,Yunusabad,https://hh.ru/vacancy/128842900
Бизнес-аналитик (статистическая отчетность),CS FINSOFT,41.336342,69.282458,Yunusabad,https://hh.ru/vacancy/128313012
Главный специалист-строитель ОВЛ,SREDAZENERGOSETPROEKT,NULL,NULL,Ташкент,https://hh.ru/vacancy/128250595
Главный менеджер по продажам спецтехники,ZOOMLION HEAVY INDUSTRY SCIENCE AND TECHNOLOGY,NULL,NULL,Ташкент,https://hh.ru/vacancy/128689894
Маркетолог,HURMA LOMBARD (ООО OLTIN LOMBARD),41.286444,69.221265,Chilanzar,https://hh.ru/vacancy/128120028
ESL Teacher/IELTS Instructor,BRANCH DB (FORWARD SCHOOL),41.316285,69.290615,Mirzo Ulugbek,https://hh.ru/vacancy/128500901
Automation QA Engineer (Ташкент),OCTO,NULL,NULL,Ташкент,https://hh.ru/vacancy/128233400
"Brand Manager – Beverages Franchise Kazakhstan, Kyrgyzstan and Mongolia",PepsiCo,NULL,NULL,Ташкент,https://hh.ru/vacancy/127248323
Qa middle tester,STEM,41.356055,69.204727,Almazar,https://hh.ru/vacancy/128421386
Начальник отдела продаж,Avtocapital,41.318357,69.243472,Shaykhantahur,https://hh.ru/vacancy/128814228
Инженер отдела Информационной безопасности,PAYNET,NULL,NULL,Ташкент,https://hh.ru/vacancy/128750168
Дизайнер-консультант,Eman,41.355399,69.253272,Almazar,https://hh.ru/vacancy/127987869
Brand-менеджер,GLAMOUR COSMETICS,41.361637924559254,69.19021130555726,Almazar,https://hh.ru/vacancy/128833395
Office Business Support Intern,ACWA POWER TECHNICAL AND FINANCIAL SERVICES,41.337283,69.282333,Yunusabad,https://hh.ru/vacancy/127644551
Технолог/Менеджер по качеству (СМК) в компанию мясных полуфабрикатов,IKRAM FOODS,41.255241,69.29013,Sergeli,https://hh.ru/vacancy/127965320
Manager of Legal Department,Toyota Uzbekistan (Summit Motors Central Asia),41.311144,69.279728,Yunusabad,https://hh.ru/vacancy/128608493
Национальный супервайзер,ИП ООО Alyans Distributions,41.299473,69.269837,Mirabad,https://hh.ru/vacancy/124132743
Senior Product Manager in Card Business,Ipotekabank OTP Group,41.31514,69.284309,Mirzo Ulugbek,https://hh.ru/vacancy/126458442
Повар производственного завода,Gamma Color Service,41.41038136674528,69.19996744208537,Ташкент,https://hh.ru/vacancy/128470303
"Юрист ""ZARREZ PS-GROUP""",ZARREZ PS-GROUP,41.3291,69.28293,Yunusabad,https://hh.ru/vacancy/128538665
Главный Специалист по Дизайну Обучения (L&D Architect),Xalq Banki,41.287772,69.217007,Chilanzar,https://hh.ru/vacancy/127696436
Менеджер по управлению торговых представителей в сфере косметики,BOBUR UTKIR XAMKOR,41.311144,69.279728,Yunusabad,https://hh.ru/vacancy/128674702
Senior CRM Data Specialist,Citi Fuel (ООО Staff Atlantic),41.299852,69.271463,Mirabad,https://hh.ru/vacancy/128666283
Начальник отдела ИТ и цифровизации,Компания по рефинансированию ипотеки Узбекистана,41.336342,69.282432,Yunusabad,https://hh.ru/vacancy/128466271
Маркетолог,ASKLEPIY GROUP (phoenix core),41.353131,69.264259,Almazar,https://hh.ru/vacancy/128783139
Руководитель отдел продаж,SOFTWELL,41.254543,69.321895,Yashnabad,https://hh.ru/vacancy/128095635
Фотограф,PODIUM,41.312087975790085,69.27461872497469,Yunusabad,https://hh.ru/vacancy/126592006
Корпоративный юрист,Акционерная Компания Узбектелеком,41.34119,69.336384,Mirzo Ulugbek,https://hh.ru/vacancy/127898529
Кондитер,ПП №1 КАЗАХСТАН,NULL,NULL,Ташкент,https://hh.ru/vacancy/128305368
Менеджер по маркетингу/Мarketing Manager,JW Marriott Tashkent (OOO ALLIANCE HOLDING),41.316244,69.252625,Shaykhantahur,https://hh.ru/vacancy/128834069
Директор отдела продаж,ИП ООО Alyans Distributions,41.299473,69.269837,Mirabad,https://hh.ru/vacancy/125880775
Маркетолог в косметическую компанию,Магазин косметики K-boxes,NULL,NULL,Ташкент,https://hh.ru/vacancy/128791818
Мобилограф/контент-мейкер,DIYORBEK DELUX PLUS,NULL,NULL,Ташкент,https://hh.ru/vacancy/128817109
Менеджер по продажам,VENKON,41.30293410580156,69.31479201053439,Yashnabad,https://hh.ru/vacancy/125013770
Начальник управления системной аналитики (Ташкент),FULL STACK SOLUTION,41.336342,69.282432,Yunusabad,https://hh.ru/vacancy/128582227
Руководитель отдела продаж,BIZNES BOMOND,41.366769,69.286438,Yunusabad,https://hh.ru/vacancy/127919492
Сметчик,ИП ООО CSCEC INTERNATIONAL,41.30563,69.243759,Chilanzar,https://hh.ru/vacancy/128658376
Медицинский представитель (Ташкент),ПРЕДСТАВИТЕЛЬСТВО «GLENMARK PHARMACEUTICALS LTD»,NULL,NULL,Ташкент,https://hh.ru/vacancy/128832616
"Медицинский представитель, Ташкент (аптечная линия)",ПРЕДСТАВИТЕЛЬСТВО «GLENMARK PHARMACEUTICALS LTD»,NULL,NULL,Ташкент,https://hh.ru/vacancy/128832474
Trade Marketing Specialist (Pharma),Antal International Tashkent Xususiy Bandlik Agentligi,41.31114,69.27973,Yunusabad,https://hh.ru/vacancy/128250996
Аналитик данных (Senior),Citi Fuel (ООО Staff Atlantic),NULL,NULL,Ташкент,https://hh.ru/vacancy/128443054
Менеджер по работе с клиентами,BIZKIM,41.351121,69.350218,Mirzo Ulugbek,https://hh.ru/vacancy/127952920
Системный Администратор,KIBERNETIKADA INNOVATSIYALAR IT-PARKI,41.30183,69.273655,Mirabad,https://hh.ru/vacancy/127977299
Бизнес ассистент/Project Coordinator,OSON (АO BRIO GROUP),41.34948371627707,69.31929707688401,Yunusabad,https://hh.ru/vacancy/128295207
Head Of Engineering,BELLISSIMO PIZZA INTERNATIONAL,41.297942,69.249418,Yakkasaray,https://hh.ru/vacancy/128755372
SOC аналитик L1,OFFBOX,41.311124,69.286016,Mirzo Ulugbek,https://hh.ru/vacancy/128737373
Мобилограф / Видео-контент мейкер,BTS Express Cargo Servis,41.261777742004064,69.23177740965512,Yakkasaray,https://hh.ru/vacancy/128830607
Главный конструктор проектов,Murad Buildings,NULL,NULL,Ташкент,https://hh.ru/vacancy/128830569
Менеджер по социальным сетям (SMM manager),Sports Unlimited,41.37604,69.273933,Yunusabad,https://hh.ru/vacancy/128668660
Методист СДО,ИП ООО Xalq Retail,41.28874,69.32794,Yashnabad,https://hh.ru/vacancy/127443017
Руководитель по продажам и развитию в сфере медицины,NEO LAB DIAGNOSTICS,41.339829,69.287103,Yunusabad,https://hh.ru/vacancy/128822810
Технологический лидер продукта ММСБ,HamkorBank,NULL,NULL,Ташкент,https://hh.ru/vacancy/128317415
CPO,SOFTTEAM PRO,NULL,NULL,Ташкент,https://hh.ru/vacancy/128518050
Администратор Корпоративного портала,Капиталбанк,NULL,NULL,Ташкент,https://hh.ru/vacancy/125440447
Lead Pre-Qualifying Specialist,Citi Fuel (ООО Staff Atlantic),NULL,NULL,Ташкент,https://hh.ru/vacancy/128628939
QA Manual Engineer (Middle),CAMBRIDGE GROUP PROJECTS,NULL,NULL,Ташкент,https://hh.ru/vacancy/128692452
Специалист службы технической поддержки,NET TELEVISION,41.292488,69.334363,Yashnabad,https://hh.ru/vacancy/128054546
Data Analyst (CVM),Ipotekabank OTP Group,NULL,NULL,Ташкент,https://hh.ru/vacancy/128698749
Менеджер/туроператор (на прием) со знанием испанского и русского языков,Central Asia Travel,41.2548,69.153604,Ташкент,https://hh.ru/vacancy/128683103
Сетевой инженер Uzum Bank,«UZUM TECHNOLOGIES»,NULL,NULL,Ташкент,https://hh.ru/vacancy/128155309
Senior AI Engineer,WIDER AI,NULL,NULL,Ташкент,https://hh.ru/vacancy/128225756
Senior Product Manager (Fintech),Crowe TAC,41.301711982369525,69.26916156315892,Mirabad,https://hh.ru/vacancy/128812503
Инженер-проектировщик антенно-мачтовых сооружений,TELECOM TOWERS,41.305143,69.325847,Yashnabad,https://hh.ru/vacancy/128062007
Data Engineer (Senior),Xalq Banki,41.287772,69.217007,Chilanzar,https://hh.ru/vacancy/127948808
Главный Инженер по сопровождению 2-й линии,HamkorBank,41.353063,69.23845,Almazar,https://hh.ru/vacancy/128614192
Sales Support Specialist,BYD CENTRAL ASIA OOO,NULL,NULL,Ташкент,https://hh.ru/vacancy/128670929
Ассистент коммерческого директора,ASKLEPIY GROUP (phoenix core),41.3323,69.31882,Mirzo Ulugbek,https://hh.ru/vacancy/128154339
UX/UI-дизайнер,Технологический парк программных продуктов и информационных технологий,41.342293,69.336905,Mirzo Ulugbek,https://hh.ru/vacancy/128084369
Курьер заказов/отправлений до 2-4 кг,ДоставкаПРО,NULL,NULL,Ташкент,https://hh.ru/vacancy/128265186
Chief Anti-Fraud Specialist | POS Products,TBC,NULL,NULL,Ташкент,https://hh.ru/vacancy/128716087
UX Researcher,«UZUM TECHNOLOGIES»,41.295354,69.258653,Yakkasaray,https://hh.ru/vacancy/126462340
Ведущий специалист отдела технического сопровождения процессингового центра (Senior),АИКБ ИПАК ЙУЛИ БАНК,NULL,NULL,Ташкент,https://hh.ru/vacancy/128812758
Инженер по охране труда и технике безопасности (ОТиТБ),ESG-Construction Pro,41.321547,69.286609,Yunusabad,https://hh.ru/vacancy/128775597
Стажер по работе с системой iiko,Enter Co. by OOO SOFTWARE INTEGRATOR,41.270018,69.251215,Yakkasaray,https://hh.ru/vacancy/127966999
Бизнес-аналитик | статистическая отчетность,CS FINSOFT,41.336342,69.282458,Yunusabad,https://hh.ru/vacancy/128315484
Учитель начальных классов для русских классов (Келес),RENESSANS SCHOOL KELES,41.124816,69.417071,Ташкент,https://hh.ru/vacancy/127564421
Инженер - проектировщик,ARCHERA PRO GROUP CO,NULL,NULL,Ташкент,https://hh.ru/vacancy/128825155
Tech Lead AI Platform,ROMANOV MEHANICA GROUP XUSUSIY BANDLIK AGENTLIGI,41.341495,69.3366,Mirzo Ulugbek,https://hh.ru/vacancy/128633162
Tech Lead Cloud IaaS / PaaS,ROMANOV MEHANICA GROUP XUSUSIY BANDLIK AGENTLIGI,41.341495,69.3366,Mirzo Ulugbek,https://hh.ru/vacancy/128631566
Инженер ПТО,Asiya Iron Steel,41.57161,69.939352,Ташкент,https://hh.ru/vacancy/128745631
Креативный менеджер,1FIT-APP,41.301288,69.305833,Yashnabad,https://hh.ru/vacancy/128713897
HR директор,SMART HR,41.311158,69.279737,Yunusabad,https://hh.ru/vacancy/128801626
Дизайнер- Мобилограф,Капиталбанк,NULL,NULL,Ташкент,https://hh.ru/vacancy/125431987
Администратор компьютерного клуба,NURMATOV NURISLOM G‘OLIBJONOVICH,NULL,NULL,Ташкент,https://hh.ru/vacancy/128774998
Главный бизнес-тренер корпоративных программ,Капиталбанк,41.375769,69.297038,Yunusabad,https://hh.ru/vacancy/127622557
CAC (Commercial Air-Conditioning) Junior Sales Manager,LG Electronics Uzbekistan,41.29181,69.284219,Mirabad,https://hh.ru/vacancy/128361931
Трейд-маркетолог,Candy gold,41.359521,69.239528,Almazar,https://hh.ru/vacancy/128488245
ASP.NET Engineer,MAYDON TECH,41.2438,69.25992,Ташкент,https://hh.ru/vacancy/127919947
Системный аналитик (CRM),«UZUM TECHNOLOGIES»,41.295354,69.258653,Yakkasaray,https://hh.ru/vacancy/128003711
Шеф-повар,RUZIYEV SHUXRAT SHOVKAT O‘G‘LI,41.29566961473111,69.17449513195797,Uchtepa,https://hh.ru/vacancy/128800548
Заместитель CTO (Deputy CTO),ASTERIUM,41.294717,69.278811,Mirabad,https://hh.ru/vacancy/126779709
Старший специалист по отгрузкам готовой продукции,International Beverages Tashkent,41.216032,69.249275,Sergeli,https://hh.ru/vacancy/128853161
AI & Data Solutions Architect,ГЕТ ЭКСПЕРТС РЕКРУТМЕНТ,NULL,NULL,Ташкент,https://hh.ru/vacancy/128095625
Специалист по валидации моделей,TBC,NULL,NULL,Ташкент,https://hh.ru/vacancy/128312643
Системный администратор,CENTER FOR DIGITAL TECHNOLOGY AND INNOVATION,41.304648,69.32114,Yashnabad,https://hh.ru/vacancy/127718322
Инженер-конструктор,INNOTEK INVEST,41.330018,69.250254,Shaykhantahur,https://hh.ru/vacancy/128769724
Team coach,Быстро развивающаяся компания,NULL,NULL,Ташкент,https://hh.ru/vacancy/127920464
Product Manager for Credit Products (Micro and Small Enterprises / MSE Lending),Ipotekabank OTP Group,41.315133,69.2843,Mirzo Ulugbek,https://hh.ru/vacancy/127787643
Финансист,Asiya Iron Steel,41.319215957218766,69.31827736504987,Mirzo Ulugbek,https://hh.ru/vacancy/128832547
SMM-менеджер,INNOVATSIYA TEXNOLOGIYALARI MARKAZI,NULL,NULL,Ташкент,https://hh.ru/vacancy/128808111
Учитель математики,НОУ JACK-EC,41.318655,69.277841,Yunusabad,https://hh.ru/vacancy/127931099
Специалист по визуальному контенту и презентациям,PRIME PROPERTY,41.29723,69.281758,Mirabad,https://hh.ru/vacancy/128323448
Продакт-менеджер,Представительство АО Валента фарм в Республике Узбекистан,41.301803,69.269352,Mirabad,https://hh.ru/vacancy/128815534
Senior SMM / Marketing Manager,Oftob Agency,41.292617198810355,69.24315773399233,Yakkasaray,https://hh.ru/vacancy/128636945
DevOps Engineer,Andersen,NULL,NULL,Ташкент,https://hh.ru/vacancy/128165155
Рекрутер,IT BUYUK ZAMON SARI,41.355243,69.333869,Yunusabad,https://hh.ru/vacancy/128224434
Руководитель отдела продаж,IT BUYUK ZAMON SARI,41.355243,69.333869,Yunusabad,https://hh.ru/vacancy/128224265
Бренд-менеджер стратег,XAMDAMOVA SHOIRA QAHRAMANOVNA,41.29886,69.27895,Mirabad,https://hh.ru/vacancy/128784636
Шеф-кондитер/Шеф-пекарь,French Pastry,NULL,NULL,Ташкент,https://hh.ru/vacancy/127404279
Финансовый менеджер,EVOLUTION-MOTORS,41.219112,69.210171,Sergeli,https://hh.ru/vacancy/128826127
Интернет-маркетолог,Bolter,41.295869,69.22882,Chilanzar,https://hh.ru/vacancy/128636424
Инженер-проектировщик,Sigma Toshkent,41.29448,69.263585,Yakkasaray,https://hh.ru/vacancy/128785658
Client Outreach Specialist,BINART IT-SALES,41.336146,69.321652,Mirzo Ulugbek,https://hh.ru/vacancy/128103039
Инженер по качеству,СП REKA-MED FARM,NULL,NULL,Ташкент,https://hh.ru/vacancy/128627374
Оператор call-центра,VENKON,41.30293410580156,69.31479201053439,Yashnabad,https://hh.ru/vacancy/124199961
Диспетчер,VENKON,41.30293410580156,69.31479201053439,Yashnabad,https://hh.ru/vacancy/124199484
SMM-менеджер в Business Woman Club,TADBIRKOR AYOL-BUSINESS WOMAN,NULL,NULL,Ташкент,https://hh.ru/vacancy/128821337
QA Engineer,BTS Express Cargo Servis,NULL,NULL,Ташкент,https://hh.ru/vacancy/128297250
Руководитель отдела продаж FMCG,Дистрибьюторская компания,41.28346,69.3398,Yashnabad,https://hh.ru/vacancy/128733810
Аналитик данных в сеть магазинов THE MART,KITCHEN STORE,NULL,NULL,Ташкент,https://hh.ru/vacancy/128458334
Оператор Сall-центра,IT CALL GAGARIN,41.325353,69.316729,Mirzo Ulugbek,https://hh.ru/vacancy/128071912
Сетевой инженер (part-time),CENTER FOR DIGITAL TECHNOLOGY AND INNOVATION,41.304648,69.32114,Yashnabad,https://hh.ru/vacancy/127809438
AI/ML Engineer,Lincoln Labs,41.30292946083057,69.31479686871675,Yashnabad,https://hh.ru/vacancy/128763178
SMM Manager / СММ менеджер в Косметологию,Wash Inn Technologies,41.286675,69.271661,Mirabad,https://hh.ru/vacancy/127967109
Sotuv menejeri / Менеджер по продажам,GLOBAL MEDICAL CENTER,41.21648,69.22714,Sergeli,https://hh.ru/vacancy/126944016
Project Manager,ART OF BUSINESS ASSISTANCE,41.295991,69.1752,Uchtepa,https://hh.ru/vacancy/128364978
Эксперт (Scoring Data Scientist),COSCOM ТМ Ucell,41.364664,69.287714,Yunusabad,https://hh.ru/vacancy/128570911
Sotuv ishlari bo'yicha manajer,Bekchanov Azamat,41.274355,69.204907,Chilanzar,https://hh.ru/vacancy/128704338
Операционный директор / Коммерческий директор,Asia Cleaning Service,NULL,NULL,Ташкент,https://hh.ru/vacancy/128458209
Проектный менеджер,Texnomart,41.336153,69.321661,Mirzo Ulugbek,https://hh.ru/vacancy/128242873
Менеджер по кадрам,A-AUTOZONE,41.291614,69.286618,Mirabad,https://hh.ru/vacancy/128830686
Финансовый менеджер,ООО «RHENUS INTERMODAL»,41.304648,69.32114,Yashnabad,https://hh.ru/vacancy/127903468
Бизнес,China National Logging Corporation (CNLC),41.284771,69.268058,Mirabad,https://hh.ru/vacancy/128239560
Key Account Manager,FE LLC Huawei Tech Investment Tashkent,41.295272,69.276125,Mirabad,https://hh.ru/vacancy/125508431
Системный администратор,VENKON,41.30293410580156,69.31479201053439,Yashnabad,https://hh.ru/vacancy/124199537
Оператор call-центра,BEST PLAST SERVICE,41.22738,69.167941,Ташкент,https://hh.ru/vacancy/128623659
Мобилограф,Citi Fuel (ООО Staff Atlantic),41.327872,69.250991,Shaykhantahur,https://hh.ru/vacancy/128829188
Менеджер по продажам,RENESSANSSS -TA'LIM MAKTABI,NULL,NULL,Ташкент,https://hh.ru/vacancy/128799723
Технолог,XALQ TRANS CARGO,41.30860847103779,69.28813903983675,Yashnabad,https://hh.ru/vacancy/128799594
Мерчендайзер в компанию Canon,RESURS RECRUITMENT PERSONNEL,NULL,NULL,Ташкент,https://hh.ru/vacancy/128783719
Специалист по риск-менеджменту,Акционерная Компания Узбектелеком,41.34119,69.336384,Mirzo Ulugbek,https://hh.ru/vacancy/127901803
Тестировщик мобильных приложений (в офисе в г. Ташкенте),Kimikosoft,NULL,NULL,Ташкент,https://hh.ru/vacancy/128095340
Ассистент генерального директора,International Foodchain,NULL,NULL,Ташкент,https://hh.ru/vacancy/128775215
Тестировщик-автоматизатор,АО ANOR BANK,41.306674,69.284839,Yashnabad,https://hh.ru/vacancy/128116571
Менеджер по продажам в компанию WESOLVE магазин премиальных компьютеров,Wesolve.uz,41.313914,69.332764,Mirzo Ulugbek,https://hh.ru/vacancy/128437431
SMM-специалист / СММ-менеджер,Kelyanmedia,41.298877,69.304934,Yashnabad,https://hh.ru/vacancy/128813974
Менеджер по продажам,LABEL FLEX,41.244393,69.220843,Sergeli,https://hh.ru/vacancy/128826168
React Native Engineer,MAYDON TECH,41.2438,69.25992,Ташкент,https://hh.ru/vacancy/128013924
AI Manager,TBC,NULL,NULL,Ташкент,https://hh.ru/vacancy/128257910
Sales manager (Crypto/FinTech).,ASTERIUM,41.294717,69.278811,Mirabad,https://hh.ru/vacancy/128163611
Стажер-риэлтор (без поиска клиентов),MEGARIELTOR,41.314153170110046,69.32537612631718,Yashnabad,https://hh.ru/vacancy/128486672
SMM-специалист в бьюти сфере,BLOOMSHOP,41.321547,69.286609,Yunusabad,https://hh.ru/vacancy/128621299
Менеджер по продажам недвижимости на Бали (в Ташкенте),СТУДИЯ САД,41.326802,69.338783,Mirzo Ulugbek,https://hh.ru/vacancy/128070927
Marketing manager,Innovation School,41.27128359245498,69.2018343309273,Chilanzar,https://hh.ru/vacancy/128623751
Коммерческий директор (CCO),ИП ООО Alyans Distributions,41.299473,69.269837,Mirabad,https://hh.ru/vacancy/124672012
Оператор колл-центра,Amedia Online Group,41.190923,69.23006,Yangi hayot,https://hh.ru/vacancy/128784938
Инженер по строительству,СП REKA-MED FARM,NULL,NULL,Ташкент,https://hh.ru/vacancy/128745511
Офис-менеджер (стажер),СП UCD Micros,NULL,NULL,Ташкент,https://hh.ru/vacancy/128739359
Специалист по обучению и развитию,ИП ООО Xalq Retail,41.288924,69.328066,Yashnabad,https://hh.ru/vacancy/128787306
HR manager,Smart Solutions Personnel,41.190923,69.23006,Yangi hayot,https://hh.ru/vacancy/128830125
Методолог по информационной безопасности,AVO.UZ,41.294297,69.282836,Mirabad,https://hh.ru/vacancy/128790227
Manual QA Engineer (Intern),G-CORE TOSHKENT,NULL,NULL,Ташкент,https://hh.ru/vacancy/127984955
Технолог - Начальник производства,AKELA GROUP MACHINERY,41.229543,69.149391,Ташкент,https://hh.ru/vacancy/128754059
СММ-менеджер,1FIT-APP,41.301288,69.305833,Yashnabad,https://hh.ru/vacancy/128775259
Менеджер службы клиентского сервиса (c письменным русским и узбекским языками),1FIT-APP,41.301288,69.305833,Yashnabad,https://hh.ru/vacancy/127281461
Бренд-менеджер (FMCG),NAVRUZ INTERNATIONAL CORP.,41.2902976646138,69.2223437752725,Chilanzar,https://hh.ru/vacancy/127749298
Data Analyst,NAJOT TA’LIM MARKAZI,41.285828,69.203541,Chilanzar,https://hh.ru/vacancy/128358299
IGaming Localization Specialist,Квантум,41.69308,44.80156,Ташкент,https://hh.ru/vacancy/128798145
Финансовый директор (CFO),СП ООО ARTIKUL AZIYA KABEL,41.17767605029529,69.23260573528437,Yangi hayot,https://hh.ru/vacancy/127851302
Контент-менеджер (Маркетплейсы),United IT Company,NULL,NULL,Ташкент,https://hh.ru/vacancy/127037222
Менеджер по подбору персонала(HR),Кондитерская сеть Cake Lab,41.325989,69.305752,Mirzo Ulugbek,https://hh.ru/vacancy/128749989
Financial controlling manager,Ipotekabank OTP Group,41.315133,69.2843,Mirzo Ulugbek,https://hh.ru/vacancy/127885729
Менеджер по привлечению корпоративных клиентов / B2B Sales Hunter,TWISTER JEANS,39.78481,64.442111,Ташкент,https://hh.ru/vacancy/128607098
Помощница/помощник бухгалтера + HR,ЯТТ IT company,41.326707,69.260315,Shaykhantahur,https://hh.ru/vacancy/127976218
Аккаунт-менеджер,BA Synergy,NULL,NULL,Ташкент,https://hh.ru/vacancy/128779106
B2B Apple Team Lead,FC LLC ASBC ENTITY,NULL,NULL,Ташкент,https://hh.ru/vacancy/112848261
SMM-маркетолог В2В,MALVA TOUR,NULL,NULL,Ташкент,https://hh.ru/vacancy/128297569
Начальник департамента,СП REKA-MED FARM,NULL,NULL,Ташкент,https://hh.ru/vacancy/128413185
Оператор видеонаблюдения,Garmoniya Farm,41.353327,69.257611,Almazar,https://hh.ru/vacancy/126447958
Project Manager Middle,Itransition,NULL,NULL,Ташкент,https://hh.ru/vacancy/123484221
"Главный специалист, Центр координации инвестиционной деятельности и проектного управления",АКБ Asia Alliance Bank,41.306233,69.304036,Yashnabad,https://hh.ru/vacancy/128459820
Менеджер по регистрации лекарственных средств,ИП ООО Advance Pharmaceutical Business,41.270905,69.264645,Yakkasaray,https://hh.ru/vacancy/127870734
Sales Project Manager (Octane),Крупная быстро развивающиеся компания,NULL,NULL,Ташкент,https://hh.ru/vacancy/126479896
"Senior Video Editor with Motion Design Skills (в проект ""Cube Media Production"")",Citi Fuel (ООО Staff Atlantic),41.311158,69.279737,Yunusabad,https://hh.ru/vacancy/128279864
Кабельщик-спайщик,СП ООО IST TELEKOM,41.30402504952918,69.32123101719532,Yashnabad,https://hh.ru/vacancy/128437889
СММ специалист,Ibrokhimova Firuza,41.26873,69.212848,Chilanzar,https://hh.ru/vacancy/128722851
Datacom Solution Expert,FE LLC Huawei Tech Investment Tashkent,41.295272,69.276125,Mirabad,https://hh.ru/vacancy/125530547
Проектный менеджер,ISHONCH KREDIT SAVDO,NULL,NULL,Ташкент,https://hh.ru/vacancy/128428596
Операционный / Исполнительный директор (COO / Executive Director),KOSMIK MONITORING VA GEOAXBOROT TEXNOLOGIYALARI MARKAZI,NULL,NULL,Ташкент,https://hh.ru/vacancy/128034512
Менеджер по оптовым продажам,YUSUPOV DILSHOD LUTFULLAYEVICH,41.360752,69.258986,Almazar,https://hh.ru/vacancy/128153235
Менеджер по работе с дизайнерами,ERGO,41.30834,69.269253,Mirabad,https://hh.ru/vacancy/128779624
Корпоративный юрист / Юрисконсульт,Open («FUTURE OPEN TECHNOLOGY GROUP»),NULL,NULL,Ташкент,https://hh.ru/vacancy/128624830
КОНСТРУКТОР ПВХ-ПРОФИЛЕЙ,AKFA BUILDING MATERIALS,NULL,NULL,Ташкент,https://hh.ru/vacancy/128749988
SMM / Контент-менеджер,FIND WORK NEW SERVICE,41.301722,69.275515,Mirabad,https://hh.ru/vacancy/127923766
Маркетолог,BEST ALBINO,41.251472,69.153892,Ташкент,https://hh.ru/vacancy/128786690
Врач-офтальмолог,ANCOR Uzbekistan,41.328251,69.339025,Mirzo Ulugbek,https://hh.ru/vacancy/128813889
Менеджер по гарантии (Warranty Manager),FC LLC ASBC ENTITY,41.333025,69.298179,Yunusabad,https://hh.ru/vacancy/123931861
Менеджер по кадровому делопроизводству,Englify,41.321276478829404,69.2477941349172,Shaykhantahur,https://hh.ru/vacancy/128332291
Associate/Senior Associate/Managing Associate - Projects & Infrastructure/ Corporate / M&A,KINSTELLAR,NULL,NULL,Ташкент,https://hh.ru/vacancy/123430408
Data Analyst,Ipotekabank OTP Group,41.278421,69.305644,Mirabad,https://hh.ru/vacancy/128412387
Key Account Manager (Apple ASBIS),FC LLC ASBC ENTITY,41.26551,69.23686,Yakkasaray,https://hh.ru/vacancy/127097463
Старший специалист по планированию производство,International Beverages Tashkent,41.216032,69.249275,Sergeli,https://hh.ru/vacancy/128852737
Data Engineer,PAYNET,NULL,NULL,Ташкент,https://hh.ru/vacancy/128785243
Супервайзер торговых представителей в Ташкент,Gloriya Distribution,NULL,NULL,Ташкент,https://hh.ru/vacancy/128695682
Process Operator / Технолог,YAPP UBK AUTO SYSTEM,41.295944816980835,69.32578740221979,Yashnabad,https://hh.ru/vacancy/128675574
Маркетолог (Growth & Performance Marketing),INTOP PLANET,41.289724,69.264564,Yakkasaray,https://hh.ru/vacancy/128478178
Intern/Staff in Strategy and Execution,EY Uzbekistan,41.320707,69.300191,Mirzo Ulugbek,https://hh.ru/vacancy/128478583
Social Media Growth Specialist,Технологический парк программных продуктов и информационных технологий,41.342293,69.336905,Mirzo Ulugbek,https://hh.ru/vacancy/128075855
SMM mutaxassisi,YATT ZIYOYEV XASANBOY XAITBOYEVICH,41.32067172794315,69.2345620304714,Shaykhantahur,https://hh.ru/vacancy/128316143
Audit Supervisor (Banking),ООО «KPMG AUDIT»,41.337283,69.282333,Yunusabad,https://hh.ru/vacancy/128045147
Менеджер по продажам,THE NEW CITY GROUP,41.299141,69.348961,Yashnabad,https://hh.ru/vacancy/128652966
Технический писатель (Senior level),FULL STACK SOLUTION,41.336342,69.282432,Yunusabad,https://hh.ru/vacancy/128583810
"Product Manager, Car Loans",TBC,NULL,NULL,Ташкент,https://hh.ru/vacancy/128400262
Главный специалист Отдела управления бизнес-процессами (Департмент рисков),Капиталбанк,NULL,NULL,Ташкент,https://hh.ru/vacancy/126730524
Оператор контактного центра,«UZUM TECHNOLOGIES»,41.314537,69.236564,Shaykhantahur,https://hh.ru/vacancy/126462820
Chef de Cuisine,BELDERSOY RESORT,41.57161,69.93935,Ташкент,https://hh.ru/vacancy/128430857
Главный энергетик,NAVRUZ INTERNATIONAL CORP.,41.3865550940639,69.3641574721513,Ташкент,https://hh.ru/vacancy/128612084
QA тестировщик,Представительство ITF LLC в РУз,41.320341,69.299544,Mirzo Ulugbek,https://hh.ru/vacancy/128053092
Графический дизайнер / Моушен-Дизайнер,MARKETING HOUSE INVESTMENT,41.311056,69.319739,Yashnabad,https://hh.ru/vacancy/128755744
Руководитель справочно-образовательного электронного продукта для финансовых директоров,ACTION-MCFR MEDIAGURUHI,41.296320702079164,69.28774697480581,Mirabad,https://hh.ru/vacancy/128829270
Главный механик,«UZUM TECHNOLOGIES»,41.239986,69.31178,Ташкент,https://hh.ru/vacancy/128713950
Начальник отдела продуктовой аналитики,Капиталбанк,NULL,NULL,Ташкент,https://hh.ru/vacancy/127254628
"Content Creator (Live-контент, Reels, видеомонтаж) — INGLOT",ИП ООО DIVI GROUP,41.316244,69.252625,Shaykhantahur,https://hh.ru/vacancy/128327011
PR-менеджер,ONESEC,NULL,NULL,Ташкент,https://hh.ru/vacancy/123908327
Менеджер по трейд маркетингу,United Distribution,41.2660847258353,69.2252800529164,Yakkasaray,https://hh.ru/vacancy/127817306
Администратор/Вахтёр в Хостел,STARS INTERNATIONAL UNIVERSITY,41.332341,69.33174,Mirzo Ulugbek,https://hh.ru/vacancy/128730800
"Сhief Product Officer/Team Lead по Core B2C, B2X продуктам",ТТ мобайл (МегаФон Таджикистан),38.57113,68.765325,Ташкент,https://hh.ru/vacancy/128710126
Chief Manager for Asian Market Division,Технологический парк программных продуктов и информационных технологий,41.342293,69.336905,Mirzo Ulugbek,https://hh.ru/vacancy/127943593
Supply planning specialist,"ИП ООО «Coca-Cola Ichimligi Uzbekiston, Ltd»",NULL,NULL,Ташкент,https://hh.ru/vacancy/128569964
Senior Product Designer,FULL STACK SOLUTION,41.337283,69.282333,Yunusabad,https://hh.ru/vacancy/128245203
Сценарист-копирайтер,IMAN CAPITAL LTD,41.29845,69.27458,Mirabad,https://hh.ru/vacancy/128822203
UX/UI Дизайнер,ЧП TURON MEDIA,NULL,NULL,Ташкент,https://hh.ru/vacancy/128570192
Sotuv ishlari bo‘yicha direktor / Директор по продажам,GLOBAL MEDICAL CENTER,41.21648,69.22714,Sergeli,https://hh.ru/vacancy/126945802
"Менеджер по маркетингу (B2B/B2G, облачные и AI-продукты)",ROMANOV MEHANICA GROUP XUSUSIY BANDLIK AGENTLIGI,41.341495,69.3366,Mirzo Ulugbek,https://hh.ru/vacancy/128658491
Рекрутер (Пскент),SERVOLUX CA,40.83385,69.482163,Ташкент,https://hh.ru/vacancy/127927431
Начальник отдела/главный специалист отдела рыночных рисков и риска ликвидности (APEX BANK),APEX BANK,NULL,NULL,Ташкент,https://hh.ru/vacancy/128553869
Country Director,Antal International Tashkent Xususiy Bandlik Agentligi,NULL,NULL,Ташкент,https://hh.ru/vacancy/128095262
Менеджер по продажам B2B,ADTECH MEDIA,41.319996,69.300892,Mirzo Ulugbek,https://hh.ru/vacancy/127888453
Senior UX Designer,GROUP-IB TSHK,NULL,NULL,Ташкент,https://hh.ru/vacancy/128381925
Product Manager (EdTech / HR Tech),ATOXODJAYEV BAXTIYORXODJA INOMOVICH,41.329531,69.263073,Shaykhantahur,https://hh.ru/vacancy/128313668
Moliya ishlari bo‘yicha direktor / Директор по финансовой части,GLOBAL MEDICAL CENTER,41.21648,69.22714,Sergeli,https://hh.ru/vacancy/128675451
Помощник Бухгалтера,ERGO,41.30834,69.269253,Mirabad,https://hh.ru/vacancy/128782199
Менеджер по продажам услуг,Nano Telecom,41.302108,69.30612,Yashnabad,https://hh.ru/vacancy/128434976
Office Administrator (административный специалист),Xiaomi,41.29723,69.281758,Mirabad,https://hh.ru/vacancy/128251301
Менеджер по работе с Агентствами недвижимости,NEDVIGO,41.301715,69.288531,Mirabad,https://hh.ru/vacancy/128735841
Креативный директор/Руководитель дизайнерского отдела (детский текстиль),Vesbini,41.19914090263979,69.15751699601627,Ташкент,https://hh.ru/vacancy/128060658
Collection Analyst,TBC,NULL,NULL,Ташкент,https://hh.ru/vacancy/128410585
Менеджер по PR,ГЕРОФАРМ,41.31114,69.27973,Yunusabad,https://hh.ru/vacancy/128829067
Data Analyst DWH,UCMG,NULL,NULL,Ташкент,https://hh.ru/vacancy/128559574
Project Manager,Zeppelin Central Asia Machinery,41.23507,69.247361,Ташкент,https://hh.ru/vacancy/128472569
Конструктор,MERIDIAN GLOBAL TRADING,41.2608655898891,69.37274190103301,Bektemir,https://hh.ru/vacancy/128045473
Инженер по ТБ и ОТ/Начальник отдела ТБ и ОТ,ELEKTRQISHLOQQURILISH,41.339274,69.358007,Mirzo Ulugbek,https://hh.ru/vacancy/128770789
Оператор Сall-центра,IT CALL NAMANGAN,41.325353,69.316729,Mirzo Ulugbek,https://hh.ru/vacancy/127937811
Project manager M&A,UNITEL LLC,41.341379,69.335396,Mirzo Ulugbek,https://hh.ru/vacancy/128512154
Руководитель направления по работе с банкоматами,«UZUM TECHNOLOGIES»,NULL,NULL,Ташкент,https://hh.ru/vacancy/127556404
Senior системный аналитик,АО Асакабанк,41.31528,69.24649,Shaykhantahur,https://hh.ru/vacancy/128692618
Супервайзер по складам,International Beverages Tashkent,41.216032,69.249275,Sergeli,https://hh.ru/vacancy/128814501
Инженер по нагрузочному тестированию,OCTO,41.288809,69.251431,Yakkasaray,https://hh.ru/vacancy/126389801
"SMM-специалист / Контент-мейкер (фото, видео, реклама, Brand Face)",LABIRINT HAMKOR,41.25097530271055,69.42865226256458,Yangi Tashkent,https://hh.ru/vacancy/128052180
Офис-менеджер,IFT Innovation,41.325255564563776,69.3037512463841,Mirzo Ulugbek,https://hh.ru/vacancy/128651964
Менеджер по продукту,ASKLEPIY GROUP (phoenix core),41.358045,69.26442,Almazar,https://hh.ru/vacancy/128409649
Графический дизайнер / Motion Designer,Creative people,41.279621,69.252859,Yakkasaray,https://hh.ru/vacancy/128587069
Head of PR Department,ГЕТ ЭКСПЕРТС РЕКРУТМЕНТ,NULL,NULL,Ташкент,https://hh.ru/vacancy/127306262
Преподаватель английского языка по IELTS,EMU UNIVERSITY,NULL,NULL,Ташкент,https://hh.ru/vacancy/128807195
SMM-менеджер,Bravis Alliance,41.320091,69.288091,Yunusabad,https://hh.ru/vacancy/128780498
"Региональный менеджер отдела продаж (Юго-Запад, направление FMCG)",SBM Central group,NULL,NULL,Ташкент,https://hh.ru/vacancy/127553462
Руководитель отдела продаж (РОП) в Учебный Центр,Digital Camp,41.331379,69.249589,Almazar,https://hh.ru/vacancy/128306644
Начальник управления по информационной и кибербезопасности,YANGI BANK,41.33446,69.284165,Yunusabad,https://hh.ru/vacancy/128824037
Миксолог,BELDERSOY RESORT,41.57161,69.93935,Ташкент,https://hh.ru/vacancy/126668584
Администратор компьютерного клуба,XUSNITDINOV NURISLOM FAROXITDIN O‘G‘LI,41.2121587,69.2048063,Yangi hayot,https://hh.ru/vacancy/128659413
Специалист по управлению проектами интеграции AI,Ахангаранцемент,41.318879,69.245969,Shaykhantahur,https://hh.ru/vacancy/128424804
Маркетолог (международный фаст-фуд),ONEFOOD,41.303788,69.321508,Yashnabad,https://hh.ru/vacancy/128055264
Консультант - аналитик 1 С: Бухгалтерия,SOFTTEAM PRO,41.34489889442665,69.32919656574119,Mirzo Ulugbek,https://hh.ru/vacancy/128426274
Системный администратор,International Monitoring Group,41.33211,69.32439,Mirzo Ulugbek,https://hh.ru/vacancy/128160441
СММ специалист,СOMPASS MANAGEMENT,NULL,NULL,Ташкент,https://hh.ru/vacancy/128756803
Ведущий инженер группы информационного обеспечения,COSCOM ТМ Ucell,41.364664,69.287714,Yunusabad,https://hh.ru/vacancy/128060531
Менеджер по продажам в Учебный Центр,King's Academy,41.319604455375206,69.28088117225583,Yunusabad,https://hh.ru/vacancy/128152749
Инженер дорог и мостов,ANNEXURE,41.32622,69.32692,Mirzo Ulugbek,https://hh.ru/vacancy/127954130
Junior ASO Manager,ZiMAD,26.019559,-80.167264,Ташкент,https://hh.ru/vacancy/127982288
Marketing Communications Manager (Uzbekistan),Aviasales.ru,NULL,NULL,Ташкент,https://hh.ru/vacancy/128145595
Юрист,СП ООО Nazarov Rakhimbayev Group,NULL,NULL,Ташкент,https://hh.ru/vacancy/126408458
Project Manager for Construction site,ECM DIGITALTECH,NULL,NULL,Ташкент,https://hh.ru/vacancy/128780106
Data Scientist (Risk-Based Pricing),Citi Fuel (ООО Staff Atlantic),NULL,NULL,Ташкент,https://hh.ru/vacancy/125260098
Повар в Отель Mercure!,СП ООО THE GLOBUS HOTEL,41.280949,69.278686,Mirabad,https://hh.ru/vacancy/128507412
Менеджер/туроператор (на прием) со знанием французского и русского языков,Central Asia Travel,41.2548,69.153604,Ташкент,https://hh.ru/vacancy/108200536
Заместитель коммерческого директора,IPLUS,41.297596,69.272999,Mirabad,https://hh.ru/vacancy/128458335
Marketing Manager,BERDIYEVA GULSHAN VAXOB QIZI,41.311144,69.279728,Yunusabad,https://hh.ru/vacancy/127883115
Руководитель отдела маркетинга и рекламы,Bek Corp,40.63317,68.72478,Ташкент,https://hh.ru/vacancy/126898375
Главный бухгалтер,OLAN HIGH TECH PROJECT,41.351496566499186,69.26128581000712,Almazar,https://hh.ru/vacancy/128584904
BTL-менеджер,THE RDB-GROUP,41.359656,69.332279,Yunusabad,https://hh.ru/vacancy/128779539
Специалист по маркетингу,TRIANON ENERGY,41.32022,69.28174,Yunusabad,https://hh.ru/vacancy/128627327
Delivery manager,АО ANOR BANK,41.306674,69.284839,Yashnabad,https://hh.ru/vacancy/128296034
Data Science Lead,TBC,NULL,NULL,Ташкент,https://hh.ru/vacancy/128106741
Менеджер по проектам,MAXTERA EXCLUSIVE,41.32605,69.274715,Yunusabad,https://hh.ru/vacancy/128461431
Генеральный менеджер | Руководитель продаж и развития бренда,ИП ООО DIVI GROUP,41.316244,69.252625,Shaykhantahur,https://hh.ru/vacancy/128672104
Преподаватель по международному бухгалтерскому учёту (МСФО),Contab,41.309505,69.287184,Mirzo Ulugbek,https://hh.ru/vacancy/128179097
Трейд-маркетолог,PAYNET,41.279986,69.25179,Yakkasaray,https://hh.ru/vacancy/126078336
Руководитель отдела продаж (РОП),Hilton Trade,NULL,NULL,Ташкент,https://hh.ru/vacancy/128788812
HR Menejeri — VivaMed Klinikasi / HR-менеджер — клиника VivaMed,VIVAMED CENTER,41.23941,69.21089,Sergeli,https://hh.ru/vacancy/128321510
"Fullstack QA Engineer - офис, Tashkent",CENTER FOR DIGITAL TECHNOLOGY AND INNOVATION,NULL,NULL,Ташкент,https://hh.ru/vacancy/126830197
Системный администратор,ORIENTAL UNIVERSITY,41.366708,69.232368,Almazar,https://hh.ru/vacancy/128671470
Treasury Manager,UNITED ENERGY CA,41.328183,69.283833,Yunusabad,https://hh.ru/vacancy/128367541
Инженер - проектировщик электрических станций и подстанций,SREDAZENERGOSETPROEKT,NULL,NULL,Ташкент,https://hh.ru/vacancy/128246532
Проектный менеджер,KOSMIK MONITORING VA GEOAXBOROT TEXNOLOGIYALARI MARKAZI,NULL,NULL,Ташкент,https://hh.ru/vacancy/128785341
Лизинговый / Менеджер по развитию,ИП ООО LPP CA,41.301342,69.288486,Mirabad,https://hh.ru/vacancy/128652795
"Конструктор ""Базис-Мебельщик""",ETERNAL BUSINESS PROGRESS,41.36553,69.345502,Ташкент,https://hh.ru/vacancy/128787486
Специалист технической поддержки,APEX BANK,NULL,NULL,Ташкент,https://hh.ru/vacancy/127997211
Диспетчер-логист (в Американскую компанию),BINART IT-SALES,41.336146,69.321652,Mirzo Ulugbek,https://hh.ru/vacancy/127846412
Бизнес аналитик 1С,IPROSPECT,41.355081,69.284489,Yunusabad,https://hh.ru/vacancy/128477143
Системный аналитик DWH,AVO.UZ,41.294297,69.282836,Mirabad,https://hh.ru/vacancy/128308332
Customer support,DATA DRIVE,41.330418,69.284713,Yunusabad,https://hh.ru/vacancy/128584718
English Language Teacher (Native Speaker / Expat),PROFI UNIVERSITY,41.292562,69.285692,Mirabad,https://hh.ru/vacancy/128462528
IFRS specialist,BDO AUDIT,41.337283,69.282333,Yunusabad,https://hh.ru/vacancy/128368373
Менеджер по развитию франшизы,«UZUM TECHNOLOGIES»,41.278482,69.271562,Yakkasaray,https://hh.ru/vacancy/128053175
Главный инженер проекта,ПУ MIMAR GROUP FZC,NULL,NULL,Ташкент,https://hh.ru/vacancy/128791068
Стажер на позицию Руководитель отдела продаж,AIVA Group,41.30304489695765,69.2673000085976,Mirabad,https://hh.ru/vacancy/128486366
Product manager Hayot Bank (Мобильное приложение),PROHR,NULL,NULL,Ташкент,https://hh.ru/vacancy/128669894
Traning Manager,Financial Chain Corporation,41.32055623706,69.28357925871221,Yunusabad,https://hh.ru/vacancy/127861351
HR менеджер,ОсОО «Эксперт Групп»,NULL,NULL,Ташкент,https://hh.ru/vacancy/128781455
Маркетолог в агентство недвижимости Megarieltor,MEGARIELTOR,41.314153170110046,69.32537612631718,Yashnabad,https://hh.ru/vacancy/128035819
Менеджер по продажам B2B,BIZNES BOMOND,41.366769,69.286438,Yunusabad,https://hh.ru/vacancy/128086617
B2B Account Manager Huawei,FE LLC Huawei Tech Investment Tashkent,41.295272,69.276125,Mirabad,https://hh.ru/vacancy/128044799
Инженер ПТО на участок электромонтажных работ (Филиал в Народной Республике Бангладеш),Roin World S.L.,55.712472,37.654394,Ташкент,https://hh.ru/vacancy/128478267
Продавец-консультант в шоурум верхней одежды,Олейник Артём Сергеевич,NULL,NULL,Ташкент,https://hh.ru/vacancy/128519807
Начальник производственного отдела,UZTRANSFORMATOR,41.222388,69.312498,Bektemir,https://hh.ru/vacancy/127967033
Pre-Kindergarten Teacher,НОУ Canadian International School of Tashkent,41.29921,69.29244,Yashnabad,https://hh.ru/vacancy/128128146
Проектный менеджер по строительству бройлерного комплекса,ИП ООО YASHIL FERMA,41.321547,69.286609,Yunusabad,https://hh.ru/vacancy/128465066
Маркетолог,Топ Кадр,41.355588,69.35012,Ташкент,https://hh.ru/vacancy/128821669
Заместитель директора в частной школе,YAKUBOVS SCHOOL,41.364664,69.287714,Yunusabad,https://hh.ru/vacancy/128259560
Руководитель отдела продаж,Melagrana Productions,41.193271,69.212857,Yangi hayot,https://hh.ru/vacancy/128239222
Системный аналитик,АИКБ ИПАК ЙУЛИ БАНК,NULL,NULL,Ташкент,https://hh.ru/vacancy/121672428
Начальник отдела контроля качества на пищевом производстве,MARWIN BRANDS,41.250868,69.394227,Yangi Tashkent,https://hh.ru/vacancy/128152652
Главный специалист внутреннего аудита,InFinBank,41.306531,69.275586,Mirabad,https://hh.ru/vacancy/128732514
Стажер в отдел мотивации персонала,Капиталбанк,41.310148,69.27476,Mirabad,https://hh.ru/vacancy/128244576
Product Manager (Washing machines),Хайер Мидл Эйжа,NULL,NULL,Ташкент,https://hh.ru/vacancy/127256360
Инженер-проектировщик ВК,DIZAYN FABRIKASI,NULL,NULL,Ташкент,https://hh.ru/vacancy/128791226
Графический дизайнер,YO‘LDOSHEV JALOLIDDIN XUSNIDDIN O‘G‘LI,41.312864,69.287471,Mirzo Ulugbek,https://hh.ru/vacancy/128021418
Sales Manager,BELDERSOY RESORT,41.30983,69.268741,Mirabad,https://hh.ru/vacancy/128465817
Procurement Specialist,Antal International Tashkent Xususiy Bandlik Agentligi,NULL,NULL,Ташкент,https://hh.ru/vacancy/128758050
Sotuv menejer,I TECH IT GROUP,41.31988981461531,69.2806922258598,Yunusabad,https://hh.ru/vacancy/127904884
Менеджер проектов ИБ (Middle),HamkorBank,NULL,NULL,Ташкент,https://hh.ru/vacancy/128325322
SMM-специалист в EdTech-стартап Osnova,OSNOVA,NULL,NULL,Ташкент,https://hh.ru/vacancy/128718801
Специалист команды мониторинга и управления инцидентами,АИКБ ИПАК ЙУЛИ БАНК,NULL,NULL,Ташкент,https://hh.ru/vacancy/128692815
Юрист,AKELA GROUP MACHINERY,41.229543,69.149391,Ташкент,https://hh.ru/vacancy/128628532
Конструктор,ABLAYEVA ALINA NAILEVNA,NULL,NULL,Ташкент,https://hh.ru/vacancy/128386908
SMM-менеджер,Young Business Club,41.32863,69.340903,Mirzo Ulugbek,https://hh.ru/vacancy/128787311
Мастер строительного участка,СП ООО Nazarov Rakhimbayev Group,NULL,NULL,Ташкент,https://hh.ru/vacancy/124455474
Инженер по охране труда и технике безопасности,Korzinka (Anglesey food),41.300272,69.214294,Chilanzar,https://hh.ru/vacancy/128750406
Оператор call-центра,Kundalik,41.328434,69.279934,Yunusabad,https://hh.ru/vacancy/126649689
Sales Travel Agent - Night Shift,DYNINNO TAS INTERNATIONAL,41.324702071633574,69.29756217766445,Mirzo Ulugbek,https://hh.ru/vacancy/128577665
Аудитор-Консультант по ИБ,OFFBOX,41.311124,69.286016,Mirzo Ulugbek,https://hh.ru/vacancy/128773685
Системный администратор,Bolter,41.295869,69.22882,Chilanzar,https://hh.ru/vacancy/128652427
"Начальник ""Отдела промышленного сотрудничества""",New Uzbekistan University,41.316115,69.295664,Mirzo Ulugbek,https://hh.ru/vacancy/128270428
Data Scientist,UCMG,NULL,NULL,Ташкент,https://hh.ru/vacancy/128559658
Проектный менеджер,Национальный межбанковский процессинговый центр,41.305204,69.335199,Yashnabad,https://hh.ru/vacancy/128689429
BI-аналитик,Simple Networking Solutions,41.321974,69.249913,Shaykhantahur,https://hh.ru/vacancy/128694761
Мобилограф,SPACE MARKETING,41.31684,69.241271,Shaykhantahur,https://hh.ru/vacancy/128711396
PR Manager,BYD CENTRAL ASIA OOO,NULL,NULL,Ташкент,https://hh.ru/vacancy/127345917
Talent Acquisition & Onboarding Supervisor (Contractor),ACWA POWER TECHNICAL AND FINANCIAL SERVICES,41.337283,69.282333,Yunusabad,https://hh.ru/vacancy/128262030
Маркетолог,BEERBASHA,41.297709598271815,69.24182291281511,Chilanzar,https://hh.ru/vacancy/128781527
Chief Accountant (Outsource),HYBRID CONSULT,41.332388,69.33033,Mirzo Ulugbek,https://hh.ru/vacancy/128621274
Коммерческий директор (CCO),International Digital University,NULL,NULL,Ташкент,https://hh.ru/vacancy/128745614
History & Global Politics Teacher (IBDP Curriculum),НОУ Smart School,41.301837,69.281048,Mirabad,https://hh.ru/vacancy/128049907
Менеджер по персоналу,BITO,41.264792,69.200011,Chilanzar,https://hh.ru/vacancy/128540879
Руководитель колл центра,Veolia Energy Tashkent,41.313,69.240579,Shaykhantahur,https://hh.ru/vacancy/128487857
HR-аналитик/рекрутер,AFROSIYOB PARRANDA,41.31259,69.28314,Mirzo Ulugbek,https://hh.ru/vacancy/128663852
Женский фитнес тренер,ЧП TOGETHER UNITED,41.28389,69.267115,Mirabad,https://hh.ru/vacancy/127881616
Solution Архитектор,Национальный межбанковский процессинговый центр,NULL,NULL,Ташкент,https://hh.ru/vacancy/128587731
Middle Data Fabric Engineer,Itransition,NULL,NULL,Ташкент,https://hh.ru/vacancy/128008321
Менеджер по работе с ключевыми клиентами,PROFIT EXPERT,NULL,NULL,Ташкент,https://hh.ru/vacancy/128262130
Security Awareness Manager​,Ipotekabank OTP Group,41.31514,69.284309,Mirzo Ulugbek,https://hh.ru/vacancy/127855495
Менеджер по оптовым продажам,CYBERONE,41.283883,69.298772,Mirabad,https://hh.ru/vacancy/128607233
SMM-менеджер,XAMDAMOVA SHOIRA QAHRAMANOVNA,41.29886,69.27895,Mirabad,https://hh.ru/vacancy/128790240
Контент-ассистент (СММ),DIGITAL MASTERS ACADEMY,41.264731,69.230186,Yakkasaray,https://hh.ru/vacancy/128436496
Sales Manager (B2B),Kärcher,NULL,NULL,Ташкент,https://hh.ru/vacancy/128052732
Администратор приложений,«UZUM TECHNOLOGIES»,41.29815,69.27392,Mirabad,https://hh.ru/vacancy/127938555
QA manual,CENTER FOR DIGITAL TECHNOLOGY AND INNOVATION,41.304648,69.32114,Yashnabad,https://hh.ru/vacancy/127971693
HR Manager (Менеджер по персоналу),KAZAKHSTAN MANAGEMENT HOTEL COMPANY (КАЗАХСТАН МЕНЕДЖМЕНТ ОТЕЛЬ КОМПАНИ),NULL,NULL,Ташкент,https://hh.ru/vacancy/128626551
Compliance officer,Alif Uzbekistan,NULL,NULL,Ташкент,https://hh.ru/vacancy/128772586
Специалист службы безопасности,Bek Corp,40.63301734064066,68.72490473673543,Ташкент,https://hh.ru/vacancy/128749746
Менеджер по развитию бизнеса Cisco,MUK Computers,41.330418,69.284713,Yunusabad,https://hh.ru/vacancy/128672782
Аналитик данных (взыскание задолженности),AVO.UZ,41.294297,69.282836,Mirabad,https://hh.ru/vacancy/128622775
Специалист по информационной безопасности,FULL STACK SOLUTION,41.336342,69.282432,Yunusabad,https://hh.ru/vacancy/127046824
Методолог (Бизнес Тренер),АИКБ ИПАК ЙУЛИ БАНК,NULL,NULL,Ташкент,https://hh.ru/vacancy/128747885
Преподаватель робототехники для детей (учебный центр),Digital Camp,41.365984,69.289995,Yunusabad,https://hh.ru/vacancy/128606085
Финансовый менеджер,DIGITAL EDGE CONSULT,41.29084846560589,69.25054676452486,Yakkasaray,https://hh.ru/vacancy/127854657
Financial Controller (FP&A),GROUP-IB TSHK,41.321757,69.284336,Yunusabad,https://hh.ru/vacancy/128278385
Digital-маркетолог,СП ООО Nazarov Rakhimbayev Group,NULL,NULL,Ташкент,https://hh.ru/vacancy/127084248
Бизнес-аналитик,ALPHACON,41.335835,69.327662,Mirzo Ulugbek,https://hh.ru/vacancy/127373406
SMM-менеджер,YATT KUCHERYUK ARSENIY PAVLOVICH,NULL,NULL,Ташкент,https://hh.ru/vacancy/128782690
Технолог (сварочное производство),ИнКрафт,55.010591,82.948807,Ташкент,https://hh.ru/vacancy/128160252
Deputy Sales Director,BYD CENTRAL ASIA OOO,NULL,NULL,Ташкент,https://hh.ru/vacancy/127834905
HR менеджер,VISTA CONSULT,41.33331598628347,69.26355679360809,Shaykhantahur,https://hh.ru/vacancy/128748934
ВАКАНСИЯ: Оператор систем видеонаблюдения и СКУД,ЧП TURON MEDIA,41.329179,69.260917,Shaykhantahur,https://hh.ru/vacancy/128748923
Главный специалист отдела новых технологий,ИП OOO SANOAT ENERGETIKA GURUHI,41.252834,69.188971,Chilanzar,https://hh.ru/vacancy/128243021
Ведущий специалист в Управление кредитных рисков (Корпоративное кредитование),Капиталбанк,NULL,NULL,Ташкент,https://hh.ru/vacancy/125640330
Проектировщик - конструктор на предприятие по производству холодильных установок,STEEL TIME BIZNES,NULL,NULL,Ташкент,https://hh.ru/vacancy/128034147
Key Account Manager (KAM),VISAGE ELECTRIC,NULL,NULL,Ташкент,https://hh.ru/vacancy/128489692
Бренд - менеджер,СП ООО Nazarov Rakhimbayev Group,NULL,NULL,Ташкент,https://hh.ru/vacancy/127053917
Intern \ Junior consultant for banks and financial institutions consultancy,EY Uzbekistan,41.320707,69.300191,Mirzo Ulugbek,https://hh.ru/vacancy/128035544
Супервайзер по промо-активностям (Дегустация),THE RDB-GROUP,41.359656,69.332279,Yunusabad,https://hh.ru/vacancy/128780705
Менеджер/туроператор (на прием) со знанием английского и русского языков,Central Asia Travel,41.2548,69.153604,Ташкент,https://hh.ru/vacancy/122248145
Sales Coach / Тренер по продажам в 35 Health Clubs,Wash Inn Technologies,NULL,NULL,Ташкент,https://hh.ru/vacancy/127967089
L2 SOC Инженер (Старший специалист по мониторингу и реагированию на инциденты безопасности),ASTERIUM,41.294717,69.278811,Mirabad,https://hh.ru/vacancy/128711030
Менеджер по продажам ивентов/мероприятий,IT TA`LIM UYUSHMASI,41.342293,69.336905,Mirzo Ulugbek,https://hh.ru/vacancy/127854918
Technical Consultant,GROUP-IB TSHK,NULL,NULL,Ташкент,https://hh.ru/vacancy/123926932
Trade marketolog,KOPUM TRADE,41.295035,69.274014,Mirabad,https://hh.ru/vacancy/127494747
Операционный директор (COO),Chilon Lubricants,41.22863778155117,69.32579677004733,Bektemir,https://hh.ru/vacancy/128270512
Преподаватель по робототехнике,SCIENCE NETWORK ROBOTICS SNR,41.322969,69.276871,Yunusabad,https://hh.ru/vacancy/128433117
Руководитель отдела продаж В2В (пищевая индустрия),EUROSNAB TECHNOLOGY,41.285596800816194,69.30903690541747,Yashnabad,https://hh.ru/vacancy/128817037
Инженер по информационной безопасности,COSCOM ТМ Ucell,41.322163,69.283195,Yunusabad,https://hh.ru/vacancy/128748993
Региональный менеджер по продажам,MARIOLIVA EXIMUS TRADE,NULL,NULL,Ташкент,https://hh.ru/vacancy/128321630
Incident Response Process Owner​,Ipotekabank OTP Group,41.31514,69.284309,Mirzo Ulugbek,https://hh.ru/vacancy/127839801
Операционный менеджер бренда INGLOT,ИП ООО DIVI GROUP,NULL,NULL,Ташкент,https://hh.ru/vacancy/128724600
Преподаватель английского языка с IELTS 8.0+IELTS instructor,НОУ FINANCE PROFESSIONAL SCHOOL ALGHORITM,NULL,NULL,Ташкент,https://hh.ru/vacancy/127965103
Data Analytics Engineering Trainee,EPAM Uzbekistan,NULL,NULL,Ташкент,https://hh.ru/vacancy/128033680
Корпоративный юрист,КДБ Банк Узбекистан,41.308618,69.276134,Mirabad,https://hh.ru/vacancy/128784740
Бизнес-аналитик на процессы (middle),CENTER FOR DIGITAL TECHNOLOGY AND INNOVATION,41.304648,69.321113,Yashnabad,https://hh.ru/vacancy/126824767
Менеджер по продажам,INVICTUS LOGISTIC,41.30013,69.262552,Yakkasaray,https://hh.ru/vacancy/128602352
Стажер-тестировщик видеоигр (Ташкент),G-CORE TOSHKENT,NULL,NULL,Ташкент,https://hh.ru/vacancy/126429116
Технический директор (CTO),TAD INDUSTRIES,41.347919,69.350919,Mirzo Ulugbek,https://hh.ru/vacancy/128417173
QA Engineer (API/Digital Banking) на месте работодателя,АКБ Тенге Банк,41.315039,69.321158,Yashnabad,https://hh.ru/vacancy/128729932
Менеджер по кадровому и общему делопроизводству компании,OLAN HIGH TECH PROJECT,41.351276,69.261546,Almazar,https://hh.ru/vacancy/128772247
Data Analyst,Citi Fuel (ООО Staff Atlantic),41.299717,69.271706,Mirabad,https://hh.ru/vacancy/128267355
Операционный директор (СОО),OLAN HIGH TECH PROJECT,41.351276,69.261546,Almazar,https://hh.ru/vacancy/128652972
Marketing Director (Group Level),ABRIS DISTRIBUTION CA,41.291119,69.303425,Yashnabad,https://hh.ru/vacancy/127865047
Электрик,TEAM University,41.309051,69.344272,Yashnabad,https://hh.ru/vacancy/128261697
Marketing manager,СП ООО Q STUDY,41.318973,69.30347,Mirzo Ulugbek,https://hh.ru/vacancy/128464999
Главный специалист департамента малого и среднего бизнеса,Xalq Banki,NULL,NULL,Ташкент,https://hh.ru/vacancy/128770071
Manager/Specialist of ESG,ANDERSEN-CONSULTING,NULL,NULL,Ташкент,https://hh.ru/vacancy/128091284
Рекрутер,HUMANS LAB,41.306592,69.303048,Yashnabad,https://hh.ru/vacancy/128758311
Продавец-консультант,AVO.UZ,41.29471,69.265858,Yakkasaray,https://hh.ru/vacancy/126349404
ТЭО/ТЭР писатель / специалист,FULL STACK SOLUTION,41.336342,69.282432,Yunusabad,https://hh.ru/vacancy/128584184
AI Transformation Manager (Менеджер по внедрению ИИ),Safia кондитерский дом,41.374754,69.27123,Yunusabad,https://hh.ru/vacancy/128380143
Руководитель отдела продаж,SECURITY-WORLD,41.277195,69.214959,Chilanzar,https://hh.ru/vacancy/128031214
Senior Solution Manager,GROUP-IB TSHK,41.322116,69.283995,Yunusabad,https://hh.ru/vacancy/121712132
Лаборант,AKFA BUILDING MATERIALS,41.362174,69.25232,Almazar,https://hh.ru/vacancy/128730954
Диспетчер (по технической поддержке),International Foodchain,NULL,NULL,Ташкент,https://hh.ru/vacancy/128610605
Junior Business Analyst,THE RDB-GROUP,41.357673,69.332198,Yunusabad,https://hh.ru/vacancy/128089575
Бизнес аналитик SAP DWH,АО Асакабанк,NULL,NULL,Ташкент,https://hh.ru/vacancy/128136919
Scrum-мастер,АО ANOR BANK,41.306674,69.284839,Yashnabad,https://hh.ru/vacancy/128117090
SMM - специалист,YANGI TADBIRKORLAR KLUBI,41.328786,69.340175,Mirzo Ulugbek,https://hh.ru/vacancy/128787277
Менеджер продукта (Fintech),Fido-Biznes,41.318994,69.277383,Yunusabad,https://hh.ru/vacancy/128704437
Директор в департамент управления рисков и перестрахования,АО СО INSON,41.320971,69.250694,Shaykhantahur,https://hh.ru/vacancy/126244779
Product Marketing Manager,IMAN CAPITAL LTD,41.29845,69.27458,Mirabad,https://hh.ru/vacancy/127877047
Менеджер по развитию местных проектов со знанием корейского языка,"ПУ HANSHIN ENGINEERING & CONSTRUCTION CO., LTD",41.260515,69.085656,Ташкент,https://hh.ru/vacancy/128152559
Заведующий складом,Gift Master 2018,41.37962208131999,69.2253054857768,Almazar,https://hh.ru/vacancy/128608701
UX/UI-дизайнер,MULTICARD PAYMENT,41.304519,69.307036,Yashnabad,https://hh.ru/vacancy/128259239
Head Teacher (Руководитель преподавательского состава),Citi Fuel (ООО Staff Atlantic),41.327845,69.246185,Almazar,https://hh.ru/vacancy/127371171
СММ Менеджер,BIZNES BOMOND,41.366762,69.286465,Yunusabad,https://hh.ru/vacancy/128775761
Столяр,MERIDIAN GLOBAL TRADING,41.2608655898891,69.37274190103301,Bektemir,https://hh.ru/vacancy/128038226
Менеджер по инцидентам (L2 Support Engineer),TBC,41.321757,69.284336,Yunusabad,https://hh.ru/vacancy/128629423
Junior Penetration Tester,GROUP-IB TSHK,41.322116,69.283995,Yunusabad,https://hh.ru/vacancy/126971536
Менеджер по международному сотрудничеству,Акционерная Компания Узбектелеком,41.34119,69.336384,Mirzo Ulugbek,https://hh.ru/vacancy/127898457
Материальный бухгалтер,AKELA GROUP MACHINERY,41.229543,69.149391,Ташкент,https://hh.ru/vacancy/128655719
Маркетинговый аналитик,PAYNET,41.279986,69.25179,Yakkasaray,https://hh.ru/vacancy/128142195
Специалист по контролю движения активов,Korzinka (Anglesey food),NULL,NULL,Ташкент,https://hh.ru/vacancy/128666919
Графический дизайнер,Marvel Creative,NULL,NULL,Ташкент,https://hh.ru/vacancy/128691955
Machine learning engineer/AI engineer/AI Agent,TORA,41.326219,69.326916,Mirzo Ulugbek,https://hh.ru/vacancy/127923814
Юрисконсульт,DAMIRA BEVERAGES ENTERPRISE,41.298016,69.280554,Mirabad,https://hh.ru/vacancy/126642579
Prompt engineer,NAJOT TA’LIM MARKAZI,41.285828,69.203541,Chilanzar,https://hh.ru/vacancy/128554690
Проект менеджер по цифровым каналам OQ,UNITEL LLC,NULL,NULL,Ташкент,https://hh.ru/vacancy/128052688
"СММ-специалист в ресторан ""RIBAMBELLE""",RIBAMBELLE,41.316244,69.252625,Shaykhantahur,https://hh.ru/vacancy/127542433
HR-директор,СП ООО Premier Electrotech,NULL,NULL,Ташкент,https://hh.ru/vacancy/128607617
Сетевой инженер,ИП ООО AURUM GLOBAL GROUP,42.351559,64.233567,Ташкент,https://hh.ru/vacancy/128634653
Оператор службы поддержки,«UZUM TECHNOLOGIES»,41.332138,69.293301,Yunusabad,https://hh.ru/vacancy/127470579
Project Manager (Стажер),NANA VENTURES,NULL,NULL,Ташкент,https://hh.ru/vacancy/128443690
SAP Cutover Lead,LeverX,NULL,NULL,Ташкент,https://hh.ru/vacancy/128425052
Инженер-электронщик,СП ООО ARTIKUL AZIYA KABEL,NULL,NULL,Ташкент,https://hh.ru/vacancy/128165340
Контролер качества,HEALTH LINE,41.217063,69.190597,Yangi hayot,https://hh.ru/vacancy/126634332
Technical Writer,GROUP-IB TSHK,NULL,NULL,Ташкент,https://hh.ru/vacancy/124780456
Главный механик,CHINOZ NEFTNI QAYTA ISHLASH ZAVODI,40.93481,68.7633,Ташкент,https://hh.ru/vacancy/128735856
Senior Consultant in Legal Department,ООО «KPMG AUDIT»,41.337283,69.282333,Yunusabad,https://hh.ru/vacancy/128365236
"Фронт-офис менеджер в ""PRAGA HOTEL""",PRAGA HOTEL,41.281369,69.245699,Yakkasaray,https://hh.ru/vacancy/128776150
Менеджер по продажам,USMA FUTURE (InHunter),41.30443473791537,69.31010942610088,Yashnabad,https://hh.ru/vacancy/128631332
Мобилограф,Кондитерская сеть Cake Lab,NULL,NULL,Ташкент,https://hh.ru/vacancy/128676811
Координатор 1С (руководитель),BOSTON OIL TRADE (Uztobacco),41.27723115601255,69.33255854365481,Yashnabad,https://hh.ru/vacancy/128033600
Специалист СБ в Управление собственной безопасности,AVO.UZ,41.29471,69.265858,Yakkasaray,https://hh.ru/vacancy/128625266
Менеджер по продажам,SUPER CHN MOTORS,41.28711867338242,69.21681019221371,Chilanzar,https://hh.ru/vacancy/127990079
1С Специалист-консультант,ЧП INTERFACOM,NULL,NULL,Ташкент,https://hh.ru/vacancy/127979404
Motion Designer (Customer Experience Designer (Graphic Design Focus)),BYD CENTRAL ASIA OOO,41.293477,69.278147,Mirabad,https://hh.ru/vacancy/126462165
Delta CRM Support Engineer,TBC,NULL,NULL,Ташкент,https://hh.ru/vacancy/127847238
Business Strategy Manager,Antal International Tashkent Xususiy Bandlik Agentligi,NULL,NULL,Ташкент,https://hh.ru/vacancy/128138069
Sales Manager,АО ИП Эфес Казахстан,NULL,NULL,Ташкент,https://hh.ru/vacancy/128312751
Senior Product Manager (Fintech + E-com),«UZUM TECHNOLOGIES»,41.278482,69.271562,Yakkasaray,https://hh.ru/vacancy/128419740
Менеджер по управлению кредитными рисками,TBC,NULL,NULL,Ташкент,https://hh.ru/vacancy/128034811
Senior digital manager (сотрудничество с компанией Coca Cola),DAS MARKETING,41.300692,69.305464,Yashnabad,https://hh.ru/vacancy/128782072
Главный юрист,ASSET LEASING AND FINANCE,41.290909,69.282441,Mirabad,https://hh.ru/vacancy/128044212
Администратор Jira\Confluence,Ipotekabank OTP Group,NULL,NULL,Ташкент,https://hh.ru/vacancy/125366899
Учитель узбекского языка (как иностранного) в старших классах,Inventors World,41.304784,69.304234,Yashnabad,https://hh.ru/vacancy/125597062
Менеджер по продажам рекламы,PROGRAMMATIC TECHNOLOGIES,41.299093,69.271337,Mirabad,https://hh.ru/vacancy/128733542
Руководитель в отдел видеопроизводства,Технологический парк программных продуктов и информационных технологий,41.342666,69.337858,Mirzo Ulugbek,https://hh.ru/vacancy/128439387
Руководитель административного отдела,LAVOROSOLUTIONS,41.337148,69.284722,Yunusabad,https://hh.ru/vacancy/128746872
Контент-менеджер,TEXNOLAND GROUP TRADE,41.302338,69.209309,Shaykhantahur,https://hh.ru/vacancy/126727017
CFO (Head of Finance),"Person Hunters, ООО",NULL,NULL,Ташкент,https://hh.ru/vacancy/128029686
Junior QA,OCTO,41.288192,69.251781,Yakkasaray,https://hh.ru/vacancy/127525670
Ассистент маркетолога,MOM AND CHILD,41.303734,69.258887,Yakkasaray,https://hh.ru/vacancy/128783532
SMM-менеджер + мобилограф для парфюмерного бренда,ИП ООО SANOAT ENERGETIKA GURUHI ENERA,NULL,NULL,Ташкент,https://hh.ru/vacancy/128774848
Оператор видеонаблюдения,CENTROPOLIS,41.30391,69.245169,Chilanzar,https://hh.ru/vacancy/128579106
Аналитик 1С (ERP),CURATIO PHARM,41.353463,69.300955,Yunusabad,https://hh.ru/vacancy/123290957
HR Директор -HR менеджер,UZTRANSFORMATOR,41.222388,69.312498,Bektemir,https://hh.ru/vacancy/128767285
HR Manager,Rich Cargo INC.,41.318391,69.280734,Yunusabad,https://hh.ru/vacancy/127228981
Специалист по автотестам (в офис),NeoTech,41.317172,69.248457,Shaykhantahur,https://hh.ru/vacancy/128107507
Начальник отдела сопровождения и анализа продаж и обслуживания,Universal Mobile Systems ( ТМ Mobiuz ),41.317716554592174,69.28160058895475,Yunusabad,https://hh.ru/vacancy/127814244
Финансист экономист,PROBUILD GENERATION,41.32608,69.32667,Mirzo Ulugbek,https://hh.ru/vacancy/127937347
Старший менеджер по продажам и развитию бизнеса (SBDM),PRO DATA,NULL,NULL,Ташкент,https://hh.ru/vacancy/128654802
Руководитель команды и развития АБС,Ipotekabank OTP Group,41.31514,69.284309,Mirzo Ulugbek,https://hh.ru/vacancy/126265832
Тестировщик / QA Engineer,My Taxi,41.295476,69.246274,Yakkasaray,https://hh.ru/vacancy/128670615
DevOps Engineer,UNITEL LLC,41.341379,69.335396,Mirzo Ulugbek,https://hh.ru/vacancy/127248273
SMM-менеджер,BERDIMURODOV MIRJAHON DILSHOD O‘G‘LI,41.311144,69.279728,Yunusabad,https://hh.ru/vacancy/128507137
Тестировщик,ZAYRX,41.304052,69.215381,Shaykhantahur,https://hh.ru/vacancy/128792221
Технолог пищевого производства,ЧП ARTISHOK SUPER FOOD,41.353544,69.345529,Mirzo Ulugbek,https://hh.ru/vacancy/127958721
UI/UX Designer,COSCOM ТМ Ucell,41.31114,69.27973,Yunusabad,https://hh.ru/vacancy/128073354
Копирайтер в международные проекты Такси,Яндекс,NULL,NULL,Ташкент,https://hh.ru/vacancy/128764598
Web Designer (Crypto & FinTech),ASTERIUM,41.294717,69.278811,Mirabad,https://hh.ru/vacancy/127982761
Главный/Ведущий специалист отдела отчетности и работы с данными (моделист),APEX BANK,NULL,NULL,Ташкент,https://hh.ru/vacancy/128553624
Junior QA Engineer,a1qa (ООО ITRANSITION),41.31114,69.27973,Yunusabad,https://hh.ru/vacancy/128635962
Специалист управления soft collection,АКБ Тенге Банк,41.315039,69.321158,Yashnabad,https://hh.ru/vacancy/128729941
Директор по маркетингу,Кондитерская сеть Cake Lab,41.28466,69.25406,Yakkasaray,https://hh.ru/vacancy/128756306
Contract Engineer,UET CONSTRUCTION,41.2840524147644,69.25901315574546,Yakkasaray,https://hh.ru/vacancy/128177584
Senior Data Scientist,HUMAN AND CAPITAL,41.30563,69.263324,Yakkasaray,https://hh.ru/vacancy/128448891
Инженер-конструктор,Metall ART,41.227176,69.247029,Ташкент,https://hh.ru/vacancy/128721873
Финансовый аналитик,PRO-STAFF,NULL,NULL,Ташкент,https://hh.ru/vacancy/128776398
Менеджер по работе с клиентами,JOY LAND,NULL,NULL,Ташкент,https://hh.ru/vacancy/128172429
Графический дизайнер,Print Media,41.311393723840204,69.28757050385403,Mirzo Ulugbek,https://hh.ru/vacancy/126229535
Специалист по Digital-маркетингу и SMM,UzVIP,41.303808,69.321526,Yashnabad,https://hh.ru/vacancy/128237248
Директор по маркетингу (Финансовое направление),ROODELL,41.234649,69.207413,Sergeli,https://hh.ru/vacancy/128739374
Accounts Receivable specialist (Octane),Citi Fuel (ООО Staff Atlantic),NULL,NULL,Ташкент,https://hh.ru/vacancy/128281149
Руководитель первой линии технической поддержки,PRO DATA,NULL,NULL,Ташкент,https://hh.ru/vacancy/128654913
Event-менеджер,Unique Present Media Holding,41.339558,69.261716,Shaykhantahur,https://hh.ru/vacancy/125015162
Energiya audit mutaxassisi / Энергия аудит мутахассиси / Энергетический аудитор,ARIF GROUP UNITED,41.282287772278195,69.253611280332,Yakkasaray,https://hh.ru/vacancy/128046133
Sales & warehouse director / Директор по продажам и складу,DEPART SPARE,NULL,NULL,Ташкент,https://hh.ru/vacancy/128171625
Менеджер по развитию бизнеса (застройщики / первичный рынок),A-INTELLIGENCE,41.295733,69.293184,Mirabad,https://hh.ru/vacancy/128734515
Директор департамента по работе с обращениями,«UZUM TECHNOLOGIES»,NULL,NULL,Ташкент,https://hh.ru/vacancy/128295427
Менеджер по генерации лидов со знанием английского языка(IntellectDialog - Резидент Astana Hub),ИнтеллектДиалог,NULL,NULL,Ташкент,https://hh.ru/vacancy/128657182
"Key Account Manager (B2B/B2G, облачные решения)",ROMANOV MEHANICA GROUP XUSUSIY BANDLIK AGENTLIGI,41.341495,69.3366,Mirzo Ulugbek,https://hh.ru/vacancy/128669111
Руководитель отдела продаж,SOHO BEAUTY CLUB STUDIO,41.324093,69.297981,Mirzo Ulugbek,https://hh.ru/vacancy/128005693
Официант в Сеть Кофеен B&B,THE HIDEOUT ( B&B - Beans and Brews Coffee House),41.327438,69.340822,Mirzo Ulugbek,https://hh.ru/vacancy/128139969
Директор по персоналу (HRD),PROBUILD GENERATION,41.32608,69.32667,Mirzo Ulugbek,https://hh.ru/vacancy/128592794
Менеджер по продукту,Asia Pharm Group,41.286004,69.253748,Yakkasaray,https://hh.ru/vacancy/128042604
Коммерческий директор (CCO),DIGITAL EDGE CONSULT,41.29083469451343,69.25051058895706,Yakkasaray,https://hh.ru/vacancy/127854466
SMM специалист,Azart Tech LLC,25.063907,55.15752,Ташкент,https://hh.ru/vacancy/128761947
Rekruter / Рекрутер,GLOBAL MEDICAL CENTER,41.21648,69.22714,Sergeli,https://hh.ru/vacancy/128146882
Финансовый менеджер,Grand Diantus,41.317003950181984,69.29100666795121,Mirzo Ulugbek,https://hh.ru/vacancy/128750661
Старший менеджер по продажам спецтехники,ZOOMLION HEAVY INDUSTRY SCIENCE AND TECHNOLOGY,NULL,NULL,Ташкент,https://hh.ru/vacancy/128625094
Преподаватель математики (на русском языке),Newton Academy KZ,NULL,NULL,Ташкент,https://hh.ru/vacancy/128578892
Payroll Associate Manager,ACWA POWER TECHNICAL AND FINANCIAL SERVICES,41.337283,69.282333,Yunusabad,https://hh.ru/vacancy/128261990
SMM-менеджер,Darian Electronics (ООО MERAS TRADE CO),41.314537,69.236519,Shaykhantahur,https://hh.ru/vacancy/128769574
Главный бухгалтер,PRO-STAFF,NULL,NULL,Ташкент,https://hh.ru/vacancy/128777809
Инспектор по кадрам,DAVR-SMART-SERVICE,41.197803,69.236222,Yangi hayot,https://hh.ru/vacancy/127873210
"Руководитель отдела продаж, РОП",WebMediaGroup,NULL,NULL,Ташкент,https://hh.ru/vacancy/128543642
Руководитель отдела продаж,TEAM University,41.309051,69.344272,Yashnabad,https://hh.ru/vacancy/128788879
Специалист по подбору персонала,EDEM BISTRO,41.287901,69.305896,Yashnabad,https://hh.ru/vacancy/128735245
Инженер по охране труда и технике безопасности,ALUBEST EXTRUSIONS,41.458578,69.537598,Ташкент,https://hh.ru/vacancy/128734677
Salesperson (Octane),Citi Fuel (ООО Staff Atlantic),NULL,NULL,Ташкент,https://hh.ru/vacancy/121672276
SMM-менеджер,AB PHARMA LINE,41.29602437081865,69.27547431385422,Mirabad,https://hh.ru/vacancy/127406500
Специалист по закупкам / ВЭД,LIDER TEAM,41.27403,69.293472,Mirabad,https://hh.ru/vacancy/128258027
Data Engineer (Data LakeHouse),UCMG,NULL,NULL,Ташкент,https://hh.ru/vacancy/128558843
Руководитель команды судебного взыскания (Litigation Lead),TBC,41.298213,69.278263,Mirabad,https://hh.ru/vacancy/124326886
Главный юрисконсульт,ASAKA CAPITAL INVEST,41.290042,69.276179,Mirabad,https://hh.ru/vacancy/128767514
Кассир в Сеть Кофеен B&B,THE HIDEOUT ( B&B - Beans and Brews Coffee House),41.327438,69.340822,Mirzo Ulugbek,https://hh.ru/vacancy/128140594
Архитектор-проектировщик,HORECA PARTNERS,41.364664,69.287714,Yunusabad,https://hh.ru/vacancy/128692299
Менеджер по продажам,Национальный межбанковский процессинговый центр,41.305204,69.335199,Yashnabad,https://hh.ru/vacancy/127436942
Кредитный аналитик,YANGI BANK,41.33446,69.284165,Yunusabad,https://hh.ru/vacancy/128771637
Видеограф/Мобилограф,DIGITALVERSE,41.314395,69.243723,Shaykhantahur,https://hh.ru/vacancy/128504033
Ofis menejer,Jarvis,41.264792,69.200011,Chilanzar,https://hh.ru/vacancy/128655086
"Оператор WMS (стажер), г. Ташкент",Balton Trading Asia,41.267889,69.301395,Mirabad,https://hh.ru/vacancy/128691277
Middle Data Engineer,Alif Uzbekistan,NULL,NULL,Ташкент,https://hh.ru/vacancy/128072106
Маркетолог в компанию UYDA UZ,MUMINOV JAXONGIR FARXODOVICH,41.311144,69.279728,Yunusabad,https://hh.ru/vacancy/128778068
Project Manager,OQTEPA-FOOD-SERVICE,41.267923,69.210225,Chilanzar,https://hh.ru/vacancy/128078607
Учитель английского языка для русских классов (Келес),RENESSANS SCHOOL KELES,41.124816,69.417071,Ташкент,https://hh.ru/vacancy/128722220
"Руководитель по обучению персонала, управлению талантами и карьерному развитию",Центральный Банк Республики Узбекистан,41.30857,69.27432,Mirabad,https://hh.ru/vacancy/128332878
Менеджер по корпоративным коммуникациям / PR бизнес партнер,WILDBERRIES,41.331562,69.269047,Shaykhantahur,https://hh.ru/vacancy/126435691
Начальник сектора поддержки и развития информационных систем,SERVOLUX CA,40.91045,69.64368,Ташкент,https://hh.ru/vacancy/128697612
Специалист по информационной безопасности,Global Solutions,41.29179,69.268157,Yakkasaray,https://hh.ru/vacancy/128707286
"Начальник Управления комплаенс-контроля ""Garant bank""",Garant bank,41.295015,69.277985,Mirabad,https://hh.ru/vacancy/128746798
Retail Marketing Specialist,ООО Samsung Electronics Uzbekistan,NULL,NULL,Ташкент,https://hh.ru/vacancy/126806350
Grant Writer,ОЮ UZBEKISTAN CREATIVE ASSOCIATION,41.328088,69.314735,Mirzo Ulugbek,https://hh.ru/vacancy/127888043
Личный ассистент,GRAVIX AGENCY,41.31114,69.27973,Yunusabad,https://hh.ru/vacancy/128504761
Vertical Market Manager (Sales Department),Sika,41.24898621102602,69.37644033331291,Bektemir,https://hh.ru/vacancy/128654566
Финансовый аналитик,Index Consulting Company,41.335963,69.289986,Yunusabad,https://hh.ru/vacancy/128728638
Продавец-консультант в магазин американских витаминов и спортивного питания,ISMOIL IBROKHIM AKHMATJON O'GLI,NULL,NULL,Ташкент,https://hh.ru/vacancy/128740630
Бизнес-аналитик,ASTERIUM,41.294717,69.278811,Mirabad,https://hh.ru/vacancy/127151516
Химик,СП REKA-MED FARM,NULL,NULL,Ташкент,https://hh.ru/vacancy/128235471
Специалист по искусственному интеллекту,AKFA BUILDING MATERIALS,NULL,NULL,Ташкент,https://hh.ru/vacancy/128305388
SMM-специалист / мобилограф,SCENE,41.31514,69.299652,Mirzo Ulugbek,https://hh.ru/vacancy/128724704
Mid/Snr Systems administrator,TBC,NULL,NULL,Ташкент,https://hh.ru/vacancy/128106745
Sales Manager,ITKEYSOFTTECH,NULL,NULL,Ташкент,https://hh.ru/vacancy/127551821
Руководитель службы электронной коммерции,UNITEL LLC,NULL,NULL,Ташкент,https://hh.ru/vacancy/128013143
Помощник заведующего складом/водитель,Soleil Beauty International,NULL,NULL,Ташкент,https://hh.ru/vacancy/128752763
Assistant to the Director / Project Manager,Citi Fuel (ООО Staff Atlantic),NULL,NULL,Ташкент,https://hh.ru/vacancy/128056564
Старший менеджер департамента корпоративного кредитного андеррайтинга,Ipotekabank OTP Group,NULL,NULL,Ташкент,https://hh.ru/vacancy/128733601
Information Security Risk Manager​,Ipotekabank OTP Group,41.31514,69.284309,Mirzo Ulugbek,https://hh.ru/vacancy/127840056
Системный инженер,TIMSOH,41.311144,69.279728,Yunusabad,https://hh.ru/vacancy/127545121
Кондитер декоратор,Камолиддин Гафуров,41.314937,69.289304,Mirzo Ulugbek,https://hh.ru/vacancy/128503833
Продавец-консультант (Ташкент Сити Мол),HAIM GLOBAL,41.311158,69.279737,Yunusabad,https://hh.ru/vacancy/126110389
Главный специалист отдела системного сопровождения,UZCARD (АО ЕОПЦ),41.323274,69.258617,Shaykhantahur,https://hh.ru/vacancy/128461765
"Менеджер по развитию направления (ворота, роллеты, автоматика)",АЛЮТЕХ-АЗИЯ,41.292705,69.281659,Mirabad,https://hh.ru/vacancy/128721220
Senior System Analyst (Системный аналитик),АО ANOR BANK,41.306674,69.284839,Yashnabad,https://hh.ru/vacancy/128302817
Системный аналитик (middle/middle+),DAILY MAIL,41.23976041213401,69.31708954431024,Ташкент,https://hh.ru/vacancy/128117099
Head of Tax,Cornerstone Russia,NULL,NULL,Ташкент,https://hh.ru/vacancy/128759547
Dynamics 365 Business Central Functional Consultant,Itransition,NULL,NULL,Ташкент,https://hh.ru/vacancy/127841171
HR менеджер,ZUMA - PHARMA,41.24224,69.45184,Yangi Tashkent,https://hh.ru/vacancy/126132843
Директор по маркетингу в строительный бизнес,СOMPASS MANAGEMENT,NULL,NULL,Ташкент,https://hh.ru/vacancy/128380847
Директор управляющей компании,Bontech Medical,41.329822,69.291145,Yunusabad,https://hh.ru/vacancy/128782010
Коммерческий директор (CCO),Antal International Tashkent Xususiy Bandlik Agentligi,NULL,NULL,Ташкент,https://hh.ru/vacancy/126068289
Учитель по математике на английском языке SAT,CENTILLION PLUS,41.215354,69.215148,Sergeli,https://hh.ru/vacancy/127866256
Pre-sale\Пресейл инженер,TIMSOH,NULL,NULL,Ташкент,https://hh.ru/vacancy/127526488
Менеджер по продажам (B2B),Первый Бит,41.301817,69.269397,Mirabad,https://hh.ru/vacancy/128547622
Руководитель отдела запасных частей,ООО ASTANA MOTORS COMPANY,41.372311,69.286681,Yunusabad,https://hh.ru/vacancy/128653019
Графический дизайнер,MEDIAHOME,41.314537,69.236564,Shaykhantahur,https://hh.ru/vacancy/128720155
B2B Call-center Manager,EVISION CA,NULL,NULL,Ташкент,https://hh.ru/vacancy/128686015
"Brand, Marketing & Communications Specialist",EY Uzbekistan,41.320707,69.300191,Mirzo Ulugbek,https://hh.ru/vacancy/128143804
Бизнес-аналитик,Национальный межбанковский процессинговый центр,41.305204,69.335199,Yashnabad,https://hh.ru/vacancy/128689442
Специалист по экономической безопасности,Яндекс,41.311144,69.279728,Yunusabad,https://hh.ru/vacancy/128680549
Руководитель отдела продаж,Garmoniya Farm,41.353327,69.257611,Almazar,https://hh.ru/vacancy/127248556
Senior Officer on Internal Communications and PR,НОУ Westminster International University in Tashkent,41.307073,69.283366,Mirabad,https://hh.ru/vacancy/127994162
Дизайнер — проект «Безопасный город»,Xavfsiz shahar tizimlarini rivojlantirish markazi,NULL,NULL,Ташкент,https://hh.ru/vacancy/128699439
Internal Security Auditor​,Ipotekabank OTP Group,41.31514,69.284309,Mirzo Ulugbek,https://hh.ru/vacancy/127840230
Metrics & KRI/KPI Analyst,Ipotekabank OTP Group,41.31514,69.284309,Mirzo Ulugbek,https://hh.ru/vacancy/127853863
Influencer / Model Scout (Cold Outreach),Social Discovery Group,NULL,NULL,Ташкент,https://hh.ru/vacancy/128366378
Финансист,ЧП «Poytaht Group»,41.260725,69.239312,Sergeli,https://hh.ru/vacancy/127811361
Менеджер по продажам B2B,СП ООО IST TELEKOM,41.30384777495893,69.32147400201652,Yashnabad,https://hh.ru/vacancy/127499560
Специалист по товарной и технической безопасности,Korzinka (Anglesey food),NULL,NULL,Ташкент,https://hh.ru/vacancy/128731336
Senior Product Designer в BILLZ,TBC,41.304039,69.28306,Mirabad,https://hh.ru/vacancy/128314358
Бренд-шеф пиццерии,LES-AILES (“PERESPECTIVE UNION” МЧЖ),41.328515,69.273529,Yunusabad,https://hh.ru/vacancy/126670499
Графический дизайнер,«UZUM TECHNOLOGIES»,NULL,NULL,Ташкент,https://hh.ru/vacancy/128245421
Менеджер по онлайн продажам (Маркетплейсам),AB PHARMA LINE,41.295989342687974,69.27547115831477,Mirabad,https://hh.ru/vacancy/128306265
Консультант-методолог по 1С ERP,Perfect balance,NULL,NULL,Ташкент,https://hh.ru/vacancy/128639713
Key account manager,«UZUM TECHNOLOGIES»,41.278482,69.271562,Yakkasaray,https://hh.ru/vacancy/121893706
Специалист сопровождения продукта,AVO.UZ,41.294297,69.282836,Mirabad,https://hh.ru/vacancy/127722550
AI-специалист,INNOVATSIYA TEXNOLOGIYALARI MARKAZI,41.25579,69.196139,Chilanzar,https://hh.ru/vacancy/128050210
Производственный мясной технолог,YATT SHUHRATOV ZIKRILLO BAHODIR O‘G‘LI,41.307358,69.161976,Uchtepa,https://hh.ru/vacancy/128720859
AI Engineer,TENZOR SOFT,41.298463,69.338361,Yashnabad,https://hh.ru/vacancy/128316890
AI Engineer,NOVA RENESSANS,41.298463,69.338361,Yashnabad,https://hh.ru/vacancy/128315412
Аналитик продаж (текстильное производство),Vesbini,41.201345,69.159416,Ташкент,https://hh.ru/vacancy/128007586
Специалист по документации лекарственных средств,СП REKA-MED FARM,NULL,NULL,Ташкент,https://hh.ru/vacancy/128237325
Менеджер по туризму (Туроператор),ONE WORLD TOURISM,41.342097,69.23739,Almazar,https://hh.ru/vacancy/128653246
Верстальщик дизайнер в типографию,ЧП Unique Print,41.338908,69.204332,Shaykhantahur,https://hh.ru/vacancy/128701628
"Бизнес-аналитик, Middle/Middle+ (офис, г. Ташкент)",CENTER FOR DIGITAL TECHNOLOGY AND INNOVATION,41.304648,69.321113,Yashnabad,https://hh.ru/vacancy/128639048
Менеджер по продукту,UNITEL LLC,41.341379,69.335396,Mirzo Ulugbek,https://hh.ru/vacancy/127967949
Консультант / Старший консультант в Группу цифровых финансов (Финансово-банковский сектор),ООО «KPMG AUDIT»,41.337283,69.282333,Yunusabad,https://hh.ru/vacancy/128737291
Менеджер по подбору персонала,STRIVE FOR HOSPITALITY,NULL,NULL,Ташкент,https://hh.ru/vacancy/128626161
Помощник/ассистент руководителя,Azart Tech LLC,25.063907,55.15752,Ташкент,https://hh.ru/vacancy/128713521
QA-инженер,HamkorBank,41.353063,69.23845,Almazar,https://hh.ru/vacancy/128162400
Pre-sale менеджер,U-BSSYS,41.305373,69.283375,Mirabad,https://hh.ru/vacancy/128148521
Финансовый директор (CFO),DIGITAL EDGE CONSULT,41.29084846560589,69.25054676452486,Yakkasaray,https://hh.ru/vacancy/127854575
Офис-менеджер/HR ассистент,FC LLC ASBC ENTITY,NULL,NULL,Ташкент,https://hh.ru/vacancy/128733796
Менеджер по продажам автомобилей,ООО LuckyCar,41.297224,69.333034,Yashnabad,https://hh.ru/vacancy/128628756
Инженер по охране труда и технике безопасности,NAVBAHOR HOLDING (Memory Pharm AG),41.287508,69.211626,Chilanzar,https://hh.ru/vacancy/128733149
Менеджер по развитию партнеров (KAM),«UZUM TECHNOLOGIES»,41.278482,69.271562,Yakkasaray,https://hh.ru/vacancy/123217228
Архитектор,TheRed,41.298152,69.273916,Mirabad,https://hh.ru/vacancy/128076781
Оператор контактного центра (г. Ташкент),«UZUM TECHNOLOGIES»,41.314537,69.236564,Shaykhantahur,https://hh.ru/vacancy/123505672
Менеджер по продажам оборудования,IFT Innovation,41.325255564563776,69.3037512463841,Mirzo Ulugbek,https://hh.ru/vacancy/128408415
Мобилограф,DECORATION MATERIALS,NULL,NULL,Ташкент,https://hh.ru/vacancy/126162783
Территориальный менеджер (Руководитель группы магазинов),ИП ООО Xalq Retail,41.31114,69.27973,Yunusabad,https://hh.ru/vacancy/128700147
System Analyst,Ipotekabank OTP Group,41.315133,69.2843,Mirzo Ulugbek,https://hh.ru/vacancy/126407554
Продуктовый менеджер,Национальный межбанковский процессинговый центр,41.305204,69.335199,Yashnabad,https://hh.ru/vacancy/128711763
ИТ - специалист,АКБ Агробанк,41.319508,69.253551,Shaykhantahur,https://hh.ru/vacancy/128408088
Менеджер по работе с ключевыми клиентами СНГ,"СИБУР, Группа компаний",NULL,NULL,Ташкент,https://hh.ru/vacancy/128776113
Сервис менеджер,FULL STACK SOLUTION,41.336342,69.282432,Yunusabad,https://hh.ru/vacancy/128603883
Менеджер по продажам программного продукта,"Person Hunters, ООО",NULL,NULL,Ташкент,https://hh.ru/vacancy/127984666
Инженер по расчёту опалубки,AZIYA FORMWORK,41.298859902558924,69.27189057478734,Mirabad,https://hh.ru/vacancy/128394115
Региональный Трейд-маркетинг менеджер,DAMIRA BEVERAGES ENTERPRISE,NULL,NULL,Ташкент,https://hh.ru/vacancy/128726626
Продюсер личного бренда,Raskills,NULL,NULL,Ташкент,https://hh.ru/vacancy/128514870
DevOps инженер,Ipotekabank OTP Group,41.31514,69.284309,Mirzo Ulugbek,https://hh.ru/vacancy/128032201
Project Manager (Операционка),«UZUM TECHNOLOGIES»,41.31852,69.299095,Mirzo Ulugbek,https://hh.ru/vacancy/128462828
Менеджер по экспорту,VAN UNIVERSAL MOTORS,41.27173203759138,69.26449397222193,Yakkasaray,https://hh.ru/vacancy/128155918
Главный инженер проекта,СП ООО Nazarov Rakhimbayev Group,NULL,NULL,Ташкент,https://hh.ru/vacancy/128144047
Ведущий инженер ОВ и ВК,СП ООО Nazarov Rakhimbayev Group,41.304519,69.307036,Yashnabad,https://hh.ru/vacancy/127862308
DevOps Engineer,OCTO,NULL,NULL,Ташкент,https://hh.ru/vacancy/128006180
Product manager,CENTER FOR DIGITAL TECHNOLOGY AND INNOVATION,41.304648,69.32114,Yashnabad,https://hh.ru/vacancy/127660963
SQL/PL engineer,АКБ Агробанк,41.319508,69.253551,Shaykhantahur,https://hh.ru/vacancy/127921975
Кондитер-Пекарь,RESTO-RESTO,41.312207,69.275155,Yunusabad,https://hh.ru/vacancy/128700792
Product Manager — Loyalty & Engagement,TBC,NULL,NULL,Ташкент,https://hh.ru/vacancy/128686379
Специалист пентестов и аудитов / Pentester,ONESEC,NULL,NULL,Ташкент,https://hh.ru/vacancy/127183850
Специалист отдела кадров,ASIAN CHEMICAL GROUP,41.223134,69.331614,Bektemir,https://hh.ru/vacancy/127086708
Главный технолог кондитерских изделий,Candy gold,41.359521,69.239528,Almazar,https://hh.ru/vacancy/127037666
Full Stack Engineer,HAAS PLATFORM,NULL,NULL,Ташкент,https://hh.ru/vacancy/128308325
Администратор Компьюторного Клуба,SABNUR HOLDING,NULL,NULL,Ташкент,https://hh.ru/vacancy/128503290
Диджитал маркетолог,Первый Бит,41.301803,69.269352,Mirabad,https://hh.ru/vacancy/128547644
Менеджер по поддержке клиентов (Customer Support / Cloud / SaaS),ROMANOV MEHANICA GROUP XUSUSIY BANDLIK AGENTLIGI,41.341495,69.3366,Mirzo Ulugbek,https://hh.ru/vacancy/128669541
Графический дизайнер,SICHOU TRAVEL,41.28601,69.25377,Yakkasaray,https://hh.ru/vacancy/128654484
"""Soft collection"" бошқармаси Бошқарма бошлиғи ўринбосари",Xalq Banki,41.287772,69.217007,Chilanzar,https://hh.ru/vacancy/128559894
Администратор,RENESSANSSS -TA'LIM MAKTABI,41.324811,69.258285,Shaykhantahur,https://hh.ru/vacancy/128685981
Учитель арабского языка,Andalus school НОУ,41.369286,69.215938,Almazar,https://hh.ru/vacancy/128674246
BDM/Pre-sale/Менеджер по развитию бизнеса (Узбекистан),Ibsotech,NULL,NULL,Ташкент,https://hh.ru/vacancy/128511436
Медицинский представитель,Medical Online Services,41.283463,69.200074,Chilanzar,https://hh.ru/vacancy/127871008
Маркетолог,SBM Central group,41.27870406153038,69.32362445637808,Yashnabad,https://hh.ru/vacancy/127881229
Специалист по стандартизации (планировка и дизайн) дилерских центров,Toyota Uzbekistan (Summit Motors Central Asia),41.311144,69.279728,Yunusabad,https://hh.ru/vacancy/128659989
Менеджер по привлечению новых партнёров (курьерские услуги),СП ООО Fargo Parcel Service,41.21903,69.239169,Sergeli,https://hh.ru/vacancy/128707444
Финансист в частную школу,EDTECH ALLIANCE,41.333688,69.218004,Almazar,https://hh.ru/vacancy/128582364
DevOps-инженер,REALSOFT,41.332476,69.290175,Yunusabad,https://hh.ru/vacancy/128295132
Графический дизайнер,CHINOR MEDIA,41.32759,69.19585,Shaykhantahur,https://hh.ru/vacancy/128255992
Офис-менеджер,West End Consalting,41.299242,69.274733,Mirabad,https://hh.ru/vacancy/128626487
Senior Data Analyst,InFinBank,41.30812,69.2754,Mirabad,https://hh.ru/vacancy/122708826
Менеджер по кадровому делопроизводству,DAS MARKETING,41.300692,69.305464,Yashnabad,https://hh.ru/vacancy/128581031
Legal Counsel,FE LLC Huawei Tech Investment Tashkent,NULL,NULL,Ташкент,https://hh.ru/vacancy/128118415
Менеджер по продажам коммерческого оборудования для кондиционирования воздуха /CAC Sales Manager,Fersol,NULL,NULL,Ташкент,https://hh.ru/vacancy/128754402
Главный энергетик (Джизак),ROODELL,40.1203,67.82854,Ташкент,https://hh.ru/vacancy/128739344
3Д-Проектировщик,SHOMAQSUDOV N. U.,41.293186,69.241828,Yakkasaray,https://hh.ru/vacancy/128264662
Руководитель региональной службы по продажам,DATA EXCELLENCE GROUP,NULL,NULL,Ташкент,https://hh.ru/vacancy/128157606
Менеджер по персоналу,DESIGNER BRAND,41.366153,69.288558,Yunusabad,https://hh.ru/vacancy/127780794
Юниор Продукт-менеджер,Представительство Бионорика СЕ,41.35349,69.361582,Mirzo Ulugbek,https://hh.ru/vacancy/128621459
Project Manager,YURTAL,41.28965190191982,69.22531568409003,Chilanzar,https://hh.ru/vacancy/128418998
Consultant,OMEGA SOLUTION ONE,NULL,NULL,Ташкент,https://hh.ru/vacancy/122001797
Трейд-маркетолог,«UZUM TECHNOLOGIES»,41.278482,69.271562,Yakkasaray,https://hh.ru/vacancy/128612538
Менеджер по коммерческому развитию категории,ООО Нестле Фуд,41.294697,69.265804,Yakkasaray,https://hh.ru/vacancy/124555038
Эксперт по аналитике и исследованиям,UNITEL LLC,41.341379,69.335396,Mirzo Ulugbek,https://hh.ru/vacancy/128427834
Методолог по Информационной безопасности,HamkorBank,NULL,NULL,Ташкент,https://hh.ru/vacancy/128300535
Менеджер CRM в автобизнесе,ИП ООО GEELY AUTO WZ,41.2991,69.271355,Mirabad,https://hh.ru/vacancy/128764611
Главный технолог винодельного производства,ГЕТ ЭКСПЕРТС РЕКРУТМЕНТ,NULL,NULL,Ташкент,https://hh.ru/vacancy/128619306
SMM Manager / Content Coordinator,MY SAFAR AS,41.302426,69.268687,Mirabad,https://hh.ru/vacancy/128600933
Старший эксперт Департамента стратегии и эффективности работы с клиентами,Ipotekabank OTP Group,41.315133,69.2843,Mirzo Ulugbek,https://hh.ru/vacancy/127249296
Менеджер по продажам/Продавец консультант,ЧК ANGEL MEDIA,41.30465925446071,69.24844799999933,Chilanzar,https://hh.ru/vacancy/128722320
Системный администратор,BUYURSIN SOLUTIONS,41.292508049401846,69.22144294898797,Chilanzar,https://hh.ru/vacancy/128572104
Intern in Technology Risk,EY Uzbekistan,41.320707,69.300191,Mirzo Ulugbek,https://hh.ru/vacancy/128441887
Руководитель отдела продаж (производство алюминиевых профиль),ALU PROF TRADE,41.221784,69.14198,Ташкент,https://hh.ru/vacancy/128383112
Middle Product Designer,CLICK,NULL,NULL,Ташкент,https://hh.ru/vacancy/126969876
Системный администратор,ИП ООО AURUM GLOBAL GROUP,42.351559,64.233567,Ташкент,https://hh.ru/vacancy/128634228
Дизайнер - проектировщик- визуализатор построение мебели,PROGRESS RATTAN,41.364657,69.287696,Yunusabad,https://hh.ru/vacancy/128612002
Business Analyst (Crypto Operations),ASTERIUM,41.294717,69.278811,Mirabad,https://hh.ru/vacancy/128234891
Product Owner (Стратегия и продвижение кредитных продуктов),OPEN BANK AJ,41.315763,69.282683,Yunusabad,https://hh.ru/vacancy/128672544
Инженер-проектировщик ОВиК,Direct Cool,41.350789,69.244424,Almazar,https://hh.ru/vacancy/128560403
Специалист по исследованию жилищного и ипотечного рынка,Компания по рефинансированию ипотеки Узбекистана,41.336342,69.282432,Yunusabad,https://hh.ru/vacancy/128582586
Казначей,ASTERIUM,41.294717,69.278811,Mirabad,https://hh.ru/vacancy/128669785
Ассистент Генерального директора,PRIME PROPERTY,41.29723,69.281758,Mirabad,https://hh.ru/vacancy/128387707
Архитектор-конструктор,AXMEDOVA KAMOLAXON AVAZXONOVNA,NULL,NULL,Ташкент,https://hh.ru/vacancy/128608070
Геолог,Навоийский горно-металлургический комбинат,40.102003,65.364016,Ташкент,https://hh.ru/vacancy/127369564
DevOps-Engineer (Middle),APEX BANK,41.30246,69.285001,Mirabad,https://hh.ru/vacancy/128434452
Менеджер по продажам B2B,Национальный межбанковский процессинговый центр,41.305204,69.335199,Yashnabad,https://hh.ru/vacancy/128434608
HRBP Sales&Marketing Департаментов (HRBP по трансформации и развитию персонала Sales&Marketing),NATURAL JUICE,NULL,NULL,Ташкент,https://hh.ru/vacancy/126767592
Key Account Manager,Первый Бит,41.301803,69.269352,Mirabad,https://hh.ru/vacancy/128547604
Сетевой администратор,ISHONCH KREDIT SAVDO,NULL,NULL,Ташкент,https://hh.ru/vacancy/128529866
Финансовый менеджер,MIKA GROUP,NULL,NULL,Ташкент,https://hh.ru/vacancy/126637190
"Специалист по валидации и контролю фармацевтических процессов на завод ""LAXISAM PHARMACEUTICALS""",SORRENTO PHARM,41.357632,69.258159,Almazar,https://hh.ru/vacancy/128458843
Системный инженер по направлению Routing & Switching,Winncom Technologies CA,41.282338,69.264411,Yakkasaray,https://hh.ru/vacancy/112017560
Менеджер по продажам B2B,UNEX-GROUP,41.318459,69.314861,Mirzo Ulugbek,https://hh.ru/vacancy/128709837
Менеджер по закупкам,ИП ООО Alyans Distributions,41.299473,69.269837,Mirabad,https://hh.ru/vacancy/128137770
Бизнес-аналитик (начинающий),International Beverages Tashkent,41.216032,69.249275,Sergeli,https://hh.ru/vacancy/128464825
Product Manager / Product Owner CRM (FinTech / Hayot Bank),PROHR,NULL,NULL,Ташкент,https://hh.ru/vacancy/128657234
Системный/Бизнес аналитик,АКБ Тенге Банк,41.315039,69.321158,Yashnabad,https://hh.ru/vacancy/128729937
Главный инженер производства (Производство металлопродукции),ANCOR Uzbekistan,NULL,NULL,Ташкент,https://hh.ru/vacancy/128569813
Офис-менеджер,CCL Life Sciences DMCC,41.303138,69.267906,Mirabad,https://hh.ru/vacancy/128676641
Аналитик по продажам (Бизнес аналитик),DAMIRA BEVERAGES ENTERPRISE,41.298016,69.280554,Mirabad,https://hh.ru/vacancy/127536848
Маркетолог,BAHOR GULLARI,41.401704252580785,69.24377390709157,Ташкент,https://hh.ru/vacancy/128610658
Аналитик по потерям,BOSTON OIL TRADE (Uztobacco),41.27723115601255,69.33255854365481,Yashnabad,https://hh.ru/vacancy/128158413
PR-менеджер,Технологический парк программных продуктов и информационных технологий,41.342666,69.337858,Mirzo Ulugbek,https://hh.ru/vacancy/128118360
Бухгалтер,СП УЗБАТ А.О.,41.333018,69.281066,Yunusabad,https://hh.ru/vacancy/125470401
Руководитель отдела продаж,BTS Express Cargo Servis,41.264094,69.240813,Yakkasaray,https://hh.ru/vacancy/128554700
Сетевой инженер (г. Ташкент),CLICK,NULL,NULL,Ташкент,https://hh.ru/vacancy/127994407
Бренд-менеджер,ТМ N’MEDOV HOLDING,41.35803,69.26443,Almazar,https://hh.ru/vacancy/127593314
Механик-наладчик (упаковочно-сборочного оборудования),HEALTH LINE,41.217063,69.190597,Yangi hayot,https://hh.ru/vacancy/122434424
Модератор соцсети / Менеджер контента,OOO TELECONTACT,41.322773374959574,69.2828220552249,Yunusabad,https://hh.ru/vacancy/128557301
Office Manager/Офис менеджер,Fersol,41.31114,69.27973,Yunusabad,https://hh.ru/vacancy/127874774
Продавец-консультант,NURA-HIGH-TECHNOLOGIES,41.24589,69.34431,Yashnabad,https://hh.ru/vacancy/126312618
DevOps-инженер,HamkorBank,41.353063,69.23845,Almazar,https://hh.ru/vacancy/128561180
Материальный бухгалтер,ARKAN,NULL,NULL,Ташкент,https://hh.ru/vacancy/128711318
Инженер-конструктор,libinvest,41.265727,69.190237,Chilanzar,https://hh.ru/vacancy/128472645
"Начальник отдела маркетинга (FMCG, Ташкент)",NATURAL JUICE,NULL,NULL,Ташкент,https://hh.ru/vacancy/128175804
System architect,ROMANOV MEHANICA GROUP XUSUSIY BANDLIK AGENTLIGI,41.341495,69.3366,Mirzo Ulugbek,https://hh.ru/vacancy/128633561
Региональный менеджер,New Retail ТМ SCHIEVER UZBEKISTAN,NULL,NULL,Ташкент,https://hh.ru/vacancy/128620989
Senior Data Scientist,ГЕТ ЭКСПЕРТС РЕКРУТМЕНТ,NULL,NULL,Ташкент,https://hh.ru/vacancy/128313351
Начинающий специалист,«UZUM TECHNOLOGIES»,41.314537,69.236564,Shaykhantahur,https://hh.ru/vacancy/126481482
Начальник инспекторской службы,STREETPARK SYSTEMS,41.299954,69.256677,Yakkasaray,https://hh.ru/vacancy/128377687
Начальник службы внутреннего аудита,Узавтосаноат,41.305983,69.278075,Mirabad,https://hh.ru/vacancy/128011587
Начальник отдела методологии учета Управления Бухучета и отчетности,АКБ Тенге Банк,41.315039,69.321158,Yashnabad,https://hh.ru/vacancy/128697030
Менеджер по маркетингу B2B,ITGLOBAL.COM,41.304479,69.267834,Mirabad,https://hh.ru/vacancy/128327722
"ATM, Kiosk, POS Supervisor",TBC,41.321757,69.284336,Yunusabad,https://hh.ru/vacancy/127615285
Инженер-конструктор,ARCHIQUAD,41.32230428053958,69.26454322985757,Shaykhantahur,https://hh.ru/vacancy/128692870
Менеджер по продажам,CYBERONE,41.283883,69.298772,Mirabad,https://hh.ru/vacancy/127934650
Менеджер по финансовым рискам (Risk Manager – Financial Risks ),UzAuto Motors,NULL,NULL,Ташкент,https://hh.ru/vacancy/128719615
Технический специалист поддержки (Customer Support) в BILLZ,TBC,41.304039,69.28306,Mirabad,https://hh.ru/vacancy/128068273
Руководитель отдела снабжения и закупа/Head of Procurement/категорийный менеджер,EPG-POS,41.294683,69.338954,Yashnabad,https://hh.ru/vacancy/128771538
Категорийный менеджер,SAPHIR DISTRIBUTION CO,41.31323,69.312579,Yashnabad,https://hh.ru/vacancy/128426574
SMM-менеджер,SOFTTECH GROUP,41.364664,69.287714,Yunusabad,https://hh.ru/vacancy/127961674
Рекрутер,Open («FUTURE OPEN TECHNOLOGY GROUP»),41.31576593354319,69.28254752645873,Yunusabad,https://hh.ru/vacancy/127644231
Рекрутер,OPEN BANK AJ,41.3155,69.28205,Yunusabad,https://hh.ru/vacancy/126825850
Рекрутер,OPEN BANK AJ,41.3155,69.28205,Yunusabad,https://hh.ru/vacancy/126825850
SMM-менеджер,Технологический парк программных продуктов и информационных технологий,41.342666,69.337858,Mirzo Ulugbek,https://hh.ru/vacancy/128120315
Руководитель отдела продаж,INFINITY AGENCY,41.27723162683261,69.17411925260492,Uchtepa,https://hh.ru/vacancy/128712473
Маркетолог,GETWORK XUSUSIY BANDLIK AGENTLIGI,41.332483,69.289591,Yunusabad,https://hh.ru/vacancy/128117732
Project Manager / Scrum Master,BELLISSIMO PIZZA INTERNATIONAL,41.297942,69.249418,Yakkasaray,https://hh.ru/vacancy/127615063
Технолог (пищевое/масложировое производство),MONARX PRODUCTS,41.202973,69.224077,Yangi hayot,https://hh.ru/vacancy/127273105
Product Owner,TBC,NULL,NULL,Ташкент,https://hh.ru/vacancy/128249443
Мобилограф,Ibrayev Rustam Abdujalilovich,41.28346,69.3398,Yashnabad,https://hh.ru/vacancy/128720915
Специалист по информационной безопасности,UzCarlsberg,NULL,NULL,Ташкент,https://hh.ru/vacancy/128029234
"Руководитель направления ""Накопления"" - депозиты, копилка (Tez)",HamkorBank,41.288206,69.231973,Chilanzar,https://hh.ru/vacancy/128738486
Специалист по товародвижению,ИП ООО Xalq Retail,41.285841,69.330204,Yashnabad,https://hh.ru/vacancy/127479979
Маркетолог,Artatelier_chocolate,41.304648,69.32114,Yashnabad,https://hh.ru/vacancy/128691630
Руководитель проектов (логистика / e-commerce),DAILY MAIL,41.239315,69.316478,Ташкент,https://hh.ru/vacancy/128393897
Специалист по инвентарному учёту,TBC,41.311144,69.279728,Yunusabad,https://hh.ru/vacancy/127822894
Инженер по информационной безопасности,TIMSOH,NULL,NULL,Ташкент,https://hh.ru/vacancy/127524248
Senior PPC Specialist,AVO.UZ,41.294297,69.282836,Mirabad,https://hh.ru/vacancy/128734995
Специалист отдела мониторинга,Mobile Solutions,41.331224,69.348512,Mirzo Ulugbek,https://hh.ru/vacancy/128476531
SMM-менеджер / Видеограф (универсальный специалист),AVANTAGE GROUP,41.364664,69.287714,Yunusabad,https://hh.ru/vacancy/128632712
Руководитель координаторов по доставке,ORIENTSWISS TASHKENT,41.21914551736878,69.23850899867068,Sergeli,https://hh.ru/vacancy/128555921
Старший исполнительный директор по бизнесу,JAKO,41.311144,69.279728,Yunusabad,https://hh.ru/vacancy/128394541
Преподователь корейского языка,SMART ASSESSMENT,41.29427320846565,69.22350074349481,Chilanzar,https://hh.ru/vacancy/128719434
Менеджер по продукту (E-commerce),M COSMETIC (ИП ООО SFERA VOSTOK),41.333542892145786,69.28596164084102,Yunusabad,https://hh.ru/vacancy/128174548
Графический дизайнер,SAN VITO DRINKS,NULL,NULL,Ташкент,https://hh.ru/vacancy/128705092
QA Инженер Manual (Mobile),АО ANOR BANK,NULL,NULL,Ташкент,https://hh.ru/vacancy/127981861
Авиакассир,Silk Road Adventures,41.32241723074695,69.30296455952382,Mirzo Ulugbek,https://hh.ru/vacancy/128665702
HR & Recruiter,Fido Studio,41.349584,69.370745,Mirzo Ulugbek,https://hh.ru/vacancy/128228125
Специалист технической поддержки,Eman,41.355399,69.253272,Almazar,https://hh.ru/vacancy/127369385
Менеджер по работе с клиентами,Galaktika Biznes,41.319976,69.300856,Mirzo Ulugbek,https://hh.ru/vacancy/128259232
Менеджер по операционным рискам (Risk Manager - Operational Risks),UzAuto Motors,NULL,NULL,Ташкент,https://hh.ru/vacancy/128719709
Логопед дефектолог,KINDER DREAMS,41.286858314919925,69.26273474056796,Yakkasaray,https://hh.ru/vacancy/128625971
Начальник юридической службы «Махам-Чирчик»,Узкимёсаноат,41.472659,69.581229,Ташкент,https://hh.ru/vacancy/128553338
Фотограф,INTOUCH,41.295991,69.1752,Uchtepa,https://hh.ru/vacancy/128692583
Ведущий аналитик данных CVM,AVO.UZ,41.294297,69.282836,Mirabad,https://hh.ru/vacancy/128086494
Директор производственного предприятия (текстиль),ZUMA - PHARMA,41.252977,69.411349,Yangi Tashkent,https://hh.ru/vacancy/128553903
Старший финансовый аналитик (FP&A),«UZUM TECHNOLOGIES»,41.29576,69.274904,Mirabad,https://hh.ru/vacancy/128011871
Коммерческий Директор на фармпроизводственное предприятие (Паркент),ZUMA - PHARMA,NULL,NULL,Ташкент,https://hh.ru/vacancy/128553050
Руководитель отдела мониторинга информационных систем и ресурсов,ГУП Центр обработки налоговых данных при Государственном налоговом комитете Республики Узбекистан,41.324466,69.252024,Shaykhantahur,https://hh.ru/vacancy/127838791
Инспектор по кадром,ONE HOUSE (СП ООО MEGA LOGISTICS SERVICE),41.272593,69.267376,Yakkasaray,https://hh.ru/vacancy/128621201
Аналитик данных CVM,AVO.UZ,41.294297,69.282836,Mirabad,https://hh.ru/vacancy/128077734
Операционный аналитик/Бизнес аналитик,Korzinka (Anglesey food),NULL,NULL,Ташкент,https://hh.ru/vacancy/128695696
Координатор проектов,Korzinka (Anglesey food),NULL,NULL,Ташкент,https://hh.ru/vacancy/128695656
Специалист система менеджмента качества (СМК),Bayan Medical,41.339728,69.303362,Yunusabad,https://hh.ru/vacancy/127935509
Senior Graphic Motion Designer,ГЕТ ЭКСПЕРТС РЕКРУТМЕНТ,NULL,NULL,Ташкент,https://hh.ru/vacancy/128133833
DevOps Engineer,Garant bank,NULL,NULL,Ташкент,https://hh.ru/vacancy/128025025
Категорийный менеджер,JETI ASPAN,41.316244,69.252625,Shaykhantahur,https://hh.ru/vacancy/127445530
Трейд-маркетолог,ИП ООО PALMUP,41.29729,69.29442,Yashnabad,https://hh.ru/vacancy/128592357
Координатор,ZUMA - PHARMA,41.25574,69.43838,Yangi Tashkent,https://hh.ru/vacancy/126094395
Главный инженер в медицинскую клинику,Группа компаний МЕДСИ,41.3399993,69.3744795,Mirzo Ulugbek,https://hh.ru/vacancy/128669325
Руководитель отдела транспортной логистики,ИП ООО Xalq Retail,41.311144,69.279728,Yunusabad,https://hh.ru/vacancy/128700796
Менеджер по мониторингу кредитов,TBC,NULL,NULL,Ташкент,https://hh.ru/vacancy/128142474
Трейд-маркетолог,QUARTER ASPECT,NULL,NULL,Ташкент,https://hh.ru/vacancy/128580046
Системный аналитик,CORE TECHNOLOGY,41.294360793056455,69.28844815974928,Mirabad,https://hh.ru/vacancy/128630246
Коммерческий директор (CCO),MEDIVA RESORT,41.32066122012369,69.29001157172843,Yunusabad,https://hh.ru/vacancy/128143438
Kadrlar ishlari bo‘yicha direktor / Директор по кадровым делам,GLOBAL MEDICAL CENTER,41.21648,69.22714,Sergeli,https://hh.ru/vacancy/127961647
"Ingliz tili o'qituvchisi / English Teacher / Учитель английского языка (IELTS, Multilevel)",Rashidov Khumoyun,41.31114,69.27973,Yunusabad,https://hh.ru/vacancy/128450456
Архитектор,TOWER UP,41.243633978983326,69.25911803572085,Ташкент,https://hh.ru/vacancy/128413176
Промо-менеджер,Gatter-Group,41.27529,69.223879,Chilanzar,https://hh.ru/vacancy/128659610
Конструктор мебельного производства (AutoCAD / Shop Drawing Specialist),FURNITURE MAKER,NULL,NULL,Ташкент,https://hh.ru/vacancy/128696051
Менеджер по маркетингу,STREETPARK SYSTEMS,41.299954,69.256677,Yakkasaray,https://hh.ru/vacancy/128694707
Бизнес-аналитик в корпоративный блок,FULL STACK SOLUTION,41.336342,69.282432,Yunusabad,https://hh.ru/vacancy/126113329
Главный технолог,ИП ООО AURUM GLOBAL GROUP,NULL,NULL,Ташкент,https://hh.ru/vacancy/128653162
Менеджер по туризму (Европа),Elite tours,NULL,NULL,Ташкент,https://hh.ru/vacancy/127559716
Маркетолог,ROODELL,NULL,NULL,Ташкент,https://hh.ru/vacancy/128583033
Менеджер по персоналу,ZOMMER PHARMA DISTRIBUTION,41.302338,69.258123,Yakkasaray,https://hh.ru/vacancy/128469125
Менеджер по продажам,YATT XUDOYBERDIYEVA XILOLA FAXRIDDINOVNA,NULL,NULL,Ташкент,https://hh.ru/vacancy/128724858
Архитектор SAP BPC \ BW/4HANA,FULL STACK SOLUTION,41.336342,69.282432,Yunusabad,https://hh.ru/vacancy/128554092
Технолог,AJ “O'zTMK”,41.303449,69.321904,Yashnabad,https://hh.ru/vacancy/128553924
Начальник отдела/главный специалист отдела операционных и репутационных рисков (APEX BANK),APEX BANK,NULL,NULL,Ташкент,https://hh.ru/vacancy/128553798
Специалист по взысканию задолженности,CLEVER MIKROMOLIYA TASHKILOTI,41.346125,69.230141,Almazar,https://hh.ru/vacancy/128553990
DevOps engineer,АКБ Агробанк,41.319508,69.253551,Shaykhantahur,https://hh.ru/vacancy/127922788
Главный специалист отдела управления кредитным риском,APEX BANK,NULL,NULL,Ташкент,https://hh.ru/vacancy/128553731
HR-менеджер / Менеджер по персоналу,NCS,41.306294,69.273161,Mirabad,https://hh.ru/vacancy/128547847
Менеджер по персоналу,Open («FUTURE OPEN TECHNOLOGY GROUP»),NULL,NULL,Ташкент,https://hh.ru/vacancy/128154189
Энергетик (Фарм производство),NAVBAHOR HOLDING (Memory Pharm AG),41.371567,69.244936,Almazar,https://hh.ru/vacancy/128708194
Инженер по информационной безопасности,Omni System,41.330519,69.305222,Mirzo Ulugbek,https://hh.ru/vacancy/128694879
Водитель со своим авто,OLAN HIGH TECH PROJECT,41.351276,69.261546,Almazar,https://hh.ru/vacancy/128694312
Медицинский представитель - Toshkent shahar va barcha viloyatlarga,NEST PHARM DISTRIBUTION,41.31183700522876,69.25252874090575,Shaykhantahur,https://hh.ru/vacancy/128580669
Администратор шоурума,ERGO,41.30834,69.269253,Mirabad,https://hh.ru/vacancy/128090701
Face-to-face fundraising specialist,SOS Children`s Villages Uzbekistan,41.287318,69.272936,Mirabad,https://hh.ru/vacancy/127920555
Бизнес-аналитик (Hayot Bank),PROHR,NULL,NULL,Ташкент,https://hh.ru/vacancy/128658123
Главный инженер (пищевое производство),NAVRUZ INTERNATIONAL CORP.,41.38651,69.3641,Ташкент,https://hh.ru/vacancy/128624053
Менеджер по взысканию корпоративных долгов,Ipotekabank OTP Group,41.315133,69.2843,Mirzo Ulugbek,https://hh.ru/vacancy/123195693
"Начальник отдела розничных продаж ОП ""Ташкент""",АО ANOR BANK,41.329368,69.322981,Mirzo Ulugbek,https://hh.ru/vacancy/128578881
Инженер-Энергетик,BUILDING-MEGA-SERVICE,41.28601,69.25377,Yakkasaray,https://hh.ru/vacancy/128551722
Менеджер по контролю качества (Молочное производство),NAVRUZ INTERNATIONAL CORP.,41.38651,69.3641,Ташкент,https://hh.ru/vacancy/128501213
Руководитель отдела внедрения 1С,Первый Бит,41.301803,69.269352,Mirabad,https://hh.ru/vacancy/128547582
Руководитель департамента контроля качества и стандартов,GTG OPERATION,41.223643,69.334327,Bektemir,https://hh.ru/vacancy/128581929
Специалист отдела кадров / HR-менеджер,Garmoniya Food Trade,41.333167,69.315642,Yunusabad,https://hh.ru/vacancy/128709770
Коммерческий аналитик,UNITEL LLC,41.341149,69.335711,Mirzo Ulugbek,https://hh.ru/vacancy/128387880
Network Engineer (VXLAN),InFinBank,41.30812198800945,69.27560918800819,Mirabad,https://hh.ru/vacancy/127539746
Junior Office & Operations Assistant,GEOMOTIVE CIS,NULL,NULL,Ташкент,https://hh.ru/vacancy/128568056
Менеджер по продажам (работа с лидами),MLCOMMUNITY,41.3101060404627,69.28001162588689,Yunusabad,https://hh.ru/vacancy/128715046
RETAIL DIRECTOR (Fashion / Apparel Retail),Aynimo,NULL,NULL,Ташкент,https://hh.ru/vacancy/128714775
Руководитель направления розничного кредитования,ГЕТ ЭКСПЕРТС РЕКРУТМЕНТ,NULL,NULL,Ташкент,https://hh.ru/vacancy/128625618
Системный аналитик (DWH),CSSSR,NULL,NULL,Ташкент,https://hh.ru/vacancy/128310418
Заместитель начальника лаборатории,AJ “O'zTMK”,41.303449,69.321904,Yashnabad,https://hh.ru/vacancy/128222361
Графический дизайнер,BLOOM ARCH,41.305007,69.32485,Yashnabad,https://hh.ru/vacancy/128623554
Продукт менеджер в фарм компании,Inso Farm Deluxe,41.364664,69.287696,Yunusabad,https://hh.ru/vacancy/127810918
Старший специалист по обучению и развитию персонала (Тренер),HamkorBank,NULL,NULL,Ташкент,https://hh.ru/vacancy/128556798
Моушн-дизайнер,ICE FRUTS,41.294331,69.220457,Chilanzar,https://hh.ru/vacancy/128643230
Руководитель отдела ПРОМО,Bayan Medical,41.339728,69.303362,Yunusabad,https://hh.ru/vacancy/128655615
Учитель по Шахматам,Horun Academy,41.331359,69.247873,Almazar,https://hh.ru/vacancy/128567276
LTI / C&B Manager,Social Discovery Group,NULL,NULL,Ташкент,https://hh.ru/vacancy/128001825
Кладовщик в автосервис Kia,ROODELL,41.353544,69.266531,Almazar,https://hh.ru/vacancy/128672417
Специалист по тендерной документации,ПУ CHINA NATIONAL LOGGING CORPORATION CO LTD,41.292867,69.264932,Yakkasaray,https://hh.ru/vacancy/128419340
Директор по персоналу (HRD),ИП ООО AURUM GLOBAL GROUP,42.351559,64.233567,Ташкент,https://hh.ru/vacancy/128631149
Специалист по расчетам и замерам мебели,ERGO,41.30834,69.269253,Mirabad,https://hh.ru/vacancy/128692281
Специалист по телефонным продажам,TBC,41.304039,69.28306,Mirabad,https://hh.ru/vacancy/125401750
Менеджер портфеля изменений (CR),HamkorBank,41.353063,69.23845,Almazar,https://hh.ru/vacancy/127921770
Учитель английского языка (SCIENCE),CENTILLION PLUS,41.215354,69.215148,Sergeli,https://hh.ru/vacancy/128705923
Accountant (Work place in Dhizak) with English language,ИП ООО JINTING AUTOMOBILE ELECTRIC,40.097499,67.871744,Ташкент,https://hh.ru/vacancy/128113255
Маркетолог-аналитик,ERGO,41.30834,69.269253,Mirabad,https://hh.ru/vacancy/127980856
Менеджер финансовой отчетности,«UZUM TECHNOLOGIES»,41.295767,69.274922,Mirabad,https://hh.ru/vacancy/128011274
Head of Funding and Liquidity Desk,SQB BOSH BANK,41.31224895155106,69.24642940693383,Shaykhantahur,https://hh.ru/vacancy/127899097
Су шеф,GIJDUVON LABZAK,41.32932865427953,69.26054913757133,Shaykhantahur,https://hh.ru/vacancy/128631799
Маркетолог,Garmoniya Food Trade,41.333167,69.315642,Yunusabad,https://hh.ru/vacancy/127142884
Заместитель руководителя отдела продаж (РОП),ZUMA - PHARMA,NULL,NULL,Ташкент,https://hh.ru/vacancy/128359413
Аналитик данных в департамент маркетинга,Korzinka (Anglesey food),41.349354,69.226475,Almazar,https://hh.ru/vacancy/128673086
Руководитель call-centre,CLEVER MIKROMOLIYA TASHKILOTI,41.346125,69.230141,Almazar,https://hh.ru/vacancy/128298282
Старший администратор процессинговых систем,HamkorBank,40.76951741554397,72.3421242537697,Ташкент,https://hh.ru/vacancy/127999714
Специалист по информационным технологиям,KAFIL SUGURTA,41.318858,69.296239,Mirzo Ulugbek,https://hh.ru/vacancy/127941943
Менеджер по подбору персонала / рекрутер / HR,OLAN HIGH TECH PROJECT,41.351276,69.261546,Almazar,https://hh.ru/vacancy/128657427
DevOps инженер,AVO.UZ,NULL,NULL,Ташкент,https://hh.ru/vacancy/128308506
Видеограф,STREETPARK SYSTEMS,41.299954,69.256677,Yakkasaray,https://hh.ru/vacancy/128694937
Специалист по маркетингу (производство / продажа фибробетона),OOO OZGUVEN MIMARLIK INSHAAT,41.31114,69.27973,Yunusabad,https://hh.ru/vacancy/128527313
Руководитель судебного департамента (Дирекция корпоративного взыскания),Ipotekabank OTP Group,41.315133,69.2843,Mirzo Ulugbek,https://hh.ru/vacancy/127629857
HR-Менеджер / Специалист по персоналу (со знанием английского языка),PRO-STAFF,NULL,NULL,Ташкент,https://hh.ru/vacancy/128658835
Специалист по интеграции 1С,Antal International Tashkent Xususiy Bandlik Agentligi,NULL,NULL,Ташкент,https://hh.ru/vacancy/126968695
Юрист в консалтинг,Central Asia Consulting (ООО PRO BUSINESS ADVICE),41.32689,69.283114,Yunusabad,https://hh.ru/vacancy/127755580
Контент-мейкер/ Видеооператор-монтажер,TEXNOHOLDING,41.321161,69.274194,Yunusabad,https://hh.ru/vacancy/128710957
Продукт оунер (партнёрство),HamkorBank,41.277032,69.297748,Mirabad,https://hh.ru/vacancy/128689271
Эколог,AJ “O'zTMK”,41.303449,69.321904,Yashnabad,https://hh.ru/vacancy/128552921
Tech Lead in Customer service,Ipotekabank OTP Group,41.278421,69.305644,Mirabad,https://hh.ru/vacancy/127851788
Проектировщик (35–220 кВ),ITALYCRANE,NULL,NULL,Ташкент,https://hh.ru/vacancy/128670874
Менеджер по продажам,CENTER FOR DIGITAL TECHNOLOGY AND INNOVATION,41.304648,69.321113,Yashnabad,https://hh.ru/vacancy/127349423
Traditional & Digital Art Teacher,НОУ Canadian International School of Tashkent,41.29921,69.29244,Yashnabad,https://hh.ru/vacancy/127904499
Менеджер по привлечению партнеров (со знанием узбекского языка),HuntIT,NULL,NULL,Ташкент,https://hh.ru/vacancy/128435290
Менеджер ООК (фармацевтическое производство),NAVBAHOR HOLDING (Memory Pharm AG),41.371567,69.244936,Almazar,https://hh.ru/vacancy/128554016
Receptionist,W YADO HOTEL,41.286675,69.26884,Mirabad,https://hh.ru/vacancy/127991395
Руководитель КРО,BOSTON OIL TRADE (Uztobacco),41.27723115601255,69.33255854365481,Yashnabad,https://hh.ru/vacancy/128270825
Junior | Младший специалист по компенсациям и льготам,АИКБ ИПАК ЙУЛИ БАНК,41.297339,69.285926,Mirabad,https://hh.ru/vacancy/128720351
Аналитик данных,ROODELL,NULL,NULL,Ташкент,https://hh.ru/vacancy/128623591
PR-менеджер,NURA-HIGH-TECHNOLOGIES,NULL,NULL,Ташкент,https://hh.ru/vacancy/127277597
Sotuv Menejeri,Eurosoft,NULL,NULL,Ташкент,https://hh.ru/vacancy/127963110
Видеомонтажёр / моушн-дизайнер,SOLIQ KONSTRUKTOR,41.251356,69.217986,Sergeli,https://hh.ru/vacancy/128676805
Руководитель отдела продаж,INZARE,NULL,NULL,Ташкент,https://hh.ru/vacancy/128133112
Key Account Manager (B2B),Mirad,25.184078,55.25982,Ташкент,https://hh.ru/vacancy/128547768
Texnik yordamchi,ART OF BUSINESS ASSISTANCE,NULL,NULL,Ташкент,https://hh.ru/vacancy/127426264
Project Manager Uzum Avto,«UZUM TECHNOLOGIES»,41.31852,69.299095,Mirzo Ulugbek,https://hh.ru/vacancy/128301293
"Архитектор-Дизайнер (3D Моделирование, Эскиз и Концепция)",TOWER UP,41.243593,69.25903,Ташкент,https://hh.ru/vacancy/128423401
Менеджер по ресурсам,OCTO,41.288192,69.251781,Yakkasaray,https://hh.ru/vacancy/126825110
Технолог кондитерского производства,XOLVA,41.36627419074375,69.33039743141913,Ташкент,https://hh.ru/vacancy/128591027
Внутренний аудитор,UZCARD (АО ЕОПЦ),NULL,NULL,Ташкент,https://hh.ru/vacancy/128692884
Менеджер по цифровым технологиям (Digital маркетолог),EVOS,NULL,NULL,Ташкент,https://hh.ru/vacancy/128608971
Мобилограф (Контент-мейкер),СП ООО ARION,39.675291769576816,66.96714784240915,Ташкент,https://hh.ru/vacancy/128607207
Главный механик (Производство металлопродукции),ANCOR Uzbekistan,NULL,NULL,Ташкент,https://hh.ru/vacancy/128569774
Эксперт по МСФО\IFRS - Ментор для учебного центра,BCLOUDS,41.274809,69.263567,Yakkasaray,https://hh.ru/vacancy/128718891
Сетевой инженер,FULL STACK SOLUTION,41.336342,69.282432,Yunusabad,https://hh.ru/vacancy/126397451
Специалист по маркетинговым коммуникациям,Korzinka (Anglesey food),NULL,NULL,Ташкент,https://hh.ru/vacancy/128575162
Trigger Center Manager,Radius,41.32187363742316,69.25514260845802,Shaykhantahur,https://hh.ru/vacancy/128063537
B2B Customer Value Manager,АО ANOR BANK,41.306674,69.284839,Yashnabad,https://hh.ru/vacancy/128157964
СММ специалист,Zeppelin Central Asia Machinery,41.23507,69.247361,Ташкент,https://hh.ru/vacancy/128561248
Начальник отдела кадров,ТВОЕ,NULL,NULL,Ташкент,https://hh.ru/vacancy/128537700
Мобилограф / SMM-менеджер,ООО LuckyCar,41.297224,69.333034,Yashnabad,https://hh.ru/vacancy/128656608
Senior SAP consultant SAP MM/SD,Korzinka (Anglesey food),41.277798,69.271418,Yakkasaray,https://hh.ru/vacancy/128584492
Контент-менеджер,ALFA PRIBOR,41.358221,69.242079,Almazar,https://hh.ru/vacancy/128614356
Специалист департамента проблемных кредитов (Коллекшн),МФО Agat Credit,41.109877,69.713407,Ташкент,https://hh.ru/vacancy/128628285
Руководитель отдела продаж образовательного центра,HUMAN AND CAPITAL,NULL,NULL,Ташкент,https://hh.ru/vacancy/128557171
Технолог в фармацевтическую производственную компанию,Bayan Medical,41.339728,69.303362,Yunusabad,https://hh.ru/vacancy/128673986
Digital-маркетолог,ИП ООО OGMA PROJECTS,41.297088,69.293346,Yashnabad,https://hh.ru/vacancy/128658062
Маркетинг Менеджер (Фарма) / Marketing Manager (Pharma),ГЕТ ЭКСПЕРТС РЕКРУТМЕНТ,NULL,NULL,Ташкент,https://hh.ru/vacancy/128561516
DevOps Lead,SMART HR,NULL,NULL,Ташкент,https://hh.ru/vacancy/128283699
Head of Analytics,PAYNET,NULL,NULL,Ташкент,https://hh.ru/vacancy/128226817
Финансист,FURNITURE MAKER,NULL,NULL,Ташкент,https://hh.ru/vacancy/128696041
Системный аналитик (КК),HamkorBank,NULL,NULL,Ташкент,https://hh.ru/vacancy/127999704
Ассистент руководителя,ROODELL,41.234649,69.207413,Sergeli,https://hh.ru/vacancy/127007064
HR-бизнес-партнер (HR BP),Gatter-Group,41.27529,69.223879,Chilanzar,https://hh.ru/vacancy/128658749
Маркетолог,Eman,41.247533,69.187012,Chilanzar,https://hh.ru/vacancy/127783540
HR-бизнес-партнер (+L&D-обучение и развитие),NATURAL JUICE,41.323152,69.2843,Yunusabad,https://hh.ru/vacancy/124349156
Менеджер по работе с клиентами,Первый Бит,41.301817,69.269397,Mirabad,https://hh.ru/vacancy/128438898
"QA middle (E-payments method) - офис, Tashkent",CENTER FOR DIGITAL TECHNOLOGY AND INNOVATION,41.304648,69.321113,Yashnabad,https://hh.ru/vacancy/127092084
Механик,PIPE METAL,41.300392267987064,69.35622344312618,Yashnabad,https://hh.ru/vacancy/128672541
Менеджер бара,DORADO SEA FOOD,41.315602931509154,69.24308656677994,Shaykhantahur,https://hh.ru/vacancy/128672272
Специалист отдела Blue Team,ONESEC,41.342293,69.336905,Mirzo Ulugbek,https://hh.ru/vacancy/127939225
Менеджер по развитию регионального рынка Центральной Азии,LOGIC CUSTOMS,41.28059,69.239762,Yakkasaray,https://hh.ru/vacancy/127900349
Маркетолог-аналитик,Customer experience laboratory,41.30112890174323,69.30565175463036,Yashnabad,https://hh.ru/vacancy/128545963
Геофизик (сейсморазведка и переобработка),Fersol,NULL,NULL,Ташкент,https://hh.ru/vacancy/128123673
Метролог,Safia кондитерский дом,41.29711199065786,69.17898230555726,Uchtepa,https://hh.ru/vacancy/128008500
Ведущий специалист по курьерским операциям/KorzinkaGO,Korzinka (Anglesey food),41.269475,69.246571,Yakkasaray,https://hh.ru/vacancy/128098033
Маркировщик на склад,СП ООО TASHKENT TOBACCO DISTRIBUTION,41.272987249566235,69.28597415687815,Mirabad,https://hh.ru/vacancy/128354639
Менеджер по продажам,CSG-CA,41.364664,69.287714,Yunusabad,https://hh.ru/vacancy/128459082
Главный геолог,ИП ООО AURUM GLOBAL GROUP,41.311144,69.279728,Yunusabad,https://hh.ru/vacancy/128653036
Руководитель (направление планирования и управления ИТ подрядчиками),HamkorBank,41.353063,69.23845,Almazar,https://hh.ru/vacancy/127921733
Графический дизайнер,CENTRAL ASIAN UNIVERSITY,41.327939,69.427294,Yashnabad,https://hh.ru/vacancy/128657818
Brand Manager,Antal International Tashkent Xususiy Bandlik Agentligi,NULL,NULL,Ташкент,https://hh.ru/vacancy/126459905
Junior Product Manager,Представительство Alpen Pharma,NULL,NULL,Ташкент,https://hh.ru/vacancy/128621085
Ведущий специалист отдела кадров,ИП ООО ASVAD LOGISTIC,41.264107,69.327114,Yashnabad,https://hh.ru/vacancy/128708096
Специалист по кадровому делопроизводству (КДП),«UZUM TECHNOLOGIES»,41.321547,69.286609,Yunusabad,https://hh.ru/vacancy/128476339
Менеджер по продажам,iCORP,NULL,NULL,Ташкент,https://hh.ru/vacancy/128631361
Специалист по системе менеджмента качества (СМК),DAMIRA BEVERAGES ENTERPRISE,41.21211,69.27332,Sergeli,https://hh.ru/vacancy/126219197
