title,url,price_raw,price_value,price_currency,location_text,posted_date_raw,posted_date,time_raw,card_id,district_id,district_name
,https://www.olx.uz/d/obyavlenie/ogil-bolalar-uchun-kvartira-ID4alZP.html,,,,,,,,4alZP,20,almazar
Oʻgʻil bolalar uchun kvartira,https://www.olx.uz/d/obyavlenie/ogil-bolalar-uchun-kvartira-ID4alZP.html,900 000 сум Договорная,900000.0,сум,,,,,4alZP,20,almazar
,https://www.olx.uz/d/obyavlenie/zhk-olmazor-city-3-5-11-86m2-novostroyka-srochno-arenda-ID4e3Aj.html,,,,,,,,4e3Aj,20,almazar
"ЖК Olmazor City, 3/5/11 (86м2) Новостройка Срочно Аренда",https://www.olx.uz/d/obyavlenie/zhk-olmazor-city-3-5-11-86m2-novostroyka-srochno-arenda-ID4e3Aj.html,650 у.е.,650.0,у.е,,,,,4e3Aj,20,almazar
,https://www.olx.uz/d/obyavlenie/oylik-kvartira-oylik-kvartira-ID3vnYm.html,,,,,,,,3vnYm,20,almazar
Oylik kvartira. Ойлик квартира.,https://www.olx.uz/d/obyavlenie/oylik-kvartira-oylik-kvartira-ID3vnYm.html,650 000 сум,650000.0,сум,,,,,3vnYm,20,almazar
,https://www.olx.uz/d/obyavlenie/talaba-qizlarga-ijaraga-beriladi-ID48xfZ.html,,,,,,,,48xfZ,20,almazar
Talaba qizlarga ijaraga beriladi,https://www.olx.uz/d/obyavlenie/talaba-qizlarga-ijaraga-beriladi-ID48xfZ.html,100 у.е.,100.0,у.е,,,,,48xfZ,20,almazar
,https://www.olx.uz/d/obyavlenie/arenda-kvartira-kora-kamish-2-1-2-hona-ID4aMlo.html,,,,,,,,4aMlo,20,almazar
Аренда Квартира Кора камиш 2/1 2 хона,https://www.olx.uz/d/obyavlenie/arenda-kvartira-kora-kamish-2-1-2-hona-ID4aMlo.html,500 у.е.,500.0,у.е,,,,,4aMlo,20,almazar
,https://www.olx.uz/d/obyavlenie/zh-k-almazar-city-3-honali-elitnye-kvartiry-v-tsentre-goroda-ID3XUMM.html,,,,,,,,3XUMM,20,almazar
Ж/К Almazar City 3.хонали Элитные квартиры в центре города,https://www.olx.uz/d/obyavlenie/zh-k-almazar-city-3-honali-elitnye-kvartiry-v-tsentre-goroda-ID3XUMM.html,600 у.е.,600.0,у.е,,,,,3XUMM,20,almazar
,https://www.olx.uz/d/obyavlenie/sdaetsya-novaya-kv-zhk-almazar-siti-2-kom-7-9-ro-n-almazarskiy-ID4eNnd.html,,,,,,,,4eNnd,20,almazar
Сдаётся Новая кв ЖК Алмазар Сити 2-ком/7/9 ро-н Алмазарский,https://www.olx.uz/d/obyavlenie/sdaetsya-novaya-kv-zhk-almazar-siti-2-kom-7-9-ro-n-almazarskiy-ID4eNnd.html,500 у.е.,500.0,у.е,,,,,4eNnd,20,almazar
,https://www.olx.uz/d/obyavlenie/3017-sdam-2-komn-2-iz-9-yangi-almazar-almazar-siti-ID3teO7.html,,,,,,,,3teO7,20,almazar
(3017) Сдам 2-комн. 2 из 9 Янги Алмазар (Алмазар сити),https://www.olx.uz/d/obyavlenie/3017-sdam-2-komn-2-iz-9-yangi-almazar-almazar-siti-ID3teO7.html,600 у.е.,600.0,у.е,,,,,3teO7,20,almazar
,https://www.olx.uz/d/obyavlenie/335-sdam-2-komn-8-iz-9-guncha-metro-tinchlik-ID2Tb6B.html,,,,,,,,2Tb6B,20,almazar
[335] Сдам 2-комн. 8 из 9 Гунча (метро Тинчлик),https://www.olx.uz/d/obyavlenie/335-sdam-2-komn-8-iz-9-guncha-metro-tinchlik-ID2Tb6B.html,750 у.е. Договорная,750.0,у.е,,,,,2Tb6B,20,almazar
,https://www.olx.uz/d/obyavlenie/sebzorda-2-xonali-uyimni-ijaraga-beraman-640-ID4faVQ.html,,,,,,,,4faVQ,20,almazar
Sebzorda 2 xonali uyimni ijaraga beraman 640*,https://www.olx.uz/d/obyavlenie/sebzorda-2-xonali-uyimni-ijaraga-beraman-640-ID4faVQ.html,500 у.е.,500.0,у.е,,,,,4faVQ,20,almazar
,https://www.olx.uz/d/obyavlenie/olmazor-arendu-na-semyu-i-studentov-ID4fahM.html,,,,,,,,4fahM,20,almazar
Олмазор аренду на семью и студентов,https://www.olx.uz/d/obyavlenie/olmazor-arendu-na-semyu-i-studentov-ID4fahM.html,300 у.е.,300.0,у.е,,,,,4fahM,20,almazar
,https://www.olx.uz/d/obyavlenie/uzoq-muddatga-faqat-oilaga-ijara-ID4fbo4.html,,,,,,,,4fbo4,20,almazar
Uzoq muddatga faqat oilaga ijara,https://www.olx.uz/d/obyavlenie/uzoq-muddatga-faqat-oilaga-ijara-ID4fbo4.html,375 у.е.,375.0,у.е,,,,,4fbo4,20,almazar
,https://www.olx.uz/d/obyavlenie/arenda-kvartira-2-hona-abdulla-nabie-ID4eoc2.html,,,,,,,,4eoc2,20,almazar
Аренда Квартира 2 хона Абдулла Набие,https://www.olx.uz/d/obyavlenie/arenda-kvartira-2-hona-abdulla-nabie-ID4eoc2.html,450 у.е.,450.0,у.е,,,,,4eoc2,20,almazar
,https://www.olx.uz/d/obyavlenie/ijaraga-uy-bor-faqat-oila-qoyiladi-maklersiz-ID4eNdH.html,,,,,,,,4eNdH,20,almazar
Ijaraga uy bor. Faqat oila qo'yiladi. Maklersiz,https://www.olx.uz/d/obyavlenie/ijaraga-uy-bor-faqat-oila-qoyiladi-maklersiz-ID4eNdH.html,500 у.е.,500.0,у.е,,,,,4eNdH,20,almazar
,https://www.olx.uz/d/obyavlenie/sdaetsya-2-h-komnatnaya-kvartira-tinchlik-metro-ID4dR0J.html,,,,,,,,4dR0J,20,almazar
Сдается 2-х комнатная квартира Тинчлик метро,https://www.olx.uz/d/obyavlenie/sdaetsya-2-h-komnatnaya-kvartira-tinchlik-metro-ID4dR0J.html,600 у.е. Договорная,600.0,у.е,,,,,4dR0J,20,almazar
,https://www.olx.uz/d/obyavlenie/ogil-bollarga-bezmakler-kvartira-ID4a2lM.html,,,,,,,,4a2lM,20,almazar
O'g'il bollarga bezmakler kvartira,https://www.olx.uz/d/obyavlenie/ogil-bollarga-bezmakler-kvartira-ID4a2lM.html,80 у.е.,80.0,у.е,,,,,4a2lM,20,almazar
,https://www.olx.uz/d/obyavlenie/arenda-kvartira-almazar-o-r-olmazor-city-1-1-9-ID3V9iZ.html,,,,,,,,3V9iZ,20,almazar
Аренда Квартира Алмазар о-р Olmazor City 1/1/9,https://www.olx.uz/d/obyavlenie/arenda-kvartira-almazar-o-r-olmazor-city-1-1-9-ID3V9iZ.html,450 у.е. Договорная,450.0,у.е,,,,,3V9iZ,20,almazar
,https://www.olx.uz/d/obyavlenie/arenda-kvartira-almazar-o-r-olmazor-city-1-1-13-ID45Y70.html,,,,,,,,45Y70,20,almazar
Аренда Квартира Алмазар о-р Olmazor City 1/1/13,https://www.olx.uz/d/obyavlenie/arenda-kvartira-almazar-o-r-olmazor-city-1-1-13-ID45Y70.html,450 у.е. Договорная,450.0,у.е,,,,,45Y70,20,almazar
,https://www.olx.uz/d/obyavlenie/arenda-kvartira-almazar-o-r-olmazor-city-1-17-18-ID3V9jL.html,,,,,,,,3V9jL,20,almazar
Аренда Квартира Алмазар о-р Olmazor City 1/17/18,https://www.olx.uz/d/obyavlenie/arenda-kvartira-almazar-o-r-olmazor-city-1-17-18-ID3V9jL.html,450 у.е. Договорная,450.0,у.е,,,,,3V9jL,20,almazar
,https://www.olx.uz/d/obyavlenie/arenda-ganga-3-honalik-aaa1347-ID4eo9g.html,,,,,,,,4eo9g,20,almazar
Arenda Ganga 3 Honalik #AAA1347,https://www.olx.uz/d/obyavlenie/arenda-ganga-3-honalik-aaa1347-ID4eo9g.html,800 у.е.,800.0,у.е,,,,,4eo9g,20,almazar
,https://www.olx.uz/d/obyavlenie/olmazor-city-toshmiga-beruniyga-milliyga-yaqin-ID4fa1I.html,,,,,,,,4fa1I,20,almazar
Olmazor City Toshmiga Beruniyga Milliyga Yaqin,https://www.olx.uz/d/obyavlenie/olmazor-city-toshmiga-beruniyga-milliyga-yaqin-ID4fa1I.html,300 у.е.,300.0,у.е,,,,,4fa1I,20,almazar
,https://www.olx.uz/d/obyavlenie/arenda-kvartira-1-hona-chukursoy-almazskiy-rayon-ID4b3f4.html,,,,,,,,4b3f4,20,almazar
Аренда Квартира 1 хона Чукурсой Алмазский район,https://www.olx.uz/d/obyavlenie/arenda-kvartira-1-hona-chukursoy-almazskiy-rayon-ID4b3f4.html,300 у.е.,300.0,у.е,,,,,4b3f4,20,almazar
,https://www.olx.uz/d/obyavlenie/arenda-kvartira-1-hona-2-hona-kilingan-kora-kamish-1-4-ID40NVA.html,,,,,,,,40NVA,20,almazar
Аренда Квартира  1 хона 2 хона килинган Кора камиш 1/4,https://www.olx.uz/d/obyavlenie/arenda-kvartira-1-hona-2-hona-kilingan-kora-kamish-1-4-ID40NVA.html,350 у.е.,350.0,у.е,,,,,40NVA,20,almazar
,https://www.olx.uz/d/obyavlenie/arenda-kvartira-1-hona-kora-kamish-1-3-ID4czll.html,,,,,,,,4czll,20,almazar
Аренда Квартира 1 хона Кора камиш 1/3,https://www.olx.uz/d/obyavlenie/arenda-kvartira-1-hona-kora-kamish-1-3-ID4czll.html,350 у.е.,350.0,у.е,,,,,4czll,20,almazar
,https://www.olx.uz/d/obyavlenie/almazar-siti-2-komnat-arenda-srochno-olmazor-city-foto-realnye-almazar-ID4eN1r.html,,,,,,,,4eN1r,20,almazar
Алмазар сити 2 комнат АРЕНДА срочно Olmazor city ФОТО РЕАЛЬНЫЕ Almazar,https://www.olx.uz/d/obyavlenie/almazar-siti-2-komnat-arenda-srochno-olmazor-city-foto-realnye-almazar-ID4eN1r.html,450 у.е. Договорная,450.0,у.е,,,,,4eN1r,20,almazar
,https://www.olx.uz/d/obyavlenie/nest-one-toshkent-city-3-xona-park-tomon-a-blok-13-qavat-ID4aPnd.html,,,,,,,,4aPnd,20,almazar
"Nest one ( Toshkent city ) 3 xona, Park tomon A blok. 13 -qavat",https://www.olx.uz/d/obyavlenie/nest-one-toshkent-city-3-xona-park-tomon-a-blok-13-qavat-ID4aPnd.html,2 200 у.е. Договорная,2200.0,у.е,,,,,4aPnd,20,almazar
,https://www.olx.uz/d/obyavlenie/lisunova-loft-premium-kabinet-33-m-kovorking-ID4dFg8.html,,,,,,,,4dFg8,20,almazar
Лисунова LOFT PREMIUM кабинет 33 м² | Коворкинг |,https://www.olx.uz/d/obyavlenie/lisunova-loft-premium-kabinet-33-m-kovorking-ID4dFg8.html,400 у.е. Договорная,400.0,у.е,,,,,4dFg8,20,almazar
,https://www.olx.uz/d/obyavlenie/prodazha-arenda-kvartiry-v-zhk-nrg-jomiy-55m2-gotovaya-evro-remont-ID4f43T.html,,,,,,,,4f43T,20,almazar
"Продажа,Аренда квартиры в ЖК NRG “Jomiy” 55м2 готовая евро ремонт",https://www.olx.uz/d/obyavlenie/prodazha-arenda-kvartiry-v-zhk-nrg-jomiy-55m2-gotovaya-evro-remont-ID4f43T.html,550 у.е. Договорная,550.0,у.е,,,,,4f43T,20,almazar
,https://www.olx.uz/d/obyavlenie/kvartira-arenda-4-komnata-ID4eawn.html,,,,,,,,4eawn,20,almazar
Kvartira arenda 4 komnata,https://www.olx.uz/d/obyavlenie/kvartira-arenda-4-komnata-ID4eawn.html,700 у.е.,700.0,у.е,,,,,4eawn,20,almazar
,https://www.olx.uz/d/obyavlenie/arenda-2-komnatnoy-kvartiry-v-almazarskom-rayone-ID4f8RP.html,,,,,,,,4f8RP,20,almazar
Аренда 2-комнатной квартиры в Алмазарском районе,https://www.olx.uz/d/obyavlenie/arenda-2-komnatnoy-kvartiry-v-almazarskom-rayone-ID4f8RP.html,400 у.е.,400.0,у.е,,,,,4f8RP,20,almazar
,https://www.olx.uz/d/obyavlenie/srochno-arenda-kvartira-novastroyka-beltepa-stroymart-ID4eMYn.html,,,,,,,,4eMYn,20,almazar
Срочно Аренда Квартира Новастройка Белтепа Строймарт,https://www.olx.uz/d/obyavlenie/srochno-arenda-kvartira-novastroyka-beltepa-stroymart-ID4eMYn.html,500 у.е.,500.0,у.е,,,,,4eMYn,20,almazar
,https://www.olx.uz/d/obyavlenie/sdaetsya-kvartira-na-zhk-sagbon-ID3T9an.html,,,,,,,,3T9an,20,almazar
Сдаётся квартира на ЖК Сагбон‼️,https://www.olx.uz/d/obyavlenie/sdaetsya-kvartira-na-zhk-sagbon-ID3T9an.html,600 у.е.,600.0,у.е,,,,,3T9an,20,almazar
,https://www.olx.uz/d/obyavlenie/sdaetsya-kvartira-s-evro-remontom-ID2DzLO.html,,,,,,,,2DzLO,20,almazar
Сдаётся квартира с евро ремонтом!,https://www.olx.uz/d/obyavlenie/sdaetsya-kvartira-s-evro-remontom-ID2DzLO.html,700 у.е. Договорная,700.0,у.е,,,,,2DzLO,20,almazar
,https://www.olx.uz/d/obyavlenie/4-honali-izhara-kora-kamysh-ID4fb9s.html,,,,,,,,4fb9s,20,almazar
4 хонали ижара Кора Камыш,https://www.olx.uz/d/obyavlenie/4-honali-izhara-kora-kamysh-ID4fb9s.html,430 у.е.,430.0,у.е,,,,,4fb9s,20,almazar
,https://www.olx.uz/d/obyavlenie/arenda-metro-tinchlik-1-honali-2-honali-klingan-oilaga-beriladi-ID3d3KF.html,,,,,,,,3d3KF,20,almazar
Аренда метро тинчлик 1.хонали 2.хонали клинган оилага берилади,https://www.olx.uz/d/obyavlenie/arenda-metro-tinchlik-1-honali-2-honali-klingan-oilaga-beriladi-ID3d3KF.html,300 у.е.,300.0,у.е,,,,,3d3KF,20,almazar
,https://www.olx.uz/d/obyavlenie/nrg-jomiy-arenda-2-kom-ID46jl8.html,,,,,,,,46jl8,20,almazar
Nrg jomiy arenda 2 kom,https://www.olx.uz/d/obyavlenie/nrg-jomiy-arenda-2-kom-ID46jl8.html,750 у.е. Договорная,750.0,у.е,,,,,46jl8,20,almazar
,https://www.olx.uz/d/obyavlenie/kvartira-bez-makler-studentlarga-ID4f9HK.html,,,,,,,,4f9HK,20,almazar
Kvartira bez makler studentlarga,https://www.olx.uz/d/obyavlenie/kvartira-bez-makler-studentlarga-ID4f9HK.html,99 у.е.,99.0,у.е,,,,,4f9HK,20,almazar
,https://www.olx.uz/d/obyavlenie/arenda-kvartira-1-hona-kora-kamish-2-4-ID4ahFF.html,,,,,,,,4ahFF,20,almazar
Аренда Квартира 1 хона Кора камиш 2/4,https://www.olx.uz/d/obyavlenie/arenda-kvartira-1-hona-kora-kamish-2-4-ID4ahFF.html,400 у.е.,400.0,у.е,,,,,4ahFF,20,almazar
,https://www.olx.uz/d/obyavlenie/sagbon-nurafshon-3-honali-elitnye-kvartiry-v-tsentre-goroda-ID45tXZ.html,,,,,,,,45tXZ,20,almazar
Сагбон Нурафшон 3.хонали Элитные квартиры в центре города,https://www.olx.uz/d/obyavlenie/sagbon-nurafshon-3-honali-elitnye-kvartiry-v-tsentre-goroda-ID45tXZ.html,550 у.е.,550.0,у.е,,,,,45tXZ,20,almazar
,https://www.olx.uz/d/obyavlenie/sdam-svoyu-5-komnatnuyu-kvartiru-i-am-renting-out-my-5-room-apartment-ID3ZoXF.html,,,,,,,,3ZoXF,20,almazar
Сдам свою 5 комнатную квартиру I am renting out my 5-room apartment,https://www.olx.uz/d/obyavlenie/sdam-svoyu-5-komnatnuyu-kvartiru-i-am-renting-out-my-5-room-apartment-ID3ZoXF.html,1 000 у.е.,1000.0,у.е,,,,,3ZoXF,20,almazar
,https://www.olx.uz/d/obyavlenie/sdaetsya-v-dolgosrochnuyu-arendu-kvartira-v-zhk-imperial-club-city-ID4eRgs.html,,,,,,,,4eRgs,20,almazar
Сдается в долгосрочную аренду квартира в ЖК «Imperial club city»,https://www.olx.uz/d/obyavlenie/sdaetsya-v-dolgosrochnuyu-arendu-kvartira-v-zhk-imperial-club-city-ID4eRgs.html,1 400 у.е.,1400.0,у.е,,,,,4eRgs,20,almazar
,https://www.olx.uz/d/obyavlenie/nest-one-toshkent-city-3-xona-park-tomon-a-blok-13-qavat-ID4aPnd.html,,,,,,,,4aPnd,20,almazar
"Nest one ( Toshkent city ) 3 xona, Park tomon A blok. 13 -qavat",https://www.olx.uz/d/obyavlenie/nest-one-toshkent-city-3-xona-park-tomon-a-blok-13-qavat-ID4aPnd.html,2 200 у.е. Договорная,2200.0,у.е,,,,,4aPnd,20,almazar
,https://www.olx.uz/d/obyavlenie/sdaetsya-kvartira-v-arendu-ID30Gy5.html,,,,,,,,30Gy5,20,almazar
Сдаётся квартира в аренду,https://www.olx.uz/d/obyavlenie/sdaetsya-kvartira-v-arendu-ID30Gy5.html,600 у.е. Договорная,600.0,у.е,,,,,30Gy5,20,almazar
,https://www.olx.uz/d/obyavlenie/arenda-metro-tinchlik-1-honali-haladilnik-bor-oilaga-metro-oldida-ID3fgQg.html,,,,,,,,3fgQg,20,almazar
Аренда метро тинчлик 1.хонали халадилник бор оилага метро олдида,https://www.olx.uz/d/obyavlenie/arenda-metro-tinchlik-1-honali-haladilnik-bor-oilaga-metro-oldida-ID3fgQg.html,300 у.е.,300.0,у.е,,,,,3fgQg,20,almazar
,https://www.olx.uz/d/obyavlenie/arendaga-2-honali-uy-beriladi-bel-tepa-yangi-tashmi-ID3irIm.html,,,,,,,,3irIm,20,almazar
Арендага 2.хонали уй берилади бел тепа янги ташми,https://www.olx.uz/d/obyavlenie/arendaga-2-honali-uy-beriladi-bel-tepa-yangi-tashmi-ID3irIm.html,400 у.е.,400.0,у.е,,,,,3irIm,20,almazar
,https://www.olx.uz/d/obyavlenie/arenda-nrg-jomiy-2-4-9-ID4dYMm.html,,,,,,,,4dYMm,20,almazar
Аренда NRG Jomiy 2/4/9,https://www.olx.uz/d/obyavlenie/arenda-nrg-jomiy-2-4-9-ID4dYMm.html,800 у.е.,800.0,у.е,,,,,4dYMm,20,almazar
,https://www.olx.uz/d/obyavlenie/arenda-3-5-8-sagbon-zhk-baurum-ID4eWCh.html,,,,,,,,4eWCh,20,almazar
"Аренда 3/5/8 Сагбон , ЖК Baurum",https://www.olx.uz/d/obyavlenie/arenda-3-5-8-sagbon-zhk-baurum-ID4eWCh.html,750 у.е.,750.0,у.е,,,,,4eWCh,20,almazar
,https://www.olx.uz/d/obyavlenie/arenda-korakamish-1-honali-oilaga-beriladi-rasmdagi-uy-pustoy-ID2U6T0.html,,,,,,,,2U6T0,20,almazar
Аренда  коракамиш 1.хонали оилага берилади расмдаги уй пустой,https://www.olx.uz/d/obyavlenie/arenda-korakamish-1-honali-oilaga-beriladi-rasmdagi-uy-pustoy-ID2U6T0.html,250 у.е.,250.0,у.е,,,,,2U6T0,20,almazar
,https://www.olx.uz/d/obyavlenie/arenda-sebzar-2-4-9-500-ID4dYKu.html,,,,,,,,4dYKu,20,almazar
"Аренда Себзар 2/4/9, 500",https://www.olx.uz/d/obyavlenie/arenda-sebzar-2-4-9-500-ID4dYKu.html,500 у.е.,500.0,у.е,,,,,4dYKu,20,almazar
,https://www.olx.uz/d/obyavlenie/arenda-2-3-4-korakamish-1-2-ID3n5lN.html,,,,,,,,3n5lN,20,almazar
Аренда 2/3/4 Коракамиш 1/2,https://www.olx.uz/d/obyavlenie/arenda-2-3-4-korakamish-1-2-ID3n5lN.html,330 у.е.,330.0,у.е,,,,,3n5lN,20,almazar
,https://www.olx.uz/d/obyavlenie/arenda-sebzor-1-honali-2-honali-klingan-oilaga-beriladi-ID42a8c.html,,,,,,,,42a8c,20,almazar
Аренда Себзор 1.хонали 2.хонали клинган оилага берилади,https://www.olx.uz/d/obyavlenie/arenda-sebzor-1-honali-2-honali-klingan-oilaga-beriladi-ID42a8c.html,300 у.е.,300.0,у.е,,,,,42a8c,20,almazar
,https://www.olx.uz/d/obyavlenie/arenda-1-honali-2-honali-klingan-medgorodok-yangi-tashmi-ID48aBy.html,,,,,,,,48aBy,20,almazar
Аренда 1.хонали 2.хонали клинган медгородок янги ташми,https://www.olx.uz/d/obyavlenie/arenda-1-honali-2-honali-klingan-medgorodok-yangi-tashmi-ID48aBy.html,280 у.е.,280.0,у.е,,,,,48aBy,20,almazar
,https://www.olx.uz/d/obyavlenie/olmazorda-bollaga-studentlaga-arendaga-kvartira-bor-3-hona-1-etazh-ID4eVAA.html,,,,,,,,4eVAA,20,almazar
Олмазорда БОЛЛАГА/СТУДЕНТЛАГА Арендага квартира бор 3 хона 1-этаж,https://www.olx.uz/d/obyavlenie/olmazorda-bollaga-studentlaga-arendaga-kvartira-bor-3-hona-1-etazh-ID4eVAA.html,900 000 сум,900000.0,сум,,,,,4eVAA,20,almazar
,https://www.olx.uz/d/obyavlenie/kvartira-arendaga-beriladi-qoraqamish-2-4-3-xonali-ID3J6Jb.html,,,,,,,,3J6Jb,20,almazar
Kvartira Arendaga beriladi Qoraqamish 2/4 3 xonali,https://www.olx.uz/d/obyavlenie/kvartira-arendaga-beriladi-qoraqamish-2-4-3-xonali-ID3J6Jb.html,600 у.е.,600.0,у.е,,,,,3J6Jb,20,almazar
,https://www.olx.uz/d/obyavlenie/arenda-kvartira-mega-planet-yunusabad-ID4dCwl.html,,,,,,,,4dCwl,20,almazar
Аренда Квартира -МЕГА ПЛАНЕТ (Юнусабад),https://www.olx.uz/d/obyavlenie/arenda-kvartira-mega-planet-yunusabad-ID4dCwl.html,600 у.е. Договорная,600.0,у.е,,,,,4dCwl,20,almazar
,https://www.olx.uz/d/obyavlenie/arenda-metro-tinchlik-2-honali-oilaga-beriladi-ID48pNj.html,,,,,,,,48pNj,20,almazar
Аренда метро тинчлик 2.хонали оилага берилади,https://www.olx.uz/d/obyavlenie/arenda-metro-tinchlik-2-honali-oilaga-beriladi-ID48pNj.html,400 у.е. Договорная,400.0,у.е,,,,,48pNj,20,almazar
,https://www.olx.uz/d/obyavlenie/4-komnatnaya-evro-kvartira-v-tsentre-luxury-4-room-flat-tashkent-city-ID3IccM.html,,,,,,,,3IccM,20,almazar
4 комнатная евро квартира в центре. Luxury 4-room flat (Tashkent City),https://www.olx.uz/d/obyavlenie/4-komnatnaya-evro-kvartira-v-tsentre-luxury-4-room-flat-tashkent-city-ID3IccM.html,1 500 у.е.,1500.0,у.е,,,,,3IccM,20,almazar
,https://www.olx.uz/d/obyavlenie/arenda-kvartira-3-hona-korasaroy-oila-va-kizlarga-ID499KM.html,,,,,,,,499KM,20,almazar
Аренда Квартира 3 хона Корасарой оила ва кизларга,https://www.olx.uz/d/obyavlenie/arenda-kvartira-3-hona-korasaroy-oila-va-kizlarga-ID499KM.html,500 у.е.,500.0,у.е,,,,,499KM,20,almazar
,https://www.olx.uz/d/obyavlenie/arenda-kvartira-1-hona-kora-kamish-2-3-ID4eMm9.html,,,,,,,,4eMm9,20,almazar
Аренда Квартира 1 хона Кора камиш 2/3,https://www.olx.uz/d/obyavlenie/arenda-kvartira-1-hona-kora-kamish-2-3-ID4eMm9.html,400 у.е.,400.0,у.е,,,,,4eMm9,20,almazar
,https://www.olx.uz/d/obyavlenie/sdaetsya-kvartira-na-zhk-almazar-siti-ID3Dtqv.html,,,,,,,,3Dtqv,20,almazar
Сдаётся квартира на ЖК Алмазар сити‼️,https://www.olx.uz/d/obyavlenie/sdaetsya-kvartira-na-zhk-almazar-siti-ID3Dtqv.html,650 у.е.,650.0,у.е,,,,,3Dtqv,20,almazar
,https://www.olx.uz/d/obyavlenie/sdaetsya-3-3-9-73kv-tashkent-sity-gardens-ID4ejpR.html,,,,,,,,4ejpR,20,almazar
Сдается 3/3/9 73кв Tashkent sity Gardens,https://www.olx.uz/d/obyavlenie/sdaetsya-3-3-9-73kv-tashkent-sity-gardens-ID4ejpR.html,1 500 у.е.,1500.0,у.е,,,,,4ejpR,20,almazar
,https://www.olx.uz/d/obyavlenie/arenda-2-2-4-korakamish-2-4-ID49B0O.html,,,,,,,,49B0O,20,almazar
Аренда 2/2/4 Коракамиш 2/4,https://www.olx.uz/d/obyavlenie/arenda-2-2-4-korakamish-2-4-ID49B0O.html,400 у.е.,400.0,у.е,,,,,49B0O,20,almazar
,https://www.olx.uz/d/obyavlenie/arenda-2-2-4-korakamish-2-1-ID3lOzf.html,,,,,,,,3lOzf,20,almazar
Аренда 2/2/4 Коракамиш 2/1,https://www.olx.uz/d/obyavlenie/arenda-2-2-4-korakamish-2-1-ID3lOzf.html,350 у.е.,350.0,у.е,,,,,3lOzf,20,almazar
,https://www.olx.uz/d/obyavlenie/arenda-2-3-5-korakamish-2-5-ID3xuFG.html,,,,,,,,3xuFG,20,almazar
Аренда 2/3/5 Коракамиш 2/5,https://www.olx.uz/d/obyavlenie/arenda-2-3-5-korakamish-2-5-ID3xuFG.html,450 у.е.,450.0,у.е,,,,,3xuFG,20,almazar
,https://www.olx.uz/d/obyavlenie/tashkent-city-arenda-ID4eIvt.html,,,,,,,,4eIvt,20,almazar
Tashkent city Аренда,https://www.olx.uz/d/obyavlenie/tashkent-city-arenda-ID4eIvt.html,3 000 у.е.,3000.0,у.е,,,,,4eIvt,20,almazar
,https://www.olx.uz/d/obyavlenie/sdaetsya-novaya-2-komnatnaya-kvartira-mirzo-ulugbek-korzinka-aviator-ID4emXt.html,,,,,,,,4emXt,20,almazar
"Сдаётся новая 2-комнатная квартира | Мирзо-Улугбек, Korzinka Aviator",https://www.olx.uz/d/obyavlenie/sdaetsya-novaya-2-komnatnaya-kvartira-mirzo-ulugbek-korzinka-aviator-ID4emXt.html,799 у.е. Договорная,799.0,у.е,,,,,4emXt,20,almazar
,https://www.olx.uz/d/obyavlenie/arenda-u-tower-euro-lux-6-26-ID3W2J6.html,,,,,,,,3W2J6,20,almazar
Arenda U Tower euro lux 6/26,https://www.olx.uz/d/obyavlenie/arenda-u-tower-euro-lux-6-26-ID3W2J6.html,1 100 у.е.,1100.0,у.е,,,,,3W2J6,20,almazar
,https://www.olx.uz/d/obyavlenie/arenda-3-3-5-nurafshon-sagbon-ID3BbjL.html,,,,,,,,3BbjL,20,almazar
"Аренда 3/3/5 Нурафшон , Сагбон",https://www.olx.uz/d/obyavlenie/arenda-3-3-5-nurafshon-sagbon-ID3BbjL.html,500 у.е.,500.0,у.е,,,,,3BbjL,20,almazar
,https://www.olx.uz/d/obyavlenie/srochno-sdaetsya-kvartira-v-almazar-siti-3-7-13-ID39KjL.html,,,,,,,,39KjL,20,almazar
Срочно сдается квартира в Алмазар Сити! 3/7/13,https://www.olx.uz/d/obyavlenie/srochno-sdaetsya-kvartira-v-almazar-siti-3-7-13-ID39KjL.html,650 у.е.,650.0,у.е,,,,,39KjL,20,almazar
,https://www.olx.uz/d/obyavlenie/arenda-3-1-4-korakamish-2-4-ID3LSzB.html,,,,,,,,3LSzB,20,almazar
Аренда 3/1/4 Коракамиш 2/4,https://www.olx.uz/d/obyavlenie/arenda-3-1-4-korakamish-2-4-ID3LSzB.html,450 у.е.,450.0,у.е,,,,,3LSzB,20,almazar
,https://www.olx.uz/d/obyavlenie/qizlarga-kv-vuzgorodok-beruniy-metro-yosh-oila-bilan-birga-turishga-ID47X2P.html,,,,,,,,47X2P,20,almazar
"Qizlarga kv Vuzgorodok,  Beruniy Metro yosh oila bilan birga turishga",https://www.olx.uz/d/obyavlenie/qizlarga-kv-vuzgorodok-beruniy-metro-yosh-oila-bilan-birga-turishga-ID47X2P.html,1 000 000 сум Договорная,1000000.0,сум,,,,,47X2P,20,almazar
,https://www.olx.uz/d/obyavlenie/arenda-kvartira-2-hona-ts-13-labzak-ID4dYjq.html,,,,,,,,4dYjq,20,almazar
Аренда Квартира 2 хона Ц 13 Лабзак,https://www.olx.uz/d/obyavlenie/arenda-kvartira-2-hona-ts-13-labzak-ID4dYjq.html,700 у.е.,700.0,у.е,,,,,4dYjq,20,almazar
,https://www.olx.uz/d/obyavlenie/sdaetsya-kvartira-almazar-siti-novostroyka-ID4emTx.html,,,,,,,,4emTx,20,almazar
Сдаётся Квартира Алмазар  сити новостройка,https://www.olx.uz/d/obyavlenie/sdaetsya-kvartira-almazar-siti-novostroyka-ID4emTx.html,550 у.е.,550.0,у.е,,,,,4emTx,20,almazar
,https://www.olx.uz/d/obyavlenie/srochnoe-sdaetsya-kv-zhk-almazar-siti-2-kom-4-12-ro-n-almazarskiy-ID4dYh9.html,,,,,,,,4dYh9,20,almazar
СРОЧНОЕ Сдаётся кв ЖК Алмазар Сити 2-ком/4/12 ро-н Алмазарский,https://www.olx.uz/d/obyavlenie/srochnoe-sdaetsya-kv-zhk-almazar-siti-2-kom-4-12-ro-n-almazarskiy-ID4dYh9.html,480 у.е. Договорная,480.0,у.е,,,,,4dYh9,20,almazar
,https://www.olx.uz/d/obyavlenie/arenda-almazar-siti-novostroyka-ID3Hmxa.html,,,,,,,,3Hmxa,20,almazar
Аренда Алмазар сити новостройка,https://www.olx.uz/d/obyavlenie/arenda-almazar-siti-novostroyka-ID3Hmxa.html,450 у.е.,450.0,у.е,,,,,3Hmxa,20,almazar
,https://www.olx.uz/d/obyavlenie/srochnoe-sdaetsya-kv-zhk-almazar-siti-1-kom-6-18-ro-n-almazarskiy-ID4dYgr.html,,,,,,,,4dYgr,20,almazar
СРОЧНОЕ Сдаётся кв ЖК Алмазар Сити 1-ком/6/18 ро-н Алмазарский,https://www.olx.uz/d/obyavlenie/srochnoe-sdaetsya-kv-zhk-almazar-siti-1-kom-6-18-ro-n-almazarskiy-ID4dYgr.html,399 у.е. Договорная,399.0,у.е,,,,,4dYgr,20,almazar
,https://www.olx.uz/d/obyavlenie/sdaetsya-kvartira-almazar-siti-1-mesyats-ili-2-ID3VMnI.html,,,,,,,,3VMnI,20,almazar
Сдаётся квартира алмазар сити 1-месяц или 2,https://www.olx.uz/d/obyavlenie/sdaetsya-kvartira-almazar-siti-1-mesyats-ili-2-ID3VMnI.html,450 у.е.,450.0,у.е,,,,,3VMnI,20,almazar
,https://www.olx.uz/d/obyavlenie/qizlarga-kv-vuzgorodok-beruniy-metro-yosh-oila-bilan-birga-turishga-ID47X2P.html,,,,,,,,47X2P,20,almazar
"Qizlarga kv Vuzgorodok,  Beruniy Metro yosh oila bilan birga turishga",https://www.olx.uz/d/obyavlenie/qizlarga-kv-vuzgorodok-beruniy-metro-yosh-oila-bilan-birga-turishga-ID47X2P.html,1 000 000 сум Договорная,1000000.0,сум,,,,,47X2P,20,almazar
,https://www.olx.uz/d/obyavlenie/nrg-jomiy-arenda-2-kom-ID46jl8.html,,,,,,,,46jl8,20,almazar
Nrg jomiy arenda 2 kom,https://www.olx.uz/d/obyavlenie/nrg-jomiy-arenda-2-kom-ID46jl8.html,750 у.е. Договорная,750.0,у.е,,,,,46jl8,20,almazar
,https://www.olx.uz/d/obyavlenie/sdaetsya-kvartira-almazarskiy-rayon-ID4dhqH.html,,,,,,,,4dhqH,20,almazar
Сдается квартира Алмазарский район,https://www.olx.uz/d/obyavlenie/sdaetsya-kvartira-almazarskiy-rayon-ID4dhqH.html,700 у.е. Договорная,700.0,у.е,,,,,4dhqH,20,almazar
,https://www.olx.uz/d/obyavlenie/almazar-siti-novostroyka-srochno-sdaetsya-ID3G2xY.html,,,,,,,,3G2xY,20,almazar
Алмазар сити новостройка Срочно сдаётся,https://www.olx.uz/d/obyavlenie/almazar-siti-novostroyka-srochno-sdaetsya-ID3G2xY.html,430 у.е.,430.0,у.е,,,,,3G2xY,20,almazar
,https://www.olx.uz/d/obyavlenie/srochna-sdaetsya-arenda-kvartira-almazar-siti-ID3QhAx.html,,,,,,,,3QhAx,20,almazar
Срочна Сдаётся Аренда квартира Алмазар сити,https://www.olx.uz/d/obyavlenie/srochna-sdaetsya-arenda-kvartira-almazar-siti-ID3QhAx.html,430 у.е.,430.0,у.е,,,,,3QhAx,20,almazar
,https://www.olx.uz/d/obyavlenie/arenda-kvartira-kora-kamish-2-1-ID4dYg6.html,,,,,,,,4dYg6,20,almazar
Аренда Квартира Кора камиш 2/1,https://www.olx.uz/d/obyavlenie/arenda-kvartira-kora-kamish-2-1-ID4dYg6.html,450 у.е.,450.0,у.е,,,,,4dYg6,20,almazar
,https://www.olx.uz/d/obyavlenie/beruniy-metro-yonida-ijaraga-kvartira-bor-ID4eQOt.html,,,,,,,,4eQOt,20,almazar
Beruniy metro yonida ijaraga kvartira bor,https://www.olx.uz/d/obyavlenie/beruniy-metro-yonida-ijaraga-kvartira-bor-ID4eQOt.html,180 у.е.,180.0,у.е,,,,,4eQOt,20,almazar
,https://www.olx.uz/d/obyavlenie/2-x-450-metro-beruniy-agentstvo-nedvizhimosti-variantlar-rieltor-50-ID3KOb7.html,,,,,,,,3KOb7,20,almazar
2 x 450$ metro Beruniy Агентство недвижимости +VariantLar+ RieLtor_50%,https://www.olx.uz/d/obyavlenie/2-x-450-metro-beruniy-agentstvo-nedvizhimosti-variantlar-rieltor-50-ID3KOb7.html,450 у.е. Договорная,450.0,у.е,,,,,3KOb7,20,almazar
,https://www.olx.uz/d/obyavlenie/kora-kamish-1-2-3-2-4-ID4dYcO.html,,,,,,,,4dYcO,20,almazar
Кора-Камиш 1/2 3/2/4,https://www.olx.uz/d/obyavlenie/kora-kamish-1-2-3-2-4-ID4dYcO.html,550 у.е.,550.0,у.е,,,,,4dYcO,20,almazar
,https://www.olx.uz/d/obyavlenie/ijara-oilaga-1x-2xona-qilingan-qoraqamich-2-1-variyantlar-rieltor-50-ID3kdJV.html,,,,,,,,3kdJV,20,almazar
iJara OiLaGa 1x 2xona qilingan Qoraqamich 2/1 +VariyaNTLar RieLtor-50%,https://www.olx.uz/d/obyavlenie/ijara-oilaga-1x-2xona-qilingan-qoraqamich-2-1-variyantlar-rieltor-50-ID3kdJV.html,340 у.е. Договорная,340.0,у.е,,,,,3kdJV,20,almazar
,https://www.olx.uz/d/obyavlenie/qizlarga-ijara-900somdan-beruniy-drujba-qoraqamich-qoratow-rieltor-50-ID4dmrL.html,,,,,,,,4dmrL,20,almazar
QizLarga ijara 900somdan Beruniy Drujba Qoraqamich Qoratow RieLtor_50%,https://www.olx.uz/d/obyavlenie/qizlarga-ijara-900somdan-beruniy-drujba-qoraqamich-qoratow-rieltor-50-ID4dmrL.html,900 000 сум Договорная,900000.0,сум,,,,,4dmrL,20,almazar
,https://www.olx.uz/d/obyavlenie/sdaetsya-kv-zhk-almazar-siti-3-kom-7-18-ro-n-almazarskiy-ID3ZGWW.html,,,,,,,,3ZGWW,20,almazar
Сдаётся кв ЖК Алмазар Сити 3-ком/7/18 ро-н Алмазарский,https://www.olx.uz/d/obyavlenie/sdaetsya-kv-zhk-almazar-siti-3-kom-7-18-ro-n-almazarskiy-ID3ZGWW.html,550 у.е.,550.0,у.е,,,,,3ZGWW,20,almazar
,https://www.olx.uz/d/obyavlenie/sdaetsya-kvartira-zhk-almazar-siti-2-kom-3-9-ro-n-almazarskiy-ID3ZGUA.html,,,,,,,,3ZGUA,20,almazar
Сдаётся квартира ЖК Алмазар сити 2-ком/3/9 ро-н Алмазарский,https://www.olx.uz/d/obyavlenie/sdaetsya-kvartira-zhk-almazar-siti-2-kom-3-9-ro-n-almazarskiy-ID3ZGUA.html,500 у.е.,500.0,у.е,,,,,3ZGUA,20,almazar
,https://www.olx.uz/d/obyavlenie/arenda-2-kom-premium-kvartirira-zhk-olmazar-siti-600-u-e-ID3YmoF.html,,,,,,,,3YmoF,20,almazar
Аренда 2 ком. премиум квартирира ЖК Олмазар Сити. 600 у.е,https://www.olx.uz/d/obyavlenie/arenda-2-kom-premium-kvartirira-zhk-olmazar-siti-600-u-e-ID3YmoF.html,600 у.е.,600.0,у.е,,,,,3YmoF,20,almazar
,https://www.olx.uz/d/obyavlenie/kvartira-bez-makler-studentlarga-ID4f9HK.html,,,,,,,,4f9HK,20,almazar
Kvartira bez makler studentlarga,https://www.olx.uz/d/obyavlenie/kvartira-bez-makler-studentlarga-ID4f9HK.html,99 у.е.,99.0,у.е,,,,,4f9HK,20,almazar
,https://www.olx.uz/d/obyavlenie/arenda-1-komnatnoy-v-almazarskom-rayone-ID3Y5eC.html,,,,,,,,3Y5eC,20,almazar
Аренда 1-комнатной в Алмазарском районе,https://www.olx.uz/d/obyavlenie/arenda-1-komnatnoy-v-almazarskom-rayone-ID3Y5eC.html,350 у.е.,350.0,у.е,,,,,3Y5eC,20,almazar
,https://www.olx.uz/d/obyavlenie/sdam-svoyu-5-komnatnuyu-kvartiru-i-am-renting-out-my-5-room-apartment-ID3ZoXF.html,,,,,,,,3ZoXF,20,almazar
Сдам свою 5 комнатную квартиру I am renting out my 5-room apartment,https://www.olx.uz/d/obyavlenie/sdam-svoyu-5-komnatnuyu-kvartiru-i-am-renting-out-my-5-room-apartment-ID3ZoXF.html,1 000 у.е.,1000.0,у.е,,,,,3ZoXF,20,almazar
,https://www.olx.uz/d/obyavlenie/sdam-v-arendu-3-h-komnatnuyu-kvartiru-chitat-vnimatelno-ID3jyQ6.html,,,,,,,,3jyQ6,20,almazar
Сдам в аренду 3-х комнатную квартиру ЧИТАТЬ  ВНИМАТЕЛЬНО,https://www.olx.uz/d/obyavlenie/sdam-v-arendu-3-h-komnatnuyu-kvartiru-chitat-vnimatelno-ID3jyQ6.html,600 у.е.,600.0,у.е,,,,,3jyQ6,20,almazar
,https://www.olx.uz/d/obyavlenie/qoraqamish-1-2-da-1-xona-2-xona-qilingan-350-y-e-ID4ci3c.html,,,,,,,,4ci3c,20,almazar
qoraqamish 1/2 da 1 xona 2 xona qilingan 350 y.e,https://www.olx.uz/d/obyavlenie/qoraqamish-1-2-da-1-xona-2-xona-qilingan-350-y-e-ID4ci3c.html,350 у.е.,350.0,у.е,,,,,4ci3c,20,almazar
,https://www.olx.uz/d/obyavlenie/arenda-u-tower-euro-lux-6-26-ID3W2J6.html,,,,,,,,3W2J6,20,almazar
Arenda U Tower euro lux 6/26,https://www.olx.uz/d/obyavlenie/arenda-u-tower-euro-lux-6-26-ID3W2J6.html,1 100 у.е.,1100.0,у.е,,,,,3W2J6,20,almazar
,https://www.olx.uz/d/obyavlenie/sdaetsya-kv-zhk-mahtumkuli-2-kom-4-9-ro-n-yashnabadskiy-ID40gzs.html,,,,,,,,40gzs,20,almazar
"Сдаётся кв ЖК Махтумкули, 2-ком/4/9 ро-н, Яшнабадский",https://www.olx.uz/d/obyavlenie/sdaetsya-kv-zhk-mahtumkuli-2-kom-4-9-ro-n-yashnabadskiy-ID40gzs.html,550 у.е.,550.0,у.е,,,,,40gzs,20,almazar
,https://www.olx.uz/d/obyavlenie/ijaraga-2-xonalik-qoraqamish-2-1-gastranom-alo-kurug-ID4emyt.html,,,,,,,,4emyt,20,almazar
Ijaraga 2-xonalik Qoraqamish 2/1 Gastranom Alo Kurug,https://www.olx.uz/d/obyavlenie/ijaraga-2-xonalik-qoraqamish-2-1-gastranom-alo-kurug-ID4emyt.html,400 у.е.,400.0,у.е,,,,,4emyt,20,almazar
,https://www.olx.uz/d/obyavlenie/sdaetsya-kv-or-r-zhk-sagban-2-kom-ro-n-almazarskiy-ID40wfE.html,,,,,,,,40wfE,20,almazar
Сдаётся кв ор-р ЖК Сагбан 2-ком ро-н Алмазарский,https://www.olx.uz/d/obyavlenie/sdaetsya-kv-or-r-zhk-sagban-2-kom-ro-n-almazarskiy-ID40wfE.html,500 у.е.,500.0,у.е,,,,,40wfE,20,almazar
,https://www.olx.uz/d/obyavlenie/arenda-kvartira-mega-planet-yunusabad-ID4dCwl.html,,,,,,,,4dCwl,20,almazar
Аренда Квартира -МЕГА ПЛАНЕТ (Юнусабад),https://www.olx.uz/d/obyavlenie/arenda-kvartira-mega-planet-yunusabad-ID4dCwl.html,600 у.е. Договорная,600.0,у.е,,,,,4dCwl,20,almazar
,https://www.olx.uz/d/obyavlenie/kora-kamish-1-2-river-park-2-honali-elitnye-kvartiry-v-tsentre-goroda-ID4cgGt.html,,,,,,,,4cgGt,20,almazar
Кора-камиш 1/2 River Park 2.хонали Элитные квартиры в центре города,https://www.olx.uz/d/obyavlenie/kora-kamish-1-2-river-park-2-honali-elitnye-kvartiry-v-tsentre-goroda-ID4cgGt.html,550 у.е.,550.0,у.е,,,,,4cgGt,20,almazar
,https://www.olx.uz/d/obyavlenie/sebzor-tts-riveyra-3-honali-elitnye-kvartiry-v-tsentre-goroda-ID4cgVo.html,,,,,,,,4cgVo,20,almazar
Себзор ТЦ Ривейра 3.хонали Элитные квартиры в центре города,https://www.olx.uz/d/obyavlenie/sebzor-tts-riveyra-3-honali-elitnye-kvartiry-v-tsentre-goroda-ID4cgVo.html,700 у.е.,700.0,у.е,,,,,4cgVo,20,almazar
,https://www.olx.uz/d/obyavlenie/sdaetsya-kv-zhk-sagban-golden-haus-3-kom-ro-n-almazarskiy-ID4emr0.html,,,,,,,,4emr0,20,almazar
Сдаётся кв ЖК Сагбан Голден Хаус 3-ком ро-н Алмазарский,https://www.olx.uz/d/obyavlenie/sdaetsya-kv-zhk-sagban-golden-haus-3-kom-ro-n-almazarskiy-ID4emr0.html,500 у.е.,500.0,у.е,,,,,4emr0,20,almazar
,https://www.olx.uz/d/obyavlenie/3-xonali-kvartira-ID4epfG.html,,,,,,,,4epfG,20,almazar
3 xonali kvartira,https://www.olx.uz/d/obyavlenie/3-xonali-kvartira-ID4epfG.html,1 000 000 сум,1000000.0,сум,,,,,4epfG,20,almazar
,https://www.olx.uz/d/obyavlenie/sdaetsya-kv-zhk-almazar-siti-2-kom-ro-n-almazarskiy-ID4emqN.html,,,,,,,,4emqN,20,almazar
Сдаётся кв ЖК Алмазар Сити 2-ком ро-н Алмазарский,https://www.olx.uz/d/obyavlenie/sdaetsya-kv-zhk-almazar-siti-2-kom-ro-n-almazarskiy-ID4emqN.html,500 у.е.,500.0,у.е,,,,,4emqN,20,almazar
,https://www.olx.uz/d/obyavlenie/medgorodok-yangi-toshmi-kvartira-bollarga-ID4f9LO.html,,,,,,,,4f9LO,20,almazar
Medgorodok yangi ToshMI kvartira bollarga,https://www.olx.uz/d/obyavlenie/medgorodok-yangi-toshmi-kvartira-bollarga-ID4f9LO.html,800 000 сум,800000.0,сум,,,,,4f9LO,20,almazar
,https://www.olx.uz/d/obyavlenie/kvartira-arendaga-beriladi-qoraqamish-2-4-3-xonali-ID3J6Jb.html,,,,,,,,3J6Jb,20,almazar
Kvartira Arendaga beriladi Qoraqamish 2/4 3 xonali,https://www.olx.uz/d/obyavlenie/kvartira-arendaga-beriladi-qoraqamish-2-4-3-xonali-ID3J6Jb.html,600 у.е.,600.0,у.е,,,,,3J6Jb,20,almazar
,https://www.olx.uz/d/obyavlenie/talabalar-va-boshqalar-uchun-kvartira-ID4f8Y9.html,,,,,,,,4f8Y9,20,almazar
Talabalar va boshqalar uchun kvartira,https://www.olx.uz/d/obyavlenie/talabalar-va-boshqalar-uchun-kvartira-ID4f8Y9.html,700 000 сум,700000.0,сум,,,,,4f8Y9,20,almazar
,https://www.olx.uz/d/obyavlenie/arenda-kvartira-sebzor-zhangoh-14-2-7-9-srochno-kvartira-ID4em3X.html,,,,,,,,4em3X,20,almazar
Аренда Квартира Себзор Жангох 14 2/7/9 Срочно квартира,https://www.olx.uz/d/obyavlenie/arenda-kvartira-sebzor-zhangoh-14-2-7-9-srochno-kvartira-ID4em3X.html,550 у.е.,550.0,у.е,,,,,4em3X,20,almazar
,https://www.olx.uz/d/obyavlenie/almazarskiy-rayon-bel-tepa-sdaetsya-5h-komnatnaya-kvartira-ID4eLko.html,,,,,,,,4eLko,20,almazar
Алмазарский район. Бел Тепа сдаётся 5х комнатная квартира,https://www.olx.uz/d/obyavlenie/almazarskiy-rayon-bel-tepa-sdaetsya-5h-komnatnaya-kvartira-ID4eLko.html,700 у.е. Договорная,700.0,у.е,,,,,4eLko,20,almazar
,https://www.olx.uz/d/obyavlenie/tinchlik-2-hona-yevro-remont-ID4dq9w.html,,,,,,,,4dq9w,20,almazar
Tinchlik 2 hona yevro remont,https://www.olx.uz/d/obyavlenie/tinchlik-2-hona-yevro-remont-ID4dq9w.html,500 у.е.,500.0,у.е,,,,,4dq9w,20,almazar
,https://www.olx.uz/d/obyavlenie/kora-kamish-tansikboev-1-da-2-3-4-balkon-2x6-arendaga-beriladi-ID405cM.html,,,,,,,,405cM,20,almazar
Kora kamish tansikboev 1 da 2/3/4 balkon 2x6 Arendaga beriladi,https://www.olx.uz/d/obyavlenie/kora-kamish-tansikboev-1-da-2-3-4-balkon-2x6-arendaga-beriladi-ID405cM.html,400 у.е.,400.0,у.е,,,,,405cM,20,almazar
,https://www.olx.uz/d/obyavlenie/sdaetsya-2-h-komnatnaya-kvartira-v-zhk-korasaroy-ID4eL5b.html,,,,,,,,4eL5b,20,almazar
"Сдаётся 2-х комнатная квартира в ЖК ""Корасарой""",https://www.olx.uz/d/obyavlenie/sdaetsya-2-h-komnatnaya-kvartira-v-zhk-korasaroy-ID4eL5b.html,600 у.е.,600.0,у.е,,,,,4eL5b,20,almazar
,https://www.olx.uz/d/obyavlenie/almazar-siti-arenda-ID4f9gG.html,,,,,,,,4f9gG,20,almazar
"Алмазар сити, аренда",https://www.olx.uz/d/obyavlenie/almazar-siti-arenda-ID4f9gG.html,700 у.е.,700.0,у.е,,,,,4f9gG,20,almazar
,https://www.olx.uz/d/obyavlenie/medgorodok-olimpiya-2-honali-beruniy-metro-yakin-ID4f8Wr.html,,,,,,,,4f8Wr,20,almazar
Медгородок Олимпия 2 хонали Беруний метро якин,https://www.olx.uz/d/obyavlenie/medgorodok-olimpiya-2-honali-beruniy-metro-yakin-ID4f8Wr.html,400 у.е.,400.0,у.е,,,,,4f8Wr,20,almazar
,https://www.olx.uz/d/obyavlenie/arenda-2-honali-kora-kamysh-1-1-ID4f8UX.html,,,,,,,,4f8UX,20,almazar
Аренда 2 хонали Кора Камыш 1/1,https://www.olx.uz/d/obyavlenie/arenda-2-honali-kora-kamysh-1-1-ID4f8UX.html,330 у.е.,330.0,у.е,,,,,4f8UX,20,almazar
,https://www.olx.uz/d/obyavlenie/kvartira-kizlarga-ID4cNbT.html,,,,,,,,4cNbT,20,almazar
"Квартира, кизларга",https://www.olx.uz/d/obyavlenie/kvartira-kizlarga-ID4cNbT.html,100 у.е. Договорная,100.0,у.е,,,,,4cNbT,20,almazar
,https://www.olx.uz/d/obyavlenie/arenda-4-komnaty-dupleks-novostroyka-zhk-baurum-sagban-ID4eltt.html,,,,,,,,4eltt,20,almazar
Аренда 4 комнаты Дуплекс Новостройка ЖК Баурум Сагбан,https://www.olx.uz/d/obyavlenie/arenda-4-komnaty-dupleks-novostroyka-zhk-baurum-sagban-ID4eltt.html,1 200 у.е.,1200.0,у.е,,,,,4eltt,20,almazar
,https://www.olx.uz/d/obyavlenie/sdaetsya-kvartira-na-zhk-almazar-siti-ID3KVh2.html,,,,,,,,3KVh2,20,almazar
Сдаётся квартира на ЖК Алмазар сити‼️,https://www.olx.uz/d/obyavlenie/sdaetsya-kvartira-na-zhk-almazar-siti-ID3KVh2.html,600 у.е.,600.0,у.е,,,,,3KVh2,20,almazar
,https://www.olx.uz/d/obyavlenie/tashkent-city-arenda-ID4eIvt.html,,,,,,,,4eIvt,20,almazar
Tashkent city Аренда,https://www.olx.uz/d/obyavlenie/tashkent-city-arenda-ID4eIvt.html,3 000 у.е.,3000.0,у.е,,,,,4eIvt,20,almazar
,https://www.olx.uz/d/obyavlenie/srochna-sdaetsya-arenda-almazar-siti-ID4elot.html,,,,,,,,4elot,20,almazar
Срочна Сдается Аренда Алмазар сити,https://www.olx.uz/d/obyavlenie/srochna-sdaetsya-arenda-almazar-siti-ID4elot.html,600 у.е.,600.0,у.е,,,,,4elot,20,almazar
,https://www.olx.uz/d/obyavlenie/sdaetsya-kvartira-na-almazarskom-r-ne-zhk-nurafshon-saroy-ID4f8GB.html,,,,,,,,4f8GB,20,almazar
Сдается квартира на Алмазарском р-не ЖК NURAFSHON SAROY,https://www.olx.uz/d/obyavlenie/sdaetsya-kvartira-na-almazarskom-r-ne-zhk-nurafshon-saroy-ID4f8GB.html,800 у.е. Договорная,800.0,у.е,,,,,4f8GB,20,almazar
,https://www.olx.uz/d/obyavlenie/qizlarga-olmazor-tumani-qoraqamish-1-2-ID4cZkZ.html,,,,,,,,4cZkZ,20,almazar
Qizlarga Olmazor tumani qoraqamish 1 2,https://www.olx.uz/d/obyavlenie/qizlarga-olmazor-tumani-qoraqamish-1-2-ID4cZkZ.html,800 000 сум,800000.0,сум,,,,,4cZkZ,20,almazar
,https://www.olx.uz/d/obyavlenie/srochnoe-sdaetsya-kv-zhk-almazar-siti-3-kom-4-9-ro-n-almazarskiy-ID4f8Nn.html,,,,,,,,4f8Nn,20,almazar
СРОЧНОЕ Сдаётся кв ЖК Алмазар Сити 3-ком/4/9 ро-н Алмазарский,https://www.olx.uz/d/obyavlenie/srochnoe-sdaetsya-kv-zhk-almazar-siti-3-kom-4-9-ro-n-almazarskiy-ID4f8Nn.html,750 у.е.,750.0,у.е,,,,,4f8Nn,20,almazar
,https://www.olx.uz/d/obyavlenie/kvartira-izharaga-ID48eHY.html,,,,,,,,48eHY,20,almazar
Квартира ижарага,https://www.olx.uz/d/obyavlenie/kvartira-izharaga-ID48eHY.html,1 000 у.е.,1000.0,у.е,,,,,48eHY,20,almazar
,https://www.olx.uz/d/obyavlenie/sdaetsya-kvartira-2h-kom-ID3zeLI.html,,,,,,,,3zeLI,20,almazar
Сдается квартира 2х ком,https://www.olx.uz/d/obyavlenie/sdaetsya-kvartira-2h-kom-ID3zeLI.html,600 у.е.,600.0,у.е,,,,,3zeLI,20,almazar
,https://www.olx.uz/d/obyavlenie/srochnyy-arenda-kvartira-sebzor-ID3Pu8b.html,,,,,,,,3Pu8b,20,almazar
Срочный аренда квартира себзор,https://www.olx.uz/d/obyavlenie/srochnyy-arenda-kvartira-sebzor-ID3Pu8b.html,600 у.е.,600.0,у.е,,,,,3Pu8b,20,almazar
,https://www.olx.uz/d/obyavlenie/srochno-sdaetsya-kv-soy-boyi-2-kom-1-4-karakamysh-1-2-ID4f8Ga.html,,,,,,,,4f8Ga,20,almazar
СРОЧНО Сдаётся кв Сой Бойи 2-ком/1/4 Каракамыш 1\2,https://www.olx.uz/d/obyavlenie/srochno-sdaetsya-kv-soy-boyi-2-kom-1-4-karakamysh-1-2-ID4f8Ga.html,500 у.е.,500.0,у.е,,,,,4f8Ga,20,almazar
,https://www.olx.uz/d/obyavlenie/srochno-sdaetsya-kv-restoran-olimpiya-3-kom-1-2-karakamysh-ID4f8ER.html,,,,,,,,4f8ER,20,almazar
СРОЧНО Сдаётся кв Ресторан Олимпия 3-ком/1/2 Каракамыш,https://www.olx.uz/d/obyavlenie/srochno-sdaetsya-kv-restoran-olimpiya-3-kom-1-2-karakamysh-ID4f8ER.html,500 у.е.,500.0,у.е,,,,,4f8ER,20,almazar
,https://www.olx.uz/d/obyavlenie/nukus-kinoteart-3-4-9-ID4bvxa.html,,,,,,,,4bvxa,20,almazar
Нукус Кинотеарт 3/4/9,https://www.olx.uz/d/obyavlenie/nukus-kinoteart-3-4-9-ID4bvxa.html,500 у.е.,500.0,у.е,,,,,4bvxa,20,almazar
,https://www.olx.uz/d/obyavlenie/nrzh-zhomiy-2hona-6-9-arenda-olmazor-bez-depozit-ID4f8v9.html,,,,,,,,4f8v9,20,almazar
НРЖ Жомий 2хона 6\9 Аренда /Олмазор Без Депозит,https://www.olx.uz/d/obyavlenie/nrzh-zhomiy-2hona-6-9-arenda-olmazor-bez-depozit-ID4f8v9.html,500 у.е. Договорная,500.0,у.е,,,,,4f8v9,20,almazar
,https://www.olx.uz/d/obyavlenie/olmazor-siti-da-3hona-3-9-arendaga-zhomiy-nrzh-korasaroy-ID4f8ww.html,,,,,,,,4f8ww,20,almazar
Олмазор Сити да 3хона 3/9 Арендага/Жомий НРЖ/Корасарой,https://www.olx.uz/d/obyavlenie/olmazor-siti-da-3hona-3-9-arendaga-zhomiy-nrzh-korasaroy-ID4f8ww.html,550 у.е. Договорная,550.0,у.е,,,,,4f8ww,20,almazar
,https://www.olx.uz/d/obyavlenie/sdaetsya-kv-sebzor-tarnov-restoran-4-kom-5-9-ro-n-almazarskiy-542-ID4f8AB.html,,,,,,,,4f8AB,20,almazar
Сдаётся кв СЕБЗОР Тарнов Ресторан 4-ком/5/9 ро-н Алмазарский !! 542,https://www.olx.uz/d/obyavlenie/sdaetsya-kv-sebzor-tarnov-restoran-4-kom-5-9-ro-n-almazarskiy-542-ID4f8AB.html,600 у.е.,600.0,у.е,,,,,4f8AB,20,almazar
,https://www.olx.uz/d/obyavlenie/sdaetsya-kvartira-na-zhk-cambridge-residence-ID34wrp.html,,,,,,,,34wrp,20,almazar
Сдается квартира на ЖК Cambridge Residence,https://www.olx.uz/d/obyavlenie/sdaetsya-kvartira-na-zhk-cambridge-residence-ID34wrp.html,1 500 у.е.,1500.0,у.е,,,,,34wrp,20,almazar
,https://www.olx.uz/d/obyavlenie/arenda-2h-kom-kvartira-massiv-tansikbaev-karakamish-ID4f8sQ.html,,,,,,,,4f8sQ,20,almazar
Аренда 2х ком. квартира массив Тансикбаев (Каракамиш),https://www.olx.uz/d/obyavlenie/arenda-2h-kom-kvartira-massiv-tansikbaev-karakamish-ID4f8sQ.html,440 у.е. Договорная,440.0,у.е,,,,,4f8sQ,20,almazar
,https://www.olx.uz/d/obyavlenie/kvartira-ijaraga-bir-kishi-kerak-ID3Xjqw.html,,,,,,,,3Xjqw,20,almazar
Kvartira ijaraga bir kishi kerak,https://www.olx.uz/d/obyavlenie/kvartira-ijaraga-bir-kishi-kerak-ID3Xjqw.html,70 у.е.,70.0,у.е,,,,,3Xjqw,20,almazar
,https://www.olx.uz/d/obyavlenie/arenda-2-kom-premium-kvartirira-zhk-olmazar-siti-600-u-e-ID3YmoF.html,,,,,,,,3YmoF,20,almazar
Аренда 2 ком. премиум квартирира ЖК Олмазар Сити. 600 у.е,https://www.olx.uz/d/obyavlenie/arenda-2-kom-premium-kvartirira-zhk-olmazar-siti-600-u-e-ID3YmoF.html,600 у.е.,600.0,у.е,,,,,3YmoF,20,almazar
,https://www.olx.uz/d/obyavlenie/sdaetsya-kvartira-3-2-5-na-almazarskiy-r-n-zhk-cambridge-residence-ID4dV1L.html,,,,,,,,4dV1L,20,almazar
Сдаётся Квартира 3/2/5 на Алмазарский р-н ЖК-Cambridge Residence,https://www.olx.uz/d/obyavlenie/sdaetsya-kvartira-3-2-5-na-almazarskiy-r-n-zhk-cambridge-residence-ID4dV1L.html,500 у.е.,500.0,у.е,,,,,4dV1L,20,almazar
,https://www.olx.uz/d/obyavlenie/sebzor-dahasida-gofur-gulom-metroga-yakin-tartibli-insonlarga-bezmakler-ID4eJQQ.html,,,,,,,,4eJQQ,20,almazar
Себзор дахасида Гофур Гулом метрога якин тартибли инсонларга безмаклер,https://www.olx.uz/d/obyavlenie/sebzor-dahasida-gofur-gulom-metroga-yakin-tartibli-insonlarga-bezmakler-ID4eJQQ.html,450 у.е.,450.0,у.е,,,,,4eJQQ,20,almazar
,https://www.olx.uz/d/obyavlenie/arenda-2-3-5-korakamish-2-5-ID3mQa7.html,,,,,,,,3mQa7,20,almazar
Аренда 2/3/5 Коракамиш 2/5,https://www.olx.uz/d/obyavlenie/arenda-2-3-5-korakamish-2-5-ID3mQa7.html,350 у.е.,350.0,у.е,,,,,3mQa7,20,almazar
,https://www.olx.uz/d/obyavlenie/arenda-2-1-4-korakamish-2-5-ID3ovPG.html,,,,,,,,3ovPG,20,almazar
Аренда 2/1/4 Коракамиш 2/5,https://www.olx.uz/d/obyavlenie/arenda-2-1-4-korakamish-2-5-ID3ovPG.html,320 у.е.,320.0,у.е,,,,,3ovPG,20,almazar
,https://www.olx.uz/d/obyavlenie/arenda-3-2-5-metro-tinchlik-ID40YIi.html,,,,,,,,40YIi,20,almazar
Аренда 3/2/5 Метро Тинчлик,https://www.olx.uz/d/obyavlenie/arenda-3-2-5-metro-tinchlik-ID40YIi.html,500 у.е.,500.0,у.е,,,,,40YIi,20,almazar
,https://www.olx.uz/d/obyavlenie/arenda-2-3-5-korakamish-1-1-ID3nFZw.html,,,,,,,,3nFZw,20,almazar
Аренда 2/3/5 Коракамиш 1/1,https://www.olx.uz/d/obyavlenie/arenda-2-3-5-korakamish-1-1-ID3nFZw.html,350 у.е.,350.0,у.е,,,,,3nFZw,20,almazar
,https://www.olx.uz/d/obyavlenie/arenda-2-2-4-korakamish-2-1-ID3ltLb.html,,,,,,,,3ltLb,20,almazar
Аренда 2/2/4 Коракамиш 2/1,https://www.olx.uz/d/obyavlenie/arenda-2-2-4-korakamish-2-1-ID3ltLb.html,330 у.е.,330.0,у.е,,,,,3ltLb,20,almazar
,https://www.olx.uz/d/obyavlenie/arenda-kvartira-novastroyka-ibn-sino-bitonka-ID44Y5A.html,,,,,,,,44Y5A,20,almazar
Аренда Квартира Новастройка Ибн Сино битонка,https://www.olx.uz/d/obyavlenie/arenda-kvartira-novastroyka-ibn-sino-bitonka-ID44Y5A.html,600 у.е.,600.0,у.е,,,,,44Y5A,20,almazar
,https://www.olx.uz/d/obyavlenie/arenda-2-4-7-zhk-baurum-sagbon-ID3GfC1.html,,,,,,,,3GfC1,20,almazar
"Аренда 2/4/7 ЖК Baurum , Сагбон",https://www.olx.uz/d/obyavlenie/arenda-2-4-7-zhk-baurum-sagbon-ID3GfC1.html,600 у.е.,600.0,у.е,,,,,3GfC1,20,almazar
,https://www.olx.uz/d/obyavlenie/arenda-1-1-5-olimpiya-maszhid-ID3v0vj.html,,,,,,,,3v0vj,20,almazar
Аренда 1/1/5 Олимпия Масжид,https://www.olx.uz/d/obyavlenie/arenda-1-1-5-olimpiya-maszhid-ID3v0vj.html,300 у.е.,300.0,у.е,,,,,3v0vj,20,almazar
,https://www.olx.uz/d/obyavlenie/qoraqamish-2-4-bogizilol-restoran-beruniy-metro-yaqin-ID4f87N.html,,,,,,,,4f87N,20,almazar
Qoraqamish 2/4 Bogizilol Restoran Beruniy metro yaqin,https://www.olx.uz/d/obyavlenie/qoraqamish-2-4-bogizilol-restoran-beruniy-metro-yaqin-ID4f87N.html,180 у.е.,180.0,у.е,,,,,4f87N,20,almazar
,https://www.olx.uz/d/obyavlenie/arenda-kvartira-2-hona-kora-kamish-1-4-ID4bmon.html,,,,,,,,4bmon,20,almazar
Аренда Квартира 2 хона Кора камиш 1/4,https://www.olx.uz/d/obyavlenie/arenda-kvartira-2-hona-kora-kamish-1-4-ID4bmon.html,400 у.е.,400.0,у.е,,,,,4bmon,20,almazar
,https://www.olx.uz/d/obyavlenie/arendaga-uy-qora-qamish-chimboy-hindlaniyan-qoyaman-ID46gI1.html,,,,,,,,46gI1,20,almazar
Arendaga uy Qora qamish Chimboy hindlaniyan qoyaman,https://www.olx.uz/d/obyavlenie/arendaga-uy-qora-qamish-chimboy-hindlaniyan-qoyaman-ID46gI1.html,550 у.е.,550.0,у.е,,,,,46gI1,20,almazar
,https://www.olx.uz/d/obyavlenie/sdaetsya-elitnoe-kv-ul-nurafshon-2-kom-7-9-ro-n-almazarskiy-ID4f88q.html,,,,,,,,4f88q,20,almazar
Сдаётся Элитное кв ул Нурафшон 2-ком/7/9 ро-н Алмазарский,https://www.olx.uz/d/obyavlenie/sdaetsya-elitnoe-kv-ul-nurafshon-2-kom-7-9-ro-n-almazarskiy-ID4f88q.html,600 у.е.,600.0,у.е,,,,,4f88q,20,almazar
,https://www.olx.uz/d/obyavlenie/arenda-3-2-4-korakamish-2-5-ID3lNvA.html,,,,,,,,3lNvA,20,almazar
Аренда 3/2/4 Коракамиш 2/5,https://www.olx.uz/d/obyavlenie/arenda-3-2-4-korakamish-2-5-ID3lNvA.html,370 у.е.,370.0,у.е,,,,,3lNvA,20,almazar
,https://www.olx.uz/d/obyavlenie/arenda-2-2-4-korakamish-2-4-ID48Apb.html,,,,,,,,48Apb,20,almazar
Аренда 2/2/4 Коракамиш 2/4,https://www.olx.uz/d/obyavlenie/arenda-2-2-4-korakamish-2-4-ID48Apb.html,350 у.е.,350.0,у.е,,,,,48Apb,20,almazar
,https://www.olx.uz/d/obyavlenie/arenda-3-3-4-korakamish-2-4-ID3FL10.html,,,,,,,,3FL10,20,almazar
Аренда 3/3/4 Коракамиш 2/4,https://www.olx.uz/d/obyavlenie/arenda-3-3-4-korakamish-2-4-ID3FL10.html,450 у.е.,450.0,у.е,,,,,3FL10,20,almazar
,https://www.olx.uz/d/obyavlenie/arenda-ibinsino-12-xona-qilingan-shayhontahur-rayon-ibn-sino-ID46Z1G.html,,,,,,,,46Z1G,20,almazar
"Arenda ibinsino 1*2 xona qilingan 
Шайхонтахур район 
Ибн Сино",https://www.olx.uz/d/obyavlenie/arenda-ibinsino-12-xona-qilingan-shayhontahur-rayon-ibn-sino-ID46Z1G.html,400 у.е. Договорная,400.0,у.е,,,,,46Z1G,20,almazar
,https://www.olx.uz/d/obyavlenie/arenda-kvartira-kora-kamish-2-4-1-2-3-4-almazskiy-rayon-ID3VZ7R.html,,,,,,,,3VZ7R,20,almazar
Аренда Квартира Кора камиш 2/4  1+2/3/4. Алмазский район,https://www.olx.uz/d/obyavlenie/arenda-kvartira-kora-kamish-2-4-1-2-3-4-almazskiy-rayon-ID3VZ7R.html,400 у.е.,400.0,у.е,,,,,3VZ7R,20,almazar
,https://www.olx.uz/d/obyavlenie/olmazor-chukursoy-tatarskiy-zhomi-bozor-2-honali-ID4f81I.html,,,,,,,,4f81I,20,almazar
Олмазор Чукурсой Татарский Жоми бозор 2 хонали,https://www.olx.uz/d/obyavlenie/olmazor-chukursoy-tatarskiy-zhomi-bozor-2-honali-ID4f81I.html,300 у.е.,300.0,у.е,,,,,4f81I,20,almazar
,https://www.olx.uz/d/obyavlenie/olmazor-tinchlik-metro-bekati-ID4f7Yb.html,,,,,,,,4f7Yb,20,almazar
Olmazor Tinchlik metro bekati,https://www.olx.uz/d/obyavlenie/olmazor-tinchlik-metro-bekati-ID4f7Yb.html,250 у.е.,250.0,у.е,,,,,4f7Yb,20,almazar
,https://www.olx.uz/d/obyavlenie/almazar-zhk-almazar-biznes-siti-ID4dWOu.html,,,,,,,,4dWOu,20,almazar
Алмазар ЖК Алмазар бизнес сити,https://www.olx.uz/d/obyavlenie/almazar-zhk-almazar-biznes-siti-ID4dWOu.html,400 у.е.,400.0,у.е,,,,,4dWOu,20,almazar
,https://www.olx.uz/d/obyavlenie/arenda-kvartira-1-hona-tansikboy-2-ID4czmt.html,,,,,,,,4czmt,20,almazar
Аренда Квартира 1 хона  Тансикбой 2,https://www.olx.uz/d/obyavlenie/arenda-kvartira-1-hona-tansikboy-2-ID4czmt.html,350 у.е.,350.0,у.е,,,,,4czmt,20,almazar
,https://www.olx.uz/d/obyavlenie/kvartira-talabar-uchun-beruni-metro-ID49zZ5.html,,,,,,,,49zZ5,20,almazar
Kvartira talabar uchun Beruni metro,https://www.olx.uz/d/obyavlenie/kvartira-talabar-uchun-beruni-metro-ID49zZ5.html,800 000 сум,800000.0,сум,,,,,49zZ5,20,almazar
,https://www.olx.uz/d/obyavlenie/8ayol-va-qizlarga-med-gorodok-va-metro-beruniyga-yaqn-rieltor50-ID3vMDZ.html,,,,,,,,3vMDZ,20,almazar
8AyoL va QizLarga Med.Gorodok va Metro BeruniyGa yaqn RieLtor50,https://www.olx.uz/d/obyavlenie/8ayol-va-qizlarga-med-gorodok-va-metro-beruniyga-yaqn-rieltor50-ID3vMDZ.html,800 000 сум Договорная,800000.0,сум,,,,,3vMDZ,20,almazar
,https://www.olx.uz/d/obyavlenie/olmazor-tumani-beruni-mahallafayzli-honadon-hovli-talaba-qizlar-u-ID4bNml.html,,,,,,,,4bNml,20,almazar
"Olmazor tumani BERUNI mahalla
Fayzli honadon ( Hovli) 
Talaba Qizlar u",https://www.olx.uz/d/obyavlenie/olmazor-tumani-beruni-mahallafayzli-honadon-hovli-talaba-qizlar-u-ID4bNml.html,800 000 сум,800000.0,сум,,,,,4bNml,20,almazar
,https://www.olx.uz/d/obyavlenie/sdaetsya-kvartira-2-kom-na-almazarskom-r-n-zhk-almazar-siti-ID4f0JJ.html,,,,,,,,4f0JJ,20,almazar
Сдаётся квартира 2 ком на Алмазарском р-н ЖК Алмазар сити,https://www.olx.uz/d/obyavlenie/sdaetsya-kvartira-2-kom-na-almazarskom-r-n-zhk-almazar-siti-ID4f0JJ.html,500 у.е.,500.0,у.е,,,,,4f0JJ,20,almazar
,https://www.olx.uz/d/obyavlenie/sdaetsya-kvartira-2-kom-na-almazarskom-r-n-kora-kamysh-2-4-tansikboev-ID4f16j.html,,,,,,,,4f16j,20,almazar
Сдаётся квартира 2 ком на Алмазарском р-н Кора камыш 2/4 Тансикбоев,https://www.olx.uz/d/obyavlenie/sdaetsya-kvartira-2-kom-na-almazarskom-r-n-kora-kamysh-2-4-tansikboev-ID4f16j.html,450 у.е.,450.0,у.е,,,,,4f16j,20,almazar
,https://www.olx.uz/d/obyavlenie/srochno-sdaetsya-kv-zhk-almazar-siti-2-kom-3-7-ro-n-almazarskiy-ID4eJtT.html,,,,,,,,4eJtT,20,almazar
СРОЧНО Сдаётся кв ЖК Алмазар Сити  2-ком/3/7 ро-н Алмазарский,https://www.olx.uz/d/obyavlenie/srochno-sdaetsya-kv-zhk-almazar-siti-2-kom-3-7-ro-n-almazarskiy-ID4eJtT.html,600 у.е.,600.0,у.е,,,,,4eJtT,20,almazar
,https://www.olx.uz/d/obyavlenie/sdaetsya-svoya-kvartira-2-4-12-nrg-jomiy-ID4f7Wn.html,,,,,,,,4f7Wn,20,almazar
Сдается своя квартира 2/4/12 NRG JOMIY,https://www.olx.uz/d/obyavlenie/sdaetsya-svoya-kvartira-2-4-12-nrg-jomiy-ID4f7Wn.html,800 у.е.,800.0,у.е,,,,,4f7Wn,20,almazar
,https://www.olx.uz/d/obyavlenie/sdaetsya-kvartira-2-kom-na-almazarskom-r-n-zhk-almazar-siti-ID4f4SX.html,,,,,,,,4f4SX,20,almazar
Сдаётся квартира 2 ком на Алмазарском р-н ЖК Алмазар сити,https://www.olx.uz/d/obyavlenie/sdaetsya-kvartira-2-kom-na-almazarskom-r-n-zhk-almazar-siti-ID4f4SX.html,380 у.е.,380.0,у.е,,,,,4f4SX,20,almazar
,https://www.olx.uz/d/obyavlenie/srochnyy-arenda-kvartira-bel-tepa-navastiroyka-tolko-semya-ID3Vuj5.html,,,,,,,,3Vuj5,20,almazar
Срочный аренда квартира Бел тепа навастиройка только семя,https://www.olx.uz/d/obyavlenie/srochnyy-arenda-kvartira-bel-tepa-navastiroyka-tolko-semya-ID3Vuj5.html,600 у.е.,600.0,у.е,,,,,3Vuj5,20,almazar
,https://www.olx.uz/d/obyavlenie/srochno-sdaetsya-kv-zhk-nrg-jomiy-2-kom-3-7-ro-n-almazarskiy-ID4eJrt.html,,,,,,,,4eJrt,20,almazar
СРОЧНО Сдаётся кв ЖК NRG JOMIY  2-ком/3/7 ро-н Алмазарский,https://www.olx.uz/d/obyavlenie/srochno-sdaetsya-kv-zhk-nrg-jomiy-2-kom-3-7-ro-n-almazarskiy-ID4eJrt.html,650 у.е.,650.0,у.е,,,,,4eJrt,20,almazar
,https://www.olx.uz/d/obyavlenie/arenda-kvartira-bel-tepa-3-honaliy-600-oyilla-koyiladi-ID4ekdg.html,,,,,,,,4ekdg,20,almazar
Аренда квартира Бел тепа 3 хоналий 600$ ОЙИЛЛА КОЙИЛАДИ,https://www.olx.uz/d/obyavlenie/arenda-kvartira-bel-tepa-3-honaliy-600-oyilla-koyiladi-ID4ekdg.html,600 у.е.,600.0,у.е,,,,,4ekdg,20,almazar
,https://www.olx.uz/d/obyavlenie/olmazor-siti-2hona-4-9-arendaga-topshiriladi-bez-depozit-ID4f7ri.html,,,,,,,,4f7ri,20,almazar
Олмазор сити 2хона 4/9 Арендага топширилади Без Депозит,https://www.olx.uz/d/obyavlenie/olmazor-siti-2hona-4-9-arendaga-topshiriladi-bez-depozit-ID4f7ri.html,500 у.е. Договорная,500.0,у.е,,,,,4f7ri,20,almazar
,https://www.olx.uz/d/obyavlenie/ijaraga-beriladi-zhk-nrg-jomiy-2-hona-75m2-ID4eJps.html,,,,,,,,4eJps,20,almazar
Ijaraga beriladi ЖК NRG JOMIY  2 hona 75m2,https://www.olx.uz/d/obyavlenie/ijaraga-beriladi-zhk-nrg-jomiy-2-hona-75m2-ID4eJps.html,600 у.е.,600.0,у.е,,,,,4eJps,20,almazar
,https://www.olx.uz/d/obyavlenie/srochnyy-sdaetsya-kvartira-bel-tepa-3-honaliy-600-semya-tolka-ID4ekbw.html,,,,,,,,4ekbw,20,almazar
Срочный сдаётся квартира Бел тепа 3 хоналий 600$ СЕМЯ ТОЛКА,https://www.olx.uz/d/obyavlenie/srochnyy-sdaetsya-kvartira-bel-tepa-3-honaliy-600-semya-tolka-ID4ekbw.html,600 у.е.,600.0,у.е,,,,,4ekbw,20,almazar
,https://www.olx.uz/d/obyavlenie/3-hona-2-9-olmazorda-izharaga-beriladi-korasaroy-zapravka-orkasida-ID4f7ph.html,,,,,,,,4f7ph,20,almazar
3 хона 2/9 Олмазорда Ижарага берилади. Корасарой Заправка оркасида,https://www.olx.uz/d/obyavlenie/3-hona-2-9-olmazorda-izharaga-beriladi-korasaroy-zapravka-orkasida-ID4f7ph.html,550 у.е. Договорная,550.0,у.е,,,,,4f7ph,20,almazar
,https://www.olx.uz/d/obyavlenie/novaya-bolshaya-evro-3h-kom-na-sagbane-po-snizhennoy-tsene-3-3-9-105-kv-ID4bjv5.html,,,,,,,,4bjv5,20,almazar
Новая большая Евро 3х ком. на Сагбане по сниженной цене! 3/3/9 105 кв,https://www.olx.uz/d/obyavlenie/novaya-bolshaya-evro-3h-kom-na-sagbane-po-snizhennoy-tsene-3-3-9-105-kv-ID4bjv5.html,750 у.е.,750.0,у.е,,,,,4bjv5,20,almazar
,https://www.olx.uz/d/obyavlenie/nurafshon-zh-k-muslim-house-2-honali-yangi-remont-hech-kim-yashamagan-ID45MDU.html,,,,,,,,45MDU,20,almazar
Нурафшон Ж/К Muslim House 2.хонали Янги ремонт хеч ким яшамаган,https://www.olx.uz/d/obyavlenie/nurafshon-zh-k-muslim-house-2-honali-yangi-remont-hech-kim-yashamagan-ID45MDU.html,650 у.е.,650.0,у.е,,,,,45MDU,20,almazar
,https://www.olx.uz/d/obyavlenie/sdaetsya-kvartira-2-kom-na-almazarskom-r-n-sebzor-rivera-ID4f1qy.html,,,,,,,,4f1qy,20,almazar
Сдаётся квартира 2 ком на Алмазарском р-н Себзор Ривера,https://www.olx.uz/d/obyavlenie/sdaetsya-kvartira-2-kom-na-almazarskom-r-n-sebzor-rivera-ID4f1qy.html,450 у.е.,450.0,у.е,,,,,4f1qy,20,almazar
,https://www.olx.uz/d/obyavlenie/sdaetsya-shikarnaya-absolyutno-novaya-kvartira-v-akay-siti-ID4bBWV.html,,,,,,,,4bBWV,20,almazar
Сдается шикарная абсолютно новая квартира в Акай сити,https://www.olx.uz/d/obyavlenie/sdaetsya-shikarnaya-absolyutno-novaya-kvartira-v-akay-siti-ID4bBWV.html,1 200 у.е.,1200.0,у.е,,,,,4bBWV,20,almazar
,https://www.olx.uz/d/obyavlenie/sdaetsya-uyutny-kvartira-v-almazarskiy-rayone-zhk-nrg-jomiy-2-kom-ID4eJjn.html,,,,,,,,4eJjn,20,almazar
Сдаётся уютны квартира в  Алмазарский районе Жк NRG Jomiy  2-ком,https://www.olx.uz/d/obyavlenie/sdaetsya-uyutny-kvartira-v-almazarskiy-rayone-zhk-nrg-jomiy-2-kom-ID4eJjn.html,700 у.е.,700.0,у.е,,,,,4eJjn,20,almazar
,https://www.olx.uz/d/obyavlenie/arenda-sagban-novastroyka-2-4-8-ID4ek4C.html,,,,,,,,4ek4C,20,almazar
Аренда Сагбан Новастройка 2/4/8,https://www.olx.uz/d/obyavlenie/arenda-sagban-novastroyka-2-4-8-ID4ek4C.html,650 у.е.,650.0,у.е,,,,,4ek4C,20,almazar
,https://www.olx.uz/d/obyavlenie/sdaetsya-kvartira-na-almazare-zhk-nurafshan-saray-or-r-ulitsa-nurafshan-ID4dSnw.html,,,,,,,,4dSnw,20,almazar
"Сдаётся квартира на Алмазаре, ЖК ""Nurafshan saray"" ор-р улица Нурафшан",https://www.olx.uz/d/obyavlenie/sdaetsya-kvartira-na-almazare-zhk-nurafshan-saray-or-r-ulitsa-nurafshan-ID4dSnw.html,800 у.е.,800.0,у.е,,,,,4dSnw,20,almazar
,https://www.olx.uz/d/obyavlenie/sdaetsya-kvartira-2-3-9-na-almazare-zhk-almazar-city-or-r-krug-zhamiy-ID4dSqe.html,,,,,,,,4dSqe,20,almazar
"Сдаётся квартира 2/3/9 на Алмазаре, ЖК ""Almazar city"", ор-р круг Жамий",https://www.olx.uz/d/obyavlenie/sdaetsya-kvartira-2-3-9-na-almazare-zhk-almazar-city-or-r-krug-zhamiy-ID4dSqe.html,550 у.е.,550.0,у.е,,,,,4dSqe,20,almazar
,https://www.olx.uz/d/obyavlenie/sdaetsya-kvartira-na-almazarskom-r-ne-beruniy-ID4dSXU.html,,,,,,,,4dSXU,20,almazar
Сдается квартира на Алмазарском р-не Беруний,https://www.olx.uz/d/obyavlenie/sdaetsya-kvartira-na-almazarskom-r-ne-beruniy-ID4dSXU.html,600 у.е. Договорная,600.0,у.е,,,,,4dSXU,20,almazar
,https://www.olx.uz/d/obyavlenie/sdaetsya-kvartira-na-almazare-zhk-nurafshan-saray-or-r-ulitsa-nurafshan-ID4dUWV.html,,,,,,,,4dUWV,20,almazar
"Сдаётся квартира на Алмазаре, ЖК ""Nurafshan saray"" ор-р улица Нурафшан",https://www.olx.uz/d/obyavlenie/sdaetsya-kvartira-na-almazare-zhk-nurafshan-saray-or-r-ulitsa-nurafshan-ID4dUWV.html,600 у.е. Договорная,600.0,у.е,,,,,4dUWV,20,almazar
,https://www.olx.uz/d/obyavlenie/arenda-nurafshon-chigatoy-3-1-5-s-remontim-98-kvadrat-ID3L8MX.html,,,,,,,,3L8MX,20,almazar
Arenda nurafshon chigatoy 3/1/5 s remontim 98 kvadrat,https://www.olx.uz/d/obyavlenie/arenda-nurafshon-chigatoy-3-1-5-s-remontim-98-kvadrat-ID3L8MX.html,1 500 у.е. Договорная,1500.0,у.е,,,,,3L8MX,20,almazar
,https://www.olx.uz/d/obyavlenie/arenda-2-2-7-korasaroy-ID3m9aj.html,,,,,,,,3m9aj,20,almazar
Аренда 2/2/7 Корасарой,https://www.olx.uz/d/obyavlenie/arenda-2-2-7-korasaroy-ID3m9aj.html,400 у.е.,400.0,у.е,,,,,3m9aj,20,almazar
,https://www.olx.uz/d/obyavlenie/arenda-3-5-8-zhk-baurum-sagbon-ID3urGq.html,,,,,,,,3urGq,20,almazar
"Аренда 3/5/8 ЖК Baurum, Сагбон",https://www.olx.uz/d/obyavlenie/arenda-3-5-8-zhk-baurum-sagbon-ID3urGq.html,600 у.е.,600.0,у.е,,,,,3urGq,20,almazar
,https://www.olx.uz/d/obyavlenie/arenda-4-4-4-tansikboev-1-ID48eB1.html,,,,,,,,48eB1,20,almazar
Аренда 4/4/4 Тансикбоев-1,https://www.olx.uz/d/obyavlenie/arenda-4-4-4-tansikboev-1-ID48eB1.html,400 у.е.,400.0,у.е,,,,,48eB1,20,almazar
,https://www.olx.uz/d/obyavlenie/sebzor-nbu-bank-3-honali-elitnye-kvartiry-v-tsentre-goroda-ID41cBf.html,,,,,,,,41cBf,20,almazar
Себзор NBU Bank 3.хонали Элитные квартиры в центре города,https://www.olx.uz/d/obyavlenie/sebzor-nbu-bank-3-honali-elitnye-kvartiry-v-tsentre-goroda-ID41cBf.html,650 у.е.,650.0,у.е,,,,,41cBf,20,almazar
,https://www.olx.uz/d/obyavlenie/kora-kamish-2-4-3-honali-elitnye-kvartiry-v-tsentre-goroda-ID43Oou.html,,,,,,,,43Oou,20,almazar
Кора-камиш 2/4 3.хонали Элитные квартиры в центре города,https://www.olx.uz/d/obyavlenie/kora-kamish-2-4-3-honali-elitnye-kvartiry-v-tsentre-goroda-ID43Oou.html,400 у.е.,400.0,у.е,,,,,43Oou,20,almazar
,https://www.olx.uz/d/obyavlenie/sdaetsya-kvartira-na-zhk-almazar-siti-ID3LgIo.html,,,,,,,,3LgIo,20,almazar
Сдаётся квартира на ЖК Алмазар сити‼️,https://www.olx.uz/d/obyavlenie/sdaetsya-kvartira-na-zhk-almazar-siti-ID3LgIo.html,800 у.е.,800.0,у.е,,,,,3LgIo,20,almazar
,https://www.olx.uz/d/obyavlenie/uspeyte-2-kom-evro-kvartira-v-almazare-or-tinchlik-metro-013-ID4f7AT.html,,,,,,,,4f7AT,20,almazar
УСПЕЙТЕ!!! 2-ком евро квартира в Алмазаре ОР: Тинчлик метро  013*,https://www.olx.uz/d/obyavlenie/uspeyte-2-kom-evro-kvartira-v-almazare-or-tinchlik-metro-013-ID4f7AT.html,550 у.е. Договорная,550.0,у.е,,,,,4f7AT,20,almazar
,https://www.olx.uz/d/obyavlenie/almazar-siti-arenda-evro-lyuks-ID2QVDD.html,,,,,,,,2QVDD,20,almazar
Алмазар сити аренда евро люкс,https://www.olx.uz/d/obyavlenie/almazar-siti-arenda-evro-lyuks-ID2QVDD.html,700 у.е.,700.0,у.е,,,,,2QVDD,20,almazar
,https://www.olx.uz/d/obyavlenie/srochno-sdaetsya-kv-o-rn-tts-rivera-2-kom-4-9-ro-n-almazarskiy-ID4dWfy.html,,,,,,,,4dWfy,20,almazar
СРОЧНО Сдаётся кв о-рн ТЦ Ривера 2-ком/4/9 ро-н Алмазарский,https://www.olx.uz/d/obyavlenie/srochno-sdaetsya-kv-o-rn-tts-rivera-2-kom-4-9-ro-n-almazarskiy-ID4dWfy.html,500 у.е.,500.0,у.е,,,,,4dWfy,20,almazar
,https://www.olx.uz/d/obyavlenie/zhk-olmazor-city-3-5-11-86m2-novostroyka-srochno-arenda-ID4e3Aj.html,,,,,,,,4e3Aj,20,almazar
"ЖК Olmazor City, 3/5/11 (86м2) Новостройка Срочно Аренда",https://www.olx.uz/d/obyavlenie/zhk-olmazor-city-3-5-11-86m2-novostroyka-srochno-arenda-ID4e3Aj.html,650 у.е.,650.0,у.е,,,,,4e3Aj,20,almazar
,https://www.olx.uz/d/obyavlenie/oylik-kvartira-oylik-kvartira-ID3vnYm.html,,,,,,,,3vnYm,20,almazar
Oylik kvartira. Ойлик квартира.,https://www.olx.uz/d/obyavlenie/oylik-kvartira-oylik-kvartira-ID3vnYm.html,650 000 сум,650000.0,сум,,,,,3vnYm,20,almazar
,https://www.olx.uz/d/obyavlenie/tinchlik-metro-yaqinida-hovli-arendaga-beriladi-ID49Sdq.html,,,,,,,,49Sdq,20,almazar
TINCHLIK METRO YAQINIDA  Hovli arendaga beriladi .,https://www.olx.uz/d/obyavlenie/tinchlik-metro-yaqinida-hovli-arendaga-beriladi-ID49Sdq.html,700 у.е.,700.0,у.е,,,,,49Sdq,20,almazar
,https://www.olx.uz/d/obyavlenie/sagbon-bauram-4-xonali-kv-ijaraga-beriladi-srochny-ID4cA1w.html,,,,,,,,4cA1w,20,almazar
"Sagbon, Bauram 4 xonali kv ijaraga beriladi srochny",https://www.olx.uz/d/obyavlenie/sagbon-bauram-4-xonali-kv-ijaraga-beriladi-srochny-ID4cA1w.html,1 350 у.е.,1350.0,у.е,,,,,4cA1w,20,almazar
,https://www.olx.uz/d/obyavlenie/olmzor-3hona-novostroyka-bollarga-studentlarga-kv-arendaga-beraman-ID4f4JH.html,,,,,,,,4f4JH,20,almazar
Олмзор 3хона Новостройка Болларга/Студентларга кв арендага бераман,https://www.olx.uz/d/obyavlenie/olmzor-3hona-novostroyka-bollarga-studentlarga-kv-arendaga-beraman-ID4f4JH.html,900 000 сум,900000.0,сум,,,,,4f4JH,20,almazar
,https://www.olx.uz/d/obyavlenie/2-honali-tinchlik-ID4f6R0.html,,,,,,,,4f6R0,20,almazar
2 хонали Тинчлик,https://www.olx.uz/d/obyavlenie/2-honali-tinchlik-ID4f6R0.html,400 у.е.,400.0,у.е,,,,,4f6R0,20,almazar
,https://www.olx.uz/d/obyavlenie/srochnoe-sdaetsya-kv-zhk-almazar-siti-2-kom-3-12-ro-n-almazarskiy-ID4f7kW.html,,,,,,,,4f7kW,20,almazar
СРОЧНОЕ Сдаётся кв ЖК Алмазар Сити 2-ком/3/12 ро-н Алмазарский,https://www.olx.uz/d/obyavlenie/srochnoe-sdaetsya-kv-zhk-almazar-siti-2-kom-3-12-ro-n-almazarskiy-ID4f7kW.html,550 у.е. Договорная,550.0,у.е,,,,,4f7kW,20,almazar
,https://www.olx.uz/d/obyavlenie/arenda-zhk-bauram-sagbon-novastroyka-2-kom-5-etazh-7-etazhka-vse-est-ID4cWfG.html,,,,,,,,4cWfG,20,almazar
Аренда ЖК Баурам Сагбон новастройка 2 ком 5 этаж 7 этажка все ест,https://www.olx.uz/d/obyavlenie/arenda-zhk-bauram-sagbon-novastroyka-2-kom-5-etazh-7-etazhka-vse-est-ID4cWfG.html,700 у.е.,700.0,у.е,,,,,4cWfG,20,almazar
,https://www.olx.uz/d/obyavlenie/arenda-kvartira-3-hona-novastroyka-nurafshon-ID4cNw7.html,,,,,,,,4cNw7,20,almazar
Аренда Квартира 3 хона Новастройка Нурафшон,https://www.olx.uz/d/obyavlenie/arenda-kvartira-3-hona-novastroyka-nurafshon-ID4cNw7.html,650 у.е.,650.0,у.е,,,,,4cNw7,20,almazar
,https://www.olx.uz/d/obyavlenie/arenda-kvartira-olmazor-tuman-passportni-stol-yoni-1-xona-evra-remont-ID4eju6.html,,,,,,,,4eju6,20,almazar
Arenda kvartira Olmazor tuman passportni stol yoni 1 xona evra remont,https://www.olx.uz/d/obyavlenie/arenda-kvartira-olmazor-tuman-passportni-stol-yoni-1-xona-evra-remont-ID4eju6.html,500 у.е. Договорная,500.0,у.е,,,,,4eju6,20,almazar
,https://www.olx.uz/d/obyavlenie/sdaetsya-kvartira-na-zhk-baurum-ID3FEHm.html,,,,,,,,3FEHm,20,almazar
Сдаётся квартира на ЖК Баурум‼️,https://www.olx.uz/d/obyavlenie/sdaetsya-kvartira-na-zhk-baurum-ID3FEHm.html,800 у.е.,800.0,у.е,,,,,3FEHm,20,almazar
,https://www.olx.uz/d/obyavlenie/arenda-olmazor-siti-3-hona-3-etazh-hamma-sharoiti-bor-ID3gDkD.html,,,,,,,,3gDkD,20,almazar
Аренда Олмазор сити 3 хона 3 этаж хамма шароити бор,https://www.olx.uz/d/obyavlenie/arenda-olmazor-siti-3-hona-3-etazh-hamma-sharoiti-bor-ID3gDkD.html,700 у.е.,700.0,у.е,,,,,3gDkD,20,almazar
,https://www.olx.uz/d/obyavlenie/arenda-kora-sroy-2-radom-3-honali-fakat-oilaga-beriladi-ID3XUOf.html,,,,,,,,3XUOf,20,almazar
Аренда Кора-срой 2-Радом 3.хонали Факат Оилага Берилади,https://www.olx.uz/d/obyavlenie/arenda-kora-sroy-2-radom-3-honali-fakat-oilaga-beriladi-ID3XUOf.html,400 у.е.,400.0,у.е,,,,,3XUOf,20,almazar
,https://www.olx.uz/d/obyavlenie/kvartir-4ta-izlarga-ID4f79c.html,,,,,,,,4f79c,20,almazar
Квартир 4та қизларга,https://www.olx.uz/d/obyavlenie/kvartir-4ta-izlarga-ID4f79c.html,900 000 сум Договорная,900000.0,сум,,,,,4f79c,20,almazar
,https://www.olx.uz/d/obyavlenie/sdaetsya-kvartira-v-nrg-jomiy-2-6-17-ID4ejnn.html,,,,,,,,4ejnn,20,almazar
Сдаётся квартира в NRG Jomiy!!! 2/6/17,https://www.olx.uz/d/obyavlenie/sdaetsya-kvartira-v-nrg-jomiy-2-6-17-ID4ejnn.html,800 у.е.,800.0,у.е,,,,,4ejnn,20,almazar
,https://www.olx.uz/d/obyavlenie/arenda-kvartira-sebzar-ID3JHte.html,,,,,,,,3JHte,20,almazar
Аренда квартира Себзар,https://www.olx.uz/d/obyavlenie/arenda-kvartira-sebzar-ID3JHte.html,650 у.е.,650.0,у.е,,,,,3JHte,20,almazar
,https://www.olx.uz/d/obyavlenie/uzoq-muddatli-ijaraga-kvartira-qiz-ayollar-uchun-ID4f3Uz.html,,,,,,,,4f3Uz,20,almazar
Uzoq muddatli ijaraga kvartira qiz ayollar uchun,https://www.olx.uz/d/obyavlenie/uzoq-muddatli-ijaraga-kvartira-qiz-ayollar-uchun-ID4f3Uz.html,800 000 сум,800000.0,сум,,,,,4f3Uz,20,almazar
,https://www.olx.uz/d/obyavlenie/cambridge-residence-2-honali-elitnye-kvartiry-v-tsentre-goroda-ID4ag5X.html,,,,,,,,4ag5X,20,almazar
Cambridge Residence 2.хонали Элитные квартиры в центре города,https://www.olx.uz/d/obyavlenie/cambridge-residence-2-honali-elitnye-kvartiry-v-tsentre-goroda-ID4ag5X.html,750 у.е.,750.0,у.е,,,,,4ag5X,20,almazar
,https://www.olx.uz/d/obyavlenie/srochno-sdaetsya-kvartira-almazar-siti-ID4dUHp.html,,,,,,,,4dUHp,20,almazar
Срочно Сдаётся Квартира Алмазар сити,https://www.olx.uz/d/obyavlenie/srochno-sdaetsya-kvartira-almazar-siti-ID4dUHp.html,600 у.е.,600.0,у.е,,,,,4dUHp,20,almazar
,https://www.olx.uz/d/obyavlenie/srochno-arenda-2h-kom-kvartira-novostroyka-nikto-ne-zhil-ID4efTG.html,,,,,,,,4efTG,20,almazar
СРОЧНО!! АРЕНДА 2х ком квартира новостройка НИКТО НЕ ЖИЛ!!,https://www.olx.uz/d/obyavlenie/srochno-arenda-2h-kom-kvartira-novostroyka-nikto-ne-zhil-ID4efTG.html,500 у.е. Договорная,500.0,у.е,,,,,4efTG,20,almazar
,https://www.olx.uz/d/obyavlenie/prestizhnaya-2h-kom-kv-ra-na-almazare-ryadom-s-metro-beruniy-srochno-ID4ehhU.html,,,,,,,,4ehhU,20,almazar
ПРЕСТИЖНАЯ!! 2Х ком кв-ра на Алмазаре рядом с метро Беруний СРОЧНО!!,https://www.olx.uz/d/obyavlenie/prestizhnaya-2h-kom-kv-ra-na-almazare-ryadom-s-metro-beruniy-srochno-ID4ehhU.html,600 у.е. Договорная,600.0,у.е,,,,,4ehhU,20,almazar
,https://www.olx.uz/d/obyavlenie/srochno-sdaetsya-kvartira-almazar-siti-novostroyka-ID4dUEZ.html,,,,,,,,4dUEZ,20,almazar
Срочно Сдаётся Квартира Алмазар сити Новостройка,https://www.olx.uz/d/obyavlenie/srochno-sdaetsya-kvartira-almazar-siti-novostroyka-ID4dUEZ.html,600 у.е.,600.0,у.е,,,,,4dUEZ,20,almazar
,https://www.olx.uz/d/obyavlenie/dolgosrochnaya-arenda-v-gorode-tashkent-mirzo-ulugbekskiy-rayon-ID4ay88.html,,,,,,,,4ay88,20,almazar
"Долгосрочная аренда в городе Ташкент, Мирзо Улугбекский район.",https://www.olx.uz/d/obyavlenie/dolgosrochnaya-arenda-v-gorode-tashkent-mirzo-ulugbekskiy-rayon-ID4ay88.html,2 100 у.е.,2100.0,у.е,,,,,4ay88,20,almazar
,https://www.olx.uz/d/obyavlenie/srochno-sdaetsya-kvartira-almazar-siti-novostroyka-ID4dUEt.html,,,,,,,,4dUEt,20,almazar
Срочно Сдаётся Квартира Алмазар сити Новостройка,https://www.olx.uz/d/obyavlenie/srochno-sdaetsya-kvartira-almazar-siti-novostroyka-ID4dUEt.html,600 у.е.,600.0,у.е,,,,,4dUEt,20,almazar
,https://www.olx.uz/d/obyavlenie/arenda-kvartira-ts-17-18-sebzor-1-hona-3-etazh-350u-e-ID3YcoV.html,,,,,,,,3YcoV,20,almazar
"Аренда квартира Ц-17/18 Себзор 1 хона 3 этаж 350у,е",https://www.olx.uz/d/obyavlenie/arenda-kvartira-ts-17-18-sebzor-1-hona-3-etazh-350u-e-ID3YcoV.html,350 у.е. Договорная,350.0,у.е,,,,,3YcoV,20,almazar
,https://www.olx.uz/d/obyavlenie/sdam-kvartira-na-zhk-sagban-ul-karasaray-1-kom-4-9-na-almazarskiy-ID3Zc2L.html,,,,,,,,3Zc2L,20,almazar
Сдам квартира на ЖК Сагбан ул Карасарай 1-ком/4/9 на Алмазарский,https://www.olx.uz/d/obyavlenie/sdam-kvartira-na-zhk-sagban-ul-karasaray-1-kom-4-9-na-almazarskiy-ID3Zc2L.html,450 у.е.,450.0,у.е,,,,,3Zc2L,20,almazar
,https://www.olx.uz/d/obyavlenie/qora-qamish-1-4-da-1-2-4-arenda-arenda-na-kara-kamish-1-4-1-2-4-ID45EOG.html,,,,,,,,45EOG,20,almazar
Qora-Qamish 1/4 da 1/2/4 arenda. Аренда на Кара-Камиш 1/4 1/2/4,https://www.olx.uz/d/obyavlenie/qora-qamish-1-4-da-1-2-4-arenda-arenda-na-kara-kamish-1-4-1-2-4-ID45EOG.html,350 у.е.,350.0,у.е,,,,,45EOG,20,almazar
,https://www.olx.uz/d/obyavlenie/sdaetsya-shikarnoe-kvartira-2-2-9-karasaray-or-r-soy-buyi-ID3ZXms.html,,,,,,,,3ZXms,20,almazar
Сдаётся Шикарное квартира 2/2/9 Карасарай ор-р  Сой буйи,https://www.olx.uz/d/obyavlenie/sdaetsya-shikarnoe-kvartira-2-2-9-karasaray-or-r-soy-buyi-ID3ZXms.html,450 у.е.,450.0,у.е,,,,,3ZXms,20,almazar
,https://www.olx.uz/d/obyavlenie/sdaetsya-shikarnoe-kvartira-2-5-9-ul-korasaroy-or-r-korzinka-ID3ZXjN.html,,,,,,,,3ZXjN,20,almazar
Сдаётся Шикарное квартира 2/5/9 ул Корасарой ор-р Корзинка,https://www.olx.uz/d/obyavlenie/sdaetsya-shikarnoe-kvartira-2-5-9-ul-korasaroy-or-r-korzinka-ID3ZXjN.html,450 у.е.,450.0,у.е,,,,,3ZXjN,20,almazar
,https://www.olx.uz/d/obyavlenie/arenda-sagbon-baurum-2-hona-1-etazh-grazhdanski-oilagayam-beriladi-ID35pYP.html,,,,,,,,35pYP,20,almazar
Аренда Сагбон Баурум 2 хона 1 этаж граждански оилагаям берилади,https://www.olx.uz/d/obyavlenie/arenda-sagbon-baurum-2-hona-1-etazh-grazhdanski-oilagayam-beriladi-ID35pYP.html,700 у.е.,700.0,у.е,,,,,35pYP,20,almazar
,https://www.olx.uz/d/obyavlenie/sdaetsya-shikarnoe-kvartira-2-kom-karakamish-2-1-or-r-korzinka-ID3ZX6Z.html,,,,,,,,3ZX6Z,20,almazar
Сдаётся Шикарное квартира 2-ком Каракамиш 2/1 ор-р Корзинка,https://www.olx.uz/d/obyavlenie/sdaetsya-shikarnoe-kvartira-2-kom-karakamish-2-1-or-r-korzinka-ID3ZX6Z.html,450 у.е.,450.0,у.е,,,,,3ZX6Z,20,almazar
,https://www.olx.uz/d/obyavlenie/srochno-sdam-uyutnuyu-1-kom-kvartiru-v-almazar-siti-ID41yW2.html,,,,,,,,41yW2,20,almazar
СРОЧНО сдам Уютную 1-ком квартиру в Алмазар Сити,https://www.olx.uz/d/obyavlenie/srochno-sdam-uyutnuyu-1-kom-kvartiru-v-almazar-siti-ID41yW2.html,600 у.е.,600.0,у.е,,,,,41yW2,20,almazar
,https://www.olx.uz/d/obyavlenie/sdaetsya-shikarnoe-2-kom-kvartira-olimpiada-ro-n-almazarskiy-ID40QW3.html,,,,,,,,40QW3,20,almazar
Сдаётся Шикарное 2-ком квартира Олимпиада ро-н Алмазарский,https://www.olx.uz/d/obyavlenie/sdaetsya-shikarnoe-2-kom-kvartira-olimpiada-ro-n-almazarskiy-ID40QW3.html,450 у.е.,450.0,у.е,,,,,40QW3,20,almazar
,https://www.olx.uz/d/obyavlenie/sdaetsya-shikarnoe-2-2-9-kv-almazarskiy-zhk-almazar-siti-v-blok-ID40RSk.html,,,,,,,,40RSk,20,almazar
Сдаётся Шикарное 2/2/9 кв Алмазарский ЖК Алмазар сити  V блок,https://www.olx.uz/d/obyavlenie/sdaetsya-shikarnoe-2-2-9-kv-almazarskiy-zhk-almazar-siti-v-blok-ID40RSk.html,600 у.е.,600.0,у.е,,,,,40RSk,20,almazar
,https://www.olx.uz/d/obyavlenie/sdaetsya-ul-sagban-zhk-baurum-2-komnatnoya-ro-n-almazarskiy-ID40S0B.html,,,,,,,,40S0B,20,almazar
Сдаётся ул Сагбан ЖК Баурум 2-комнатноя ро-н Алмазарский,https://www.olx.uz/d/obyavlenie/sdaetsya-ul-sagban-zhk-baurum-2-komnatnoya-ro-n-almazarskiy-ID40S0B.html,500 у.е.,500.0,у.е,,,,,40S0B,20,almazar
,https://www.olx.uz/d/obyavlenie/arenda-katezh-5-hona-kamunizm-ID4ej4s.html,,,,,,,,4ej4s,20,almazar
Аренда Катеж 5 хона Камунизм,https://www.olx.uz/d/obyavlenie/arenda-katezh-5-hona-kamunizm-ID4ej4s.html,500 у.е.,500.0,у.е,,,,,4ej4s,20,almazar
,https://www.olx.uz/d/obyavlenie/arenda-kvartira-1-hona-kora-kamish-1-4-ID4ej34.html,,,,,,,,4ej34,20,almazar
Аренда Квартира 1 хона  Кора камиш 1/4,https://www.olx.uz/d/obyavlenie/arenda-kvartira-1-hona-kora-kamish-1-4-ID4ej34.html,350 у.е.,350.0,у.е,,,,,4ej34,20,almazar
,https://www.olx.uz/d/obyavlenie/ijaraga-uy-bor-faqat-oila-qoyiladi-maklersiz-ID4eNdH.html,,,,,,,,4eNdH,20,almazar
Ijaraga uy bor. Faqat oila qo'yiladi. Maklersiz,https://www.olx.uz/d/obyavlenie/ijaraga-uy-bor-faqat-oila-qoyiladi-maklersiz-ID4eNdH.html,500 у.е.,500.0,у.е,,,,,4eNdH,20,almazar
,https://www.olx.uz/d/obyavlenie/sdaetsya-novaya-2-komnatnaya-kvartira-mirzo-ulugbek-korzinka-aviator-ID4emXt.html,,,,,,,,4emXt,20,almazar
"Сдаётся новая 2-комнатная квартира | Мирзо-Улугбек, Korzinka Aviator",https://www.olx.uz/d/obyavlenie/sdaetsya-novaya-2-komnatnaya-kvartira-mirzo-ulugbek-korzinka-aviator-ID4emXt.html,799 у.е. Договорная,799.0,у.е,,,,,4emXt,20,almazar
,https://www.olx.uz/d/obyavlenie/izharara-sebzar-metro-gafur-gulom-ganga-2-honali-ID4f6La.html,,,,,,,,4f6La,20,almazar
Ижарара Себзар Метро Гафур Гулом Ганга 2 хонали,https://www.olx.uz/d/obyavlenie/izharara-sebzar-metro-gafur-gulom-ganga-2-honali-ID4f6La.html,400 у.е.,400.0,у.е,,,,,4f6La,20,almazar
,https://www.olx.uz/d/obyavlenie/zhk-korasaroy-almazar-siti-ryadom-zhomiy-rynok-2-komnatnaya-ID4f6KQ.html,,,,,,,,4f6KQ,20,almazar
Жк Корасарой Алмазар сити рядом Жомий рынок 2 комнатная,https://www.olx.uz/d/obyavlenie/zhk-korasaroy-almazar-siti-ryadom-zhomiy-rynok-2-komnatnaya-ID4f6KQ.html,450 у.е.,450.0,у.е,,,,,4f6KQ,20,almazar
,https://www.olx.uz/d/obyavlenie/arenda-kora-kamish-2-5-alo-krug-4-4-4-almazskiy-rayon-ID3SG64.html,,,,,,,,3SG64,20,almazar
Аренда КОРА камиш 2/5 Ало Круг. 4/4/4 Алмазский район,https://www.olx.uz/d/obyavlenie/arenda-kora-kamish-2-5-alo-krug-4-4-4-almazskiy-rayon-ID3SG64.html,450 у.е.,450.0,у.е,,,,,3SG64,20,almazar
,https://www.olx.uz/d/obyavlenie/arenda-kvartira-2-hona-kora-kamish-1-4-ID4bAJa.html,,,,,,,,4bAJa,20,almazar
Аренда Квартира 2 хона Кора камиш 1/4,https://www.olx.uz/d/obyavlenie/arenda-kvartira-2-hona-kora-kamish-1-4-ID4bAJa.html,500 у.е.,500.0,у.е,,,,,4bAJa,20,almazar
,https://www.olx.uz/d/obyavlenie/arenda-kvartira-1-hona-2-hona-kilingan-kora-kamish-1-1-ID4bG65.html,,,,,,,,4bG65,20,almazar
Аренда Квартира 1 хона 2 хона килинган Кора камиш 1/1,https://www.olx.uz/d/obyavlenie/arenda-kvartira-1-hona-2-hona-kilingan-kora-kamish-1-1-ID4bG65.html,350 у.е.,350.0,у.е,,,,,4bG65,20,almazar
,https://www.olx.uz/d/obyavlenie/arenda-2-2-4-kara-kamysh-2-4-ID4f6He.html,,,,,,,,4f6He,20,almazar
"Аренда 2/2/4, Кара-камыш 2/4",https://www.olx.uz/d/obyavlenie/arenda-2-2-4-kara-kamysh-2-4-ID4f6He.html,400 у.е.,400.0,у.е,,,,,4f6He,20,almazar
,https://www.olx.uz/d/obyavlenie/sdaetsya-2h-komnatnaya-kvartira-v-novostroyke-zhk-almazar-siti-ID4f6H2.html,,,,,,,,4f6H2,20,almazar
Сдается 2х комнатная квартира в Новостройке ЖК Алмазар сити,https://www.olx.uz/d/obyavlenie/sdaetsya-2h-komnatnaya-kvartira-v-novostroyke-zhk-almazar-siti-ID4f6H2.html,650 у.е.,650.0,у.е,,,,,4f6H2,20,almazar
,https://www.olx.uz/d/obyavlenie/srochno-sdaetsya-kvartira-almazar-siti-ID4dUcD.html,,,,,,,,4dUcD,20,almazar
Срочно Сдаётся Квартира Алмазар сити,https://www.olx.uz/d/obyavlenie/srochno-sdaetsya-kvartira-almazar-siti-ID4dUcD.html,600 у.е.,600.0,у.е,,,,,4dUcD,20,almazar
,https://www.olx.uz/d/obyavlenie/sdaetsya-2-kom-zhk-olmazor-city-ID4f6DZ.html,,,,,,,,4f6DZ,20,almazar
Сдается 2 ком ЖК Olmazor City,https://www.olx.uz/d/obyavlenie/sdaetsya-2-kom-zhk-olmazor-city-ID4f6DZ.html,650 у.е.,650.0,у.е,,,,,4f6DZ,20,almazar
,https://www.olx.uz/d/obyavlenie/sdaetsya-kvartira-almazar-siti-novostroyka-ID4eiLi.html,,,,,,,,4eiLi,20,almazar
Сдаётся Квартира Алмазар сити новостройка,https://www.olx.uz/d/obyavlenie/sdaetsya-kvartira-almazar-siti-novostroyka-ID4eiLi.html,450 у.е.,450.0,у.е,,,,,4eiLi,20,almazar
,https://www.olx.uz/d/obyavlenie/srochno-sdaetsya-kvartira-almazar-siti-novostroyka-ID4dU6N.html,,,,,,,,4dU6N,20,almazar
Срочно сдаётся Квартира Алмазар сити Новостройка,https://www.olx.uz/d/obyavlenie/srochno-sdaetsya-kvartira-almazar-siti-novostroyka-ID4dU6N.html,600 у.е.,600.0,у.е,,,,,4dU6N,20,almazar
,https://www.olx.uz/d/obyavlenie/srochno-sdaetsya-kvartira-almazar-siti-ID4dU6J.html,,,,,,,,4dU6J,20,almazar
Срочно Сдаётся Квартира Алмазар сити,https://www.olx.uz/d/obyavlenie/srochno-sdaetsya-kvartira-almazar-siti-ID4dU6J.html,700 у.е.,700.0,у.е,,,,,4dU6J,20,almazar
,https://www.olx.uz/d/obyavlenie/srochno-sdaetsya-kvartira-almazar-siti-ID4dU6F.html,,,,,,,,4dU6F,20,almazar
Срочно Сдаётся Квартира Алмазар сити,https://www.olx.uz/d/obyavlenie/srochno-sdaetsya-kvartira-almazar-siti-ID4dU6F.html,600 у.е.,600.0,у.е,,,,,4dU6F,20,almazar
,https://www.olx.uz/d/obyavlenie/srochno-sdaetsya-kvartira-almazar-siti-novostroyka-ID4dU6E.html,,,,,,,,4dU6E,20,almazar
Срочно Сдаётся Квартира Алмазар сити новостройка,https://www.olx.uz/d/obyavlenie/srochno-sdaetsya-kvartira-almazar-siti-novostroyka-ID4dU6E.html,600 у.е.,600.0,у.е,,,,,4dU6E,20,almazar
,https://www.olx.uz/d/obyavlenie/srochno-sdaetsya-kvartira-almazar-siti-novostroyka-ID4dU6C.html,,,,,,,,4dU6C,20,almazar
Срочно Сдаётся Квартира Алмазар сити новостройка,https://www.olx.uz/d/obyavlenie/srochno-sdaetsya-kvartira-almazar-siti-novostroyka-ID4dU6C.html,600 у.е.,600.0,у.е,,,,,4dU6C,20,almazar
,https://www.olx.uz/d/obyavlenie/srochno-sdaetsya-kvartira-almazar-siti-ID4dU6r.html,,,,,,,,4dU6r,20,almazar
Срочно Сдаётся Квартира Алмазар сити,https://www.olx.uz/d/obyavlenie/srochno-sdaetsya-kvartira-almazar-siti-ID4dU6r.html,600 у.е.,600.0,у.е,,,,,4dU6r,20,almazar
,https://www.olx.uz/d/obyavlenie/srochno-sdaetsya-kvartira-almazar-siti-ID4dU6o.html,,,,,,,,4dU6o,20,almazar
Срочно Сдаётся Квартира Алмазар сити,https://www.olx.uz/d/obyavlenie/srochno-sdaetsya-kvartira-almazar-siti-ID4dU6o.html,600 у.е.,600.0,у.е,,,,,4dU6o,20,almazar
,https://www.olx.uz/d/obyavlenie/arenda-2-komnatnoy-kvartiry-sebzor-or-r-naprotiv-tts-rivera-zags-ID4dU3H.html,,,,,,,,4dU3H,20,almazar
Аренда 2 комнатной квартиры Себзор Ор-р напротив ТЦ Rivera/ЗАГС,https://www.olx.uz/d/obyavlenie/arenda-2-komnatnoy-kvartiry-sebzor-or-r-naprotiv-tts-rivera-zags-ID4dU3H.html,450 у.е.,450.0,у.е,,,,,4dU3H,20,almazar
,https://www.olx.uz/d/obyavlenie/arenda-3-komnatnoy-kvartiry-zhk-almazar-city-or-r-sev-alm-novostroyka-ID4dU3t.html,,,,,,,,4dU3t,20,almazar
Аренда 3 комнатной квартиры ЖК Almazar-City Ор-р Сев.Алм|Новостройка,https://www.olx.uz/d/obyavlenie/arenda-3-komnatnoy-kvartiry-zhk-almazar-city-or-r-sev-alm-novostroyka-ID4dU3t.html,700 у.е.,700.0,у.е,,,,,4dU3t,20,almazar
,https://www.olx.uz/d/obyavlenie/qora-qamishda-arenda-xona-ID2Ee3S.html,,,,,,,,2Ee3S,20,almazar
Qora qamishda  arenda xona,https://www.olx.uz/d/obyavlenie/qora-qamishda-arenda-xona-ID2Ee3S.html,300 у.е.,300.0,у.е,,,,,2Ee3S,20,almazar
,https://www.olx.uz/d/obyavlenie/ijaraga-dom-4-xonali-800-olmazor-beruni-b1-4-qavat-kelishiladi-ID4clcH.html,,,,,,,,4clcH,20,almazar
Ijaraga doʻm 4-xonali 800$ olmazor beruni B1 4- qavat kelishiladi,https://www.olx.uz/d/obyavlenie/ijaraga-dom-4-xonali-800-olmazor-beruni-b1-4-qavat-kelishiladi-ID4clcH.html,800 у.е.,800.0,у.е,,,,,4clcH,20,almazar
,https://www.olx.uz/d/obyavlenie/sdaetsya-kvartira-zhk-almazar-siti-2-5-9-na-almazarskiy-ID4f68w.html,,,,,,,,4f68w,20,almazar
Сдаётся квартира ЖК Алмазар Сити 2/5/9 на Алмазарский,https://www.olx.uz/d/obyavlenie/sdaetsya-kvartira-zhk-almazar-siti-2-5-9-na-almazarskiy-ID4f68w.html,550 у.е.,550.0,у.е,,,,,4f68w,20,almazar
,https://www.olx.uz/d/obyavlenie/sdaetsya-elitnoe-kv-zhk-sagban-rezidens-2-kom-5-10-ro-n-almazarskiy-ID4f65a.html,,,,,,,,4f65a,20,almazar
Сдаётся Элитное кв ЖК Сагбан Резиденс 2-ком/5/10 ро-н Алмазарский,https://www.olx.uz/d/obyavlenie/sdaetsya-elitnoe-kv-zhk-sagban-rezidens-2-kom-5-10-ro-n-almazarskiy-ID4f65a.html,550 у.е.,550.0,у.е,,,,,4f65a,20,almazar
,https://www.olx.uz/d/obyavlenie/srochno-sdaetsya-kvartira-v-novostroyke-ID49CSe.html,,,,,,,,49CSe,20,almazar
Срочно сдается квартира в новостройке,https://www.olx.uz/d/obyavlenie/srochno-sdaetsya-kvartira-v-novostroyke-ID49CSe.html,800 у.е.,800.0,у.е,,,,,49CSe,20,almazar
,https://www.olx.uz/d/obyavlenie/srochno-sdaetsya-kvartira-almazar-siti-novostroyka-3-kom-5-9-ID4dTwM.html,,,,,,,,4dTwM,20,almazar
Срочно Сдаётся Квартира Алмазар сити Новостройка 3-ком/5/9,https://www.olx.uz/d/obyavlenie/srochno-sdaetsya-kvartira-almazar-siti-novostroyka-3-kom-5-9-ID4dTwM.html,750 у.е.,750.0,у.е,,,,,4dTwM,20,almazar
,https://www.olx.uz/d/obyavlenie/arenda-cambridge-residence-2-komnatnaya-3-etazh-lift-parkovka-est-ID3QZ0Y.html,,,,,,,,3QZ0Y,20,almazar
"Аренда Cambridge Residence 2 комнатная 3 этаж лифт, парковка есть",https://www.olx.uz/d/obyavlenie/arenda-cambridge-residence-2-komnatnaya-3-etazh-lift-parkovka-est-ID3QZ0Y.html,750 у.е. Договорная,750.0,у.е,,,,,3QZ0Y,20,almazar
,https://www.olx.uz/d/obyavlenie/olmazorda-2-xonali-kvartira-ijaraga-beriladi-manzil-almazar-city-ID4f54G.html,,,,,,,,4f54G,20,almazar
Olmazorda 2 Xonali Kvartira ijaraga Beriladi manzil | Almazar city |,https://www.olx.uz/d/obyavlenie/olmazorda-2-xonali-kvartira-ijaraga-beriladi-manzil-almazar-city-ID4f54G.html,600 у.е. Договорная,600.0,у.е,,,,,4f54G,20,almazar
,https://www.olx.uz/d/obyavlenie/2-hona-oila-uchun-tayer-honadon-izharaga-beraman-olmazor-olmazor-citi-ID4dToW.html,,,,,,,,4dToW,20,almazar
2 хона Оила учун тайёр хонадон Ижарага бераман/Олмазор/Olmazor Citi,https://www.olx.uz/d/obyavlenie/2-hona-oila-uchun-tayer-honadon-izharaga-beraman-olmazor-olmazor-citi-ID4dToW.html,600 у.е.,600.0,у.е,,,,,4dToW,20,almazar
,https://www.olx.uz/d/obyavlenie/sdaetsya-kvartira-zhk-almazar-siti-2-2-9-na-almazarskiy-ID4eHfa.html,,,,,,,,4eHfa,20,almazar
Сдаётся квартира ЖК Алмазар Сити 2/2/9 на Алмазарский,https://www.olx.uz/d/obyavlenie/sdaetsya-kvartira-zhk-almazar-siti-2-2-9-na-almazarskiy-ID4eHfa.html,600 у.е.,600.0,у.е,,,,,4eHfa,20,almazar
,https://www.olx.uz/d/obyavlenie/sdaetsya-kvartira-zhk-almazar-siti-3-9-13-na-almazarskiy-ID4eHdP.html,,,,,,,,4eHdP,20,almazar
Сдаётся квартира ЖК Алмазар Сити 3/9/13 на Алмазарский,https://www.olx.uz/d/obyavlenie/sdaetsya-kvartira-zhk-almazar-siti-3-9-13-na-almazarskiy-ID4eHdP.html,600 у.е.,600.0,у.е,,,,,4eHdP,20,almazar
,https://www.olx.uz/d/obyavlenie/srochno-sdaetsya-kvartira-almazar-siti-2-kom-ID4dTmJ.html,,,,,,,,4dTmJ,20,almazar
Срочно Сдаётся Квартира Алмазар сити 2-ком,https://www.olx.uz/d/obyavlenie/srochno-sdaetsya-kvartira-almazar-siti-2-kom-ID4dTmJ.html,600 у.е.,600.0,у.е,,,,,4dTmJ,20,almazar
,https://www.olx.uz/d/obyavlenie/beruniy-metro-3-minutlik-yol-ID4f5Lm.html,,,,,,,,4f5Lm,20,almazar
Beruniy metro 3 minutlik yo'l,https://www.olx.uz/d/obyavlenie/beruniy-metro-3-minutlik-yol-ID4f5Lm.html,240 у.е.,240.0,у.е,,,,,4f5Lm,20,almazar
,https://www.olx.uz/d/obyavlenie/chorsu-metro-yakin-toshkent-siti-navoi-kucha-3-honali-izhara-ID4f5OI.html,,,,,,,,4f5OI,20,almazar
Чорсу Метро якин Тошкент Сити Навои куча 3 хонали ижара,https://www.olx.uz/d/obyavlenie/chorsu-metro-yakin-toshkent-siti-navoi-kucha-3-honali-izhara-ID4f5OI.html,550 у.е.,550.0,у.е,,,,,4f5OI,20,almazar
,https://www.olx.uz/d/obyavlenie/chorsu-koratosh-2-honali-izhara-ID4f5MJ.html,,,,,,,,4f5MJ,20,almazar
Чорсу коратош 2 хонали ижара,https://www.olx.uz/d/obyavlenie/chorsu-koratosh-2-honali-izhara-ID4f5MJ.html,400 у.е.,400.0,у.е,,,,,4f5MJ,20,almazar
,https://www.olx.uz/d/obyavlenie/arenda-kvartira-nurafshon-kucha-chigatoy-chorraha-ID3bl3O.html,,,,,,,,3bl3O,20,almazar
Аренда квартира Нурафшон куча Чигатой чорраха,https://www.olx.uz/d/obyavlenie/arenda-kvartira-nurafshon-kucha-chigatoy-chorraha-ID3bl3O.html,600 у.е.,600.0,у.е,,,,,3bl3O,20,almazar
,https://www.olx.uz/d/obyavlenie/srochno-sdaetsya-arenda-kvartira-almazar-siti-ID4dThz.html,,,,,,,,4dThz,20,almazar
Срочно Сдаётся Аренда Квартира Алмазар сити,https://www.olx.uz/d/obyavlenie/srochno-sdaetsya-arenda-kvartira-almazar-siti-ID4dThz.html,550 у.е.,550.0,у.е,,,,,4dThz,20,almazar
,https://www.olx.uz/d/obyavlenie/almazar-siti-novostroyka-4-12-12-ID3VnFq.html,,,,,,,,3VnFq,20,almazar
Алмазар сити новостройка 4/12/12,https://www.olx.uz/d/obyavlenie/almazar-siti-novostroyka-4-12-12-ID3VnFq.html,800 у.е.,800.0,у.е,,,,,3VnFq,20,almazar
,https://www.olx.uz/d/obyavlenie/severnyy-olmazor-zhomiy-bozor-2-honali-ID4f5zB.html,,,,,,,,4f5zB,20,almazar
Северный олмазор Жомий бозор 2 хонали,https://www.olx.uz/d/obyavlenie/severnyy-olmazor-zhomiy-bozor-2-honali-ID4f5zB.html,330 у.е.,330.0,у.е,,,,,4f5zB,20,almazar
,https://www.olx.uz/d/obyavlenie/sdaetsya-uyutnaya-kvartira-2h-3-13-almazarskiy-r-n-zhk-almazar-siti-ID4f5vl.html,,,,,,,,4f5vl,20,almazar
СДАЁТСЯ Уютная квартира 2х /3/13 Алмазарский р-н ЖК Алмазар Сити,https://www.olx.uz/d/obyavlenie/sdaetsya-uyutnaya-kvartira-2h-3-13-almazarskiy-r-n-zhk-almazar-siti-ID4f5vl.html,550 у.е.,550.0,у.е,,,,,4f5vl,20,almazar
,https://www.olx.uz/d/obyavlenie/sebzar-2-honali-nuravshon-novostroyka-ID4f5rT.html,,,,,,,,4f5rT,20,almazar
Себзар 2 хонали Нуравшон новостройка,https://www.olx.uz/d/obyavlenie/sebzar-2-honali-nuravshon-novostroyka-ID4f5rT.html,450 у.е.,450.0,у.е,,,,,4f5rT,20,almazar
,https://www.olx.uz/d/obyavlenie/sdaetsya-novaya-kvartira-dlya-semi-na-almazare-sebzar-or-r-bank-nbu-ID4ehFS.html,,,,,,,,4ehFS,20,almazar
"Сдаётся новая квартира для семьи на Алмазаре, Себзар, ор-р банк NBU!",https://www.olx.uz/d/obyavlenie/sdaetsya-novaya-kvartira-dlya-semi-na-almazare-sebzar-or-r-bank-nbu-ID4ehFS.html,700 у.е. Договорная,700.0,у.е,,,,,4ehFS,20,almazar
,https://www.olx.uz/d/obyavlenie/srochnoe-sdaetsya-kv-zhk-almazar-siti-2-kom-5-12-ro-n-almazarskiy-ID4f5v8.html,,,,,,,,4f5v8,20,almazar
СРОЧНОЕ Сдаётся кв ЖК Алмазар Сити 2-ком/5/12 ро-н Алмазарский,https://www.olx.uz/d/obyavlenie/srochnoe-sdaetsya-kv-zhk-almazar-siti-2-kom-5-12-ro-n-almazarskiy-ID4f5v8.html,500 у.е. Договорная,500.0,у.е,,,,,4f5v8,20,almazar
,https://www.olx.uz/d/obyavlenie/sdaetsya-2kom-kvartira-almazarskiy-r-n-ul-nurafshon-ID4eGO3.html,,,,,,,,4eGO3,20,almazar
Сдаётся 2ком квартира! Алмазарский р-н Ул Нурафшон,https://www.olx.uz/d/obyavlenie/sdaetsya-2kom-kvartira-almazarskiy-r-n-ul-nurafshon-ID4eGO3.html,450 у.е.,450.0,у.е,,,,,4eGO3,20,almazar
,https://www.olx.uz/d/obyavlenie/beruniy-aloka-4-honali-izhara-ID4f5rk.html,,,,,,,,4f5rk,20,almazar
Беруний Алока 4 хонали ижара,https://www.olx.uz/d/obyavlenie/beruniy-aloka-4-honali-izhara-ID4f5rk.html,380 у.е.,380.0,у.е,,,,,4f5rk,20,almazar
,https://www.olx.uz/d/obyavlenie/sdaetsya-elitnoe-kv-zhk-sagban-rezidens-1-kom-9-10-ro-n-almazarskiy-ID4f5qL.html,,,,,,,,4f5qL,20,almazar
Сдаётся Элитное кв ЖК Сагбан Резиденс 1-ком/9/10 ро-н Алмазарский,https://www.olx.uz/d/obyavlenie/sdaetsya-elitnoe-kv-zhk-sagban-rezidens-1-kom-9-10-ro-n-almazarskiy-ID4f5qL.html,499 у.е.,499.0,у.е,,,,,4f5qL,20,almazar
,https://www.olx.uz/d/obyavlenie/sdaetsya-elitnoe-kv-zhk-sagban-rezidens-1-kom-7-10-ro-n-almazarskiy-ID4f5ql.html,,,,,,,,4f5ql,20,almazar
Сдаётся Элитное кв ЖК Сагбан Резиденс 1-ком/7/10 ро-н Алмазарский,https://www.olx.uz/d/obyavlenie/sdaetsya-elitnoe-kv-zhk-sagban-rezidens-1-kom-7-10-ro-n-almazarskiy-ID4f5ql.html,500 у.е.,500.0,у.е,,,,,4f5ql,20,almazar
,https://www.olx.uz/d/obyavlenie/sdaetsya-2-komnatnaya-kvartira-v-sagban-baurum-perekrestok-sagban-ID49IKj.html,,,,,,,,49IKj,20,almazar
Сдается 2-комнатная квартира в Сагбан Баурум | Перекресток Сагбан,https://www.olx.uz/d/obyavlenie/sdaetsya-2-komnatnaya-kvartira-v-sagban-baurum-perekrestok-sagban-ID49IKj.html,700 у.е. Договорная,700.0,у.е,,,,,49IKj,20,almazar
,https://www.olx.uz/d/obyavlenie/sdaetsya-kvartira-na-almazare-zhk-nurafshan-saray-or-r-ulitsa-nurafshan-ID4ehu7.html,,,,,,,,4ehu7,20,almazar
"Сдаётся квартира на Алмазаре, ЖК ""Nurafshan Saray"" ор-р улица Нурафшан",https://www.olx.uz/d/obyavlenie/sdaetsya-kvartira-na-almazare-zhk-nurafshan-saray-or-r-ulitsa-nurafshan-ID4ehu7.html,900 у.е. Договорная,900.0,у.е,,,,,4ehu7,20,almazar
,https://www.olx.uz/d/obyavlenie/sdaetsya-kvartira-3-3-9-na-almazare-zhk-almazar-city-or-r-krug-zhamiy-ID4ehsy.html,,,,,,,,4ehsy,20,almazar
"Сдаётся квартира 3/3/9 на Алмазаре, ЖК ""Almazar city"", ор-р круг Жамий",https://www.olx.uz/d/obyavlenie/sdaetsya-kvartira-3-3-9-na-almazare-zhk-almazar-city-or-r-krug-zhamiy-ID4ehsy.html,800 у.е. Договорная,800.0,у.е,,,,,4ehsy,20,almazar
,https://www.olx.uz/d/obyavlenie/zudlik-b-n-izharaga-beriladi-korasaroe-ID4eGI1.html,,,,,,,,4eGI1,20,almazar
Зудлик б н ижарага бэрилади корасарое,https://www.olx.uz/d/obyavlenie/zudlik-b-n-izharaga-beriladi-korasaroe-ID4eGI1.html,350 у.е. Договорная,350.0,у.е,,,,,4eGI1,20,almazar
,https://www.olx.uz/d/obyavlenie/srochno-sdaetsya-kvartira-almazar-siti-ID4dSPX.html,,,,,,,,4dSPX,20,almazar
Срочно Сдаётся Квартира Алмазар сити,https://www.olx.uz/d/obyavlenie/srochno-sdaetsya-kvartira-almazar-siti-ID4dSPX.html,550 у.е.,550.0,у.е,,,,,4dSPX,20,almazar
,https://www.olx.uz/d/obyavlenie/sdaetsya-2kom-kvartira-almazarskiy-r-n-kora-kamish-99-ID4eGCS.html,,,,,,,,4eGCS,20,almazar
Сдаётся 2ком квартира! Алмазарский р-н Кора Камиш *99,https://www.olx.uz/d/obyavlenie/sdaetsya-2kom-kvartira-almazarskiy-r-n-kora-kamish-99-ID4eGCS.html,400 у.е.,400.0,у.е,,,,,4eGCS,20,almazar
,https://www.olx.uz/d/obyavlenie/sdaetsya-shikarnoe-kv-zhk-almazar-siti-2-kom-1-9-ro-n-almazarskiy-ID4eGCJ.html,,,,,,,,4eGCJ,20,almazar
Сдаётся Шикарное кв ЖК Алмазар Сити 2-ком/1/9 ро-н Алмазарский,https://www.olx.uz/d/obyavlenie/sdaetsya-shikarnoe-kv-zhk-almazar-siti-2-kom-1-9-ro-n-almazarskiy-ID4eGCJ.html,550 у.е.,550.0,у.е,,,,,4eGCJ,20,almazar
,https://www.olx.uz/d/obyavlenie/srochno-sdaetsya-kvartira-almazar-siti-novostroyka-ID4dSPe.html,,,,,,,,4dSPe,20,almazar
Срочно Сдаётся Квартира Алмазар сити Новостройка,https://www.olx.uz/d/obyavlenie/srochno-sdaetsya-kvartira-almazar-siti-novostroyka-ID4dSPe.html,600 у.е.,600.0,у.е,,,,,4dSPe,20,almazar
,https://www.olx.uz/d/obyavlenie/sdaetsya-shikarnoe-kv-zhk-almazar-siti-1-kom-5-9-ro-n-almazarskiy-ID4eGBF.html,,,,,,,,4eGBF,20,almazar
Сдаётся Шикарное кв ЖК Алмазар Сити 1-ком/5/9 ро-н Алмазарский,https://www.olx.uz/d/obyavlenie/sdaetsya-shikarnoe-kv-zhk-almazar-siti-1-kom-5-9-ro-n-almazarskiy-ID4eGBF.html,450 у.е.,450.0,у.е,,,,,4eGBF,20,almazar
,https://www.olx.uz/d/obyavlenie/srochno-sdaetsya-kvartira-almazar-siti-novostroyka-ID4dSOD.html,,,,,,,,4dSOD,20,almazar
Срочно Сдаётся Квартира Алмазар сити Новостройка,https://www.olx.uz/d/obyavlenie/srochno-sdaetsya-kvartira-almazar-siti-novostroyka-ID4dSOD.html,600 у.е.,600.0,у.е,,,,,4dSOD,20,almazar
,https://www.olx.uz/d/obyavlenie/srochno-sdaetsya-kvartira-almazar-siti-ID4dSOa.html,,,,,,,,4dSOa,20,almazar
Срочно Сдаётся Квартира Алмазар сити,https://www.olx.uz/d/obyavlenie/srochno-sdaetsya-kvartira-almazar-siti-ID4dSOa.html,600 у.е.,600.0,у.е,,,,,4dSOa,20,almazar
,https://www.olx.uz/d/obyavlenie/sdaetsya-elitnoe-kv-zhk-almazar-siti-1-kom-6-9-ro-n-almazarskiy-ID4eGA1.html,,,,,,,,4eGA1,20,almazar
Сдаётся Элитное кв ЖК Алмазар Сити 1-ком/6/9 ро-н Алмазарский,https://www.olx.uz/d/obyavlenie/sdaetsya-elitnoe-kv-zhk-almazar-siti-1-kom-6-9-ro-n-almazarskiy-ID4eGA1.html,450 у.е.,450.0,у.е,,,,,4eGA1,20,almazar
,https://www.olx.uz/d/obyavlenie/sdaetsya-novaya-kvartira-sagbon-novostroyka-zhk-nurafshon-saroy-767-ID4f1ta.html,,,,,,,,4f1ta,20,almazar
Сдается новая Квартира Сагбон Новостройка ЖК Нурафшон Сарой 767*,https://www.olx.uz/d/obyavlenie/sdaetsya-novaya-kvartira-sagbon-novostroyka-zhk-nurafshon-saroy-767-ID4f1ta.html,600 у.е. Договорная,600.0,у.е,,,,,4f1ta,20,almazar
,https://www.olx.uz/d/obyavlenie/faqat-qizlar-va-ayollar-olmazor-tumani-kvartira-xonadon-ID3XuSN.html,,,,,,,,3XuSN,20,almazar
Faqat qizlar va ayollar Olmazor tumani kvartira xonadon,https://www.olx.uz/d/obyavlenie/faqat-qizlar-va-ayollar-olmazor-tumani-kvartira-xonadon-ID3XuSN.html,800 000 сум,800000.0,сум,,,,,3XuSN,20,almazar
,https://www.olx.uz/d/obyavlenie/sdaetsya-elitnoe-kv-zhk-almazar-siti-2-kom-2-9-ro-n-almazarskiy-ID4eGxT.html,,,,,,,,4eGxT,20,almazar
Сдаётся Элитное кв ЖК Алмазар Сити 2-ком/2/9 ро-н Алмазарский,https://www.olx.uz/d/obyavlenie/sdaetsya-elitnoe-kv-zhk-almazar-siti-2-kom-2-9-ro-n-almazarskiy-ID4eGxT.html,600 у.е.,600.0,у.е,,,,,4eGxT,20,almazar
,https://www.olx.uz/d/obyavlenie/beruniy-onkologiya-3-4-4-ID4ehjf.html,,,,,,,,4ehjf,20,almazar
Беруний Онкология 3/4/4,https://www.olx.uz/d/obyavlenie/beruniy-onkologiya-3-4-4-ID4ehjf.html,700 у.е.,700.0,у.е,,,,,4ehjf,20,almazar
,https://www.olx.uz/d/obyavlenie/sdaetsya-elitnoe-kv-zhk-sagban-golden-haus-2-kom-5-9-ro-n-almazarskiy-ID4eGvH.html,,,,,,,,4eGvH,20,almazar
Сдаётся Элитное кв ЖК Сагбан Голден Хаус 2-ком/5/9 ро-н Алмазарский,https://www.olx.uz/d/obyavlenie/sdaetsya-elitnoe-kv-zhk-sagban-golden-haus-2-kom-5-9-ro-n-almazarskiy-ID4eGvH.html,450 у.е.,450.0,у.е,,,,,4eGvH,20,almazar
,https://www.olx.uz/d/obyavlenie/1-xonali-uy-ijaraga-beriladi-ID44jZw.html,,,,,,,,44jZw,20,almazar
1 xonali uy ijaraga beriladi,https://www.olx.uz/d/obyavlenie/1-xonali-uy-ijaraga-beriladi-ID44jZw.html,250 у.е. Договорная,250.0,у.е,,,,,44jZw,20,almazar
,https://www.olx.uz/d/obyavlenie/arenda-kvartira-kora-kamish-1-3-soy-buyi-3-hona-112-kvadrat-ID3rMl8.html,,,,,,,,3rMl8,20,almazar
Аренда квартира Кора камиш 1/3 сой буйи 3 хона 112 квадрат,https://www.olx.uz/d/obyavlenie/arenda-kvartira-kora-kamish-1-3-soy-buyi-3-hona-112-kvadrat-ID3rMl8.html,750 у.е.,750.0,у.е,,,,,3rMl8,20,almazar
,https://www.olx.uz/d/obyavlenie/olmazor-tumani-srochna-kvartira-ijaraga-ID4f4Y1.html,,,,,,,,4f4Y1,20,almazar
Olmazor tumani srochna kvartira ijaraga,https://www.olx.uz/d/obyavlenie/olmazor-tumani-srochna-kvartira-ijaraga-ID4f4Y1.html,270 у.е.,270.0,у.е,,,,,4f4Y1,20,almazar
,https://www.olx.uz/d/obyavlenie/sdaetsya-elitnoe-kv-zhk-nurafshon-saroy-1-kom-2-10-ro-n-almazarskiy-ID4eGrK.html,,,,,,,,4eGrK,20,almazar
Сдаётся Элитное кв ЖК Нурафшон сарой 1-ком/2/10 ро-н Алмазарский,https://www.olx.uz/d/obyavlenie/sdaetsya-elitnoe-kv-zhk-nurafshon-saroy-1-kom-2-10-ro-n-almazarskiy-ID4eGrK.html,650 у.е.,650.0,у.е,,,,,4eGrK,20,almazar
,https://www.olx.uz/d/obyavlenie/arenda-sebzor-ts-17-18-2-hona-2-etazh-500u-e-ID47TiC.html,,,,,,,,47TiC,20,almazar
"Аренда Себзор Ц 17/18 2 хона 2 этаж 500у,е",https://www.olx.uz/d/obyavlenie/arenda-sebzor-ts-17-18-2-hona-2-etazh-500u-e-ID47TiC.html,500 у.е.,500.0,у.е,,,,,47TiC,20,almazar
,https://www.olx.uz/d/obyavlenie/arenda-ts-17-18-3-hona-2-etazh-500u-e-ID4asaV.html,,,,,,,,4asaV,20,almazar
"Аренда Ц-17/18 3 хона 2 этаж 500у,е",https://www.olx.uz/d/obyavlenie/arenda-ts-17-18-3-hona-2-etazh-500u-e-ID4asaV.html,500 у.е.,500.0,у.е,,,,,4asaV,20,almazar
,https://www.olx.uz/d/obyavlenie/arenda-metro-tinyalik-3-1-5-650u-e-ID4c74U.html,,,,,,,,4c74U,20,almazar
"Аренда Метро тинялик 3/1/5 650у,е",https://www.olx.uz/d/obyavlenie/arenda-metro-tinyalik-3-1-5-650u-e-ID4c74U.html,650 у.е. Договорная,650.0,у.е,,,,,4c74U,20,almazar
,https://www.olx.uz/d/obyavlenie/arenda-sebzor-2-hona-2-etazh-9-etazhka-700u-e-ID3Rmyb.html,,,,,,,,3Rmyb,20,almazar
"Аренда Себзор 2 хона 2 этаж 9 этажка 700у,е",https://www.olx.uz/d/obyavlenie/arenda-sebzor-2-hona-2-etazh-9-etazhka-700u-e-ID3Rmyb.html,800 у.е.,800.0,у.е,,,,,3Rmyb,20,almazar
,https://www.olx.uz/d/obyavlenie/arenda-novastroyka-nuravshon-sagban-residence-ID4eha2.html,,,,,,,,4eha2,20,almazar
Аренда Новастройка Нуравшон Sagban Residence,https://www.olx.uz/d/obyavlenie/arenda-novastroyka-nuravshon-sagban-residence-ID4eha2.html,1 000 у.е.,1000.0,у.е,,,,,4eha2,20,almazar
,https://www.olx.uz/d/obyavlenie/sdaetsya-kv-zhk-almazar-siti-2-kom-4-18-ro-n-almazarskiy-ID4eGnA.html,,,,,,,,4eGnA,20,almazar
Сдаётся кв ЖК Алмазар Сити 2-ком/4/18 ро-н Алмазарский,https://www.olx.uz/d/obyavlenie/sdaetsya-kv-zhk-almazar-siti-2-kom-4-18-ro-n-almazarskiy-ID4eGnA.html,600 у.е.,600.0,у.е,,,,,4eGnA,20,almazar
,https://www.olx.uz/d/obyavlenie/arenda-kvartira-almazar-r-n-3-h-komnatnaya-ID4eh8r.html,,,,,,,,4eh8r,20,almazar
Аренда квартира Алмазар р-н 3 х комнатная,https://www.olx.uz/d/obyavlenie/arenda-kvartira-almazar-r-n-3-h-komnatnaya-ID4eh8r.html,900 у.е.,900.0,у.е,,,,,4eh8r,20,almazar
,https://www.olx.uz/d/obyavlenie/srochno-sdaetsya-kvartira-almazar-siti-ID4dSyv.html,,,,,,,,4dSyv,20,almazar
Срочно Сдаётся Квартира Алмазар сити,https://www.olx.uz/d/obyavlenie/srochno-sdaetsya-kvartira-almazar-siti-ID4dSyv.html,550 у.е.,550.0,у.е,,,,,4dSyv,20,almazar
,https://www.olx.uz/d/obyavlenie/sdaetsya-kv-zhk-almazar-siti-2-kom-5-9-ro-n-almazarskiy-ID4eGjr.html,,,,,,,,4eGjr,20,almazar
Сдаётся кв ЖК Алмазар Сити 2-ком/5/9 ро-н Алмазарский,https://www.olx.uz/d/obyavlenie/sdaetsya-kv-zhk-almazar-siti-2-kom-5-9-ro-n-almazarskiy-ID4eGjr.html,500 у.е.,500.0,у.е,,,,,4eGjr,20,almazar
,https://www.olx.uz/d/obyavlenie/srochno-sdaetsya-kvartira-almazar-siti-ID4dSxb.html,,,,,,,,4dSxb,20,almazar
Срочно сдаётся Квартира Алмазар сити,https://www.olx.uz/d/obyavlenie/srochno-sdaetsya-kvartira-almazar-siti-ID4dSxb.html,600 у.е.,600.0,у.е,,,,,4dSxb,20,almazar
,https://www.olx.uz/d/obyavlenie/srochno-sdaetsya-kvartira-almazar-siti-ID4dSwm.html,,,,,,,,4dSwm,20,almazar
Срочно сдаётся Квартира Алмазар сити,https://www.olx.uz/d/obyavlenie/srochno-sdaetsya-kvartira-almazar-siti-ID4dSwm.html,700 у.е.,700.0,у.е,,,,,4dSwm,20,almazar
,https://www.olx.uz/d/obyavlenie/sdaetsya-uyutnaya-2-komnatnaya-kvartira-orientir-krug-zhamiy-nrg-jomiy-ID4eh34.html,,,,,,,,4eh34,20,almazar
Сдается уютная 2-комнатная квартира ориентир Круг Жамий / NRG Jomiy,https://www.olx.uz/d/obyavlenie/sdaetsya-uyutnaya-2-komnatnaya-kvartira-orientir-krug-zhamiy-nrg-jomiy-ID4eh34.html,700 у.е.,700.0,у.е,,,,,4eh34,20,almazar
,https://www.olx.uz/d/obyavlenie/zhk-cambridge-residence-3-honali-elitnye-kvartiry-v-tsentre-goroda-ID3XUNH.html,,,,,,,,3XUNH,20,almazar
ЖК Cambridge Residence 3.хонали Элитные квартиры в центре города,https://www.olx.uz/d/obyavlenie/zhk-cambridge-residence-3-honali-elitnye-kvartiry-v-tsentre-goroda-ID3XUNH.html,900 у.е.,900.0,у.е,,,,,3XUNH,20,almazar
,https://www.olx.uz/d/obyavlenie/kvartira-arenda-4-komnata-ID4eawn.html,,,,,,,,4eawn,20,almazar
Kvartira arenda 4 komnata,https://www.olx.uz/d/obyavlenie/kvartira-arenda-4-komnata-ID4eawn.html,700 у.е.,700.0,у.е,,,,,4eawn,20,almazar
,https://www.olx.uz/d/obyavlenie/arenda-kora-tosh-zh-k-chakar-2-honali-elitnye-kvartiry-ID4bBMP.html,,,,,,,,4bBMP,20,almazar
Аренда Кора-тош Ж/К Чакар 2.хонали Элитные квартиры,https://www.olx.uz/d/obyavlenie/arenda-kora-tosh-zh-k-chakar-2-honali-elitnye-kvartiry-ID4bBMP.html,800 у.е.,800.0,у.е,,,,,4bBMP,20,almazar
,https://www.olx.uz/d/obyavlenie/cambridge-residence-2-honali-severnaya-olmazor-v-tsentre-goroda-ID3XmVh.html,,,,,,,,3XmVh,20,almazar
Cambridge Residence 2.хонали Северная Олмазор в центре города,https://www.olx.uz/d/obyavlenie/cambridge-residence-2-honali-severnaya-olmazor-v-tsentre-goroda-ID3XmVh.html,700 у.е.,700.0,у.е,,,,,3XmVh,20,almazar
,https://www.olx.uz/d/obyavlenie/arenda-abdulla-nabiev-osh-city-3-honali-elitnye-kvartiry-ID3X88F.html,,,,,,,,3X88F,20,almazar
Аренда Абдулла Набиев Osh City 3.хонали Элитные квартиры,https://www.olx.uz/d/obyavlenie/arenda-abdulla-nabiev-osh-city-3-honali-elitnye-kvartiry-ID3X88F.html,700 у.е.,700.0,у.е,,,,,3X88F,20,almazar
,https://www.olx.uz/d/obyavlenie/sdaetsya-kvartira-zhk-almazar-siti-2-10-18-na-almazarskiy-ID4eGe8.html,,,,,,,,4eGe8,20,almazar
Сдаётся квартира ЖК Алмазар Сити 2/10/18 на Алмазарский,https://www.olx.uz/d/obyavlenie/sdaetsya-kvartira-zhk-almazar-siti-2-10-18-na-almazarskiy-ID4eGe8.html,600 у.е.,600.0,у.е,,,,,4eGe8,20,almazar
,https://www.olx.uz/d/obyavlenie/arenda-zh-k-sagbon-4-honali-golden-house-elitnye-kvartiry-ID3XcxD.html,,,,,,,,3XcxD,20,almazar
Аренда Ж/К Сагбон 4.хонали Golden House Элитные квартиры,https://www.olx.uz/d/obyavlenie/arenda-zh-k-sagbon-4-honali-golden-house-elitnye-kvartiry-ID3XcxD.html,800 у.е.,800.0,у.е,,,,,3XcxD,20,almazar
,https://www.olx.uz/d/obyavlenie/arenda-sagbon-nurafshon-3-honali-elitnye-kvartiry-ID4bc70.html,,,,,,,,4bc70,20,almazar
Аренда Сагбон Нурафшон 3.хонали Элитные квартиры,https://www.olx.uz/d/obyavlenie/arenda-sagbon-nurafshon-3-honali-elitnye-kvartiry-ID4bc70.html,500 у.е.,500.0,у.е,,,,,4bc70,20,almazar
,https://www.olx.uz/d/obyavlenie/arenda-sagbon-baurum-1-etazh-2-komnatnaya-2-sanuzel-srochna-ID367wK.html,,,,,,,,367wK,20,almazar
Аренда Сагбон Баурум 1 этаж 2 комнатная 2 санузел Срочна,https://www.olx.uz/d/obyavlenie/arenda-sagbon-baurum-1-etazh-2-komnatnaya-2-sanuzel-srochna-ID367wK.html,600 у.е.,600.0,у.е,,,,,367wK,20,almazar
,https://www.olx.uz/d/obyavlenie/arenda-nurafshon-4-honali-tts-rivera-elitnye-kvartiry-ID3VQxO.html,,,,,,,,3VQxO,20,almazar
Аренда Нурафшон 4.хонали ТЦ Ривьера Элитные квартиры,https://www.olx.uz/d/obyavlenie/arenda-nurafshon-4-honali-tts-rivera-elitnye-kvartiry-ID3VQxO.html,800 у.е.,800.0,у.е,,,,,3VQxO,20,almazar
,https://www.olx.uz/d/obyavlenie/arenda-sebzor-3-3-9-ID4djxl.html,,,,,,,,4djxl,20,almazar
Аренда себзор 3/3/9,https://www.olx.uz/d/obyavlenie/arenda-sebzor-3-3-9-ID4djxl.html,600 у.е.,600.0,у.е,,,,,4djxl,20,almazar
,https://www.olx.uz/d/obyavlenie/arenda-3-3-4-metro-beruniy-ID4eWx1.html,,,,,,,,4eWx1,20,almazar
Аренда 3/3/4 Метро Беруний,https://www.olx.uz/d/obyavlenie/arenda-3-3-4-metro-beruniy-ID4eWx1.html,600 у.е.,600.0,у.е,,,,,4eWx1,20,almazar
,https://www.olx.uz/d/obyavlenie/arenda-1h2-2-4-korakamish-1-3-ID47foi.html,,,,,,,,47foi,20,almazar
Аренда 1х2/2/4 Коракамиш 1/3,https://www.olx.uz/d/obyavlenie/arenda-1h2-2-4-korakamish-1-3-ID47foi.html,350 у.е.,350.0,у.е,,,,,47foi,20,almazar
,https://www.olx.uz/d/obyavlenie/arenda-2-3-5-korakamish-1-1-ID3mQ6o.html,,,,,,,,3mQ6o,20,almazar
Аренда 2/3/5 Коракамиш 1/1,https://www.olx.uz/d/obyavlenie/arenda-2-3-5-korakamish-1-1-ID3mQ6o.html,350 у.е.,350.0,у.е,,,,,3mQ6o,20,almazar
,https://www.olx.uz/d/obyavlenie/arenda-2-3-4-korakamish-1-3-ID3SX6o.html,,,,,,,,3SX6o,20,almazar
Аренда 2/3/4 Коракамиш 1/3,https://www.olx.uz/d/obyavlenie/arenda-2-3-4-korakamish-1-3-ID3SX6o.html,400 у.е.,400.0,у.е,,,,,3SX6o,20,almazar
,https://www.olx.uz/d/obyavlenie/arenda-4-4-4-korakamish-2-5-ID49qKO.html,,,,,,,,49qKO,20,almazar
Аренда 4/4/4 Коракамиш 2/5,https://www.olx.uz/d/obyavlenie/arenda-4-4-4-korakamish-2-5-ID49qKO.html,400 у.е.,400.0,у.е,,,,,49qKO,20,almazar
,https://www.olx.uz/d/obyavlenie/arenda-2-2-4-korakamish-1-3-ID3VJab.html,,,,,,,,3VJab,20,almazar
Аренда 2/2/4 Коракамиш 1/3,https://www.olx.uz/d/obyavlenie/arenda-2-2-4-korakamish-1-3-ID3VJab.html,350 у.е.,350.0,у.е,,,,,3VJab,20,almazar
,https://www.olx.uz/d/obyavlenie/arenda-2-3-4-korakamish-1-4-ID3zWbL.html,,,,,,,,3zWbL,20,almazar
Аренда 2/3/4 Коракамиш 1/4,https://www.olx.uz/d/obyavlenie/arenda-2-3-4-korakamish-1-4-ID3zWbL.html,350 у.е.,350.0,у.е,,,,,3zWbL,20,almazar
,https://www.olx.uz/d/obyavlenie/arenda-v-zhk-kembridzh-ID45CO2.html,,,,,,,,45CO2,20,almazar
аренда в ЖК Кэмбридж,https://www.olx.uz/d/obyavlenie/arenda-v-zhk-kembridzh-ID45CO2.html,850 у.е. Договорная,850.0,у.е,,,,,45CO2,20,almazar
,https://www.olx.uz/d/obyavlenie/arenda-3-3-5-korakamish-1-2-ID4dm4r.html,,,,,,,,4dm4r,20,almazar
Аренда 3/3/5 Коракамиш 1/2,https://www.olx.uz/d/obyavlenie/arenda-3-3-5-korakamish-1-2-ID4dm4r.html,400 у.е.,400.0,у.е,,,,,4dm4r,20,almazar
,https://www.olx.uz/d/obyavlenie/sovremennaya-kvartira-v-prestizhnom-zhk-sagbon-rezdens-838-ID4f3EQ.html,,,,,,,,4f3EQ,20,almazar
Современная квартира в престижном ЖК  Сагбон Резденс  838*,https://www.olx.uz/d/obyavlenie/sovremennaya-kvartira-v-prestizhnom-zhk-sagbon-rezdens-838-ID4f3EQ.html,600 у.е.,600.0,у.е,,,,,4f3EQ,20,almazar
,https://www.olx.uz/d/obyavlenie/srochno-tolko-dlya-semey-sdaetsya-3h-komnatnaya-kvartira-na-almazar-838-ID4f3CC.html,,,,,,,,4f3CC,20,almazar
СРОЧНО только для семей сдаётся 3Х комнатная квартира на  Алмазар 838*,https://www.olx.uz/d/obyavlenie/srochno-tolko-dlya-semey-sdaetsya-3h-komnatnaya-kvartira-na-almazar-838-ID4f3CC.html,500 у.е.,500.0,у.е,,,,,4f3CC,20,almazar
,https://www.olx.uz/d/obyavlenie/arenda-kvartiry-do-metro-beruniy-3-minuta-838-ID4f3Pw.html,,,,,,,,4f3Pw,20,almazar
Аренда квартиры до Метро Беруний 3 минута 838*,https://www.olx.uz/d/obyavlenie/arenda-kvartiry-do-metro-beruniy-3-minuta-838-ID4f3Pw.html,500 у.е.,500.0,у.е,,,,,4f3Pw,20,almazar
,https://www.olx.uz/d/obyavlenie/sdaetsya-kvartira-2-4-13-almazarskiy-r-n-zhk-almazar-siti-ID4f4wm.html,,,,,,,,4f4wm,20,almazar
СДАЁТСЯ квартира 2 /4/13 Алмазарский р-н ЖК Алмазар Сити,https://www.olx.uz/d/obyavlenie/sdaetsya-kvartira-2-4-13-almazarskiy-r-n-zhk-almazar-siti-ID4f4wm.html,450 у.е.,450.0,у.е,,,,,4f4wm,20,almazar
,https://www.olx.uz/d/obyavlenie/zhk-cambridge-sdaetsya-premium-kvartira-ID4f4JJ.html,,,,,,,,4f4JJ,20,almazar
ЖК Cambridge! Сдается премиум квартира!,https://www.olx.uz/d/obyavlenie/zhk-cambridge-sdaetsya-premium-kvartira-ID4f4JJ.html,1 100 у.е. Договорная,1100.0,у.е,,,,,4f4JJ,20,almazar
,https://www.olx.uz/d/obyavlenie/ijaraga-oilaga-1x-350ye-beruniy-metro-20-daqiqa-nukus-aziya-rieltor50-ID4cvuc.html,,,,,,,,4cvuc,20,almazar
IJaraGa OiLaGa 1x 350ye Beruniy metro 20.daqiqa Nukus-Aziya RieLtor50%,https://www.olx.uz/d/obyavlenie/ijaraga-oilaga-1x-350ye-beruniy-metro-20-daqiqa-nukus-aziya-rieltor50-ID4cvuc.html,350 у.е. Договорная,350.0,у.е,,,,,4cvuc,20,almazar
,https://www.olx.uz/d/obyavlenie/sdaetsya-uyutnaya-kvartira-1-2-9-v-zhk-almazar-siti-almazarskiy-r-on-ID4f4Ix.html,,,,,,,,4f4Ix,20,almazar
"Сдается УЮТНАЯ квартира 1/2/9 в ЖК Алмазар Сити, Алмазарский р-он !",https://www.olx.uz/d/obyavlenie/sdaetsya-uyutnaya-kvartira-1-2-9-v-zhk-almazar-siti-almazarskiy-r-on-ID4f4Ix.html,400 у.е.,400.0,у.е,,,,,4f4Ix,20,almazar
,https://www.olx.uz/d/obyavlenie/srochnoe-sdaetsya-kv-zhk-almazar-siti-2-kom-3-13-ro-n-almazarskiy-ID4f4vZ.html,,,,,,,,4f4vZ,20,almazar
СРОЧНОЕ Сдаётся кв ЖК Алмазар Сити 2-ком/3/13 ро-н Алмазарский,https://www.olx.uz/d/obyavlenie/srochnoe-sdaetsya-kv-zhk-almazar-siti-2-kom-3-13-ro-n-almazarskiy-ID4f4vZ.html,450 у.е. Договорная,450.0,у.е,,,,,4f4vZ,20,almazar
,https://www.olx.uz/d/obyavlenie/sdaetsya-2-5-7-kvartira-v-almazarskom-rayone-karakamish-2-1-408-ID4f0CN.html,,,,,,,,4f0CN,20,almazar
Сдается 2/5/7 квартира в Алмазарском районе Каракамиш 2/1 408*,https://www.olx.uz/d/obyavlenie/sdaetsya-2-5-7-kvartira-v-almazarskom-rayone-karakamish-2-1-408-ID4f0CN.html,500 у.е. Договорная,500.0,у.е,,,,,4f0CN,20,almazar
,https://www.olx.uz/d/obyavlenie/sdaetsya-uyutnaya-kvartira-1h-3-13-almazarskiy-r-n-zhk-almazar-siti-ID4f4DM.html,,,,,,,,4f4DM,20,almazar
СДАЁТСЯ Уютная квартира 1х /3/13 Алмазарский р-н ЖК Алмазар Сити,https://www.olx.uz/d/obyavlenie/sdaetsya-uyutnaya-kvartira-1h-3-13-almazarskiy-r-n-zhk-almazar-siti-ID4f4DM.html,400 у.е.,400.0,у.е,,,,,4f4DM,20,almazar
,https://www.olx.uz/d/obyavlenie/sdaetsya-kvartira-2h-6-13-almazarskiy-r-n-zhk-almazar-siti-ID4f4Cx.html,,,,,,,,4f4Cx,20,almazar
СДАЁТСЯ квартира 2х /6/13 Алмазарский р-н ЖК Алмазар Сити,https://www.olx.uz/d/obyavlenie/sdaetsya-kvartira-2h-6-13-almazarskiy-r-n-zhk-almazar-siti-ID4f4Cx.html,450 у.е.,450.0,у.е,,,,,4f4Cx,20,almazar
,https://www.olx.uz/d/obyavlenie/2-honali-medgorodok-yakin-olmazor-tumani-ID4f4AH.html,,,,,,,,4f4AH,20,almazar
2 хонали Медгородок якин Олмазор тумани,https://www.olx.uz/d/obyavlenie/2-honali-medgorodok-yakin-olmazor-tumani-ID4f4AH.html,300 у.е.,300.0,у.е,,,,,4f4AH,20,almazar
,https://www.olx.uz/d/obyavlenie/kora-kamish-beruni-yakin-2ihonali-izhara-ID4f4A5.html,,,,,,,,4f4A5,20,almazar
Кора камиш Беруни якин 2ихонали ижара,https://www.olx.uz/d/obyavlenie/kora-kamish-beruni-yakin-2ihonali-izhara-ID4f4A5.html,300 у.е.,300.0,у.е,,,,,4f4A5,20,almazar
,https://www.olx.uz/d/obyavlenie/olmazor-medgaradok-ID4f4wn.html,,,,,,,,4f4wn,20,almazar
Olmazor Medgaradok,https://www.olx.uz/d/obyavlenie/olmazor-medgaradok-ID4f4wn.html,240 у.е.,240.0,у.е,,,,,4f4wn,20,almazar
,https://www.olx.uz/d/obyavlenie/sdaetsya-2kom-kvartira-almazarskiy-r-n-ul-nurafshon-ID4f4zM.html,,,,,,,,4f4zM,20,almazar
Сдаётся 2ком квартира Алмазарский р-н Ул Нурафшон,https://www.olx.uz/d/obyavlenie/sdaetsya-2kom-kvartira-almazarskiy-r-n-ul-nurafshon-ID4f4zM.html,600 у.е. Договорная,600.0,у.е,,,,,4f4zM,20,almazar
,https://www.olx.uz/d/obyavlenie/sdaetsya-uyutnaya-kvartira-3h-5-13-almazarskiy-r-n-zhk-almazar-siti-ID4f4BI.html,,,,,,,,4f4BI,20,almazar
СДАЁТСЯ Уютная квартира 3х /5/13 Алмазарский р-н ЖК Алмазар Сити,https://www.olx.uz/d/obyavlenie/sdaetsya-uyutnaya-kvartira-3h-5-13-almazarskiy-r-n-zhk-almazar-siti-ID4f4BI.html,500 у.е.,500.0,у.е,,,,,4f4BI,20,almazar
,https://www.olx.uz/d/obyavlenie/arenda-srochno-sdaetsya-v-almazarskiy-r-n-2-2-9-989-ID4eZUl.html,,,,,,,,4eZUl,20,almazar
Аренда!! Срочно Сдается в Алмазарский р-н 2/2/9 989*,https://www.olx.uz/d/obyavlenie/arenda-srochno-sdaetsya-v-almazarskiy-r-n-2-2-9-989-ID4eZUl.html,500 у.е. Договорная,500.0,у.е,,,,,4eZUl,20,almazar
,https://www.olx.uz/d/obyavlenie/srochnoe-sdaetsya-kv-zhk-almazar-siti-1-kom-10-18-ro-n-almazarskiy-ID4f4yl.html,,,,,,,,4f4yl,20,almazar
СРОЧНОЕ Сдаётся кв ЖК Алмазар Сити 1-ком/10/18 ро-н Алмазарский,https://www.olx.uz/d/obyavlenie/srochnoe-sdaetsya-kv-zhk-almazar-siti-1-kom-10-18-ro-n-almazarskiy-ID4f4yl.html,399 у.е. Договорная,399.0,у.е,,,,,4f4yl,20,almazar
,https://www.olx.uz/d/obyavlenie/srochno-sdaetsya-kvartira-almazar-siti-ID4dSah.html,,,,,,,,4dSah,20,almazar
Срочно Сдаётся квартира алмазар сити,https://www.olx.uz/d/obyavlenie/srochno-sdaetsya-kvartira-almazar-siti-ID4dSah.html,600 у.е.,600.0,у.е,,,,,4dSah,20,almazar
,https://www.olx.uz/d/obyavlenie/srochnyy-sdaetsya-kvartira-sebzor-orientir-rivera-3-komnita-600-semya-ID4egIV.html,,,,,,,,4egIV,20,almazar
Срочный сдаётся квартира Себзор ориентир Ривера 3 комнита 600$ СЕМЯ,https://www.olx.uz/d/obyavlenie/srochnyy-sdaetsya-kvartira-sebzor-orientir-rivera-3-komnita-600-semya-ID4egIV.html,600 у.е.,600.0,у.е,,,,,4egIV,20,almazar
,https://www.olx.uz/d/obyavlenie/kvartira-sebzar-ts14-florensiya-ID4f4lI.html,,,,,,,,4f4lI,20,almazar
Квартира Себзар ц14 Флоренсия,https://www.olx.uz/d/obyavlenie/kvartira-sebzar-ts14-florensiya-ID4f4lI.html,800 у.е.,800.0,у.е,,,,,4f4lI,20,almazar
,https://www.olx.uz/d/obyavlenie/arenda-2-2-4-korakamish-2-1-ID3DByF.html,,,,,,,,3DByF,20,almazar
Аренда 2/2/4 Коракамиш 2/1,https://www.olx.uz/d/obyavlenie/arenda-2-2-4-korakamish-2-1-ID3DByF.html,450 у.е.,450.0,у.е,,,,,3DByF,20,almazar
,https://www.olx.uz/d/obyavlenie/arenda-2-7-9-korasaroy-novostroyka-ID46dEL.html,,,,,,,,46dEL,20,almazar
Аренда 2/7/9 Корасарой новостройка,https://www.olx.uz/d/obyavlenie/arenda-2-7-9-korasaroy-novostroyka-ID46dEL.html,400 у.е.,400.0,у.е,,,,,46dEL,20,almazar
,https://www.olx.uz/d/obyavlenie/srochno-sdaetsya-kvartira-almazar-siti-ID4dS8y.html,,,,,,,,4dS8y,20,almazar
Срочно Сдаётся Квартира Алмазар сити,https://www.olx.uz/d/obyavlenie/srochno-sdaetsya-kvartira-almazar-siti-ID4dS8y.html,700 у.е.,700.0,у.е,,,,,4dS8y,20,almazar
,https://www.olx.uz/d/obyavlenie/arenda-kvartira-almazar-o-r-olmazor-city-2-7-13-ID3WOUW.html,,,,,,,,3WOUW,20,almazar
Аренда Квартира Алмазар о-р Olmazor City 2/7/13,https://www.olx.uz/d/obyavlenie/arenda-kvartira-almazar-o-r-olmazor-city-2-7-13-ID3WOUW.html,600 у.е. Договорная,600.0,у.е,,,,,3WOUW,20,almazar
,https://www.olx.uz/d/obyavlenie/arenda-4-2-4-korakammsh-2-1-ID3EBXg.html,,,,,,,,3EBXg,20,almazar
Аренда 4/2/4 Коракаммш 2/1,https://www.olx.uz/d/obyavlenie/arenda-4-2-4-korakammsh-2-1-ID3EBXg.html,500 у.е.,500.0,у.е,,,,,3EBXg,20,almazar
,https://www.olx.uz/d/obyavlenie/arenda-kvartira-almazar-o-r-olmazor-city-2-1-13-ID3VvVG.html,,,,,,,,3VvVG,20,almazar
Аренда Квартира Алмазар о-р Olmazor City 2/1/13,https://www.olx.uz/d/obyavlenie/arenda-kvartira-almazar-o-r-olmazor-city-2-1-13-ID3VvVG.html,600 у.е. Договорная,600.0,у.е,,,,,3VvVG,20,almazar
,https://www.olx.uz/d/obyavlenie/arenda-kvartira-almazar-o-r-olmazor-city-2-6-18-ID3WRjI.html,,,,,,,,3WRjI,20,almazar
Аренда Квартира Алмазар о-р Olmazor City 2/6/18,https://www.olx.uz/d/obyavlenie/arenda-kvartira-almazar-o-r-olmazor-city-2-6-18-ID3WRjI.html,600 у.е. Договорная,600.0,у.е,,,,,3WRjI,20,almazar
,https://www.olx.uz/d/obyavlenie/arenda-kvartira-almazar-o-r-olmazor-city-2-5-18-ID3V9kw.html,,,,,,,,3V9kw,20,almazar
Аренда Квартира Алмазар о-р Olmazor City 2/5/18,https://www.olx.uz/d/obyavlenie/arenda-kvartira-almazar-o-r-olmazor-city-2-5-18-ID3V9kw.html,600 у.е. Договорная,600.0,у.е,,,,,3V9kw,20,almazar
,https://www.olx.uz/d/obyavlenie/arenda-2-3-5-metro-beruniy-ID3ygRH.html,,,,,,,,3ygRH,20,almazar
Аренда 2/3/5 Метро беруний,https://www.olx.uz/d/obyavlenie/arenda-2-3-5-metro-beruniy-ID3ygRH.html,450 у.е.,450.0,у.е,,,,,3ygRH,20,almazar
,https://www.olx.uz/d/obyavlenie/arenda-kvartira-almazar-o-r-olmazor-city-3-9-9-ID3YWAm.html,,,,,,,,3YWAm,20,almazar
Аренда Квартира Алмазар о-р Olmazor City 3/9/9,https://www.olx.uz/d/obyavlenie/arenda-kvartira-almazar-o-r-olmazor-city-3-9-9-ID3YWAm.html,600 у.е. Договорная,600.0,у.е,,,,,3YWAm,20,almazar
,https://www.olx.uz/d/obyavlenie/general-uzakov-gulzor-2-honali-novostroyka-ID4f4as.html,,,,,,,,4f4as,20,almazar
Генерал Узаков  Гулзор 2 хонали новостройка,https://www.olx.uz/d/obyavlenie/general-uzakov-gulzor-2-honali-novostroyka-ID4f4as.html,480 у.е.,480.0,у.е,,,,,4f4as,20,almazar
,https://www.olx.uz/d/obyavlenie/arenda-kvartira-almazar-o-r-olmazor-city-3-5-9-ID3VUxm.html,,,,,,,,3VUxm,20,almazar
Аренда Квартира Алмазар о-р Olmazor City 3/5/9,https://www.olx.uz/d/obyavlenie/arenda-kvartira-almazar-o-r-olmazor-city-3-5-9-ID3VUxm.html,700 у.е. Договорная,700.0,у.е,,,,,3VUxm,20,almazar
,https://www.olx.uz/d/obyavlenie/arenda-3-3-7-baurum-sagbon-ID3qKh7.html,,,,,,,,3qKh7,20,almazar
"Аренда 3/3/7 Baurum , Sagbon",https://www.olx.uz/d/obyavlenie/arenda-3-3-7-baurum-sagbon-ID3qKh7.html,650 у.е.,650.0,у.е,,,,,3qKh7,20,almazar
,https://www.olx.uz/d/obyavlenie/arenda-kvartira-almazar-o-r-olmazor-city-1-8-18-ID3WOTS.html,,,,,,,,3WOTS,20,almazar
Аренда Квартира Алмазар о-р Olmazor City 1/8/18,https://www.olx.uz/d/obyavlenie/arenda-kvartira-almazar-o-r-olmazor-city-1-8-18-ID3WOTS.html,450 у.е. Договорная,450.0,у.е,,,,,3WOTS,20,almazar
,https://www.olx.uz/d/obyavlenie/arenda-2-3-7-zhk-baurum-sagbon-ID3sd5V.html,,,,,,,,3sd5V,20,almazar
"Аренда 2/3/7 ЖК Baurum , Сагбон",https://www.olx.uz/d/obyavlenie/arenda-2-3-7-zhk-baurum-sagbon-ID3sd5V.html,550 у.е.,550.0,у.е,,,,,3sd5V,20,almazar
,https://www.olx.uz/d/obyavlenie/arenda-kvartira-almazar-o-r-olmazor-city-3-8-18-ID3WPW4.html,,,,,,,,3WPW4,20,almazar
Аренда Квартира Алмазар о-р Olmazor City 3/8/18,https://www.olx.uz/d/obyavlenie/arenda-kvartira-almazar-o-r-olmazor-city-3-8-18-ID3WPW4.html,700 у.е. Договорная,700.0,у.е,,,,,3WPW4,20,almazar
,https://www.olx.uz/d/obyavlenie/arenda-4-1-4-medgorodok-ID40i2W.html,,,,,,,,40i2W,20,almazar
Аренда 4/1/4 Медгородок,https://www.olx.uz/d/obyavlenie/arenda-4-1-4-medgorodok-ID40i2W.html,500 у.е.,500.0,у.е,,,,,40i2W,20,almazar
,https://www.olx.uz/d/obyavlenie/arenda-kvartira-almazar-o-r-olmzaor-city-2-9-9-ID3VUEL.html,,,,,,,,3VUEL,20,almazar
Аренда Квартира Алмазар о-р Olmzaor City 2/9/9,https://www.olx.uz/d/obyavlenie/arenda-kvartira-almazar-o-r-olmzaor-city-2-9-9-ID3VUEL.html,550 у.е. Договорная,550.0,у.е,,,,,3VUEL,20,almazar
,https://www.olx.uz/d/obyavlenie/arenda-3-3-4-korakamish-2-4-ID3mhyR.html,,,,,,,,3mhyR,20,almazar
Аренда 3/3/4 Коракамиш 2/4,https://www.olx.uz/d/obyavlenie/arenda-3-3-4-korakamish-2-4-ID3mhyR.html,400 у.е.,400.0,у.е,,,,,3mhyR,20,almazar
,https://www.olx.uz/d/obyavlenie/arenda-3-3-5-korakamish-2-5-ID3z52d.html,,,,,,,,3z52d,20,almazar
Аренда 3/3/5 Коракамиш 2/5,https://www.olx.uz/d/obyavlenie/arenda-3-3-5-korakamish-2-5-ID3z52d.html,450 у.е.,450.0,у.е,,,,,3z52d,20,almazar
,https://www.olx.uz/d/obyavlenie/sagbon-nurafshon-2-honali-elitnye-kvartiry-v-tsentre-goroda-ID3X7wR.html,,,,,,,,3X7wR,20,almazar
Сагбон Нурафшон 2.хонали Элитные квартиры в центре города,https://www.olx.uz/d/obyavlenie/sagbon-nurafshon-2-honali-elitnye-kvartiry-v-tsentre-goroda-ID3X7wR.html,450 у.е.,450.0,у.е,,,,,3X7wR,20,almazar
,https://www.olx.uz/d/obyavlenie/arenda-4-2-9-korakamish-2-1-ID3CMyr.html,,,,,,,,3CMyr,20,almazar
Аренда 4/2/9 Коракамиш 2/1,https://www.olx.uz/d/obyavlenie/arenda-4-2-9-korakamish-2-1-ID3CMyr.html,450 у.е.,450.0,у.е,,,,,3CMyr,20,almazar
,https://www.olx.uz/d/obyavlenie/sebzar-almazar-city-2-kom-54-m-etazh-8-8-m0390-ID3V2iq.html,,,,,,,,3V2iq,20,almazar
Себзар • Almazar City • 2-ком • 54 м² • этаж 8/8 • [M:0390],https://www.olx.uz/d/obyavlenie/sebzar-almazar-city-2-kom-54-m-etazh-8-8-m0390-ID3V2iq.html,650 у.е.,650.0,у.е,,,,,3V2iq,20,almazar
,https://www.olx.uz/d/obyavlenie/almazar-karasaray-2-komn-60-m-etazh-3-7-m0392-ID3WZbN.html,,,,,,,,3WZbN,20,almazar
Алмазар • Карасарай • 2-комн • 60 м² • этаж 3/7 • [M:0392],https://www.olx.uz/d/obyavlenie/almazar-karasaray-2-komn-60-m-etazh-3-7-m0392-ID3WZbN.html,500 у.е.,500.0,у.е,,,,,3WZbN,20,almazar
,https://www.olx.uz/d/obyavlenie/srochna-sdaetsya-arenda-kvartira-almazar-siti-ID4dS75.html,,,,,,,,4dS75,20,almazar
Срочна Сдаётся Аренда Квартира Алмазар сити,https://www.olx.uz/d/obyavlenie/srochna-sdaetsya-arenda-kvartira-almazar-siti-ID4dS75.html,600 у.е.,600.0,у.е,,,,,4dS75,20,almazar
,https://www.olx.uz/d/obyavlenie/srochno-sdaetsya-kvartira-almvzar-siti-novostroyka-ID4dS6i.html,,,,,,,,4dS6i,20,almazar
Срочно Сдаётся Квартира Алмвзар сити новостройка,https://www.olx.uz/d/obyavlenie/srochno-sdaetsya-kvartira-almvzar-siti-novostroyka-ID4dS6i.html,600 у.е.,600.0,у.е,,,,,4dS6i,20,almazar
,https://www.olx.uz/d/obyavlenie/arenda-kvartira-3-hona-kora-kamish-2-5-ID4bCsY.html,,,,,,,,4bCsY,20,almazar
Аренда Квартира 3 хона Кора камиш 2/5,https://www.olx.uz/d/obyavlenie/arenda-kvartira-3-hona-kora-kamish-2-5-ID4bCsY.html,400 у.е.,400.0,у.е,,,,,4bCsY,20,almazar
,https://www.olx.uz/d/obyavlenie/srochna-sdaetsya-arenda-olmazor-siti-ID4dS5T.html,,,,,,,,4dS5T,20,almazar
Срочна сдается аренда Олмазор сити,https://www.olx.uz/d/obyavlenie/srochna-sdaetsya-arenda-olmazor-siti-ID4dS5T.html,600 у.е. Договорная,600.0,у.е,,,,,4dS5T,20,almazar
,https://www.olx.uz/d/obyavlenie/srochno-sdaetsya-kvartira-almazar-siti-novostroyka-ID4dS5Q.html,,,,,,,,4dS5Q,20,almazar
Срочно Сдаётся Квартира Алмазар сити Новостройка,https://www.olx.uz/d/obyavlenie/srochno-sdaetsya-kvartira-almazar-siti-novostroyka-ID4dS5Q.html,600 у.е.,600.0,у.е,,,,,4dS5Q,20,almazar
,https://www.olx.uz/d/obyavlenie/srochno-sdaetsya-arenda-almazar-siti-ID4dS5l.html,,,,,,,,4dS5l,20,almazar
Срочно Сдаётся Аренда Алмазар сити,https://www.olx.uz/d/obyavlenie/srochno-sdaetsya-arenda-almazar-siti-ID4dS5l.html,600 у.е.,600.0,у.е,,,,,4dS5l,20,almazar
,https://www.olx.uz/d/obyavlenie/uspeyte-srochno-sdaetsya-2-h-kom-kvartira-almazarskiy-r-n-432-ID4eXHP.html,,,,,,,,4eXHP,20,almazar
«УСПЕЙТЕ!!! Срочно Сдается 2-х ком квартира Алмазарский р-н *432*,https://www.olx.uz/d/obyavlenie/uspeyte-srochno-sdaetsya-2-h-kom-kvartira-almazarskiy-r-n-432-ID4eXHP.html,450 у.е. Договорная,450.0,у.е,,,,,4eXHP,20,almazar
,https://www.olx.uz/d/obyavlenie/srochno-sdaetsya-arenda-almazar-siti-ID4dS3V.html,,,,,,,,4dS3V,20,almazar
Срочно Сдаётся Аренда Алмазар сити,https://www.olx.uz/d/obyavlenie/srochno-sdaetsya-arenda-almazar-siti-ID4dS3V.html,700 у.е.,700.0,у.е,,,,,4dS3V,20,almazar
,https://www.olx.uz/d/obyavlenie/srochno-sdaetsya-kvartira-almazar-siti-ID4egzL.html,,,,,,,,4egzL,20,almazar
Срочно Сдаётся Квартира Алмазар сити,https://www.olx.uz/d/obyavlenie/srochno-sdaetsya-kvartira-almazar-siti-ID4egzL.html,550 у.е.,550.0,у.е,,,,,4egzL,20,almazar
,https://www.olx.uz/d/obyavlenie/arenda-korakamish-1-honali-2-honali-klingan-oilaga-beriladi-ID2yOS1.html,,,,,,,,2yOS1,20,almazar
Аренда коракамиш 1.хонали 2.хонали клинган оилага берилади,https://www.olx.uz/d/obyavlenie/arenda-korakamish-1-honali-2-honali-klingan-oilaga-beriladi-ID2yOS1.html,250 у.е.,250.0,у.е,,,,,2yOS1,20,almazar
,https://www.olx.uz/d/obyavlenie/novaya-2h-komnatnaya-s-avtorskim-remontom-v-novostroyke-na-sagban-ID44mcv.html,,,,,,,,44mcv,20,almazar
Новая 2х комнатная  с авторским ремонтом в новостройке на Сагбан,https://www.olx.uz/d/obyavlenie/novaya-2h-komnatnaya-s-avtorskim-remontom-v-novostroyke-na-sagban-ID44mcv.html,650 у.е.,650.0,у.е,,,,,44mcv,20,almazar
,https://www.olx.uz/d/obyavlenie/arenda-1-xona-full-kvartira-olmazor-city-yashash-yoki-offisga-beriladi-ID3hqmX.html,,,,,,,,3hqmX,20,almazar
Arenda 1 xona full kvartira Olmazor city yashash yoki offisga beriladi,https://www.olx.uz/d/obyavlenie/arenda-1-xona-full-kvartira-olmazor-city-yashash-yoki-offisga-beriladi-ID3hqmX.html,450 у.е.,450.0,у.е,,,,,3hqmX,20,almazar
,https://www.olx.uz/d/obyavlenie/arenda-kora-kamish-1-2-1-1-4-pustoy-tulovi-ichida-ID4f4tu.html,,,,,,,,4f4tu,20,almazar
Аренда Кора Камиш -1/2. 1/1/4 пустой тулови ичида,https://www.olx.uz/d/obyavlenie/arenda-kora-kamish-1-2-1-1-4-pustoy-tulovi-ichida-ID4f4tu.html,300 у.е.,300.0,у.е,,,,,4f4tu,20,almazar
,https://www.olx.uz/d/obyavlenie/arenda-bitonka-zamona-toyxonani-togrisida-3-xona-ID36nrv.html,,,,,,,,36nrv,20,almazar
Arenda bitonka Zamona toyxonani togrisida 3 xona,https://www.olx.uz/d/obyavlenie/arenda-bitonka-zamona-toyxonani-togrisida-3-xona-ID36nrv.html,600 у.е.,600.0,у.е,,,,,36nrv,20,almazar
,https://www.olx.uz/d/obyavlenie/aybek-gospitalnyy-srochno-sdaetsya-shikarnaya-kvartira-3-h-komnatnaya-ID2Jbei.html,,,,,,,,2Jbei,20,almazar
Айбек .Госпитальный.Срочно сдаётся шикарная квартира 3-х комнатная,https://www.olx.uz/d/obyavlenie/aybek-gospitalnyy-srochno-sdaetsya-shikarnaya-kvartira-3-h-komnatnaya-ID2Jbei.html,700 у.е. Договорная,700.0,у.е,,,,,2Jbei,20,almazar
,https://www.olx.uz/d/obyavlenie/akay-city-sdaetsya-2-h-komnatnaya-lyuks-kvartira-ID3c3fu.html,,,,,,,,3c3fu,20,almazar
Akay city  сдается 2-х комнатная ЛЮКС квартира,https://www.olx.uz/d/obyavlenie/akay-city-sdaetsya-2-h-komnatnaya-lyuks-kvartira-ID3c3fu.html,750 у.е. Договорная,750.0,у.е,,,,,3c3fu,20,almazar
,https://www.olx.uz/d/obyavlenie/uspeyte-srochno-sdaetsya-3-h-kom-kvartira-almazarskiy-r-n-989-ID4f3Ri.html,,,,,,,,4f3Ri,20,almazar
«УСПЕЙТЕ!!! Срочно Сдается 3-х ком квартира Алмазарский р-н *989*,https://www.olx.uz/d/obyavlenie/uspeyte-srochno-sdaetsya-3-h-kom-kvartira-almazarskiy-r-n-989-ID4f3Ri.html,550 у.е. Договорная,550.0,у.е,,,,,4f3Ri,20,almazar
,https://www.olx.uz/d/obyavlenie/arenda-serzor-2-xona-yengi-remont-8-etaj-ID35TrJ.html,,,,,,,,35TrJ,20,almazar
Arenda Serzor 2 xona yengi remont 8 etaj,https://www.olx.uz/d/obyavlenie/arenda-serzor-2-xona-yengi-remont-8-etaj-ID35TrJ.html,600 у.е.,600.0,у.е,,,,,35TrJ,20,almazar
,https://www.olx.uz/d/obyavlenie/sdaetsya-kv-restoran-olmazor-3-kom-3-5-karakamysh-2-1-ID4eFGW.html,,,,,,,,4eFGW,20,almazar
"Сдаётся кв Ресторан Олмазор 3-ком/3/5 Каракамыш 2/1,",https://www.olx.uz/d/obyavlenie/sdaetsya-kv-restoran-olmazor-3-kom-3-5-karakamysh-2-1-ID4eFGW.html,550 у.е.,550.0,у.е,,,,,4eFGW,20,almazar
,https://www.olx.uz/d/obyavlenie/sdaetsya-kvartira-metro-mirzo-ulugbek-ID4cLog.html,,,,,,,,4cLog,20,almazar
Сдаётся квартира метро Мирзо Улугбек,https://www.olx.uz/d/obyavlenie/sdaetsya-kvartira-metro-mirzo-ulugbek-ID4cLog.html,1 300 у.е. Договорная,1300.0,у.е,,,,,4cLog,20,almazar
,https://www.olx.uz/d/obyavlenie/sdaetsya-elitnoe-kv-zhk-sagban-baurum-2-kom-6-8-ro-n-almazarskiy-ID4eFDa.html,,,,,,,,4eFDa,20,almazar
Сдаётся Элитное кв ЖК Сагбан Баурум 2-ком/6/8 ро-н Алмазарский,https://www.olx.uz/d/obyavlenie/sdaetsya-elitnoe-kv-zhk-sagban-baurum-2-kom-6-8-ro-n-almazarskiy-ID4eFDa.html,650 у.е.,650.0,у.е,,,,,4eFDa,20,almazar
,https://www.olx.uz/d/obyavlenie/sdaetsya-elitnoe-kv-zhk-sagban-baurum-3-kom-4-8-ro-n-almazarskiy-ID4eFBI.html,,,,,,,,4eFBI,20,almazar
Сдаётся Элитное кв ЖК Сагбан Баурум 3-ком/4/8 ро-н Алмазарский,https://www.olx.uz/d/obyavlenie/sdaetsya-elitnoe-kv-zhk-sagban-baurum-3-kom-4-8-ro-n-almazarskiy-ID4eFBI.html,800 у.е.,800.0,у.е,,,,,4eFBI,20,almazar
,https://www.olx.uz/d/obyavlenie/sdaetsya-kvartira-almazar-siti-novostroyka-ID4dRRC.html,,,,,,,,4dRRC,20,almazar
Сдаётся Квартира Алмазар сити новостройка,https://www.olx.uz/d/obyavlenie/sdaetsya-kvartira-almazar-siti-novostroyka-ID4dRRC.html,750 у.е.,750.0,у.е,,,,,4dRRC,20,almazar
,https://www.olx.uz/d/obyavlenie/srochno-sdaetsya-arenda-almazar-siti-ID42zzX.html,,,,,,,,42zzX,20,almazar
Срочно Сдаётся Аренда алмазар сити,https://www.olx.uz/d/obyavlenie/srochno-sdaetsya-arenda-almazar-siti-ID42zzX.html,700 у.е.,700.0,у.е,,,,,42zzX,20,almazar
,https://www.olx.uz/d/obyavlenie/srochno-sdaetsya-arenda-almazar-siti-ID42zJe.html,,,,,,,,42zJe,20,almazar
Срочно Сдаётся Аренда Алмазар сити,https://www.olx.uz/d/obyavlenie/srochno-sdaetsya-arenda-almazar-siti-ID42zJe.html,600 у.е.,600.0,у.е,,,,,42zJe,20,almazar
,https://www.olx.uz/d/obyavlenie/arenda-kivartira-almazarskiy-rayon-292-ID4eXCG.html,,,,,,,,4eXCG,20,almazar
Аренда Кивартира  Алмазарский район 292*,https://www.olx.uz/d/obyavlenie/arenda-kivartira-almazarskiy-rayon-292-ID4eXCG.html,550 у.е. Договорная,550.0,у.е,,,,,4eXCG,20,almazar
,https://www.olx.uz/d/obyavlenie/sdaetsya-kvartira-almazar-siti-novostroyka-ID4eglP.html,,,,,,,,4eglP,20,almazar
Сдаётся Квартира Алмазар сити новостройка,https://www.olx.uz/d/obyavlenie/sdaetsya-kvartira-almazar-siti-novostroyka-ID4eglP.html,600 у.е.,600.0,у.е,,,,,4eglP,20,almazar
,https://www.olx.uz/d/obyavlenie/arenda-5-xona-150-kvadrat-dupleks-zamona-toyxona-togrisida-ID3legy.html,,,,,,,,3legy,20,almazar
Arenda 5 xona 150 kvadrat Dupleks Zamona toyxona togrisida,https://www.olx.uz/d/obyavlenie/arenda-5-xona-150-kvadrat-dupleks-zamona-toyxona-togrisida-ID3legy.html,800 у.е.,800.0,у.е,,,,,3legy,20,almazar
,https://www.olx.uz/d/obyavlenie/ugil-bollaga-studentlaga-olmazorda-arendaga-kvartira-beraman-ID4f4f8.html,,,,,,,,4f4f8,20,almazar
Угил боллага/Студентлага Олмазорда Арендага квартира Бераман,https://www.olx.uz/d/obyavlenie/ugil-bollaga-studentlaga-olmazorda-arendaga-kvartira-beraman-ID4f4f8.html,900 000 сум,900000.0,сум,,,,,4f4f8,20,almazar
,https://www.olx.uz/d/obyavlenie/almazar-siti-novostroyka-ID42Gd8.html,,,,,,,,42Gd8,20,almazar
Алмазар сити новостройка,https://www.olx.uz/d/obyavlenie/almazar-siti-novostroyka-ID42Gd8.html,600 у.е.,600.0,у.е,,,,,42Gd8,20,almazar
,https://www.olx.uz/d/obyavlenie/arenda-kora-kamish-1-2-soy-buyi-3-hona-novastroyka-ID3XLVN.html,,,,,,,,3XLVN,20,almazar
Аренда Кора камиш 1/2 Сой буйи 3 хона новастройка,https://www.olx.uz/d/obyavlenie/arenda-kora-kamish-1-2-soy-buyi-3-hona-novastroyka-ID3XLVN.html,800 у.е.,800.0,у.е,,,,,3XLVN,20,almazar
,https://www.olx.uz/d/obyavlenie/arenda-keles-masjidi-togrisida-3-xona-novastroyka-ID3adWh.html,,,,,,,,3adWh,20,almazar
Arenda Keles Masjidi togrisida 3 xona novastroyka,https://www.olx.uz/d/obyavlenie/arenda-keles-masjidi-togrisida-3-xona-novastroyka-ID3adWh.html,450 у.е.,450.0,у.е,,,,,3adWh,20,almazar
,https://www.olx.uz/d/obyavlenie/srochno-sdaetsya-almazar-siti-novostroyka-ID3WVTM.html,,,,,,,,3WVTM,20,almazar
Срочно сдаётся алмазар сити новостройка,https://www.olx.uz/d/obyavlenie/srochno-sdaetsya-almazar-siti-novostroyka-ID3WVTM.html,550 у.е.,550.0,у.е,,,,,3WVTM,20,almazar
,https://www.olx.uz/d/obyavlenie/srochna-sdaetsya-almazar-siti-ID3SBEs.html,,,,,,,,3SBEs,20,almazar
Срочна сдаётся алмазар сити,https://www.olx.uz/d/obyavlenie/srochna-sdaetsya-almazar-siti-ID3SBEs.html,550 у.е.,550.0,у.е,,,,,3SBEs,20,almazar
,https://www.olx.uz/d/obyavlenie/arenda-kvartira-novastroyka-olmazor-siti-ID4egiC.html,,,,,,,,4egiC,20,almazar
Аренда Квартира Новастройка Олмазор Сити,https://www.olx.uz/d/obyavlenie/arenda-kvartira-novastroyka-olmazor-siti-ID4egiC.html,600 у.е.,600.0,у.е,,,,,4egiC,20,almazar
,https://www.olx.uz/d/obyavlenie/tinchlik-metro-novostroyka-2-komnatnaya-ID4f49C.html,,,,,,,,4f49C,20,almazar
Тинчлик метро Новостройка 2 комнатная,https://www.olx.uz/d/obyavlenie/tinchlik-metro-novostroyka-2-komnatnaya-ID4f49C.html,500 у.е.,500.0,у.е,,,,,4f49C,20,almazar
,https://www.olx.uz/d/obyavlenie/zhk-cambridgde-residence-sdaetsya-uyutnaya-kvartira-3-h-ID3vWBY.html,,,,,,,,3vWBY,20,almazar
ЖК Cambridgde Residence! Сдается уютная квартира! 3-х,https://www.olx.uz/d/obyavlenie/zhk-cambridgde-residence-sdaetsya-uyutnaya-kvartira-3-h-ID3vWBY.html,1 000 у.е. Договорная,1000.0,у.е,,,,,3vWBY,20,almazar
,https://www.olx.uz/d/obyavlenie/srochnyy-arenda-kvartira-olmazor-rayon-sebzor-ya-rieltor-ID3VsYZ.html,,,,,,,,3VsYZ,20,almazar
Срочный аренда квартира олмазор район себзор Я РИЕЛТОРЬ,https://www.olx.uz/d/obyavlenie/srochnyy-arenda-kvartira-olmazor-rayon-sebzor-ya-rieltor-ID3VsYZ.html,750 у.е. Договорная,750.0,у.е,,,,,3VsYZ,20,almazar
,https://www.olx.uz/d/obyavlenie/prodazha-arenda-kvartiry-v-zhk-nrg-jomiy-55m2-gotovaya-evro-remont-ID4f43T.html,,,,,,,,4f43T,20,almazar
"Продажа,Аренда квартиры в ЖК NRG “Jomiy” 55м2 готовая евро ремонт",https://www.olx.uz/d/obyavlenie/prodazha-arenda-kvartiry-v-zhk-nrg-jomiy-55m2-gotovaya-evro-remont-ID4f43T.html,550 у.е. Договорная,550.0,у.е,,,,,4f43T,20,almazar
,https://www.olx.uz/d/obyavlenie/sdaetsya-3-kom-sebzor-tts-rivera-at-termiziy-michet-ID4f43w.html,,,,,,,,4f43w,20,almazar
"Сдается 3 ком Себзор, ТЦ Ривера. Ат Термизий Мичеть",https://www.olx.uz/d/obyavlenie/sdaetsya-3-kom-sebzor-tts-rivera-at-termiziy-michet-ID4f43w.html,600 у.е.,600.0,у.е,,,,,4f43w,20,almazar
,https://www.olx.uz/d/obyavlenie/olmazor-city-arenda-ID4eFkP.html,,,,,,,,4eFkP,20,almazar
Olmazor city arenda,https://www.olx.uz/d/obyavlenie/olmazor-city-arenda-ID4eFkP.html,500 у.е. Договорная,500.0,у.е,,,,,4eFkP,20,almazar
,https://www.olx.uz/d/obyavlenie/sdaetsya-shikarnaya-kvartira-v-zhk-kembridzh-rezidens-ID3IHx7.html,,,,,,,,3IHx7,20,almazar
сдается шикарная квартира в ЖК КЭмбридж резиденс,https://www.olx.uz/d/obyavlenie/sdaetsya-shikarnaya-kvartira-v-zhk-kembridzh-rezidens-ID3IHx7.html,800 у.е. Договорная,800.0,у.е,,,,,3IHx7,20,almazar
,https://www.olx.uz/d/obyavlenie/srochno-sdaetsya-arenda-v-amazar-siti-ID47iNU.html,,,,,,,,47iNU,20,almazar
Срочно сдается аренда в Амазар сити,https://www.olx.uz/d/obyavlenie/srochno-sdaetsya-arenda-v-amazar-siti-ID47iNU.html,450 у.е.,450.0,у.е,,,,,47iNU,20,almazar
