title,url,price_raw,price_value,price_currency,location_text,posted_date_raw,posted_date,time_raw,card_id,district_id,district_name
,https://www.olx.uz/d/obyavlenie/arenda-kvartira-iyk-ota-2024-ID3RP8h.html,,,,,,,,3RP8h,18,bektemir
Arenda Kvartira Iyk Ota 2024,https://www.olx.uz/d/obyavlenie/arenda-kvartira-iyk-ota-2024-ID3RP8h.html,150 у.е.,150.0,у.е,,,,,3RP8h,18,bektemir
,https://www.olx.uz/d/obyavlenie/kvartira-ijarasi-novostroyka-dom-2-xonali-57-kvadrat-yangi-remont-ID3RjTc.html,,,,,,,,3RjTc,18,bektemir
"Kvartira ijarasi Novostroyka do’m, 2 xonali, 57 kvadrat. Yangi remont",https://www.olx.uz/d/obyavlenie/kvartira-ijarasi-novostroyka-dom-2-xonali-57-kvadrat-yangi-remont-ID3RjTc.html,480 у.е. Договорная,480.0,у.е,,,,,3RjTc,18,bektemir
,https://www.olx.uz/d/obyavlenie/sdaetsya-v-arendu-2-h-komnatnaya-kvartira-musaffo-maskan-bektemir-ID4acfv.html,,,,,,,,4acfv,18,bektemir
"Сдаётся в аренду 2-х комнатная квартира Мусаффо маскан Бектемир,",https://www.olx.uz/d/obyavlenie/sdaetsya-v-arendu-2-h-komnatnaya-kvartira-musaffo-maskan-bektemir-ID4acfv.html,400 у.е.,400.0,у.е,,,,,4acfv,18,bektemir
,https://www.olx.uz/d/obyavlenie/1-xonali-uy-food-city-bozor-ID4clgb.html,,,,,,,,4clgb,18,bektemir
1 xonali uy food city bozor,https://www.olx.uz/d/obyavlenie/1-xonali-uy-food-city-bozor-ID4clgb.html,200 у.е.,200.0,у.е,,,,,4clgb,18,bektemir
,https://www.olx.uz/d/obyavlenie/arenda-kvartira-hovli-1-xona-beriladi-ID48url.html,,,,,,,,48url,18,bektemir
Arenda Kvartira Hovli 1 xona beriladi,https://www.olx.uz/d/obyavlenie/arenda-kvartira-hovli-1-xona-beriladi-ID48url.html,100 у.е. Договорная,100.0,у.е,,,,,48url,18,bektemir
,https://www.olx.uz/d/obyavlenie/qizlarga-bezmakler-sheriklikka-kv-ID41Elp.html,,,,,,,,41Elp,18,bektemir
Qizlarga Bezmakler sheriklikka kv,https://www.olx.uz/d/obyavlenie/qizlarga-bezmakler-sheriklikka-kv-ID41Elp.html,550 000 сум,550000.0,сум,,,,,41Elp,18,bektemir
,https://www.olx.uz/d/obyavlenie/ijaraga-yangi-domlardan-bardankul-ID4faDb.html,,,,,,,,4faDb,18,bektemir
Ijaraga yangi domlardan Bardankul,https://www.olx.uz/d/obyavlenie/ijaraga-yangi-domlardan-bardankul-ID4faDb.html,750 000 сум,750000.0,сум,,,,,4faDb,18,bektemir
,https://www.olx.uz/d/obyavlenie/sdaetsya-kvartira-bektemir-fud-siti-3-3-6-ID4fb9W.html,,,,,,,,4fb9W,18,bektemir
Сдается квартира | Бектемир | ФУД Сити | 3/3/6,https://www.olx.uz/d/obyavlenie/sdaetsya-kvartira-bektemir-fud-siti-3-3-6-ID4fb9W.html,480 у.е.,480.0,у.е,,,,,4fb9W,18,bektemir
,https://www.olx.uz/d/obyavlenie/bektemirskiy-or-r-vodnik-na-protiv-korzinka-3-9-9-ID4f5Ql.html,,,,,,,,4f5Ql,18,bektemir
Бектемирский ор-р Водник На против Корзинка 3/9/9,https://www.olx.uz/d/obyavlenie/bektemirskiy-or-r-vodnik-na-protiv-korzinka-3-9-9-ID4f5Ql.html,400 у.е.,400.0,у.е,,,,,4f5Ql,18,bektemir
,https://www.olx.uz/d/obyavlenie/sdaetsya-kvartira-bektemir-zhk-musaffo-maskan-3-10-16-ID4fb6D.html,,,,,,,,4fb6D,18,bektemir
Сдается квартира | Бектемир | ЖК Мусаффо Маскан | 3/10/16,https://www.olx.uz/d/obyavlenie/sdaetsya-kvartira-bektemir-zhk-musaffo-maskan-3-10-16-ID4fb6D.html,400 у.е.,400.0,у.е,,,,,4fb6D,18,bektemir
,https://www.olx.uz/d/obyavlenie/bektemir-vodnikda-izharaga-kvartira-bor-ID4fb69.html,,,,,,,,4fb69,18,bektemir
Бектемир Водникда ижарага квартира бор,https://www.olx.uz/d/obyavlenie/bektemir-vodnikda-izharaga-kvartira-bor-ID4fb69.html,300 у.е.,300.0,у.е,,,,,4fb69,18,bektemir
,https://www.olx.uz/d/obyavlenie/bektemir-vodnikda-izharaga-kvartira-bor-ID4fb4f.html,,,,,,,,4fb4f,18,bektemir
Бектемир Водникда ижарага квартира бор,https://www.olx.uz/d/obyavlenie/bektemir-vodnikda-izharaga-kvartira-bor-ID4fb4f.html,300 у.е.,300.0,у.е,,,,,4fb4f,18,bektemir
,https://www.olx.uz/d/obyavlenie/kvartira-v-arendu-ID49H7K.html,,,,,,,,49H7K,18,bektemir
Квартира в аренду,https://www.olx.uz/d/obyavlenie/kvartira-v-arendu-ID49H7K.html,400 у.е.,400.0,у.е,,,,,49H7K,18,bektemir
,https://www.olx.uz/d/obyavlenie/bektemir-vodnik-or-r-korzinka-tsentr-3-9-9-ID4f5Vm.html,,,,,,,,4f5Vm,18,bektemir
Бектемир Водник Ор-р Корзинка центр 3/9/9,https://www.olx.uz/d/obyavlenie/bektemir-vodnik-or-r-korzinka-tsentr-3-9-9-ID4f5Vm.html,400 у.е.,400.0,у.е,,,,,4f5Vm,18,bektemir
,https://www.olx.uz/d/obyavlenie/bektemirskiy-or-r-vodnik-na-protiv-korzinka-3-9-9-ID4f5Ql.html,,,,,,,,4f5Ql,18,bektemir
Бектемирский ор-р Водник На против Корзинка 3/9/9,https://www.olx.uz/d/obyavlenie/bektemirskiy-or-r-vodnik-na-protiv-korzinka-3-9-9-ID4f5Ql.html,400 у.е.,400.0,у.е,,,,,4f5Ql,18,bektemir
,https://www.olx.uz/d/obyavlenie/arenda-kvartira-bektemir-t-vodnik-muljal-park-oldida-1xona-2xona-qilin-ID4enkf.html,,,,,,,,4enkf,18,bektemir
Arenda kvartira Bektemir T Vodnik Muljal park oldida 1xona 2xona qilin,https://www.olx.uz/d/obyavlenie/arenda-kvartira-bektemir-t-vodnik-muljal-park-oldida-1xona-2xona-qilin-ID4enkf.html,3 200 000 сум,3200000.0,сум,,,,,4enkf,18,bektemir
,https://www.olx.uz/d/obyavlenie/arzon-arenda-srochna-3-xona-ID4dYGD.html,,,,,,,,4dYGD,18,bektemir
Arzon Arenda Srochna 3 xona,https://www.olx.uz/d/obyavlenie/arzon-arenda-srochna-3-xona-ID4dYGD.html,350 у.е.,350.0,у.е,,,,,4dYGD,18,bektemir
,https://www.olx.uz/d/obyavlenie/sdaetsya-2-komnaty-vodnik-musaffo-maskan-ID4dY9P.html,,,,,,,,4dY9P,18,bektemir
Сдаётся 2 комнаты Водник Мусаффо маскан,https://www.olx.uz/d/obyavlenie/sdaetsya-2-komnaty-vodnik-musaffo-maskan-ID4dY9P.html,450 у.е.,450.0,у.е,,,,,4dY9P,18,bektemir
,https://www.olx.uz/d/obyavlenie/sdaetsya-kvartira-na-vodnike-ID47sKW.html,,,,,,,,47sKW,18,bektemir
Сдаётся квартира на Воднике,https://www.olx.uz/d/obyavlenie/sdaetsya-kvartira-na-vodnike-ID47sKW.html,285 у.е.,285.0,у.е,,,,,47sKW,18,bektemir
,https://www.olx.uz/d/obyavlenie/1-hona-kvartira-3-etazh-kup-muddatga-17-3-musaffo-maskae-ID43awq.html,,,,,,,,43awq,18,bektemir
1 хона Квартира 3- этаж куп муддатга 17/3  мусаффо маскае,https://www.olx.uz/d/obyavlenie/1-hona-kvartira-3-etazh-kup-muddatga-17-3-musaffo-maskae-ID43awq.html,300 у.е.,300.0,у.е,,,,,43awq,18,bektemir
,https://www.olx.uz/d/obyavlenie/sdaetsya-v-arendu-2-h-komnatnaya-kvartira-musaffo-maskan-bektemir-ID4acfv.html,,,,,,,,4acfv,18,bektemir
"Сдаётся в аренду 2-х комнатная квартира Мусаффо маскан Бектемир,",https://www.olx.uz/d/obyavlenie/sdaetsya-v-arendu-2-h-komnatnaya-kvartira-musaffo-maskan-bektemir-ID4acfv.html,400 у.е.,400.0,у.е,,,,,4acfv,18,bektemir
,https://www.olx.uz/d/obyavlenie/bektemir-post-gai-yonida-2-xonali-uy-ID4ciuf.html,,,,,,,,4ciuf,18,bektemir
Bektemir post gai yonida 2 xonali uy,https://www.olx.uz/d/obyavlenie/bektemir-post-gai-yonida-2-xonali-uy-ID4ciuf.html,500 у.е.,500.0,у.е,,,,,4ciuf,18,bektemir
,https://www.olx.uz/d/obyavlenie/sdaetsya-kvartira-bektemir-vodnik-2-6-10-ID49P8I.html,,,,,,,,49P8I,18,bektemir
Сдается квартира | Бектемир | Водник | 2/6/10,https://www.olx.uz/d/obyavlenie/sdaetsya-kvartira-bektemir-vodnik-2-6-10-ID49P8I.html,400 у.е.,400.0,у.е,,,,,49P8I,18,bektemir
,https://www.olx.uz/d/obyavlenie/sdaetsya-kvartira-bektimir-zhk-musaffo-maskan-400-u-e-2-3-16-ID4bYtf.html,,,,,,,,4bYtf,18,bektemir
Сдается квартира | Бектимир | ЖК  Мусаффо Маскан | 400 у.е. | 2/3/16,https://www.olx.uz/d/obyavlenie/sdaetsya-kvartira-bektimir-zhk-musaffo-maskan-400-u-e-2-3-16-ID4bYtf.html,400 у.е.,400.0,у.е,,,,,4bYtf,18,bektemir
,https://www.olx.uz/d/obyavlenie/ijara-kvartera-xamma-sharoiti-bor-musaffo-maskan-ID4bjAC.html,,,,,,,,4bjAC,18,bektemir
Ijara kvartera xamma sharoiti bor Musaffo Maskan,https://www.olx.uz/d/obyavlenie/ijara-kvartera-xamma-sharoiti-bor-musaffo-maskan-ID4bjAC.html,4 000 000 сум,4000000.0,сум,,,,,4bjAC,18,bektemir
,https://www.olx.uz/d/obyavlenie/sdaetsya-kvartira-v-arendu-bektemir-zhk-musaffo-maskan-3-2-10-ID4eJrw.html,,,,,,,,4eJrw,18,bektemir
Сдается квартира в аренду | Бектемир | ЖК Мусаффо Маскан | 3/2/10,https://www.olx.uz/d/obyavlenie/sdaetsya-kvartira-v-arendu-bektemir-zhk-musaffo-maskan-3-2-10-ID4eJrw.html,450 у.е.,450.0,у.е,,,,,4eJrw,18,bektemir
,https://www.olx.uz/d/obyavlenie/kvartira-ijarasi-novostroyka-dom-2-xonali-57-kvadrat-yangi-remont-ID3RjTc.html,,,,,,,,3RjTc,18,bektemir
"Kvartira ijarasi Novostroyka do’m, 2 xonali, 57 kvadrat. Yangi remont",https://www.olx.uz/d/obyavlenie/kvartira-ijarasi-novostroyka-dom-2-xonali-57-kvadrat-yangi-remont-ID3RjTc.html,480 у.е. Договорная,480.0,у.е,,,,,3RjTc,18,bektemir
,https://www.olx.uz/d/obyavlenie/arenda-kvartira-bektemir-musaffo-maskan-3-16-17-ID4dWlB.html,,,,,,,,4dWlB,18,bektemir
Arenda kvartira. Bektemir. Musaffo maskan. 3/16/17,https://www.olx.uz/d/obyavlenie/arenda-kvartira-bektemir-musaffo-maskan-3-16-17-ID4dWlB.html,400 у.е.,400.0,у.е,,,,,4dWlB,18,bektemir
,https://www.olx.uz/d/obyavlenie/arenda-kvartira-bektemir-t-vodnik-muljal-prakratura-oldida-2xona-ID4f7zc.html,,,,,,,,4f7zc,18,bektemir
Arenda kvartira Bektemir T Vodnik Muljal Prakratura oldida 2xona,https://www.olx.uz/d/obyavlenie/arenda-kvartira-bektemir-t-vodnik-muljal-prakratura-oldida-2xona-ID4f7zc.html,300 у.е.,300.0,у.е,,,,,4f7zc,18,bektemir
,https://www.olx.uz/d/obyavlenie/bektemirskiy-or-r-vodnik-3-h-komnatnaya-novostroyka-3-3-9-ID4cicM.html,,,,,,,,4cicM,18,bektemir
Бектемирский ор-р Водник 3-х Комнатная Новостройка 3/3/9,https://www.olx.uz/d/obyavlenie/bektemirskiy-or-r-vodnik-3-h-komnatnaya-novostroyka-3-3-9-ID4cicM.html,500 у.е.,500.0,у.е,,,,,4cicM,18,bektemir
,https://www.olx.uz/d/obyavlenie/bektemir-musaffo-maskan-3-xonali-lyuks-kvartira-ID48WYE.html,,,,,,,,48WYE,18,bektemir
Bektemir Musaffo maskan 3 xonali lyuks kvartira,https://www.olx.uz/d/obyavlenie/bektemir-musaffo-maskan-3-xonali-lyuks-kvartira-ID48WYE.html,500 у.е. Договорная,500.0,у.е,,,,,48WYE,18,bektemir
,https://www.olx.uz/d/obyavlenie/sdaetsya-2-kom-bektemir-vodnik-kommunalka-vklyuchena-ID4f74U.html,,,,,,,,4f74U,18,bektemir
Сдается 2 ком Бектемир Водник. Коммуналка включена,https://www.olx.uz/d/obyavlenie/sdaetsya-2-kom-bektemir-vodnik-kommunalka-vklyuchena-ID4f74U.html,400 у.е.,400.0,у.е,,,,,4f74U,18,bektemir
,https://www.olx.uz/d/obyavlenie/3-xonali-uy-vodnik-park-ID479GX.html,,,,,,,,479GX,18,bektemir
3 xonali uy vodnik park,https://www.olx.uz/d/obyavlenie/3-xonali-uy-vodnik-park-ID479GX.html,350 у.е.,350.0,у.е,,,,,479GX,18,bektemir
,https://www.olx.uz/d/obyavlenie/arenda-kvartira-v-bektemirskom-rayone-zhk-musaffo-maskan-ID46FkT.html,,,,,,,,46FkT,18,bektemir
"Аренда квартира в Бектемирском районе ЖК ""Мусаффо маскан""",https://www.olx.uz/d/obyavlenie/arenda-kvartira-v-bektemirskom-rayone-zhk-musaffo-maskan-ID46FkT.html,400 у.е. Договорная,400.0,у.е,,,,,46FkT,18,bektemir
,https://www.olx.uz/d/obyavlenie/arenda-kvartira-vodnik-prokuratura-yonida-2-4-17-ID48QW2.html,,,,,,,,48QW2,18,bektemir
Arenda kvartira. Vodnik prokuratura yonida. 2/4/17,https://www.olx.uz/d/obyavlenie/arenda-kvartira-vodnik-prokuratura-yonida-2-4-17-ID48QW2.html,300 у.е.,300.0,у.е,,,,,48QW2,18,bektemir
,https://www.olx.uz/d/obyavlenie/sdaetsya-2-kom-kvartira-v-bektemire-or-vodnik-zhk-musaffo-maskan-ID4eijI.html,,,,,,,,4eijI,18,bektemir
"Сдаётся 2 ком квартира в Бектемире, Ор: Водник, ЖК Мусаффо Маскан!",https://www.olx.uz/d/obyavlenie/sdaetsya-2-kom-kvartira-v-bektemire-or-vodnik-zhk-musaffo-maskan-ID4eijI.html,420 у.е. Договорная,420.0,у.е,,,,,4eijI,18,bektemir
,https://www.olx.uz/d/obyavlenie/arenda-kvartiry-v-mirabad-avenue-ID49dHM.html,,,,,,,,49dHM,18,bektemir
Аренда квартиры в Mirabad Avenue.,https://www.olx.uz/d/obyavlenie/arenda-kvartiry-v-mirabad-avenue-ID49dHM.html,1 400 у.е. Договорная,1400.0,у.е,,,,,49dHM,18,bektemir
,https://www.olx.uz/d/obyavlenie/sdaetsya-kvartira-2-kom-bez-maklera-bez-posrednikov-ID4f5gJ.html,,,,,,,,4f5gJ,18,bektemir
Сдается квартира 2-ком без маклера без посредников,https://www.olx.uz/d/obyavlenie/sdaetsya-kvartira-2-kom-bez-maklera-bez-posrednikov-ID4f5gJ.html,400 у.е.,400.0,у.е,,,,,4f5gJ,18,bektemir
,https://www.olx.uz/d/obyavlenie/zudlik-bilan-bir-kishini-kvartiraga-olamiz-ID4f3In.html,,,,,,,,4f3In,18,bektemir
Zudlik bilan bir kishini kvartiraga olamiz,https://www.olx.uz/d/obyavlenie/zudlik-bilan-bir-kishini-kvartiraga-olamiz-ID4f3In.html,1 000 000 сум,1000000.0,сум,,,,,4f3In,18,bektemir
,https://www.olx.uz/d/obyavlenie/arenda-kvartiry-ot-sobstvennika-4-2-2-ID4eceR.html,,,,,,,,4eceR,18,bektemir
Аренда квартиры от собственника 4/2/2,https://www.olx.uz/d/obyavlenie/arenda-kvartiry-ot-sobstvennika-4-2-2-ID4eceR.html,800 у.е. Договорная,800.0,у.е,,,,,4eceR,18,bektemir
,https://www.olx.uz/d/obyavlenie/bezmakler-arzon-kvartira-ijaraga-beriladi-ID3zPAn.html,,,,,,,,3zPAn,18,bektemir
Bezmakler Arzon kvartira ijaraga beriladi,https://www.olx.uz/d/obyavlenie/bezmakler-arzon-kvartira-ijaraga-beriladi-ID3zPAn.html,249 у.е.,249.0,у.е,,,,,3zPAn,18,bektemir
,https://www.olx.uz/d/obyavlenie/arenda-2h-komnatnaya-bektemir-vodnik-pervyy-etazh-ryadom-s-prokraturoy-ID4f40I.html,,,,,,,,4f40I,18,bektemir
"Аренда. 2х комнатная. Бектемир, Водник.Первый этаж.Рядом с прократурой",https://www.olx.uz/d/obyavlenie/arenda-2h-komnatnaya-bektemir-vodnik-pervyy-etazh-ryadom-s-prokraturoy-ID4f40I.html,300 у.е.,300.0,у.е,,,,,4f40I,18,bektemir
,https://www.olx.uz/d/obyavlenie/surochna-arenda-kvartira-bektemirskiy-rayon-vodnik-rohat-metro-3-honali-ID4f3Ex.html,,,,,,,,4f3Ex,18,bektemir
Сурочна аренда квартира бектемирский район водник рохат метро 3 хонали,https://www.olx.uz/d/obyavlenie/surochna-arenda-kvartira-bektemirskiy-rayon-vodnik-rohat-metro-3-honali-ID4f3Ex.html,400 у.е.,400.0,у.е,,,,,4f3Ex,18,bektemir
,https://www.olx.uz/d/obyavlenie/arenda-bektemirkiy-rayon-zhk-mussafo-masskan-2h-kom-s-mebelyu-i-tehniko-ID4f3qO.html,,,,,,,,4f3qO,18,bektemir
Аренда Бектемиркий район ЖК Муссафо масскан 2х ком с мебелью и технико,https://www.olx.uz/d/obyavlenie/arenda-bektemirkiy-rayon-zhk-mussafo-masskan-2h-kom-s-mebelyu-i-tehniko-ID4f3qO.html,400 у.е.,400.0,у.е,,,,,4f3qO,18,bektemir
,https://www.olx.uz/d/obyavlenie/ijaraga-yangi-qurilgan-uylar-bardankul-ID4f300.html,,,,,,,,4f300,18,bektemir
Ijaraga yangi qurilgan uylar Bardankul,https://www.olx.uz/d/obyavlenie/ijaraga-yangi-qurilgan-uylar-bardankul-ID4f300.html,750 000 сум,750000.0,сум,,,,,4f300,18,bektemir
,https://www.olx.uz/d/obyavlenie/lyuks-kvartira-bektemirdan-2xonali-ID4aRY4.html,,,,,,,,4aRY4,18,bektemir
Lyuks kvartira bektemirdan 2xonali,https://www.olx.uz/d/obyavlenie/lyuks-kvartira-bektemirdan-2xonali-ID4aRY4.html,800 у.е. Договорная,800.0,у.е,,,,,4aRY4,18,bektemir
,https://www.olx.uz/d/obyavlenie/lyuks-kvartira-vodnik-2-xona-ID44466.html,,,,,,,,44466,18,bektemir
Lyuks kvartira vodnik 2 xona,https://www.olx.uz/d/obyavlenie/lyuks-kvartira-vodnik-2-xona-ID44466.html,550 у.е.,550.0,у.е,,,,,44466,18,bektemir
,https://www.olx.uz/d/obyavlenie/kvartira-topshiramiz-bektemirskiy-rayon-profi-universitet-orka-tomoni-ID469gK.html,,,,,,,,469gK,18,bektemir
Квартира топширамиз Бектемирский район профи университет орка томони,https://www.olx.uz/d/obyavlenie/kvartira-topshiramiz-bektemirskiy-rayon-profi-universitet-orka-tomoni-ID469gK.html,800 000 сум Договорная,800000.0,сум,,,,,469gK,18,bektemir
,https://www.olx.uz/d/obyavlenie/bektemir-vodnikda-izharaga-kvartira-bor-ID4f2NS.html,,,,,,,,4f2NS,18,bektemir
Бектемир Водникда ижарага квартира бор,https://www.olx.uz/d/obyavlenie/bektemir-vodnikda-izharaga-kvartira-bor-ID4f2NS.html,400 у.е.,400.0,у.е,,,,,4f2NS,18,bektemir
,https://www.olx.uz/d/obyavlenie/arenda-kvartira-iyk-ota-2024-ID3RP8h.html,,,,,,,,3RP8h,18,bektemir
Arenda Kvartira Iyk Ota 2024,https://www.olx.uz/d/obyavlenie/arenda-kvartira-iyk-ota-2024-ID3RP8h.html,150 у.е.,150.0,у.е,,,,,3RP8h,18,bektemir
,https://www.olx.uz/d/obyavlenie/kvartira-izharaga-beriladi-400-ga-3-3-10-ID4f2yg.html,,,,,,,,4f2yg,18,bektemir
"Квартира ижарага берилади 400$ га 3/3/10,",https://www.olx.uz/d/obyavlenie/kvartira-izharaga-beriladi-400-ga-3-3-10-ID4f2yg.html,400 у.е.,400.0,у.е,,,,,4f2yg,18,bektemir
,https://www.olx.uz/d/obyavlenie/sdaetsya-v-aredu-2-4-4-na-vodnike-ID4dQ6w.html,,,,,,,,4dQ6w,18,bektemir
Сдаётся в ареду 2/4/4 на Воднике,https://www.olx.uz/d/obyavlenie/sdaetsya-v-aredu-2-4-4-na-vodnike-ID4dQ6w.html,250 у.е. Договорная,250.0,у.е,,,,,4dQ6w,18,bektemir
,https://www.olx.uz/d/obyavlenie/uy-ozimizniki-bektemir-tum-abay-maxallasi-1-2b-10-ijaraga-beriladi-ID3ZG2i.html,,,,,,,,3ZG2i,18,bektemir
"Uy o'zimizniki Bektemir tum, Abay maxallasi, 1/2b/10 ijaraga beriladi.",https://www.olx.uz/d/obyavlenie/uy-ozimizniki-bektemir-tum-abay-maxallasi-1-2b-10-ijaraga-beriladi-ID3ZG2i.html,300 у.е.,300.0,у.е,,,,,3ZG2i,18,bektemir
,https://www.olx.uz/d/obyavlenie/novza-hamza-metroda-2-honali-uy-izharaga-beriladi-ID4f2j1.html,,,,,,,,4f2j1,18,bektemir
Новза (Хамза) метрода 2 хонали уй ижарага берилади,https://www.olx.uz/d/obyavlenie/novza-hamza-metroda-2-honali-uy-izharaga-beriladi-ID4f2j1.html,320 у.е.,320.0,у.е,,,,,4f2j1,18,bektemir
,https://www.olx.uz/d/obyavlenie/kvartira-2-xonali-yosh-oila-bilan-turishga-qizlar-olinadi-ID48jXa.html,,,,,,,,48jXa,18,bektemir
Kvartira 2 xonali yosh oila bilan turishga qizlar olinadi,https://www.olx.uz/d/obyavlenie/kvartira-2-xonali-yosh-oila-bilan-turishga-qizlar-olinadi-ID48jXa.html,900 000 сум,900000.0,сум,,,,,48jXa,18,bektemir
,https://www.olx.uz/d/obyavlenie/izharaga-hona-beriladi-ID3GP1H.html,,,,,,,,3GP1H,18,bektemir
Ижарага хона берилади,https://www.olx.uz/d/obyavlenie/izharaga-hona-beriladi-ID3GP1H.html,900 000 сум Договорная,900000.0,сум,,,,,3GP1H,18,bektemir
,https://www.olx.uz/d/obyavlenie/sdayu-v-arendu-dlya-studentov-ID4doQB.html,,,,,,,,4doQB,18,bektemir
Сдаю в аренду для студентов,https://www.olx.uz/d/obyavlenie/sdayu-v-arendu-dlya-studentov-ID4doQB.html,500 000 сум,500000.0,сум,,,,,4doQB,18,bektemir
,https://www.olx.uz/d/obyavlenie/bektemir-vodnikda-izharaga-kvartira-bor-ID4f1Eh.html,,,,,,,,4f1Eh,18,bektemir
Бектемир Водникда ижарага квартира бор,https://www.olx.uz/d/obyavlenie/bektemir-vodnikda-izharaga-kvartira-bor-ID4f1Eh.html,350 у.е.,350.0,у.е,,,,,4f1Eh,18,bektemir
,https://www.olx.uz/d/obyavlenie/bektemir-tumani-srochna-kvartira-ijaraga-ID4f1tG.html,,,,,,,,4f1tG,18,bektemir
Bektemir tumani srochna kvartira ijaraga,https://www.olx.uz/d/obyavlenie/bektemir-tumani-srochna-kvartira-ijaraga-ID4f1tG.html,300 у.е.,300.0,у.е,,,,,4f1tG,18,bektemir
,https://www.olx.uz/d/obyavlenie/qizlarga-bez-makler-kvartera-ID3Cz2J.html,,,,,,,,3Cz2J,18,bektemir
qizlarga bez makler kvartera,https://www.olx.uz/d/obyavlenie/qizlarga-bez-makler-kvartera-ID3Cz2J.html,50 у.е. Договорная,50.0,у.е,,,,,3Cz2J,18,bektemir
,https://www.olx.uz/d/obyavlenie/fut-sitidan-2-km-uzolikda-2-honali-honadon-izharaga-arendaga-ID3Kfii.html,,,,,,,,3Kfii,18,bektemir
"Фут ситидан 2 км узоқликда 2 хонали хонадон ижарага, арендага",https://www.olx.uz/d/obyavlenie/fut-sitidan-2-km-uzolikda-2-honali-honadon-izharaga-arendaga-ID3Kfii.html,3 500 000 сум,3500000.0,сум,,,,,3Kfii,18,bektemir
,https://www.olx.uz/d/obyavlenie/sdaetsya-3-komnatnyy-dom-nedaleko-ot-fudsiti-ID4cg2D.html,,,,,,,,4cg2D,18,bektemir
"Сдается 3 комнатный дом, недалеко от Фудсити",https://www.olx.uz/d/obyavlenie/sdaetsya-3-komnatnyy-dom-nedaleko-ot-fudsiti-ID4cg2D.html,300 у.е.,300.0,у.е,,,,,4cg2D,18,bektemir
,https://www.olx.uz/d/obyavlenie/3-3-10-bektemir-massiv-vodnikvse-novoe-500-ID4at3B.html,,,,,,,,4at3B,18,bektemir
3/3/10 Бектемир! Массив Водник(всё Новое 500 $,https://www.olx.uz/d/obyavlenie/3-3-10-bektemir-massiv-vodnikvse-novoe-500-ID4at3B.html,500 у.е.,500.0,у.е,,,,,4at3B,18,bektemir
,https://www.olx.uz/d/obyavlenie/sdayu-kvartira-2-etazh-ID41qXf.html,,,,,,,,41qXf,18,bektemir
Сдаю квартира 2 этаж,https://www.olx.uz/d/obyavlenie/sdayu-kvartira-2-etazh-ID41qXf.html,450 у.е. Договорная,450.0,у.е,,,,,41qXf,18,bektemir
,https://www.olx.uz/d/obyavlenie/sheriklikka-qizlar-olinadi-maklersiz-ID48fMg.html,,,,,,,,48fMg,18,bektemir
sheriklikka qizlar olinadi maklersiz,https://www.olx.uz/d/obyavlenie/sheriklikka-qizlar-olinadi-maklersiz-ID48fMg.html,700 000 сум,700000.0,сум,,,,,48fMg,18,bektemir
,https://www.olx.uz/d/obyavlenie/kvartira-na-kuylyuke-3-4-4-orientir-kompas-ID4dLga.html,,,,,,,,4dLga,18,bektemir
Квартира на Куйлюке 3/4/4 ориентир Компас,https://www.olx.uz/d/obyavlenie/kvartira-na-kuylyuke-3-4-4-orientir-kompas-ID4dLga.html,350 у.е.,350.0,у.е,,,,,4dLga,18,bektemir
,https://www.olx.uz/d/obyavlenie/sdaetsya-absolyutno-novaya-3h-komnatnaya-v-novostroyke-yakkasaray-glinka-ID4bdjv.html,,,,,,,,4bdjv,18,bektemir
"Сдаётся абсолютно новая 3х комнатная в новостройке. Яккасарай, Глинка",https://www.olx.uz/d/obyavlenie/sdaetsya-absolyutno-novaya-3h-komnatnaya-v-novostroyke-yakkasaray-glinka-ID4bdjv.html,1 000 у.е.,1000.0,у.е,,,,,4bdjv,18,bektemir
,https://www.olx.uz/d/obyavlenie/sdaetsya-kvartira-bektemir-vodnik-2-7-9-500-u-e-ID4ckJz.html,,,,,,,,4ckJz,18,bektemir
Сдается квартира | Бектемир | Водник | 2/7/9  500 у.е.,https://www.olx.uz/d/obyavlenie/sdaetsya-kvartira-bektemir-vodnik-2-7-9-500-u-e-ID4ckJz.html,500 у.е.,500.0,у.е,,,,,4ckJz,18,bektemir
,https://www.olx.uz/d/obyavlenie/sdaetsya-v-arendu-1-komnatnaya-studiya-v-novostroykerv33-ID4e9xd.html,,,,,,,,4e9xd,18,bektemir
Сдается в аренду 1 комнатная студия в новостройке(RV33),https://www.olx.uz/d/obyavlenie/sdaetsya-v-arendu-1-komnatnaya-studiya-v-novostroykerv33-ID4e9xd.html,500 у.е.,500.0,у.е,,,,,4e9xd,18,bektemir
,https://www.olx.uz/d/obyavlenie/sdaetsya-2-komnatnaya-kvartira-ID48eyJ.html,,,,,,,,48eyJ,18,bektemir
Сдается 2 - комнатная квартира,https://www.olx.uz/d/obyavlenie/sdaetsya-2-komnatnaya-kvartira-ID48eyJ.html,500 у.е. Договорная,500.0,у.е,,,,,48eyJ,18,bektemir
,https://www.olx.uz/d/obyavlenie/uy-izhara-studentlarga-shartnoma-bor-ID4998z.html,,,,,,,,4998z,18,bektemir
Уй ижара студентларга шартнома бор,https://www.olx.uz/d/obyavlenie/uy-izhara-studentlarga-shartnoma-bor-ID4998z.html,650 000 сум,650000.0,сум,,,,,4998z,18,bektemir
,https://www.olx.uz/d/obyavlenie/sdaetsya-kvartira-bektemir-zhk-musaffo-maskan-2-4-10-ID4eX3T.html,,,,,,,,4eX3T,18,bektemir
Сдается квартира | Бектемир | ЖК Мусаффо Маскан | 2/4/10,https://www.olx.uz/d/obyavlenie/sdaetsya-kvartira-bektemir-zhk-musaffo-maskan-2-4-10-ID4eX3T.html,350 у.е.,350.0,у.е,,,,,4eX3T,18,bektemir
,https://www.olx.uz/d/obyavlenie/sdam-v-arendu-2-h-komnatnuyu-v-bektemirskom-rayone-ID475gj.html,,,,,,,,475gj,18,bektemir
Сдам в аренду 2-х комнатную в Бектемирском районе.,https://www.olx.uz/d/obyavlenie/sdam-v-arendu-2-h-komnatnuyu-v-bektemirskom-rayone-ID475gj.html,300 у.е.,300.0,у.е,,,,,475gj,18,bektemir
,https://www.olx.uz/d/obyavlenie/sdaetsya-kvartira-na-vodnike-ID4eX00.html,,,,,,,,4eX00,18,bektemir
Сдается квартира на Воднике.,https://www.olx.uz/d/obyavlenie/sdaetsya-kvartira-na-vodnike-ID4eX00.html,3 700 000 сум Договорная,3700000.0,сум,,,,,4eX00,18,bektemir
,https://www.olx.uz/d/obyavlenie/bektemir-3-xona-350-ID41yoa.html,,,,,,,,41yoa,18,bektemir
Bektemir 3 xona 350$,https://www.olx.uz/d/obyavlenie/bektemir-3-xona-350-ID41yoa.html,350 у.е.,350.0,у.е,,,,,41yoa,18,bektemir
,https://www.olx.uz/d/obyavlenie/vodnikda-1-xona-3-etaj-ID4cBgY.html,,,,,,,,4cBgY,18,bektemir
Vodnikda 1 xona 3-etaj,https://www.olx.uz/d/obyavlenie/vodnikda-1-xona-3-etaj-ID4cBgY.html,300 у.е.,300.0,у.е,,,,,4cBgY,18,bektemir
,https://www.olx.uz/d/obyavlenie/kvartira-sdaetsya-v-arendu-svoya-2-kom-sangorod-pochta-ID3WxsF.html,,,,,,,,3WxsF,18,bektemir
"Квартира сдаётся в аренду. Своя 2 ком. ""Сангород,Почта""",https://www.olx.uz/d/obyavlenie/kvartira-sdaetsya-v-arendu-svoya-2-kom-sangorod-pochta-ID3WxsF.html,400 у.е.,400.0,у.е,,,,,3WxsF,18,bektemir
,https://www.olx.uz/d/obyavlenie/panelniy-arendaga-kvartira-ID4eVri.html,,,,,,,,4eVri,18,bektemir
Панелний арендага квартира,https://www.olx.uz/d/obyavlenie/panelniy-arendaga-kvartira-ID4eVri.html,380 у.е. Договорная,380.0,у.е,,,,,4eVri,18,bektemir
,https://www.olx.uz/d/obyavlenie/talabalar-uchin-kvartira-ID4eV5i.html,,,,,,,,4eV5i,18,bektemir
Talabalar uchin kvartira,https://www.olx.uz/d/obyavlenie/talabalar-uchin-kvartira-ID4eV5i.html,700 000 сум,700000.0,сум,,,,,4eV5i,18,bektemir
,https://www.olx.uz/d/obyavlenie/uy-arenda-izhara-talabalarga-ID3wIzc.html,,,,,,,,3wIzc,18,bektemir
Уй аренда ижара талабаларга,https://www.olx.uz/d/obyavlenie/uy-arenda-izhara-talabalarga-ID3wIzc.html,650 000 сум,650000.0,сум,,,,,3wIzc,18,bektemir
,https://www.olx.uz/d/obyavlenie/sergeli-8-da-2-1-7-remontli-uy-izharaga-beriladi-ID4eW6P.html,,,,,,,,4eW6P,18,bektemir
Сергели 8 да 2/1/7 ремонтли уй ижарага берилади,https://www.olx.uz/d/obyavlenie/sergeli-8-da-2-1-7-remontli-uy-izharaga-beriladi-ID4eW6P.html,500 у.е.,500.0,у.е,,,,,4eW6P,18,bektemir
,https://www.olx.uz/d/obyavlenie/deshevo-vodnik-2-komn-orientir-prokuratura-bektemirskiy-kuylyuk-10-min-ID47eI7.html,,,,,,,,47eI7,18,bektemir
"ДЕШЕВО Водник 2 комн ориентир Прокуратура Бектемирский, Куйлюк 10 мин",https://www.olx.uz/d/obyavlenie/deshevo-vodnik-2-komn-orientir-prokuratura-bektemirskiy-kuylyuk-10-min-ID47eI7.html,250 у.е.,250.0,у.е,,,,,47eI7,18,bektemir
,https://www.olx.uz/d/obyavlenie/arendaga-2-honalik-kvartira-bektemir-tumani-evro-remont-ID4eUD2.html,,,,,,,,4eUD2,18,bektemir
Арендага 2 хоналик квартира. Бектемир тумани. Евро ремонт,https://www.olx.uz/d/obyavlenie/arendaga-2-honalik-kvartira-bektemir-tumani-evro-remont-ID4eUD2.html,300 у.е.,300.0,у.е,,,,,4eUD2,18,bektemir
,https://www.olx.uz/d/obyavlenie/kvartira-bor-kimga-kk-bolsa-murojat-qilila-faqat-xotin-qizlarga-ID3AfS2.html,,,,,,,,3AfS2,18,bektemir
Kvartira  bor  kimga kk boʻlsa murojat qilila faqat xotin-qizlarga,https://www.olx.uz/d/obyavlenie/kvartira-bor-kimga-kk-bolsa-murojat-qilila-faqat-xotin-qizlarga-ID3AfS2.html,700 000 сум Договорная,700000.0,сум,,,,,3AfS2,18,bektemir
,https://www.olx.uz/d/obyavlenie/profi-university-dormitory-studencheskoe-obschezhitie-ID4eT30.html,,,,,,,,4eT30,18,bektemir
Profi University Dormitory — студенческое общежитие,https://www.olx.uz/d/obyavlenie/profi-university-dormitory-studencheskoe-obschezhitie-ID4eT30.html,880 000 сум Договорная,880000.0,сум,,,,,4eT30,18,bektemir
,https://www.olx.uz/d/obyavlenie/qoyliq-centr-arenda-2-xona-ID495Et.html,,,,,,,,495Et,18,bektemir
Qoyliq centr arenda 2 xona,https://www.olx.uz/d/obyavlenie/qoyliq-centr-arenda-2-xona-ID495Et.html,350 у.е.,350.0,у.е,,,,,495Et,18,bektemir
,https://www.olx.uz/d/obyavlenie/kvartira-bektemr-zags-bez-makler-ID3KtIR.html,,,,,,,,3KtIR,18,bektemir
квартира бектемр загс без маклер,https://www.olx.uz/d/obyavlenie/kvartira-bektemr-zags-bez-makler-ID3KtIR.html,400 у.е.,400.0,у.е,,,,,3KtIR,18,bektemir
,https://www.olx.uz/d/obyavlenie/2-xonali-uy-uchaska-ID3TKJk.html,,,,,,,,3TKJk,18,bektemir
2-xonali  uy uchaska,https://www.olx.uz/d/obyavlenie/2-xonali-uy-uchaska-ID3TKJk.html,300 у.е.,300.0,у.е,,,,,3TKJk,18,bektemir
,https://www.olx.uz/d/obyavlenie/food-city-yonidan-3xona-arenda-ID45EeM.html,,,,,,,,45EeM,18,bektemir
Food city yonidan 3xona arenda,https://www.olx.uz/d/obyavlenie/food-city-yonidan-3xona-arenda-ID45EeM.html,400 у.е.,400.0,у.е,,,,,45EeM,18,bektemir
,https://www.olx.uz/d/obyavlenie/kvartiraga-quyamiz-oilali-studenla-bogcha-maktab-yaqin-atrofida-magazi-ID3XCK5.html,,,,,,,,3XCK5,18,bektemir
Kvartiraga quyamiz oilali studenla bogcha maktab yaqin atrofida magazi,https://www.olx.uz/d/obyavlenie/kvartiraga-quyamiz-oilali-studenla-bogcha-maktab-yaqin-atrofida-magazi-ID3XCK5.html,600 000 сум Договорная,600000.0,сум,,,,,3XCK5,18,bektemir
,https://www.olx.uz/d/obyavlenie/arenda-kvartira-dvor-ID3UWeo.html,,,,,,,,3UWeo,18,bektemir
Аренда  квартира  двор,https://www.olx.uz/d/obyavlenie/arenda-kvartira-dvor-ID3UWeo.html,100 у.е.,100.0,у.е,,,,,3UWeo,18,bektemir
,https://www.olx.uz/d/obyavlenie/arenda-kvartira-ID4dboi.html,,,,,,,,4dboi,18,bektemir
Аренда. Квартира,https://www.olx.uz/d/obyavlenie/arenda-kvartira-ID4dboi.html,900 000 сум,900000.0,сум,,,,,4dboi,18,bektemir
,https://www.olx.uz/d/obyavlenie/biktemir-3-3-9-novostroyka-vodinik-rahat-ID4aIGA.html,,,,,,,,4aIGA,18,bektemir
"Биктемир 3/3/9 новостройка Водиник, Рахат",https://www.olx.uz/d/obyavlenie/biktemir-3-3-9-novostroyka-vodinik-rahat-ID4aIGA.html,500 у.е.,500.0,у.е,,,,,4aIGA,18,bektemir
,https://www.olx.uz/d/obyavlenie/foodcity-bozor-yonida-uchaska-6-sotik-4-xona-ID45Dns.html,,,,,,,,45Dns,18,bektemir
FoodCity bozor yonida uchaska 6 SOTIK 4 xona,https://www.olx.uz/d/obyavlenie/foodcity-bozor-yonida-uchaska-6-sotik-4-xona-ID45Dns.html,700 у.е. Договорная,700.0,у.е,,,,,45Dns,18,bektemir
,https://www.olx.uz/d/obyavlenie/sdaetsya-kvartira-m-oybek-or-r-aty-baty-rv33-ID4escL.html,,,,,,,,4escL,18,bektemir
Сдается квартира М Ойбек ор-р Аты Баты (RV33),https://www.olx.uz/d/obyavlenie/sdaetsya-kvartira-m-oybek-or-r-aty-baty-rv33-ID4escL.html,500 у.е.,500.0,у.е,,,,,4escL,18,bektemir
,https://www.olx.uz/d/obyavlenie/3-3-4-bektemir-rovdryadom-vodnik-ryadom-kuylyuk-ID4dERP.html,,,,,,,,4dERP,18,bektemir
3/3/4 Бектемир РОВД(рядом Водник рядом Куйлюк,https://www.olx.uz/d/obyavlenie/3-3-4-bektemir-rovdryadom-vodnik-ryadom-kuylyuk-ID4dERP.html,450 у.е.,450.0,у.е,,,,,4dERP,18,bektemir
,https://www.olx.uz/d/obyavlenie/novostroyka-vodnik-65m-450-ID493oc.html,,,,,,,,493oc,18,bektemir
Новостройка Водник 65м²  450,https://www.olx.uz/d/obyavlenie/novostroyka-vodnik-65m-450-ID493oc.html,450 у.е.,450.0,у.е,,,,,493oc,18,bektemir
,https://www.olx.uz/d/obyavlenie/sdaetsya-kvartira-v-arendu-bektemir-zhk-musaffo-maskan-1-11-16-ID4erQk.html,,,,,,,,4erQk,18,bektemir
Сдается квартира в аренду | Бектемир | ЖК Мусаффо Маскан | 1/11/16,https://www.olx.uz/d/obyavlenie/sdaetsya-kvartira-v-arendu-bektemir-zhk-musaffo-maskan-1-11-16-ID4erQk.html,300 у.е.,300.0,у.е,,,,,4erQk,18,bektemir
,https://www.olx.uz/d/obyavlenie/arenda-food-seti-bozor-yaqin-2-2-9-ID4eQBA.html,,,,,,,,4eQBA,18,bektemir
Arenda Food seti bozor yaqin. 2/2/9,https://www.olx.uz/d/obyavlenie/arenda-food-seti-bozor-yaqin-2-2-9-ID4eQBA.html,350 у.е.,350.0,у.е,,,,,4eQBA,18,bektemir
,https://www.olx.uz/d/obyavlenie/srochno-sdaetsya-dom-3-komnaty-2-sotki-yik-ota-ID4ePZs.html,,,,,,,,4ePZs,18,bektemir
"Срочно сдается дом 3 комнаты,2 сотки.Йик-ота.",https://www.olx.uz/d/obyavlenie/srochno-sdaetsya-dom-3-komnaty-2-sotki-yik-ota-ID4ePZs.html,350 у.е.,350.0,у.е,,,,,4ePZs,18,bektemir
,https://www.olx.uz/d/obyavlenie/kvartirani-oldi-metro-gga-yaqin-ID487Mx.html,,,,,,,,487Mx,18,bektemir
Kvartirani oldi metro gga yaqin,https://www.olx.uz/d/obyavlenie/kvartirani-oldi-metro-gga-yaqin-ID487Mx.html,2 700 000 сум Договорная,2700000.0,сум,,,,,487Mx,18,bektemir
,https://www.olx.uz/d/obyavlenie/bez-makler-maklersiz-uzimizniki-eski-dinamo-urda-2-honali-uy-ID4eQgS.html,,,,,,,,4eQgS,18,bektemir
"Без маклер , Маклерсиз узимизники Эски Динамо Урда 2 хонали уй",https://www.olx.uz/d/obyavlenie/bez-makler-maklersiz-uzimizniki-eski-dinamo-urda-2-honali-uy-ID4eQgS.html,550 у.е. Договорная,550.0,у.е,,,,,4eQgS,18,bektemir
,https://www.olx.uz/d/obyavlenie/yangi-kvartira-arenda-kuyaman-2-student-kiz-olamiz-ID4d9pk.html,,,,,,,,4d9pk,18,bektemir
Янги квартира аренда куяман 2 студент киз оламиз,https://www.olx.uz/d/obyavlenie/yangi-kvartira-arenda-kuyaman-2-student-kiz-olamiz-ID4d9pk.html,1 000 000 сум Договорная,1000000.0,сум,,,,,4d9pk,18,bektemir
,https://www.olx.uz/d/obyavlenie/arenda-kvartira-bektemirda-hozyaykali-bez-makler-ID3NOiw.html,,,,,,,,3NOiw,18,bektemir
Аренда квартира Бектемирда хозяйкали без маклер,https://www.olx.uz/d/obyavlenie/arenda-kvartira-bektemirda-hozyaykali-bez-makler-ID3NOiw.html,100 у.е.,100.0,у.е,,,,,3NOiw,18,bektemir
,https://www.olx.uz/d/obyavlenie/sdaetsya-2-kom-bektemir-vodnik-ID4eQ6x.html,,,,,,,,4eQ6x,18,bektemir
Сдается 2 ком Бектемир Водник,https://www.olx.uz/d/obyavlenie/sdaetsya-2-kom-bektemir-vodnik-ID4eQ6x.html,400 у.е.,400.0,у.е,,,,,4eQ6x,18,bektemir
,https://www.olx.uz/d/obyavlenie/kvartira-na-vodnike-400-ID4eQ1Z.html,,,,,,,,4eQ1Z,18,bektemir
Квартира на воднике 400,https://www.olx.uz/d/obyavlenie/kvartira-na-vodnike-400-ID4eQ1Z.html,400 у.е.,400.0,у.е,,,,,4eQ1Z,18,bektemir
,https://www.olx.uz/d/obyavlenie/arenda-yoki-hostel-ID3hN77.html,,,,,,,,3hN77,18,bektemir
Arenda yoki Hostel,https://www.olx.uz/d/obyavlenie/arenda-yoki-hostel-ID3hN77.html,150 у.е.,150.0,у.е,,,,,3hN77,18,bektemir
,https://www.olx.uz/d/obyavlenie/yashnobod-tumani-izzat-novastroykada-izharaga-kvartira-bor-ID4ePNy.html,,,,,,,,4ePNy,18,bektemir
Яшнобод тумани Иззат новастройкада ижарага квартира бор,https://www.olx.uz/d/obyavlenie/yashnobod-tumani-izzat-novastroykada-izharaga-kvartira-bor-ID4ePNy.html,450 у.е.,450.0,у.е,,,,,4ePNy,18,bektemir
,https://www.olx.uz/d/obyavlenie/izhara-arenda-kvartira-ID39sL8.html,,,,,,,,39sL8,18,bektemir
Ижара аренда квартира,https://www.olx.uz/d/obyavlenie/izhara-arenda-kvartira-ID39sL8.html,700 000 сум,700000.0,сум,,,,,39sL8,18,bektemir
,https://www.olx.uz/d/obyavlenie/bektemir-tumanida-2xonali-uy-arendaga-beriladi-ID41gXP.html,,,,,,,,41gXP,18,bektemir
Bektemir tumanida 2xonali uy arendaga beriladi,https://www.olx.uz/d/obyavlenie/bektemir-tumanida-2xonali-uy-arendaga-beriladi-ID41gXP.html,3 500 000 сум,3500000.0,сум,,,,,41gXP,18,bektemir
,https://www.olx.uz/d/obyavlenie/bektemir-vodnikda-izharaga-kvartira-bor-ID4eOGp.html,,,,,,,,4eOGp,18,bektemir
Бектемир Водникда ижарага квартира бор,https://www.olx.uz/d/obyavlenie/bektemir-vodnikda-izharaga-kvartira-bor-ID4eOGp.html,4 000 000 сум,4000000.0,сум,,,,,4eOGp,18,bektemir
,https://www.olx.uz/d/obyavlenie/bektemirdan-3-xonali-uy-arenda-ID491CS.html,,,,,,,,491CS,18,bektemir
Bektemirdan 3 xonali uy arenda,https://www.olx.uz/d/obyavlenie/bektemirdan-3-xonali-uy-arenda-ID491CS.html,350 у.е.,350.0,у.е,,,,,491CS,18,bektemir
,https://www.olx.uz/d/obyavlenie/novostroyka-musaffo-maskan-2h-62m-450-ID4bw40.html,,,,,,,,4bw40,18,bektemir
Новостройка Мусаффо Маскан 2х 62м²  450,https://www.olx.uz/d/obyavlenie/novostroyka-musaffo-maskan-2h-62m-450-ID4bw40.html,450 у.е.,450.0,у.е,,,,,4bw40,18,bektemir
,https://www.olx.uz/d/obyavlenie/vodnik-rovd-2-3-4-ID4dBWu.html,,,,,,,,4dBWu,18,bektemir
Водник/РОВД 2/3/4,https://www.olx.uz/d/obyavlenie/vodnik-rovd-2-3-4-ID4dBWu.html,400 у.е.,400.0,у.е,,,,,4dBWu,18,bektemir
,https://www.olx.uz/d/obyavlenie/bektemir-tumani-vodnikda-novostroyka-arenda-ga-beriladi-ID44O1A.html,,,,,,,,44O1A,18,bektemir
"Бектемир тумани, Водникда #новостройка #аренда га берилади",https://www.olx.uz/d/obyavlenie/bektemir-tumani-vodnikda-novostroyka-arenda-ga-beriladi-ID44O1A.html,450 у.е. Договорная,450.0,у.е,,,,,44O1A,18,bektemir
,https://www.olx.uz/d/obyavlenie/sdaetsya-kvartira-2-kom-bez-posrednikov-svoya-ID4eN06.html,,,,,,,,4eN06,18,bektemir
Сдается квартира 2-ком без посредников своя,https://www.olx.uz/d/obyavlenie/sdaetsya-kvartira-2-kom-bez-posrednikov-svoya-ID4eN06.html,400 у.е.,400.0,у.е,,,,,4eN06,18,bektemir
,https://www.olx.uz/d/obyavlenie/sdaetsya-kvartira-2kom-bez-maklera-bez-posrednikov-ID4cgBc.html,,,,,,,,4cgBc,18,bektemir
Сдается квартира 2ком без маклера без посредников,https://www.olx.uz/d/obyavlenie/sdaetsya-kvartira-2kom-bez-maklera-bez-posrednikov-ID4cgBc.html,400 у.е. Договорная,400.0,у.е,,,,,4cgBc,18,bektemir
,https://www.olx.uz/d/obyavlenie/sdayu-svoyu-1h-komnatnuyu-kvartiru-v-bektemirkom-rayone-evroremont-ID450Bd.html,,,,,,,,450Bd,18,bektemir
"Сдаю, свою 1х-комнатную квартиру в Бектемирком районе (евроремонт)",https://www.olx.uz/d/obyavlenie/sdayu-svoyu-1h-komnatnuyu-kvartiru-v-bektemirkom-rayone-evroremont-ID450Bd.html,350 у.е.,350.0,у.е,,,,,450Bd,18,bektemir
,https://www.olx.uz/d/obyavlenie/surochna-arenda-kvartira-bektemirskiy-rayon-vodnik-oilaga-2-hona-ID4eM7M.html,,,,,,,,4eM7M,18,bektemir
Сурочна аренда квартира бектемирский район водник оилага 2 хона,https://www.olx.uz/d/obyavlenie/surochna-arenda-kvartira-bektemirskiy-rayon-vodnik-oilaga-2-hona-ID4eM7M.html,330 у.е.,330.0,у.е,,,,,4eM7M,18,bektemir
,https://www.olx.uz/d/obyavlenie/sdaetsya-2-kom-zhk-musaffo-maskan-bektemir-vodnik-novostroyka-ID4eLJE.html,,,,,,,,4eLJE,18,bektemir
Сдается 2 ком ЖК Мусаффо Маскан. Бектемир. Водник. Новостройка,https://www.olx.uz/d/obyavlenie/sdaetsya-2-kom-zhk-musaffo-maskan-bektemir-vodnik-novostroyka-ID4eLJE.html,400 у.е.,400.0,у.е,,,,,4eLJE,18,bektemir
,https://www.olx.uz/d/obyavlenie/hovli-food-city-orqasida-ID3PSoC.html,,,,,,,,3PSoC,18,bektemir
Hovli Food City orqasida,https://www.olx.uz/d/obyavlenie/hovli-food-city-orqasida-ID3PSoC.html,250 у.е.,250.0,у.е,,,,,3PSoC,18,bektemir
,https://www.olx.uz/d/obyavlenie/bektemir-tumani-hovli-joyli-uy-ID3tvr2.html,,,,,,,,3tvr2,18,bektemir
Bektemir tumani Hovli joyli uy,https://www.olx.uz/d/obyavlenie/bektemir-tumani-hovli-joyli-uy-ID3tvr2.html,450 у.е. Договорная,450.0,у.е,,,,,3tvr2,18,bektemir
,https://www.olx.uz/d/obyavlenie/bektemir-musaffo-maskani-3-1-16-oilaga-izhara-top-450-u-e-ID4dyLa.html,,,,,,,,4dyLa,18,bektemir
Бектемир Мусаффо маскани 3/1/16 оилага ижара топ. 450 у.е.,https://www.olx.uz/d/obyavlenie/bektemir-musaffo-maskani-3-1-16-oilaga-izhara-top-450-u-e-ID4dyLa.html,450 у.е.,450.0,у.е,,,,,4dyLa,18,bektemir
,https://www.olx.uz/d/obyavlenie/kvartira-zags-bor-oilaga-beriladi-ID46kNg.html,,,,,,,,46kNg,18,bektemir
Kvartira ZAGS bor oilaga beriladi,https://www.olx.uz/d/obyavlenie/kvartira-zags-bor-oilaga-beriladi-ID46kNg.html,500 у.е.,500.0,у.е,,,,,46kNg,18,bektemir
,https://www.olx.uz/d/obyavlenie/bektemir-vodnikda-izharaga-kvartira-bor-ID4eKZR.html,,,,,,,,4eKZR,18,bektemir
Бектемир Водникда ижарага квартира бор,https://www.olx.uz/d/obyavlenie/bektemir-vodnikda-izharaga-kvartira-bor-ID4eKZR.html,330 у.е.,330.0,у.е,,,,,4eKZR,18,bektemir
,https://www.olx.uz/d/obyavlenie/arenda-kvartiry-2-2-5-kuylyuk-3-massiv-ID4eKXh.html,,,,,,,,4eKXh,18,bektemir
Аренда квартиры 2/2/5  Куйлюк -3 массив,https://www.olx.uz/d/obyavlenie/arenda-kvartiry-2-2-5-kuylyuk-3-massiv-ID4eKXh.html,350 у.е.,350.0,у.е,,,,,4eKXh,18,bektemir
,https://www.olx.uz/d/obyavlenie/surochna-arenda-kvartira-bektemirskiy-rayon-fut-siti-oilaga-ID4eKDe.html,,,,,,,,4eKDe,18,bektemir
Сурочна аренда квартира бектемирский район фут.сити оилага,https://www.olx.uz/d/obyavlenie/surochna-arenda-kvartira-bektemirskiy-rayon-fut-siti-oilaga-ID4eKDe.html,300 у.е.,300.0,у.е,,,,,4eKDe,18,bektemir
,https://www.olx.uz/d/obyavlenie/izharaga-uyimni-beraman-arenda-bollarga-yigitlarga-ID4a3kf.html,,,,,,,,4a3kf,18,bektemir
"Ижарага уйимни бераман. Аренда болларга, йигитларга",https://www.olx.uz/d/obyavlenie/izharaga-uyimni-beraman-arenda-bollarga-yigitlarga-ID4a3kf.html,100 у.е.,100.0,у.е,,,,,4a3kf,18,bektemir
,https://www.olx.uz/d/obyavlenie/sdayu-svoyu-kvartiru-ID3ZjQ7.html,,,,,,,,3ZjQ7,18,bektemir
Сдаю свою квартиру,https://www.olx.uz/d/obyavlenie/sdayu-svoyu-kvartiru-ID3ZjQ7.html,4 500 000 сум Договорная,4500000.0,сум,,,,,3ZjQ7,18,bektemir
,https://www.olx.uz/d/obyavlenie/kvartirant-olaman-ID3yuLB.html,,,,,,,,3yuLB,18,bektemir
Квартирант оламан,https://www.olx.uz/d/obyavlenie/kvartirant-olaman-ID3yuLB.html,800 000 сум,800000.0,сум,,,,,3yuLB,18,bektemir
,https://www.olx.uz/d/obyavlenie/oybek-said-baraka-ID4eJgu.html,,,,,,,,4eJgu,18,bektemir
Ойбек Саид барака,https://www.olx.uz/d/obyavlenie/oybek-said-baraka-ID4eJgu.html,800 у.е.,800.0,у.е,,,,,4eJgu,18,bektemir
,https://www.olx.uz/d/obyavlenie/arenda-kvartira-2-xonali-ID45UXQ.html,,,,,,,,45UXQ,18,bektemir
Arenda kvartira 2 xonali,https://www.olx.uz/d/obyavlenie/arenda-kvartira-2-xonali-ID45UXQ.html,300 у.е.,300.0,у.е,,,,,45UXQ,18,bektemir
,https://www.olx.uz/d/obyavlenie/arenda-kvartira-bektemir-t-vodnik-muljal-prakratura-oldida-2xona-ID4dvhD.html,,,,,,,,4dvhD,18,bektemir
Arenda kvartira Bektemir T Vodnik Muljal Prakratura oldida 2xona,https://www.olx.uz/d/obyavlenie/arenda-kvartira-bektemir-t-vodnik-muljal-prakratura-oldida-2xona-ID4dvhD.html,300 у.е.,300.0,у.е,,,,,4dvhD,18,bektemir
,https://www.olx.uz/d/obyavlenie/srochno-izharaga-beriladi-ID4cXad.html,,,,,,,,4cXad,18,bektemir
Срочно Ижарага берилади,https://www.olx.uz/d/obyavlenie/srochno-izharaga-beriladi-ID4cXad.html,450 у.е. Договорная,450.0,у.е,,,,,4cXad,18,bektemir
,https://www.olx.uz/d/obyavlenie/bektemir-rayon-vodnikda-2etajli-uchaska-arendaga-15ta-honasi-bor-ID45Iqb.html,,,,,,,,45Iqb,18,bektemir
Bektemir rayon vodnikda 2etajli uchaska arendaga 15ta honasi bor,https://www.olx.uz/d/obyavlenie/bektemir-rayon-vodnikda-2etajli-uchaska-arendaga-15ta-honasi-bor-ID45Iqb.html,900 000 сум,900000.0,сум,,,,,45Iqb,18,bektemir
,https://www.olx.uz/d/obyavlenie/bektemir-tuman-qoyliqda-joylawkan-1hona-arendaga-beriladi-ID45Iwz.html,,,,,,,,45Iwz,18,bektemir
Bektemir tuman Qoyliqda joylawkan 1hona arendaga  beriladi,https://www.olx.uz/d/obyavlenie/bektemir-tuman-qoyliqda-joylawkan-1hona-arendaga-beriladi-ID45Iwz.html,300 у.е.,300.0,у.е,,,,,45Iwz,18,bektemir
,https://www.olx.uz/d/obyavlenie/yashnabod-tumani-fargona-yulida-joylashgan-kvartira-yaqni-qoyliq-met-ID427U5.html,,,,,,,,427U5,18,bektemir
Yashnabod tumani Farg'ona yulida joylashgan kvartira yaqni Qo‘yliq met,https://www.olx.uz/d/obyavlenie/yashnabod-tumani-fargona-yulida-joylashgan-kvartira-yaqni-qoyliq-met-ID427U5.html,1 300 000 сум,1300000.0,сум,,,,,427U5,18,bektemir
,https://www.olx.uz/d/obyavlenie/arenda-novostroyka-1h-kom-novaya-kvartira-nikto-ne-zhil-metro-yangiabad-ID4e3UA.html,,,,,,,,4e3UA,18,bektemir
Аренда Новостройка 1х ком новая квартира никто не жил метро янгиабад,https://www.olx.uz/d/obyavlenie/arenda-novostroyka-1h-kom-novaya-kvartira-nikto-ne-zhil-metro-yangiabad-ID4e3UA.html,370 у.е. Договорная,370.0,у.е,,,,,4e3UA,18,bektemir
,https://www.olx.uz/d/obyavlenie/quyliq-markazida-bollarga-kvartera-boy-oylik-700-000-quylik-markazida-ID4eGMY.html,,,,,,,,4eGMY,18,bektemir
Quyliq markazida Bollarga kvartera boy oylik 700.000 Quylik markazida,https://www.olx.uz/d/obyavlenie/quyliq-markazida-bollarga-kvartera-boy-oylik-700-000-quylik-markazida-ID4eGMY.html,700 000 сум,700000.0,сум,,,,,4eGMY,18,bektemir
,https://www.olx.uz/d/obyavlenie/arenda-kvartira-v-bektemir-gai-post-ID4eGHN.html,,,,,,,,4eGHN,18,bektemir
Аренда квартира в Бектемир Гаи пост,https://www.olx.uz/d/obyavlenie/arenda-kvartira-v-bektemir-gai-post-ID4eGHN.html,500 у.е.,500.0,у.е,,,,,4eGHN,18,bektemir
,https://www.olx.uz/d/obyavlenie/arendaga-xovli-food-city-bozor-oldidan-ID4cpiT.html,,,,,,,,4cpiT,18,bektemir
Arendaga xovli Food city bozor oldidan,https://www.olx.uz/d/obyavlenie/arendaga-xovli-food-city-bozor-oldidan-ID4cpiT.html,400 у.е.,400.0,у.е,,,,,4cpiT,18,bektemir
,https://www.olx.uz/d/obyavlenie/srochno-sdaetsya-evro-kvartira-yashnabadskiy-rayon-nedorogo-ID4eGed.html,,,,,,,,4eGed,18,bektemir
"СРОЧНО! Сдаётся Евро квартира, Яшнабадский район, недорого.",https://www.olx.uz/d/obyavlenie/srochno-sdaetsya-evro-kvartira-yashnabadskiy-rayon-nedorogo-ID4eGed.html,400 у.е.,400.0,у.е,,,,,4eGed,18,bektemir
,https://www.olx.uz/d/obyavlenie/kvartira-kizlarga-ID4cYly.html,,,,,,,,4cYly,18,bektemir
Квартира кизларга !!!,https://www.olx.uz/d/obyavlenie/kvartira-kizlarga-ID4cYly.html,800 000 сум,800000.0,сум,,,,,4cYly,18,bektemir
,https://www.olx.uz/d/obyavlenie/bollarga-kivartiriya-quyamiz-3-xona-xamma-sharoitlar-bor-navastroyka-ID42Rcl.html,,,,,,,,42Rcl,18,bektemir
Bollarga Kivartiriya quyamiz 3 xona xamma sharoitlar bor navastroyka,https://www.olx.uz/d/obyavlenie/bollarga-kivartiriya-quyamiz-3-xona-xamma-sharoitlar-bor-navastroyka-ID42Rcl.html,800 000 сум,800000.0,сум,,,,,42Rcl,18,bektemir
,https://www.olx.uz/d/obyavlenie/arenda-kvartira-algoritm-chilonzor-ID4c4kK.html,,,,,,,,4c4kK,18,bektemir
Arenda kvartira Algoritm Chilonzor,https://www.olx.uz/d/obyavlenie/arenda-kvartira-algoritm-chilonzor-ID4c4kK.html,500 у.е.,500.0,у.е,,,,,4c4kK,18,bektemir
,https://www.olx.uz/d/obyavlenie/bektemir-vodnikda-izharaga-kvartira-bor-ID4eEbE.html,,,,,,,,4eEbE,18,bektemir
Бектемир Водникда ижарага квартира бор,https://www.olx.uz/d/obyavlenie/bektemir-vodnikda-izharaga-kvartira-bor-ID4eEbE.html,400 у.е.,400.0,у.е,,,,,4eEbE,18,bektemir
,https://www.olx.uz/d/obyavlenie/arenda-oplata-350-ID47TUW.html,,,,,,,,47TUW,18,bektemir
Аренда оплата 350$,https://www.olx.uz/d/obyavlenie/arenda-oplata-350-ID47TUW.html,350 у.е.,350.0,у.е,,,,,47TUW,18,bektemir
,https://www.olx.uz/d/obyavlenie/bektemir-vodnikda-izharaga-kvartira-bor-ID4eC30.html,,,,,,,,4eC30,18,bektemir
Бектемир Водникда ижарага квартира бор,https://www.olx.uz/d/obyavlenie/bektemir-vodnikda-izharaga-kvartira-bor-ID4eC30.html,350 у.е.,350.0,у.е,,,,,4eC30,18,bektemir
,https://www.olx.uz/d/obyavlenie/bektemir-izharaga-kuyamiz-ID3MeUA.html,,,,,,,,3MeUA,18,bektemir
Бектемир ижарага куямиз,https://www.olx.uz/d/obyavlenie/bektemir-izharaga-kuyamiz-ID3MeUA.html,150 у.е.,150.0,у.е,,,,,3MeUA,18,bektemir
,https://www.olx.uz/d/obyavlenie/arenda-kvartira-bektemir-ID4bi7j.html,,,,,,,,4bi7j,18,bektemir
Arenda kvartira Bektemir,https://www.olx.uz/d/obyavlenie/arenda-kvartira-bektemir-ID4bi7j.html,2 000 000 сум,2000000.0,сум,,,,,4bi7j,18,bektemir
,https://www.olx.uz/d/obyavlenie/bektemir-vodnikda-350-ID4eBeo.html,,,,,,,,4eBeo,18,bektemir
Бектемир водникда 350$,https://www.olx.uz/d/obyavlenie/bektemir-vodnikda-350-ID4eBeo.html,350 у.е.,350.0,у.е,,,,,4eBeo,18,bektemir
,https://www.olx.uz/d/obyavlenie/toshkent-sergiliy-r-qoyliq-muqanna-tor-kochasi-1-ID4eAZV.html,,,,,,,,4eAZV,18,bektemir
Toshkent Sergiliy R qoyliq muqanna tor kochasi 1,https://www.olx.uz/d/obyavlenie/toshkent-sergiliy-r-qoyliq-muqanna-tor-kochasi-1-ID4eAZV.html,500 у.е.,500.0,у.е,,,,,4eAZV,18,bektemir
,https://www.olx.uz/d/obyavlenie/sdaetsya-dom-6-kom-2-etazhka-novyy-dom-iyik-ota-novyy-mebel-i-tehnika-ID3N9MS.html,,,,,,,,3N9MS,18,bektemir
Сдаётся Дом 6 ком 2 этажка Новый дом Ийик ота новый мебель и техника,https://www.olx.uz/d/obyavlenie/sdaetsya-dom-6-kom-2-etazhka-novyy-dom-iyik-ota-novyy-mebel-i-tehnika-ID3N9MS.html,1 000 у.е.,1000.0,у.е,,,,,3N9MS,18,bektemir
,https://www.olx.uz/d/obyavlenie/izharaga-hona-beriladi-ID3X8K0.html,,,,,,,,3X8K0,18,bektemir
Ижарага хона берилади,https://www.olx.uz/d/obyavlenie/izharaga-hona-beriladi-ID3X8K0.html,900 000 сум Договорная,900000.0,сум,,,,,3X8K0,18,bektemir
,https://www.olx.uz/d/obyavlenie/arenda-uy-3-hona-ID4exkG.html,,,,,,,,4exkG,18,bektemir
Аренда Уй 3 хона,https://www.olx.uz/d/obyavlenie/arenda-uy-3-hona-ID4exkG.html,4 200 000 сум,4200000.0,сум,,,,,4exkG,18,bektemir
,https://www.olx.uz/d/obyavlenie/1-honalik-evro-remontdan-yangi-chikkan-va-tulik-zhihozlangan-honadon-ID4aOQl.html,,,,,,,,4aOQl,18,bektemir
1 хоналик евро ремонтдан янги чиккан ва тулик жихозланган хонадон,https://www.olx.uz/d/obyavlenie/1-honalik-evro-remontdan-yangi-chikkan-va-tulik-zhihozlangan-honadon-ID4aOQl.html,380 у.е.,380.0,у.е,,,,,4aOQl,18,bektemir
,https://www.olx.uz/d/obyavlenie/bektemir-tuman-vodnik-pirakratura-yonida-2-xonali-kvartira-sheriklika-ID4ekNj.html,,,,,,,,4ekNj,18,bektemir
Bektemir tuman vodnik pirakratura yonida 2 xonali kvartira sheriklika,https://www.olx.uz/d/obyavlenie/bektemir-tuman-vodnik-pirakratura-yonida-2-xonali-kvartira-sheriklika-ID4ekNj.html,100 у.е.,100.0,у.е,,,,,4ekNj,18,bektemir
,https://www.olx.uz/d/obyavlenie/qoyliq-3-massivda-talaba-qizlarga-ijara-uy-ID3ramW.html,,,,,,,,3ramW,18,bektemir
Qo'yliq 3-massivda Talaba qizlarga ijara uy,https://www.olx.uz/d/obyavlenie/qoyliq-3-massivda-talaba-qizlarga-ijara-uy-ID3ramW.html,50 у.е. Договорная,50.0,у.е,,,,,3ramW,18,bektemir
,https://www.olx.uz/d/obyavlenie/kvartira-hona-arzon-bektimir-ID436ph.html,,,,,,,,436ph,18,bektemir
Квартира хона арзон Бектимир,https://www.olx.uz/d/obyavlenie/kvartira-hona-arzon-bektimir-ID436ph.html,1 200 000 сум,1200000.0,сум,,,,,436ph,18,bektemir
,https://www.olx.uz/d/obyavlenie/kuylik-massiv-5-4-hona-izharaga-beriladi-ID3E5LS.html,,,,,,,,3E5LS,18,bektemir
"Куйлик массив 5 , 4 хона ижарага берилади",https://www.olx.uz/d/obyavlenie/kuylik-massiv-5-4-hona-izharaga-beriladi-ID3E5LS.html,450 у.е.,450.0,у.е,,,,,3E5LS,18,bektemir
,https://www.olx.uz/d/obyavlenie/izhara-2-honali-kvartira-vodnik-ID3eogk.html,,,,,,,,3eogk,18,bektemir
ИЖАРА 2 хонали квартира водник,https://www.olx.uz/d/obyavlenie/izhara-2-honali-kvartira-vodnik-ID3eogk.html,300 у.е.,300.0,у.е,,,,,3eogk,18,bektemir
,https://www.olx.uz/d/obyavlenie/bektemir-vodnikda-ID4etEi.html,,,,,,,,4etEi,18,bektemir
Bektemir vodnikda,https://www.olx.uz/d/obyavlenie/bektemir-vodnikda-ID4etEi.html,350 у.е.,350.0,у.е,,,,,4etEi,18,bektemir
,https://www.olx.uz/d/obyavlenie/zdaetsya-komnata-v-bektemirskom-rayone-zhenschinam-ID43S8c.html,,,,,,,,43S8c,18,bektemir
Здается комната в бектемирском районе (женщинам),https://www.olx.uz/d/obyavlenie/zdaetsya-komnata-v-bektemirskom-rayone-zhenschinam-ID43S8c.html,1 500 000 сум,1500000.0,сум,,,,,43S8c,18,bektemir
,https://www.olx.uz/d/obyavlenie/sdaetsya-kvartira-na-vodnike-ID4elIb.html,,,,,,,,4elIb,18,bektemir
Сдается квартира на Воднике,https://www.olx.uz/d/obyavlenie/sdaetsya-kvartira-na-vodnike-ID4elIb.html,300 у.е.,300.0,у.е,,,,,4elIb,18,bektemir
,https://www.olx.uz/d/obyavlenie/bektemir-tumani-vodnik-83uy-poliklinika-yoni-ID3Z0Js.html,,,,,,,,3Z0Js,18,bektemir
Бектемир тумани водник. 83uy. Poliklinika yoni,https://www.olx.uz/d/obyavlenie/bektemir-tumani-vodnik-83uy-poliklinika-yoni-ID3Z0Js.html,850 000 сум Договорная,850000.0,сум,,,,,3Z0Js,18,bektemir
,https://www.olx.uz/d/obyavlenie/arenda-komnata-bektemirda-ID44jUH.html,,,,,,,,44jUH,18,bektemir
Аренда комната Бектемирда.,https://www.olx.uz/d/obyavlenie/arenda-komnata-bektemirda-ID44jUH.html,700 000 сум,700000.0,сум,,,,,44jUH,18,bektemir
,https://www.olx.uz/d/obyavlenie/arenda-kvartira-bektemir-musaffo-maskan-ID4erTg.html,,,,,,,,4erTg,18,bektemir
Arenda kvartira Bektemir musaffo maskan,https://www.olx.uz/d/obyavlenie/arenda-kvartira-bektemir-musaffo-maskan-ID4erTg.html,300 у.е.,300.0,у.е,,,,,4erTg,18,bektemir
,https://www.olx.uz/d/obyavlenie/ogil-bolalar-uchun-kvartira-ID4erMf.html,,,,,,,,4erMf,18,bektemir
Og'il bolalar uchun kvartira!!!,https://www.olx.uz/d/obyavlenie/ogil-bolalar-uchun-kvartira-ID4erMf.html,1 100 000 сум,1100000.0,сум,,,,,4erMf,18,bektemir
,https://www.olx.uz/d/obyavlenie/bektemir-vodnik-300-ID4eruv.html,,,,,,,,4eruv,18,bektemir
Бектемир водник 300$,https://www.olx.uz/d/obyavlenie/bektemir-vodnik-300-ID4eruv.html,300 у.е.,300.0,у.е,,,,,4eruv,18,bektemir
,https://www.olx.uz/d/obyavlenie/kvartira-kizlar-uchun-studentlarga-yoki-oilaga-beriladi-arzon-ID3MXeI.html,,,,,,,,3MXeI,18,bektemir
Квартира кизлар учун студентларга йоки оилага берилади арзон,https://www.olx.uz/d/obyavlenie/kvartira-kizlar-uchun-studentlarga-yoki-oilaga-beriladi-arzon-ID3MXeI.html,700 000 сум,700000.0,сум,,,,,3MXeI,18,bektemir
,https://www.olx.uz/d/obyavlenie/arenda-kvartiry-2-4-17-novostroyka-bektimirskiy-rayon-vodnik-musafo-ID4eqp7.html,,,,,,,,4eqp7,18,bektemir
Аренда квартиры 2/4/17 новостройка Бектимирский район Водник . Musafo,https://www.olx.uz/d/obyavlenie/arenda-kvartiry-2-4-17-novostroyka-bektimirskiy-rayon-vodnik-musafo-ID4eqp7.html,350 у.е.,350.0,у.е,,,,,4eqp7,18,bektemir
,https://www.olx.uz/d/obyavlenie/sdaetsya-komnata-v-chastnom-dome-s-hozyaykoy-ID3UVAn.html,,,,,,,,3UVAn,18,bektemir
"Сдается комната в частном доме,с хозяйкой",https://www.olx.uz/d/obyavlenie/sdaetsya-komnata-v-chastnom-dome-s-hozyaykoy-ID3UVAn.html,900 000 сум,900000.0,сум,,,,,3UVAn,18,bektemir
,https://www.olx.uz/d/obyavlenie/arenda-4komn-svaya-babur-67-ID40Rbn.html,,,,,,,,40Rbn,18,bektemir
Аренда 4комн свая Бабур 67,https://www.olx.uz/d/obyavlenie/arenda-4komn-svaya-babur-67-ID40Rbn.html,750 у.е. Договорная,750.0,у.е,,,,,40Rbn,18,bektemir
,https://www.olx.uz/d/obyavlenie/kvartira-s-hozyaykoy-ID3zCcu.html,,,,,,,,3zCcu,18,bektemir
Квартира с хозяйкой,https://www.olx.uz/d/obyavlenie/kvartira-s-hozyaykoy-ID3zCcu.html,150 у.е.,150.0,у.е,,,,,3zCcu,18,bektemir
,https://www.olx.uz/d/obyavlenie/sdaetsya-2-h-kom-zhk-musaffo-maskan-vodnik-novostroyka-akkuratnaya-kva-ID4epO2.html,,,,,,,,4epO2,18,bektemir
Сдается 2 х ком ЖК Мусаффо Маскан. Водник. Новостройка. Аккуратная ква,https://www.olx.uz/d/obyavlenie/sdaetsya-2-h-kom-zhk-musaffo-maskan-vodnik-novostroyka-akkuratnaya-kva-ID4epO2.html,400 у.е.,400.0,у.е,,,,,4epO2,18,bektemir
,https://www.olx.uz/d/obyavlenie/bektemir-vodnikda-300-ID4eoRc.html,,,,,,,,4eoRc,18,bektemir
Бектемир водникда 300$,https://www.olx.uz/d/obyavlenie/bektemir-vodnikda-300-ID4eoRc.html,300 у.е.,300.0,у.е,,,,,4eoRc,18,bektemir
,https://www.olx.uz/d/obyavlenie/ijaraga-honadon-bor-amaliy-fanlar-qoyliq-ID3BLXP.html,,,,,,,,3BLXP,18,bektemir
Ijaraga honadon bor amaliy fanlar qoʻyliq,https://www.olx.uz/d/obyavlenie/ijaraga-honadon-bor-amaliy-fanlar-qoyliq-ID3BLXP.html,850 000 сум Договорная,850000.0,сум,,,,,3BLXP,18,bektemir
,https://www.olx.uz/d/obyavlenie/ugil-bolar-uchun-zhoy-bor-bektemirskiy-profi-universitet-ga-yakin-ID4aqF2.html,,,,,,,,4aqF2,18,bektemir
Угил болар учун жой бор Бектемирский профи университет га Якин.,https://www.olx.uz/d/obyavlenie/ugil-bolar-uchun-zhoy-bor-bektemirskiy-profi-universitet-ga-yakin-ID4aqF2.html,800 000 сум,800000.0,сум,,,,,4aqF2,18,bektemir
,https://www.olx.uz/d/obyavlenie/sdaetsya-2-kom-vodnik-zhk-musaffo-maskan-bektemir-novostroyka-ID4enDU.html,,,,,,,,4enDU,18,bektemir
Сдается 2 ком Водник ЖК Musaffo Maskan. Бектемир. Новостройка,https://www.olx.uz/d/obyavlenie/sdaetsya-2-kom-vodnik-zhk-musaffo-maskan-bektemir-novostroyka-ID4enDU.html,400 у.е.,400.0,у.е,,,,,4enDU,18,bektemir
,https://www.olx.uz/d/obyavlenie/bektemir-vodnikda-izharaga-kvartira-bor-ID4emjX.html,,,,,,,,4emjX,18,bektemir
Бектемир Водникда ижарага квартира бор,https://www.olx.uz/d/obyavlenie/bektemir-vodnikda-izharaga-kvartira-bor-ID4emjX.html,300 у.е.,300.0,у.е,,,,,4emjX,18,bektemir
,https://www.olx.uz/d/obyavlenie/izharaga-honadon-sdaetsya-v-arendu-ID3ZYgu.html,,,,,,,,3ZYgu,18,bektemir
Ижарага хонадон  (сдается в аренду),https://www.olx.uz/d/obyavlenie/izharaga-honadon-sdaetsya-v-arendu-ID3ZYgu.html,400 у.е. Договорная,400.0,у.е,,,,,3ZYgu,18,bektemir
,https://www.olx.uz/d/obyavlenie/ijaraga-kvartira-ID3RfRD.html,,,,,,,,3RfRD,18,bektemir
Ijaraga kvartira,https://www.olx.uz/d/obyavlenie/ijaraga-kvartira-ID3RfRD.html,3 000 000 сум,3000000.0,сум,,,,,3RfRD,18,bektemir
,https://www.olx.uz/d/obyavlenie/olmazor-rayon-kora-kamysh-2-honali-ID4ekJM.html,,,,,,,,4ekJM,18,bektemir
Олмазор район Кора Камыш 2 хонали,https://www.olx.uz/d/obyavlenie/olmazor-rayon-kora-kamysh-2-honali-ID4ekJM.html,300 у.е.,300.0,у.е,,,,,4ekJM,18,bektemir
,https://www.olx.uz/d/obyavlenie/bektemir-vodnikda-izharaga-kvartira-bor-ID4ekeW.html,,,,,,,,4ekeW,18,bektemir
Бектемир Водникда ижарага квартира бор,https://www.olx.uz/d/obyavlenie/bektemir-vodnikda-izharaga-kvartira-bor-ID4ekeW.html,400 у.е.,400.0,у.е,,,,,4ekeW,18,bektemir
,https://www.olx.uz/d/obyavlenie/izharaga-hona-beriladi-ID3PpWH.html,,,,,,,,3PpWH,18,bektemir
Ижарага хона берилади,https://www.olx.uz/d/obyavlenie/izharaga-hona-beriladi-ID3PpWH.html,900 000 сум Договорная,900000.0,сум,,,,,3PpWH,18,bektemir
,https://www.olx.uz/d/obyavlenie/ijaraga-1-xonali-uy-beriladi-bezmakler-ID4ejLm.html,,,,,,,,4ejLm,18,bektemir
Ijaraga 1 xonali uy beriladi Bezmakler,https://www.olx.uz/d/obyavlenie/ijaraga-1-xonali-uy-beriladi-bezmakler-ID4ejLm.html,3 500 000 сум Договорная,3500000.0,сум,,,,,4ejLm,18,bektemir
,https://www.olx.uz/d/obyavlenie/arenda-kvartiry-1-9-17-bektimirskiy-rayon-vodnik-zh-k-musafo-maskan-ID4ejvN.html,,,,,,,,4ejvN,18,bektemir
Аренда квартиры 1/9/17 Бектимирский район . Водник .Ж.К. Musafo Maskan,https://www.olx.uz/d/obyavlenie/arenda-kvartiry-1-9-17-bektimirskiy-rayon-vodnik-zh-k-musafo-maskan-ID4ejvN.html,350 у.е.,350.0,у.е,,,,,4ejvN,18,bektemir
,https://www.olx.uz/d/obyavlenie/surochna-arenda-kvartira-bektemirskiy-rayon-rohat-krug-bardankul-3-hona-ID4ejsV.html,,,,,,,,4ejsV,18,bektemir
Сурочна аренда квартира бектемирский район рохат круг барданкул 3 хона,https://www.olx.uz/d/obyavlenie/surochna-arenda-kvartira-bektemirskiy-rayon-rohat-krug-bardankul-3-hona-ID4ejsV.html,350 у.е.,350.0,у.е,,,,,4ejsV,18,bektemir
,https://www.olx.uz/d/obyavlenie/sdaetsya-3-kom-rohat-post-bardankul-novostroyka-ID4eiNT.html,,,,,,,,4eiNT,18,bektemir
Сдается 3 ком Рохат Пост. Барданкул. Новостройка,https://www.olx.uz/d/obyavlenie/sdaetsya-3-kom-rohat-post-bardankul-novostroyka-ID4eiNT.html,400 у.е.,400.0,у.е,,,,,4eiNT,18,bektemir
,https://www.olx.uz/d/obyavlenie/arendaga-uy-barcha-sharoitlar-mavjud-qoyliq-compisda-ID3T5F9.html,,,,,,,,3T5F9,18,bektemir
Arendaga uy barcha sharoitlar mavjud Qo'yliq compisda,https://www.olx.uz/d/obyavlenie/arendaga-uy-barcha-sharoitlar-mavjud-qoyliq-compisda-ID3T5F9.html,800 000 сум,800000.0,сум,,,,,3T5F9,18,bektemir
,https://www.olx.uz/d/obyavlenie/sdaetsya-svoya-kvartira-tuzel-1-kirpichnyy-77-ya-seriya-ID3VqBn.html,,,,,,,,3VqBn,18,bektemir
Сдается своя квартира Тузель-1 кирпичный 77-я серия,https://www.olx.uz/d/obyavlenie/sdaetsya-svoya-kvartira-tuzel-1-kirpichnyy-77-ya-seriya-ID3VqBn.html,450 у.е.,450.0,у.е,,,,,3VqBn,18,bektemir
,https://www.olx.uz/d/obyavlenie/sdaetsya-kvartira-vodnik-ID4efU7.html,,,,,,,,4efU7,18,bektemir
Сдаётся квартира Водник,https://www.olx.uz/d/obyavlenie/sdaetsya-kvartira-vodnik-ID4efU7.html,400 у.е.,400.0,у.е,,,,,4efU7,18,bektemir
,https://www.olx.uz/d/obyavlenie/arenda-bez-makler-s-dayu-komnatu-dlya-parney-bollarga-ID49EeP.html,,,,,,,,49EeP,18,bektemir
"Аренда без маклер, с даю комнату для парней, болларга",https://www.olx.uz/d/obyavlenie/arenda-bez-makler-s-dayu-komnatu-dlya-parney-bollarga-ID49EeP.html,250 у.е.,250.0,у.е,,,,,49EeP,18,bektemir
,https://www.olx.uz/d/obyavlenie/sdaetsya-kvartira-ID4e8zi.html,,,,,,,,4e8zi,18,bektemir
Сдаётся квартира,https://www.olx.uz/d/obyavlenie/sdaetsya-kvartira-ID4e8zi.html,300 у.е. Договорная,300.0,у.е,,,,,4e8zi,18,bektemir
,https://www.olx.uz/d/obyavlenie/qizlarga-ibn-sinodan-kvartira-bor-ID4czhE.html,,,,,,,,4czhE,18,bektemir
Qizlarga Ibn Sinodan kvartira bor,https://www.olx.uz/d/obyavlenie/qizlarga-ibn-sinodan-kvartira-bor-ID4czhE.html,850 000 сум,850000.0,сум,,,,,4czhE,18,bektemir
,https://www.olx.uz/d/obyavlenie/kvartira-v-arendu-ID32Ufw.html,,,,,,,,32Ufw,18,bektemir
Квартира в  аренду,https://www.olx.uz/d/obyavlenie/kvartira-v-arendu-ID32Ufw.html,500 у.е. Договорная,500.0,у.е,,,,,32Ufw,18,bektemir
,https://www.olx.uz/d/obyavlenie/bektemir-vodnik-350-ID4edRz.html,,,,,,,,4edRz,18,bektemir
Бектемир водник 350$,https://www.olx.uz/d/obyavlenie/bektemir-vodnik-350-ID4edRz.html,350 у.е.,350.0,у.е,,,,,4edRz,18,bektemir
,https://www.olx.uz/d/obyavlenie/arenda-kvartiry-po-dogovoru-ID4aUEB.html,,,,,,,,4aUEB,18,bektemir
Аренда квартиры по договору,https://www.olx.uz/d/obyavlenie/arenda-kvartiry-po-dogovoru-ID4aUEB.html,1 000 000 сум,1000000.0,сум,,,,,4aUEB,18,bektemir
,https://www.olx.uz/d/obyavlenie/arenda-kvartira-vodnik-ID4edHo.html,,,,,,,,4edHo,18,bektemir
Аренда квартира Водник,https://www.olx.uz/d/obyavlenie/arenda-kvartira-vodnik-ID4edHo.html,400 у.е.,400.0,у.е,,,,,4edHo,18,bektemir
,https://www.olx.uz/d/obyavlenie/kvartira-arenda-vodnik-ID4beWZ.html,,,,,,,,4beWZ,18,bektemir
Квартира аренда водник,https://www.olx.uz/d/obyavlenie/kvartira-arenda-vodnik-ID4beWZ.html,180 у.е.,180.0,у.е,,,,,4beWZ,18,bektemir
,https://www.olx.uz/d/obyavlenie/bektemir-vodnik-400-ID4ecrU.html,,,,,,,,4ecrU,18,bektemir
Бектемир водник 400$,https://www.olx.uz/d/obyavlenie/bektemir-vodnik-400-ID4ecrU.html,400 у.е.,400.0,у.е,,,,,4ecrU,18,bektemir
,https://www.olx.uz/d/obyavlenie/arenda-kuylyuk-massiv-1-2-4-ID4aSKA.html,,,,,,,,4aSKA,18,bektemir
Аренда куйлюк массив.1/2/4,https://www.olx.uz/d/obyavlenie/arenda-kuylyuk-massiv-1-2-4-ID4aSKA.html,350 у.е. Договорная,350.0,у.е,,,,,4aSKA,18,bektemir
,https://www.olx.uz/d/obyavlenie/izharaga-koyiladi-kvartiraga-koyiladi-1-honaga-ID46QOk.html,,,,,,,,46QOk,18,bektemir
Ижарага койилади квартирага койилади 1 хонага,https://www.olx.uz/d/obyavlenie/izharaga-koyiladi-kvartiraga-koyiladi-1-honaga-ID46QOk.html,2 000 000 сум Договорная,2000000.0,сум,,,,,46QOk,18,bektemir
,https://www.olx.uz/d/obyavlenie/arenda-kvartira-toshkent-viloyati-bektemir-tumani-ID4e9Fv.html,,,,,,,,4e9Fv,18,bektemir
Arenda Kvartira  Toshkent Viloyati Bektemir tumani,https://www.olx.uz/d/obyavlenie/arenda-kvartira-toshkent-viloyati-bektemir-tumani-ID4e9Fv.html,400 у.е.,400.0,у.е,,,,,4e9Fv,18,bektemir
,https://www.olx.uz/d/obyavlenie/arenda-kvartira-bektemir-musaffo-maskan-ID4e8Ju.html,,,,,,,,4e8Ju,18,bektemir
Arenda kvartira Bektemir musaffo maskan,https://www.olx.uz/d/obyavlenie/arenda-kvartira-bektemir-musaffo-maskan-ID4e8Ju.html,380 у.е.,380.0,у.е,,,,,4e8Ju,18,bektemir
,https://www.olx.uz/d/obyavlenie/asalomalikum-vodnikda-kvartara-bor-faqat-qizlarga-ID3NpIQ.html,,,,,,,,3NpIQ,18,bektemir
Asalomalikum vodnikda kvartara bor faqat qizlarga,https://www.olx.uz/d/obyavlenie/asalomalikum-vodnikda-kvartara-bor-faqat-qizlarga-ID3NpIQ.html,700 000 сум,700000.0,сум,,,,,3NpIQ,18,bektemir
,https://www.olx.uz/d/obyavlenie/bir-honali-uy-izharaga-beriladi-ID3OOVD.html,,,,,,,,3OOVD,18,bektemir
Бир хонали уй ижарага берилади.,https://www.olx.uz/d/obyavlenie/bir-honali-uy-izharaga-beriladi-ID3OOVD.html,250 у.е.,250.0,у.е,,,,,3OOVD,18,bektemir
,https://www.olx.uz/d/obyavlenie/bektemir-vodnik-300-ID4e7yt.html,,,,,,,,4e7yt,18,bektemir
Бектемир водник 300$,https://www.olx.uz/d/obyavlenie/bektemir-vodnik-300-ID4e7yt.html,300 у.е.,300.0,у.е,,,,,4e7yt,18,bektemir
,https://www.olx.uz/d/obyavlenie/talaba-qizlar-kvartira-qoyiladi-ID3qEFI.html,,,,,,,,3qEFI,18,bektemir
Talaba qizlar kvartira qo'yiladi,https://www.olx.uz/d/obyavlenie/talaba-qizlar-kvartira-qoyiladi-ID3qEFI.html,700 000 сум,700000.0,сум,,,,,3qEFI,18,bektemir
,https://www.olx.uz/d/obyavlenie/srochna-qizlar-olinadi-ID4e6mJ.html,,,,,,,,4e6mJ,18,bektemir
Srochna qizlar olinadi,https://www.olx.uz/d/obyavlenie/srochna-qizlar-olinadi-ID4e6mJ.html,750 000 сум,750000.0,сум,,,,,4e6mJ,18,bektemir
,https://www.olx.uz/d/obyavlenie/uzoq-muddatga-ijara-qizlarga-it-ID42hNh.html,,,,,,,,42hNh,18,bektemir
Uzoq muddatga ijara qizlarga it,https://www.olx.uz/d/obyavlenie/uzoq-muddatga-ijara-qizlarga-it-ID42hNh.html,100 у.е.,100.0,у.е,,,,,42hNh,18,bektemir
,https://www.olx.uz/d/obyavlenie/kvartira-arendaga-aellarni-izharaga-kuyamiz-hozyaykali-bektemir-fut-siti-ID3I7Aq.html,,,,,,,,3I7Aq,18,bektemir
Квартира арендага Аёлларни ижарага куямиз хозяйкали бектемир  фут сити,https://www.olx.uz/d/obyavlenie/kvartira-arendaga-aellarni-izharaga-kuyamiz-hozyaykali-bektemir-fut-siti-ID3I7Aq.html,600 000 сум Договорная,600000.0,сум,,,,,3I7Aq,18,bektemir
,https://www.olx.uz/d/obyavlenie/ijaraga-uy-beriladi-ID3ZirB.html,,,,,,,,3ZirB,18,bektemir
Ijaraga uy beriladi,https://www.olx.uz/d/obyavlenie/ijaraga-uy-beriladi-ID3ZirB.html,700 000 сум,700000.0,сум,,,,,3ZirB,18,bektemir
,https://www.olx.uz/d/obyavlenie/arenda-kvartira-ijaraga-uy-beriladi-faqat-ayol-va-qizlar-uchun-ID47jiF.html,,,,,,,,47jiF,18,bektemir
Аренда квартира. Ijaraga uy beriladi. Faqat ayol va qizlar uchun.,https://www.olx.uz/d/obyavlenie/arenda-kvartira-ijaraga-uy-beriladi-faqat-ayol-va-qizlar-uchun-ID47jiF.html,800 000 сум,800000.0,сум,,,,,47jiF,18,bektemir
,https://www.olx.uz/d/obyavlenie/bektemir-ruvd-2ggg-ID4e1or.html,,,,,,,,4e1or,18,bektemir
bektemir ruvd 2ggg,https://www.olx.uz/d/obyavlenie/bektemir-ruvd-2ggg-ID4e1or.html,600 у.е.,600.0,у.е,,,,,4e1or,18,bektemir
,https://www.olx.uz/d/obyavlenie/qizlarga-ijaraga-hona-ID4e1lK.html,,,,,,,,4e1lK,18,bektemir
Qizlarga ijaraga hona,https://www.olx.uz/d/obyavlenie/qizlarga-ijaraga-hona-ID4e1lK.html,600 000 сум,600000.0,сум,,,,,4e1lK,18,bektemir
,https://www.olx.uz/d/obyavlenie/sdaetsya-3-kom-bektemir-vodnik-ID4e0Td.html,,,,,,,,4e0Td,18,bektemir
Сдается 3 ком Бектемир Водник,https://www.olx.uz/d/obyavlenie/sdaetsya-3-kom-bektemir-vodnik-ID4e0Td.html,400 у.е.,400.0,у.е,,,,,4e0Td,18,bektemir
,https://www.olx.uz/d/obyavlenie/kvartira-izhara-student-kizlar-uchun-ID3Vt60.html,,,,,,,,3Vt60,18,bektemir
Квартира ижара студент кизлар учун,https://www.olx.uz/d/obyavlenie/kvartira-izhara-student-kizlar-uchun-ID3Vt60.html,700 000 сум,700000.0,сум,,,,,3Vt60,18,bektemir
,https://www.olx.uz/d/obyavlenie/3-honali-hamma-sharoiti-bn-kvartira-ID3Ukvs.html,,,,,,,,3Ukvs,18,bektemir
3 хонали хамма шароити бн квартира,https://www.olx.uz/d/obyavlenie/3-honali-hamma-sharoiti-bn-kvartira-ID3Ukvs.html,450 у.е.,450.0,у.е,,,,,3Ukvs,18,bektemir
,https://www.olx.uz/d/obyavlenie/arenda-kvartiry-2-9-10-bektimirskiy-rayon-zh-k-musafo-maskan-rohat-ID4dZRx.html,,,,,,,,4dZRx,18,bektemir
Аренда квартиры 2/9/10 Бектимирский район.  Ж.К Мусафо Маскан. Рохат,https://www.olx.uz/d/obyavlenie/arenda-kvartiry-2-9-10-bektimirskiy-rayon-zh-k-musafo-maskan-rohat-ID4dZRx.html,350 у.е.,350.0,у.е,,,,,4dZRx,18,bektemir
,https://www.olx.uz/d/obyavlenie/kvartirant-qoyamiz-faqat-qizlani-ID3jYCg.html,,,,,,,,3jYCg,18,bektemir
Kvartirant qoyamiz faqat qizlani,https://www.olx.uz/d/obyavlenie/kvartirant-qoyamiz-faqat-qizlani-ID3jYCg.html,650 000 сум,650000.0,сум,,,,,3jYCg,18,bektemir
,https://www.olx.uz/d/obyavlenie/bektemir-vodnik-300-ID4dVNc.html,,,,,,,,4dVNc,18,bektemir
Бектемир водник 300$,https://www.olx.uz/d/obyavlenie/bektemir-vodnik-300-ID4dVNc.html,300 у.е.,300.0,у.е,,,,,4dVNc,18,bektemir
,https://www.olx.uz/d/obyavlenie/sdaetsya-2-kom-vodnik-mebel-tehnika-imeetsya-ID4dYFj.html,,,,,,,,4dYFj,18,bektemir
Сдается 2 ком Водник. Мебель техника имеется,https://www.olx.uz/d/obyavlenie/sdaetsya-2-kom-vodnik-mebel-tehnika-imeetsya-ID4dYFj.html,400 у.е.,400.0,у.е,,,,,4dYFj,18,bektemir
,https://www.olx.uz/d/obyavlenie/xona-ijaraga-beriladi-bitta-qizga-ID3ojpp.html,,,,,,,,3ojpp,18,bektemir
Xona ijaraga beriladi. Bitta qizga,https://www.olx.uz/d/obyavlenie/xona-ijaraga-beriladi-bitta-qizga-ID3ojpp.html,50 у.е.,50.0,у.е,,,,,3ojpp,18,bektemir
,https://www.olx.uz/d/obyavlenie/yashnobod-tumani-nrg-zamon-ID4aEiU.html,,,,,,,,4aEiU,18,bektemir
Yashnobod tumani NRG Zamon,https://www.olx.uz/d/obyavlenie/yashnobod-tumani-nrg-zamon-ID4aEiU.html,500 у.е.,500.0,у.е,,,,,4aEiU,18,bektemir
,https://www.olx.uz/d/obyavlenie/dolgosrochnyy-arenda-kvartira-v-vodnike-ID3Yq1q.html,,,,,,,,3Yq1q,18,bektemir
Долгосрочный аренда квартира в воднике,https://www.olx.uz/d/obyavlenie/dolgosrochnyy-arenda-kvartira-v-vodnike-ID3Yq1q.html,350 у.е.,350.0,у.е,,,,,3Yq1q,18,bektemir
,https://www.olx.uz/d/obyavlenie/sdaetsya-6ti-kom-kvartir-na-kuylyuk-tsentre-ID47b2d.html,,,,,,,,47b2d,18,bektemir
Сдается  6ти ком квартир на Куйлюк Центре,https://www.olx.uz/d/obyavlenie/sdaetsya-6ti-kom-kvartir-na-kuylyuk-tsentre-ID47b2d.html,500 у.е.,500.0,у.е,,,,,47b2d,18,bektemir
,https://www.olx.uz/d/obyavlenie/sdaetsya-v-arendu-2-etazh-ID3QNs0.html,,,,,,,,3QNs0,18,bektemir
Сдаётся в аренду 2 этаж,https://www.olx.uz/d/obyavlenie/sdaetsya-v-arendu-2-etazh-ID3QNs0.html,300 у.е.,300.0,у.е,,,,,3QNs0,18,bektemir
,https://www.olx.uz/d/obyavlenie/ogil-bolalarga-kvartira-ID3DoCE.html,,,,,,,,3DoCE,18,bektemir
O'g'il bolalarga kvartira,https://www.olx.uz/d/obyavlenie/ogil-bolalarga-kvartira-ID3DoCE.html,800 000 сум,800000.0,сум,,,,,3DoCE,18,bektemir
,https://www.olx.uz/d/obyavlenie/sdam-kvartiru-na-bektimirskom-rayone-ID4bVlv.html,,,,,,,,4bVlv,18,bektemir
Сдам квартиру на бектимирском районе,https://www.olx.uz/d/obyavlenie/sdam-kvartiru-na-bektimirskom-rayone-ID4bVlv.html,250 у.е.,250.0,у.е,,,,,4bVlv,18,bektemir
,https://www.olx.uz/d/obyavlenie/arenda-kvartira-bektemir-vodnik-ID4dTMW.html,,,,,,,,4dTMW,18,bektemir
Arenda kvartira  Bektemir vodnik,https://www.olx.uz/d/obyavlenie/arenda-kvartira-bektemir-vodnik-ID4dTMW.html,400 у.е.,400.0,у.е,,,,,4dTMW,18,bektemir
,https://www.olx.uz/d/obyavlenie/hovli-izharaga-beriladi-ID4cf87.html,,,,,,,,4cf87,18,bektemir
Ховли Ижарага берилади,https://www.olx.uz/d/obyavlenie/hovli-izharaga-beriladi-ID4cf87.html,8 500 000 сум,8500000.0,сум,,,,,4cf87,18,bektemir
,https://www.olx.uz/d/obyavlenie/kvartira-ogil-bollar-uchun-ID478vf.html,,,,,,,,478vf,18,bektemir
Kvartira ogil bollar uchun,https://www.olx.uz/d/obyavlenie/kvartira-ogil-bollar-uchun-ID478vf.html,50 у.е.,50.0,у.е,,,,,478vf,18,bektemir
,https://www.olx.uz/d/obyavlenie/kvartira-2-hona-isik-suv-ataplena-bor-ID3NIxO.html,,,,,,,,3NIxO,18,bektemir
Квартира 2 хона исик сув атаплена бор,https://www.olx.uz/d/obyavlenie/kvartira-2-hona-isik-suv-ataplena-bor-ID3NIxO.html,250 у.е. Договорная,250.0,у.е,,,,,3NIxO,18,bektemir
,https://www.olx.uz/d/obyavlenie/qoyliq-kompas-qoyliq-bozori-1-km-metro-900m-ID4dSsi.html,,,,,,,,4dSsi,18,bektemir
Qo'yliq kompas. Qo'yliq bozori 1 km. Metro 900m,https://www.olx.uz/d/obyavlenie/qoyliq-kompas-qoyliq-bozori-1-km-metro-900m-ID4dSsi.html,400 у.е.,400.0,у.е,,,,,4dSsi,18,bektemir
,https://www.olx.uz/d/obyavlenie/izharaga-hona-beriladi-ID3YvXs.html,,,,,,,,3YvXs,18,bektemir
Ижарага хона берилади,https://www.olx.uz/d/obyavlenie/izharaga-hona-beriladi-ID3YvXs.html,750 000 сум,750000.0,сум,,,,,3YvXs,18,bektemir
,https://www.olx.uz/d/obyavlenie/vodnik-bektemirskiy-rayon-2-komnatnaya-kvartira-ID4dQKP.html,,,,,,,,4dQKP,18,bektemir
Водник бектемирский район 2 комнатная квартира,https://www.olx.uz/d/obyavlenie/vodnik-bektemirskiy-rayon-2-komnatnaya-kvartira-ID4dQKP.html,550 у.е.,550.0,у.е,,,,,4dQKP,18,bektemir
,https://www.olx.uz/d/obyavlenie/izharaga-yaman-oilalilarni-yli-1-massiv-mirobod-tumani-ID4dQ42.html,,,,,,,,4dQ42,18,bektemir
Ижарага қўяман оилалиларни Қўйлиқ 1 массив  Миробод тумани,https://www.olx.uz/d/obyavlenie/izharaga-yaman-oilalilarni-yli-1-massiv-mirobod-tumani-ID4dQ42.html,4 000 000 сум Договорная,4000000.0,сум,,,,,4dQ42,18,bektemir
,https://www.olx.uz/d/obyavlenie/kvartira-izharaga-ID3LeaG.html,,,,,,,,3LeaG,18,bektemir
квартира ижарага,https://www.olx.uz/d/obyavlenie/kvartira-izharaga-ID3LeaG.html,300 у.е.,300.0,у.е,,,,,3LeaG,18,bektemir
,https://www.olx.uz/d/obyavlenie/sdaetsya-3h-komnatnaya-kvartira-posle-novogo-remonta-est-vse-usloviya-ID3vrW1.html,,,,,,,,3vrW1,18,bektemir
Сдается 3х комнатная квартира после нового ремонта есть все условия,https://www.olx.uz/d/obyavlenie/sdaetsya-3h-komnatnaya-kvartira-posle-novogo-remonta-est-vse-usloviya-ID3vrW1.html,400 у.е.,400.0,у.е,,,,,3vrW1,18,bektemir
,https://www.olx.uz/d/obyavlenie/arenda-kvartira-ijaraga-uy-profi-university-yonida-ID4axil.html,,,,,,,,4axil,18,bektemir
Arenda kvartira | Ijaraga uy | Profi University yonida,https://www.olx.uz/d/obyavlenie/arenda-kvartira-ijaraga-uy-profi-university-yonida-ID4axil.html,900 000 сум,900000.0,сум,,,,,4axil,18,bektemir
,https://www.olx.uz/d/obyavlenie/sdam-kvartiru-dolgosrochno-ID420r3.html,,,,,,,,420r3,18,bektemir
Сдам квартиру  долгосрочно,https://www.olx.uz/d/obyavlenie/sdam-kvartiru-dolgosrochno-ID420r3.html,280 у.е.,280.0,у.е,,,,,420r3,18,bektemir
,https://www.olx.uz/d/obyavlenie/halal-and-sweet-milliy-taomlar-ID474fk.html,,,,,,,,474fk,18,bektemir
Halal and Sweet  milliy taomlar,https://www.olx.uz/d/obyavlenie/halal-and-sweet-milliy-taomlar-ID474fk.html,1 500 у.е.,1500.0,у.е,,,,,474fk,18,bektemir
,https://www.olx.uz/d/obyavlenie/ijaraga-uy-bektemir-tumanida-ID4dJgE.html,,,,,,,,4dJgE,18,bektemir
Ijaraga uy Bektemir tumanida,https://www.olx.uz/d/obyavlenie/ijaraga-uy-bektemir-tumanida-ID4dJgE.html,430 у.е.,430.0,у.е,,,,,4dJgE,18,bektemir
,https://www.olx.uz/d/obyavlenie/sheriklikka-qizlar-kerak-ID4cabx.html,,,,,,,,4cabx,18,bektemir
Sheriklikka qizlar kerak,https://www.olx.uz/d/obyavlenie/sheriklikka-qizlar-kerak-ID4cabx.html,100 у.е.,100.0,у.е,,,,,4cabx,18,bektemir
,https://www.olx.uz/d/obyavlenie/sdaetsya-2-kom-bektemir-vodnik-ID4dMVk.html,,,,,,,,4dMVk,18,bektemir
Сдается 2 ком Бектемир. Водник,https://www.olx.uz/d/obyavlenie/sdaetsya-2-kom-bektemir-vodnik-ID4dMVk.html,400 у.е.,400.0,у.е,,,,,4dMVk,18,bektemir
,https://www.olx.uz/d/obyavlenie/kvartira-1-xona-beriladi-ID4dJrz.html,,,,,,,,4dJrz,18,bektemir
Kvartira 1 xona beriladi,https://www.olx.uz/d/obyavlenie/kvartira-1-xona-beriladi-ID4dJrz.html,2 000 000 сум Договорная,2000000.0,сум,,,,,4dJrz,18,bektemir
,https://www.olx.uz/d/obyavlenie/yunsobod-18mavze-ID48KxV.html,,,,,,,,48KxV,18,bektemir
Yunsobod 18mavze,https://www.olx.uz/d/obyavlenie/yunsobod-18mavze-ID48KxV.html,500 у.е.,500.0,у.е,,,,,48KxV,18,bektemir
,https://www.olx.uz/d/obyavlenie/kvartira-arenda-4-bola-olamiz-ID3J9Sq.html,,,,,,,,3J9Sq,18,bektemir
Kvartira arenda 4 bola olamiz,https://www.olx.uz/d/obyavlenie/kvartira-arenda-4-bola-olamiz-ID3J9Sq.html,650 000 сум,650000.0,сум,,,,,3J9Sq,18,bektemir
,https://www.olx.uz/d/obyavlenie/kvartira-bor-koylik-kompis-yonida-ID3M5vJ.html,,,,,,,,3M5vJ,18,bektemir
Квартира бор койлик компис йонида,https://www.olx.uz/d/obyavlenie/kvartira-bor-koylik-kompis-yonida-ID3M5vJ.html,790 000 сум,790000.0,сум,,,,,3M5vJ,18,bektemir
,https://www.olx.uz/d/obyavlenie/arenda-kvartira-yashnobod-assalom-havo-ID4dH2s.html,,,,,,,,4dH2s,18,bektemir
Arenda kvartira Yashnobod Assalom  havo,https://www.olx.uz/d/obyavlenie/arenda-kvartira-yashnobod-assalom-havo-ID4dH2s.html,350 у.е.,350.0,у.е,,,,,4dH2s,18,bektemir
,https://www.olx.uz/d/obyavlenie/1-xonali-kvartira-ID4dGyu.html,,,,,,,,4dGyu,18,bektemir
1 xonali kvartira,https://www.olx.uz/d/obyavlenie/1-xonali-kvartira-ID4dGyu.html,150 у.е. Договорная,150.0,у.е,,,,,4dGyu,18,bektemir
,https://www.olx.uz/d/obyavlenie/arenda-kvartira-izharaga-honalar-beriladi-ID2Gst2.html,,,,,,,,2Gst2,18,bektemir
Аренда Квартира Ижарага хоналар берилади,https://www.olx.uz/d/obyavlenie/arenda-kvartira-izharaga-honalar-beriladi-ID2Gst2.html,850 000 сум,850000.0,сум,,,,,2Gst2,18,bektemir
,https://www.olx.uz/d/obyavlenie/sdaetsya-3-komnatnaya-kvartira-v-tsentre-kuylyuka-tolka-dlya-semeynym-ID45UUQ.html,,,,,,,,45UUQ,18,bektemir
Сдается 3 комнатная квартира в центре куйлюка толька для Семейным,https://www.olx.uz/d/obyavlenie/sdaetsya-3-komnatnaya-kvartira-v-tsentre-kuylyuka-tolka-dlya-semeynym-ID45UUQ.html,350 у.е.,350.0,у.е,,,,,45UUQ,18,bektemir
,https://www.olx.uz/d/obyavlenie/arenda-kvartira-bektemir-musaffo-maskan-ID4dFQx.html,,,,,,,,4dFQx,18,bektemir
Arenda kvartira Bektemir musaffo maskan,https://www.olx.uz/d/obyavlenie/arenda-kvartira-bektemir-musaffo-maskan-ID4dFQx.html,300 у.е.,300.0,у.е,,,,,4dFQx,18,bektemir
,https://www.olx.uz/d/obyavlenie/sdaetsya-komnata-v-chastnom-dome-ID46QSO.html,,,,,,,,46QSO,18,bektemir
Сдается комната в частном доме,https://www.olx.uz/d/obyavlenie/sdaetsya-komnata-v-chastnom-dome-ID46QSO.html,900 000 сум,900000.0,сум,,,,,46QSO,18,bektemir
,https://www.olx.uz/d/obyavlenie/sdayu-svoyu-trehkomnatnuyu-kvartiru-na-dolgosrochnyy-period-bez-posrednik-ID4bYEP.html,,,,,,,,4bYEP,18,bektemir
Сдаю СВОЮ трёхкомнатную квартиру на долгосрочный период (БЕЗ ПОСРЕДНИК,https://www.olx.uz/d/obyavlenie/sdayu-svoyu-trehkomnatnuyu-kvartiru-na-dolgosrochnyy-period-bez-posrednik-ID4bYEP.html,4 550 000 сум,4550000.0,сум,,,,,4bYEP,18,bektemir
,https://www.olx.uz/d/obyavlenie/sdaetsya-3-kom-food-city-bozor-fud-siti-perekrostok-ID4dCXB.html,,,,,,,,4dCXB,18,bektemir
Сдается 3 ком Food City бозор. Фуд Сити Перекросток,https://www.olx.uz/d/obyavlenie/sdaetsya-3-kom-food-city-bozor-fud-siti-perekrostok-ID4dCXB.html,480 у.е.,480.0,у.е,,,,,4dCXB,18,bektemir
,https://www.olx.uz/d/obyavlenie/sdam-kvartiru-v-yashnobadskom-rayone-ID4bPuN.html,,,,,,,,4bPuN,18,bektemir
Сдам квартиру в яшнобадском районе,https://www.olx.uz/d/obyavlenie/sdam-kvartiru-v-yashnobadskom-rayone-ID4bPuN.html,350 у.е.,350.0,у.е,,,,,4bPuN,18,bektemir
,https://www.olx.uz/d/obyavlenie/sdaetsya-kvartira-na-vodnike-ID4c8ow.html,,,,,,,,4c8ow,18,bektemir
Сдается квартира на Воднике,https://www.olx.uz/d/obyavlenie/sdaetsya-kvartira-na-vodnike-ID4c8ow.html,300 у.е.,300.0,у.е,,,,,4c8ow,18,bektemir
,https://www.olx.uz/d/obyavlenie/bolarga-arzon-kvartira-600-000-som-ID41KSV.html,,,,,,,,41KSV,18,bektemir
Bolarga Arzon kvartira 600.000 som,https://www.olx.uz/d/obyavlenie/bolarga-arzon-kvartira-600-000-som-ID41KSV.html,600 000 сум,600000.0,сум,,,,,41KSV,18,bektemir
,https://www.olx.uz/d/obyavlenie/uy-izhara-talabalarga-ID3wIGt.html,,,,,,,,3wIGt,18,bektemir
Уй ижара талабаларга,https://www.olx.uz/d/obyavlenie/uy-izhara-talabalarga-ID3wIGt.html,650 000 сум,650000.0,сум,,,,,3wIGt,18,bektemir
,https://www.olx.uz/d/obyavlenie/arenda-kvartira-oila-va-qizlaga-ID3fgq7.html,,,,,,,,3fgq7,18,bektemir
Arenda kvartira oila va qizlaga,https://www.olx.uz/d/obyavlenie/arenda-kvartira-oila-va-qizlaga-ID3fgq7.html,850 000 сум,850000.0,сум,,,,,3fgq7,18,bektemir
,https://www.olx.uz/d/obyavlenie/arenda-komnaty-s-hozyaykoy-ID3Jot6.html,,,,,,,,3Jot6,18,bektemir
"Аренда комнаты,с хозяйкой",https://www.olx.uz/d/obyavlenie/arenda-komnaty-s-hozyaykoy-ID3Jot6.html,900 000 сум,900000.0,сум,,,,,3Jot6,18,bektemir
,https://www.olx.uz/d/obyavlenie/arenda-2honali-kuylyuk-oilaga-pustoy-ID4dx1q.html,,,,,,,,4dx1q,18,bektemir
Аренда 2хонали куйлюк оилага пустой,https://www.olx.uz/d/obyavlenie/arenda-2honali-kuylyuk-oilaga-pustoy-ID4dx1q.html,2 500 000 сум,2500000.0,сум,,,,,4dx1q,18,bektemir
,https://www.olx.uz/d/obyavlenie/sultanali-mashhadi-45-307-maktab-oldi-parkentski-shampan-zavod-ID3aQGU.html,,,,,,,,3aQGU,18,bektemir
Султанали Машхади 45 307 мактаб олди паркентски шампан завод,https://www.olx.uz/d/obyavlenie/sultanali-mashhadi-45-307-maktab-oldi-parkentski-shampan-zavod-ID3aQGU.html,600 у.е. Договорная,600.0,у.е,,,,,3aQGU,18,bektemir
,https://www.olx.uz/d/obyavlenie/qizlarga-ayollarga-bez-makler-bez-hazayka-kv-bor-ID41EN7.html,,,,,,,,41EN7,18,bektemir
Qizlarga ayollarga  bez makler bez hazayka kv bor,https://www.olx.uz/d/obyavlenie/qizlarga-ayollarga-bez-makler-bez-hazayka-kv-bor-ID41EN7.html,550 000 сум Договорная,550000.0,сум,,,,,41EN7,18,bektemir
,https://www.olx.uz/d/obyavlenie/ijaraga-oila-qyamiz-srochno-ID43nR3.html,,,,,,,,43nR3,18,bektemir
Ijaraga oila qòyamiz! Srochno!,https://www.olx.uz/d/obyavlenie/ijaraga-oila-qyamiz-srochno-ID43nR3.html,3 500 000 сум,3500000.0,сум,,,,,43nR3,18,bektemir
,https://www.olx.uz/d/obyavlenie/assalomu-aleykum-ID4ctgT.html?reason=extended_search_extended_distance,,,,,,,,4ctgT,18,bektemir
Assalomu aleykum,https://www.olx.uz/d/obyavlenie/assalomu-aleykum-ID4ctgT.html?reason=extended_search_extended_distance,1 200 000 сум Договорная,1200000.0,сум,,,,,4ctgT,18,bektemir
,https://www.olx.uz/d/obyavlenie/2-4-10-park-ashhabad-zhk-poytaht-ul-mahtumkuli-ID4bhBW.html?reason=extended_search_extended_distance,,,,,,,,4bhBW,18,bektemir
2/4/10 парк Ашхабад !ЖК Пойтахт!ул.Махтумкули,https://www.olx.uz/d/obyavlenie/2-4-10-park-ashhabad-zhk-poytaht-ul-mahtumkuli-ID4bhBW.html?reason=extended_search_extended_distance,1 000 у.е. Договорная,1000.0,у.е,,,,,4bhBW,18,bektemir
,https://www.olx.uz/d/obyavlenie/sdaetsya-kvartira-or-r-zhk-mahtumkuli-2-kom-6-9-ro-n-yashnabadskiy-ID40qqV.html?reason=extended_search_extended_distance,,,,,,,,40qqV,18,bektemir
Сдаётся квартира ор-р ЖК Махтумкули 2-ком/6/9 ро-н Яшнабадский,https://www.olx.uz/d/obyavlenie/sdaetsya-kvartira-or-r-zhk-mahtumkuli-2-kom-6-9-ro-n-yashnabadskiy-ID40qqV.html?reason=extended_search_extended_distance,500 у.е.,500.0,у.е,,,,,40qqV,18,bektemir
,https://www.olx.uz/d/obyavlenie/sdaetsya-kvartira-zhk-assalom-sohil-1-kom-7-9-ro-n-yashnabadskiy-ID40oom.html?reason=extended_search_extended_distance,,,,,,,,40oom,18,bektemir
Сдаётся квартира ЖК Ассалом Сохил 1-ком/7/9 ро-н Яшнабадский,https://www.olx.uz/d/obyavlenie/sdaetsya-kvartira-zhk-assalom-sohil-1-kom-7-9-ro-n-yashnabadskiy-ID40oom.html?reason=extended_search_extended_distance,400 у.е.,400.0,у.е,,,,,40oom,18,bektemir
,https://www.olx.uz/d/obyavlenie/parkentskiy-1-komn-novostroyka-arenda-ID4f9YJ.html?reason=extended_search_extended_distance,,,,,,,,4f9YJ,18,bektemir
Паркентский - 1 комн - Новостройка - Аренда,https://www.olx.uz/d/obyavlenie/parkentskiy-1-komn-novostroyka-arenda-ID4f9YJ.html?reason=extended_search_extended_distance,450 у.е.,450.0,у.е,,,,,4f9YJ,18,bektemir
,https://www.olx.uz/d/obyavlenie/dostlik-metro-arenda-kvartira-ijara-ID453rk.html?reason=extended_search_extended_distance,,,,,,,,453rk,18,bektemir
Doʻstlik metro Arenda kvartira ijara,https://www.olx.uz/d/obyavlenie/dostlik-metro-arenda-kvartira-ijara-ID453rk.html?reason=extended_search_extended_distance,750 000 сум,750000.0,сум,,,,,453rk,18,bektemir
,https://www.olx.uz/d/obyavlenie/arenda-2-komnatnoy-kvartiry-dubovaya-yashnabadskiy-rayon-ID4eLLg.html?reason=extended_search_extended_distance,,,,,,,,4eLLg,18,bektemir
Аренда 2 комнатной квартиры Дубовая Яшнабадский Район,https://www.olx.uz/d/obyavlenie/arenda-2-komnatnoy-kvartiry-dubovaya-yashnabadskiy-rayon-ID4eLLg.html?reason=extended_search_extended_distance,400 у.е.,400.0,у.е,,,,,4eLLg,18,bektemir
,https://www.olx.uz/d/obyavlenie/sdaetsya-3-kom-zhk-zaytunli-novaya-kvartira-ID4dXSI.html?reason=extended_search_extended_distance,,,,,,,,4dXSI,18,bektemir
Сдается 3 ком ЖК Zaytunli. Новая квартира,https://www.olx.uz/d/obyavlenie/sdaetsya-3-kom-zhk-zaytunli-novaya-kvartira-ID4dXSI.html?reason=extended_search_extended_distance,800 у.е.,800.0,у.е,,,,,4dXSI,18,bektemir
,https://www.olx.uz/d/obyavlenie/sdaetsya-v-vrendu-kvartira-1-etazh-zhiloe-i-ne-zhiloe-dva-kadastra-ID4f2RH.html?reason=extended_search_extended_distance,,,,,,,,4f2RH,18,bektemir
"Сдается в вренду квартира 1 этаж жилое и не жилое, два кадастра",https://www.olx.uz/d/obyavlenie/sdaetsya-v-vrendu-kvartira-1-etazh-zhiloe-i-ne-zhiloe-dva-kadastra-ID4f2RH.html?reason=extended_search_extended_distance,1 200 у.е. Договорная,1200.0,у.е,,,,,4f2RH,18,bektemir
,https://www.olx.uz/d/obyavlenie/sdaetsya-arenda-yashnabad-dubovyy-dvuhkomnatnaya-dlya-semi-pervyy-etazh-ID4f9ON.html?reason=extended_search_extended_distance,,,,,,,,4f9ON,18,bektemir
Сдаётся аренда Яшнабад Дубовый двухкомнатная для семьи первый этаж,https://www.olx.uz/d/obyavlenie/sdaetsya-arenda-yashnabad-dubovyy-dvuhkomnatnaya-dlya-semi-pervyy-etazh-ID4f9ON.html?reason=extended_search_extended_distance,320 у.е.,320.0,у.е,,,,,4f9ON,18,bektemir
,https://www.olx.uz/d/obyavlenie/yashnabod-metro-yonida-arenda-kvartira-ID4f9AY.html?reason=extended_search_extended_distance,,,,,,,,4f9AY,18,bektemir
Yashnabod metro yonida arenda kvartira,https://www.olx.uz/d/obyavlenie/yashnabod-metro-yonida-arenda-kvartira-ID4f9AY.html?reason=extended_search_extended_distance,250 у.е. Договорная,250.0,у.е,,,,,4f9AY,18,bektemir
,https://www.olx.uz/d/obyavlenie/arenda-3-9-10-zhk-new-life-ul-mahtumkuli-ID4em3k.html?reason=extended_search_extended_distance,,,,,,,,4em3k,18,bektemir
Аренда 3/9/10  ЖК  New Life  ул Махтумкули !!,https://www.olx.uz/d/obyavlenie/arenda-3-9-10-zhk-new-life-ul-mahtumkuli-ID4em3k.html?reason=extended_search_extended_distance,600 у.е. Договорная,600.0,у.е,,,,,4em3k,18,bektemir
,https://www.olx.uz/d/obyavlenie/sdaetsya-svoya-kvartira-ID4f9yh.html?reason=extended_search_extended_distance,,,,,,,,4f9yh,18,bektemir
Сдаётся своя квартира,https://www.olx.uz/d/obyavlenie/sdaetsya-svoya-kvartira-ID4f9yh.html?reason=extended_search_extended_distance,300 у.е.,300.0,у.е,,,,,4f9yh,18,bektemir
,https://www.olx.uz/d/obyavlenie/besh-chinor-zhk-besh-chinor-sdam-dupleks-ts1-10min-mahtumkuli-parkentskiy-ID4em2o.html?reason=extended_search_extended_distance,,,,,,,,4em2o,18,bektemir
Besh Chinor ЖК Беш Чинор сдам ДУПЛЕКС ц1 10мин Махтумкули паркентский,https://www.olx.uz/d/obyavlenie/besh-chinor-zhk-besh-chinor-sdam-dupleks-ts1-10min-mahtumkuli-parkentskiy-ID4em2o.html?reason=extended_search_extended_distance,500 у.е. Договорная,500.0,у.е,,,,,4em2o,18,bektemir
,https://www.olx.uz/d/obyavlenie/yashnaobot-tumani-srochna-kvartira-ID4f9u8.html?reason=extended_search_extended_distance,,,,,,,,4f9u8,18,bektemir
Yashnaobot tumani srochna kvartira,https://www.olx.uz/d/obyavlenie/yashnaobot-tumani-srochna-kvartira-ID4f9u8.html?reason=extended_search_extended_distance,300 у.е.,300.0,у.е,,,,,4f9u8,18,bektemir
,https://www.olx.uz/d/obyavlenie/arenda-dupleks-zhk-besh-chinor-2-8-16-nedaleko-ot-ts-1-ID4elYM.html?reason=extended_search_extended_distance,,,,,,,,4elYM,18,bektemir
Аренда Дуплекс ЖК Беш Чинор 2/8/16 недалеко от ц-1 !!,https://www.olx.uz/d/obyavlenie/arenda-dupleks-zhk-besh-chinor-2-8-16-nedaleko-ot-ts-1-ID4elYM.html?reason=extended_search_extended_distance,500 у.е. Договорная,500.0,у.е,,,,,4elYM,18,bektemir
,https://www.olx.uz/d/obyavlenie/1-komn-1-etazh-chistaya-arenda-izhara-tashselmash-botkina-ID4f9wL.html?reason=extended_search_extended_distance,,,,,,,,4f9wL,18,bektemir
1-Комн. 1-Этаж. Чистая. Аренда. Ижара. Ташсельмаш. Боткина.,https://www.olx.uz/d/obyavlenie/1-komn-1-etazh-chistaya-arenda-izhara-tashselmash-botkina-ID4f9wL.html?reason=extended_search_extended_distance,450 у.е.,450.0,у.е,,,,,4f9wL,18,bektemir
,https://www.olx.uz/d/obyavlenie/sdam-v-arendu-2-v-3-h-komnatnuyu-tashselmash-park-ashhabad-ID4eLgj.html?reason=extended_search_extended_distance,,,,,,,,4eLgj,18,bektemir
Сдам в аренду 2 в 3-х комнатную.Ташсельмаш.Парк Ашхабад,https://www.olx.uz/d/obyavlenie/sdam-v-arendu-2-v-3-h-komnatnuyu-tashselmash-park-ashhabad-ID4eLgj.html?reason=extended_search_extended_distance,700 у.е.,700.0,у.е,,,,,4eLgj,18,bektemir
,https://www.olx.uz/d/obyavlenie/yashnabod-srochna-kvartira-ID4f9mT.html?reason=extended_search_extended_distance,,,,,,,,4f9mT,18,bektemir
Яшнабод срочна квартира,https://www.olx.uz/d/obyavlenie/yashnabod-srochna-kvartira-ID4f9mT.html?reason=extended_search_extended_distance,270 у.е.,270.0,у.е,,,,,4f9mT,18,bektemir
,https://www.olx.uz/d/obyavlenie/2-xonali-kvartira-ijaraga-qoyiladi-ID3yeJS.html?reason=extended_search_extended_distance,,,,,,,,3yeJS,18,bektemir
2 Xonali Kvartira ijaraga qo`yiladi !,https://www.olx.uz/d/obyavlenie/2-xonali-kvartira-ijaraga-qoyiladi-ID3yeJS.html?reason=extended_search_extended_distance,450 у.е. Договорная,450.0,у.е,,,,,3yeJS,18,bektemir
,https://www.olx.uz/d/obyavlenie/arenda-kvartira-yashnabod-ID442ws.html?reason=extended_search_extended_distance,,,,,,,,442ws,18,bektemir
Аренда квартира Яшнабод,https://www.olx.uz/d/obyavlenie/arenda-kvartira-yashnabod-ID442ws.html?reason=extended_search_extended_distance,450 у.е.,450.0,у.е,,,,,442ws,18,bektemir
,https://www.olx.uz/d/obyavlenie/arenda-kvartira-yashnabod-ID456oQ.html?reason=extended_search_extended_distance,,,,,,,,456oQ,18,bektemir
Аренда квартира Яшнабод,https://www.olx.uz/d/obyavlenie/arenda-kvartira-yashnabod-ID456oQ.html?reason=extended_search_extended_distance,400 у.е. Договорная,400.0,у.е,,,,,456oQ,18,bektemir
,https://www.olx.uz/d/obyavlenie/arenda-kvartira-mahtum-kuli-ID4851X.html?reason=extended_search_extended_distance,,,,,,,,4851X,18,bektemir
Аренда квартира Махтум кули,https://www.olx.uz/d/obyavlenie/arenda-kvartira-mahtum-kuli-ID4851X.html?reason=extended_search_extended_distance,1 800 у.е.,1800.0,у.е,,,,,4851X,18,bektemir
,https://www.olx.uz/d/obyavlenie/yashnabod-tumani-kadisheva-bozori-ropasida-ijaraga-kvartira-ID4f9bX.html?reason=extended_search_extended_distance,,,,,,,,4f9bX,18,bektemir
Yashnabod tumani Kadisheva bozori ropasida ijaraga kvartira,https://www.olx.uz/d/obyavlenie/yashnabod-tumani-kadisheva-bozori-ropasida-ijaraga-kvartira-ID4f9bX.html?reason=extended_search_extended_distance,350 у.е.,350.0,у.е,,,,,4f9bX,18,bektemir
,https://www.olx.uz/d/obyavlenie/arenda-2-8-9-48m2-v-zhk-poytaxt-na-ul-mahtumkuli-ID4dXdi.html?reason=extended_search_extended_distance,,,,,,,,4dXdi,18,bektemir
Аренда 2/8/9 48м2 в ЖК Poytaxt на ул. Махтумкули,https://www.olx.uz/d/obyavlenie/arenda-2-8-9-48m2-v-zhk-poytaxt-na-ul-mahtumkuli-ID4dXdi.html?reason=extended_search_extended_distance,800 у.е.,800.0,у.е,,,,,4dXdi,18,bektemir
,https://www.olx.uz/d/obyavlenie/yashnobod-rohat-metro-yonida-ID4f9af.html?reason=extended_search_extended_distance,,,,,,,,4f9af,18,bektemir
Yashnobod Rohat metro yonida,https://www.olx.uz/d/obyavlenie/yashnobod-rohat-metro-yonida-ID4f9af.html?reason=extended_search_extended_distance,200 у.е.,200.0,у.е,,,,,4f9af,18,bektemir
,https://www.olx.uz/d/obyavlenie/2-komnatnaya-kvartira-na-dubovyy-ID3hKns.html?reason=extended_search_extended_distance,,,,,,,,3hKns,18,bektemir
2 комнатная квартира на Дубовый,https://www.olx.uz/d/obyavlenie/2-komnatnaya-kvartira-na-dubovyy-ID3hKns.html?reason=extended_search_extended_distance,650 у.е. Договорная,650.0,у.е,,,,,3hKns,18,bektemir
,https://www.olx.uz/d/obyavlenie/srochno-arenda-kvartiry-tashselmash-2-1-4-ID4f90O.html?reason=extended_search_extended_distance,,,,,,,,4f90O,18,bektemir
Срочно Аренда квартиры ташсельмаш 2/1/4,https://www.olx.uz/d/obyavlenie/srochno-arenda-kvartiry-tashselmash-2-1-4-ID4f90O.html?reason=extended_search_extended_distance,350 у.е. Договорная,350.0,у.е,,,,,4f90O,18,bektemir
,https://www.olx.uz/d/obyavlenie/arenda-kvartira-ID3lWdf.html?reason=extended_search_extended_distance,,,,,,,,3lWdf,18,bektemir
Аренда квартира.,https://www.olx.uz/d/obyavlenie/arenda-kvartira-ID3lWdf.html?reason=extended_search_extended_distance,100 у.е.,100.0,у.е,,,,,3lWdf,18,bektemir
,https://www.olx.uz/d/obyavlenie/arenda-2-8-12-mahtumkuli-48-ID4elza.html?reason=extended_search_extended_distance,,,,,,,,4elza,18,bektemir
Аренда 2/8/12 Махтумкули №48,https://www.olx.uz/d/obyavlenie/arenda-2-8-12-mahtumkuli-48-ID4elza.html?reason=extended_search_extended_distance,550 у.е.,550.0,у.е,,,,,4elza,18,bektemir
,https://www.olx.uz/d/obyavlenie/arenda-kvartira-bektemir-musaffo-maskan-3-16-17-ID4dVSP.html?reason=extended_search_extended_distance,,,,,,,,4dVSP,18,bektemir
Аренда квартира Бектемир мусаффо маскан 3/16/17,https://www.olx.uz/d/obyavlenie/arenda-kvartira-bektemir-musaffo-maskan-3-16-17-ID4dVSP.html?reason=extended_search_extended_distance,400 у.е.,400.0,у.е,,,,,4dVSP,18,bektemir
,https://www.olx.uz/d/obyavlenie/parkentskiy-rieziy-2-9-9-ID4eKKi.html?reason=extended_search_extended_distance,,,,,,,,4eKKi,18,bektemir
Паркентский Риезий 2/9/9,https://www.olx.uz/d/obyavlenie/parkentskiy-rieziy-2-9-9-ID4eKKi.html?reason=extended_search_extended_distance,450 у.е.,450.0,у.е,,,,,4eKKi,18,bektemir
,https://www.olx.uz/d/obyavlenie/sdaetsya-uyutnaya-2-h-komnatnaya-kvartira-v-tsentre-goroda-1500-ID3W0Uz.html?reason=extended_search_extended_distance,,,,,,,,3W0Uz,18,bektemir
Сдается уютная 2-х комнатная квартира в центре города №1500,https://www.olx.uz/d/obyavlenie/sdaetsya-uyutnaya-2-h-komnatnaya-kvartira-v-tsentre-goroda-1500-ID3W0Uz.html?reason=extended_search_extended_distance,900 у.е.,900.0,у.е,,,,,3W0Uz,18,bektemir
,https://www.olx.uz/d/obyavlenie/arenda-kvartira-yakkasarayskiy-rayon-1-1-4-ID4f901.html?reason=extended_search_extended_distance,,,,,,,,4f901,18,bektemir
Аренда квартира Яккасарайский район  1/1/4,https://www.olx.uz/d/obyavlenie/arenda-kvartira-yakkasarayskiy-rayon-1-1-4-ID4f901.html?reason=extended_search_extended_distance,250 у.е.,250.0,у.е,,,,,4f901,18,bektemir
,https://www.olx.uz/d/obyavlenie/srochno-sdaetsya-2-4-4-aviasozlar-3-ID4f8ZP.html?reason=extended_search_extended_distance,,,,,,,,4f8ZP,18,bektemir
Срочно сдаётся 2/4/4 Авиасозлар 3,https://www.olx.uz/d/obyavlenie/srochno-sdaetsya-2-4-4-aviasozlar-3-ID4f8ZP.html?reason=extended_search_extended_distance,350 у.е.,350.0,у.е,,,,,4f8ZP,18,bektemir
,https://www.olx.uz/d/obyavlenie/ijaraga-qizlar-olinadi-xazyaykali-ID3U1AY.html?reason=extended_search_extended_distance,,,,,,,,3U1AY,18,bektemir
Ijaraga qizlar olinadi xazyaykali,https://www.olx.uz/d/obyavlenie/ijaraga-qizlar-olinadi-xazyaykali-ID3U1AY.html?reason=extended_search_extended_distance,700 000 сум,700000.0,сум,,,,,3U1AY,18,bektemir
,https://www.olx.uz/d/obyavlenie/1-kom-blizhe-metro-dustlik-2-etazh-ID45DwG.html?reason=extended_search_extended_distance,,,,,,,,45DwG,18,bektemir
1 ком Ближе метро Дустлик 2 этаж,https://www.olx.uz/d/obyavlenie/1-kom-blizhe-metro-dustlik-2-etazh-ID45DwG.html?reason=extended_search_extended_distance,350 у.е.,350.0,у.е,,,,,45DwG,18,bektemir
,https://www.olx.uz/d/obyavlenie/shikarnaya-2shka-na-r-n-yashnabadskom-zhk-new-life-ryadom-makro-ID4dVrr.html?reason=extended_search_extended_distance,,,,,,,,4dVrr,18,bektemir
"Шикарная 2шка на р-н Яшнабадском ЖК""New life"" рядом Макро",https://www.olx.uz/d/obyavlenie/shikarnaya-2shka-na-r-n-yashnabadskom-zhk-new-life-ryadom-makro-ID4dVrr.html?reason=extended_search_extended_distance,450 у.е. Договорная,450.0,у.е,,,,,4dVrr,18,bektemir
,https://www.olx.uz/d/obyavlenie/sdaetsya-3-komnatnaya-kvartira-zhk-azia-haus-kadesheva-ID41Bd3.html?reason=extended_search_extended_distance,,,,,,,,41Bd3,18,bektemir
Сдается 3-комнатная квартира ЖК: Азиа Хаус / Кадешева,https://www.olx.uz/d/obyavlenie/sdaetsya-3-komnatnaya-kvartira-zhk-azia-haus-kadesheva-ID41Bd3.html?reason=extended_search_extended_distance,600 у.е.,600.0,у.е,,,,,41Bd3,18,bektemir
,https://www.olx.uz/d/obyavlenie/olmos-modern-siti-ID4dVG7.html?reason=extended_search_extended_distance,,,,,,,,4dVG7,18,bektemir
Олмос модерн сити,https://www.olx.uz/d/obyavlenie/olmos-modern-siti-ID4dVG7.html?reason=extended_search_extended_distance,500 у.е. Договорная,500.0,у.е,,,,,4dVG7,18,bektemir
,https://www.olx.uz/d/obyavlenie/arenda-kvartira-yashnabod-ID45NNx.html?reason=extended_search_extended_distance,,,,,,,,45NNx,18,bektemir
Аренда квартира Яшнабод,https://www.olx.uz/d/obyavlenie/arenda-kvartira-yashnabod-ID45NNx.html?reason=extended_search_extended_distance,400 у.е.,400.0,у.е,,,,,45NNx,18,bektemir
,https://www.olx.uz/d/obyavlenie/arenda-kvartira-yashnabod-ID447Hc.html?reason=extended_search_extended_distance,,,,,,,,447Hc,18,bektemir
Аренда квартира Яшнабод,https://www.olx.uz/d/obyavlenie/arenda-kvartira-yashnabod-ID447Hc.html?reason=extended_search_extended_distance,400 у.е.,400.0,у.е,,,,,447Hc,18,bektemir
,https://www.olx.uz/d/obyavlenie/arenda-kvartira-yashnabod-ID45apn.html?reason=extended_search_extended_distance,,,,,,,,45apn,18,bektemir
Аренда квартира Яшнабод,https://www.olx.uz/d/obyavlenie/arenda-kvartira-yashnabod-ID45apn.html?reason=extended_search_extended_distance,400 у.е.,400.0,у.е,,,,,45apn,18,bektemir
,https://www.olx.uz/d/obyavlenie/tuzel-2-s-novym-remontom-3-h-komnatnaya-ID4dVEx.html?reason=extended_search_extended_distance,,,,,,,,4dVEx,18,bektemir
Тузель-2 с новым ремонтом 3-х комнатная,https://www.olx.uz/d/obyavlenie/tuzel-2-s-novym-remontom-3-h-komnatnaya-ID4dVEx.html?reason=extended_search_extended_distance,600 у.е. Договорная,600.0,у.е,,,,,4dVEx,18,bektemir
,https://www.olx.uz/d/obyavlenie/sdaetsya-kv-zhk-mahtumkuli-2-kom-5-9-ro-n-yashnabadskiy-ID4f8MA.html?reason=extended_search_extended_distance,,,,,,,,4f8MA,18,bektemir
"Сдаётся кв ЖК Махтумкули, 2-ком/5/9 ро-н, Яшнабадский",https://www.olx.uz/d/obyavlenie/sdaetsya-kv-zhk-mahtumkuli-2-kom-5-9-ro-n-yashnabadskiy-ID4f8MA.html?reason=extended_search_extended_distance,500 у.е.,500.0,у.е,,,,,4f8MA,18,bektemir
,https://www.olx.uz/d/obyavlenie/yashnabad-3-h-komnatnaya-ID4dVB6.html?reason=extended_search_extended_distance,,,,,,,,4dVB6,18,bektemir
Яшнабад 3-х комнатная,https://www.olx.uz/d/obyavlenie/yashnabad-3-h-komnatnaya-ID4dVB6.html?reason=extended_search_extended_distance,650 у.е.,650.0,у.е,,,,,4dVB6,18,bektemir
,https://www.olx.uz/d/obyavlenie/sdaetsya-kvartira-na-zhk-assalom-mahtumkuli-ID3UrHS.html?reason=extended_search_extended_distance,,,,,,,,3UrHS,18,bektemir
Сдаётся квартира на ЖК Ассалом Махтумкули‼️,https://www.olx.uz/d/obyavlenie/sdaetsya-kvartira-na-zhk-assalom-mahtumkuli-ID3UrHS.html?reason=extended_search_extended_distance,600 у.е.,600.0,у.е,,,,,3UrHS,18,bektemir
,https://www.olx.uz/d/obyavlenie/arenda-kvartira-yashnabod-ID4f8Jz.html?reason=extended_search_extended_distance,,,,,,,,4f8Jz,18,bektemir
Аренда квартира Яшнабод,https://www.olx.uz/d/obyavlenie/arenda-kvartira-yashnabod-ID4f8Jz.html?reason=extended_search_extended_distance,500 у.е.,500.0,у.е,,,,,4f8Jz,18,bektemir
,https://www.olx.uz/d/obyavlenie/sdaetsya-v-arendu-kvartira-na-dolgiy-srok-na-parkentskom-ID4f8Jh.html?reason=extended_search_extended_distance,,,,,,,,4f8Jh,18,bektemir
Сдается в аренду квартира на долгий срок на Паркентском,https://www.olx.uz/d/obyavlenie/sdaetsya-v-arendu-kvartira-na-dolgiy-srok-na-parkentskom-ID4f8Jh.html?reason=extended_search_extended_distance,700 у.е.,700.0,у.е,,,,,4f8Jh,18,bektemir
,https://www.olx.uz/d/obyavlenie/sdaetsya-kvartira-na-yashnabadskom-rayone-novostroyka-ID3H5cE.html?reason=extended_search_extended_distance,,,,,,,,3H5cE,18,bektemir
Сдаётся квартира на Яшнабадском районе новостройка‼️,https://www.olx.uz/d/obyavlenie/sdaetsya-kvartira-na-yashnabadskom-rayone-novostroyka-ID3H5cE.html?reason=extended_search_extended_distance,750 у.е.,750.0,у.е,,,,,3H5cE,18,bektemir
,https://www.olx.uz/d/obyavlenie/sdaetsya-kvartira-2-6-14-na-or-r-yashnabadskiy-zhk-besh-chinor-ID4f8I8.html?reason=extended_search_extended_distance,,,,,,,,4f8I8,18,bektemir
Сдаётся квартира 2/6/14 на ор-р  Яшнабадский ЖК Беш Чинор,https://www.olx.uz/d/obyavlenie/sdaetsya-kvartira-2-6-14-na-or-r-yashnabadskiy-zhk-besh-chinor-ID4f8I8.html?reason=extended_search_extended_distance,500 у.е. Договорная,500.0,у.е,,,,,4f8I8,18,bektemir
,https://www.olx.uz/d/obyavlenie/sdaetsya-kvartira-po-ul-mahtumkuli-ID38vMH.html?reason=extended_search_extended_distance,,,,,,,,38vMH,18,bektemir
Сдается квартира по ул. Махтумкули,https://www.olx.uz/d/obyavlenie/sdaetsya-kvartira-po-ul-mahtumkuli-ID38vMH.html?reason=extended_search_extended_distance,1 250 у.е.,1250.0,у.е,,,,,38vMH,18,bektemir
,https://www.olx.uz/d/obyavlenie/arenda-1-1-9-45-m2-tashselmash-or-r-kafe-shohona-ID4f8I6.html?reason=extended_search_extended_distance,,,,,,,,4f8I6,18,bektemir
"Аренда 1/1/9, 45 м2. Ташсельмаш, ор-р кафе Шохона!",https://www.olx.uz/d/obyavlenie/arenda-1-1-9-45-m2-tashselmash-or-r-kafe-shohona-ID4f8I6.html?reason=extended_search_extended_distance,450 у.е.,450.0,у.е,,,,,4f8I6,18,bektemir
,https://www.olx.uz/d/obyavlenie/2-komnatnaya-kvartira-s-remontom-vse-dlya-komfortnoy-zhizni-ID4bO1y.html?reason=extended_search_extended_distance,,,,,,,,4bO1y,18,bektemir
2-комнатная квартира с ремонтом | Всё для комфортной жизни,https://www.olx.uz/d/obyavlenie/2-komnatnaya-kvartira-s-remontom-vse-dlya-komfortnoy-zhizni-ID4bO1y.html?reason=extended_search_extended_distance,600 у.е.,600.0,у.е,,,,,4bO1y,18,bektemir
,https://www.olx.uz/d/obyavlenie/sdaetsya-kvartira-po-ul-mahtumkuli-v-novostroyke-sdaetsya-vpervye-ID3HYWW.html?reason=extended_search_extended_distance,,,,,,,,3HYWW,18,bektemir
Сдается квартира по ул Махтумкули в новостройке (сдается впервые),https://www.olx.uz/d/obyavlenie/sdaetsya-kvartira-po-ul-mahtumkuli-v-novostroyke-sdaetsya-vpervye-ID3HYWW.html?reason=extended_search_extended_distance,850 у.е.,850.0,у.е,,,,,3HYWW,18,bektemir
,https://www.olx.uz/d/obyavlenie/sdaetsya-kvartira-na-zhk-assalom-sohil-ID3M7TS.html?reason=extended_search_extended_distance,,,,,,,,3M7TS,18,bektemir
Сдаётся квартира на ЖК Ассалом сохил‼️,https://www.olx.uz/d/obyavlenie/sdaetsya-kvartira-na-zhk-assalom-sohil-ID3M7TS.html?reason=extended_search_extended_distance,600 у.е.,600.0,у.е,,,,,3M7TS,18,bektemir
,https://www.olx.uz/d/obyavlenie/arenda-shikarnaya-kvartira-2h-kom-na-yashnabade-mahtumkuli-new-life-ID4eKnu.html?reason=extended_search_extended_distance,,,,,,,,4eKnu,18,bektemir
Аренда Шикарная квартира 2х ком на Яшнабаде / Махтумкули / New Life,https://www.olx.uz/d/obyavlenie/arenda-shikarnaya-kvartira-2h-kom-na-yashnabade-mahtumkuli-new-life-ID4eKnu.html?reason=extended_search_extended_distance,420 у.е. Договорная,420.0,у.е,,,,,4eKnu,18,bektemir
,https://www.olx.uz/d/obyavlenie/sdaetsya-3h-kom-novaya-evro-v-zhk-infinity-ID4beLo.html?reason=extended_search_extended_distance,,,,,,,,4beLo,18,bektemir
Сдается 3х ком новая евро в ЖК Infinity,https://www.olx.uz/d/obyavlenie/sdaetsya-3h-kom-novaya-evro-v-zhk-infinity-ID4beLo.html?reason=extended_search_extended_distance,2 200 у.е. Договорная,2200.0,у.е,,,,,4beLo,18,bektemir
,https://www.olx.uz/d/obyavlenie/sdaetsya-otlichnaya-1-komnatnaya-kvartira-aviasozlar-kadysheva-1-ID4f8BT.html?reason=extended_search_extended_distance,,,,,,,,4f8BT,18,bektemir
"Сдаеться отличная 1-комнатная квартира! Авиасозлар, Кадышева! 1*",https://www.olx.uz/d/obyavlenie/sdaetsya-otlichnaya-1-komnatnaya-kvartira-aviasozlar-kadysheva-1-ID4f8BT.html?reason=extended_search_extended_distance,400 у.е. Договорная,400.0,у.е,,,,,4f8BT,18,bektemir
,https://www.olx.uz/d/obyavlenie/sdaetsya-kv-zhk-gren-park-ul-mahtumkuli-1-4-9-ro-n-yashnabadskiy-ID4f8tM.html?reason=extended_search_extended_distance,,,,,,,,4f8tM,18,bektemir
Сдаётся кв ЖК Грен Парк ул Махтумкули 1/4/9 ро-н Яшнабадский,https://www.olx.uz/d/obyavlenie/sdaetsya-kv-zhk-gren-park-ul-mahtumkuli-1-4-9-ro-n-yashnabadskiy-ID4f8tM.html?reason=extended_search_extended_distance,450 у.е.,450.0,у.е,,,,,4f8tM,18,bektemir
,https://www.olx.uz/d/obyavlenie/sdaetsya-kvartira-1-7-9-na-or-r-yashnabadskiy-ul-mahtumkuli-ID4f8zm.html?reason=extended_search_extended_distance,,,,,,,,4f8zm,18,bektemir
Сдаётся квартира 1/7/9 на ор-р Яшнабадский ул Махтумкули,https://www.olx.uz/d/obyavlenie/sdaetsya-kvartira-1-7-9-na-or-r-yashnabadskiy-ul-mahtumkuli-ID4f8zm.html?reason=extended_search_extended_distance,450 у.е. Договорная,450.0,у.е,,,,,4f8zm,18,bektemir
,https://www.olx.uz/d/obyavlenie/srochno-sdam-svoyu-kvartiru-na-dlitelnyy-srok-ID46LFp.html?reason=extended_search_extended_distance,,,,,,,,46LFp,18,bektemir
Срочно сдам свою квартиру на длительный срок,https://www.olx.uz/d/obyavlenie/srochno-sdam-svoyu-kvartiru-na-dlitelnyy-srok-ID46LFp.html?reason=extended_search_extended_distance,550 у.е.,550.0,у.е,,,,,46LFp,18,bektemir
,https://www.olx.uz/d/obyavlenie/arenda-kvartira-2-1-4-yashnabad-izzat-kadysheva-ID4bbPh.html?reason=extended_search_extended_distance,,,,,,,,4bbPh,18,bektemir
Аренда квартира | 2/1/4 | Яшнабад | Иззат |Кадышева |,https://www.olx.uz/d/obyavlenie/arenda-kvartira-2-1-4-yashnabad-izzat-kadysheva-ID4bbPh.html?reason=extended_search_extended_distance,500 у.е.,500.0,у.е,,,,,4bbPh,18,bektemir
,https://www.olx.uz/d/obyavlenie/arenda-2-kom-novostroyka-golden-house-ID4f8vF.html?reason=extended_search_extended_distance,,,,,,,,4f8vF,18,bektemir
Аренда 2 ком Новостройка Golden House,https://www.olx.uz/d/obyavlenie/arenda-2-kom-novostroyka-golden-house-ID4f8vF.html?reason=extended_search_extended_distance,550 у.е.,550.0,у.е,,,,,4f8vF,18,bektemir
,https://www.olx.uz/d/obyavlenie/arenda-1-1-9-tashselmash-shohona-ID4f8vh.html?reason=extended_search_extended_distance,,,,,,,,4f8vh,18,bektemir
"Аренда 1/1/9 Ташсельмаш, Шохона",https://www.olx.uz/d/obyavlenie/arenda-1-1-9-tashselmash-shohona-ID4f8vh.html?reason=extended_search_extended_distance,450 у.е. Договорная,450.0,у.е,,,,,4f8vh,18,bektemir
,https://www.olx.uz/d/obyavlenie/luchshee-dlya-vas-2-h-komnatnaya-v-yashnabadskom-rayone-ID3wGK4.html?reason=extended_search_extended_distance,,,,,,,,3wGK4,18,bektemir
Лучшее для вас 2 х комнатная в Яшнабадском районе,https://www.olx.uz/d/obyavlenie/luchshee-dlya-vas-2-h-komnatnaya-v-yashnabadskom-rayone-ID3wGK4.html?reason=extended_search_extended_distance,550 у.е.,550.0,у.е,,,,,3wGK4,18,bektemir
,https://www.olx.uz/d/obyavlenie/arenda-na-parkentskom-v-zhk-parkent-avenyu-evro-2kom-3-7-ID3aBhT.html?reason=extended_search_extended_distance,,,,,,,,3aBhT,18,bektemir
Аренда на Паркентском в ЖК Паркент Авеню Евро 2ком/3/7,https://www.olx.uz/d/obyavlenie/arenda-na-parkentskom-v-zhk-parkent-avenyu-evro-2kom-3-7-ID3aBhT.html?reason=extended_search_extended_distance,650 у.е.,650.0,у.е,,,,,3aBhT,18,bektemir
,https://www.olx.uz/d/obyavlenie/uzbum-2h-komnatnaya-kvartira-2-3-9-assalom-sohil-ID38AzR.html?reason=extended_search_extended_distance,,,,,,,,38AzR,18,bektemir
УЗБУМ 2х комнатная квартира 2/3/9 Ассалом сохил,https://www.olx.uz/d/obyavlenie/uzbum-2h-komnatnaya-kvartira-2-3-9-assalom-sohil-ID38AzR.html?reason=extended_search_extended_distance,500 у.е. Договорная,500.0,у.е,,,,,38AzR,18,bektemir
,https://www.olx.uz/d/obyavlenie/arenda-kvartiry-2-komnatnaya-ul-mahtumkuli-zhk-besh-chinor-it-park-ID4eKbn.html?reason=extended_search_extended_distance,,,,,,,,4eKbn,18,bektemir
Аренда квартиры 2-комнатная Ул Махтумкули | Жк Беш Чинор | IT Park,https://www.olx.uz/d/obyavlenie/arenda-kvartiry-2-komnatnaya-ul-mahtumkuli-zhk-besh-chinor-it-park-ID4eKbn.html?reason=extended_search_extended_distance,1 150 у.е.,1150.0,у.е,,,,,4eKbn,18,bektemir
,https://www.olx.uz/d/obyavlenie/izharaga-kvartira-yashnabad-kadeshva-parovoz-226-maktab-oilaga-ID4f8uC.html?reason=extended_search_extended_distance,,,,,,,,4f8uC,18,bektemir
Ижарага квартира Яшнабад Кадешва Паровоз 226- мактаб оилага,https://www.olx.uz/d/obyavlenie/izharaga-kvartira-yashnabad-kadeshva-parovoz-226-maktab-oilaga-ID4f8uC.html?reason=extended_search_extended_distance,350 у.е.,350.0,у.е,,,,,4f8uC,18,bektemir
,https://www.olx.uz/d/obyavlenie/beshchinor-kvartira-sdaetsya-mahtumkuli-ID4eK9d.html?reason=extended_search_extended_distance,,,,,,,,4eK9d,18,bektemir
Бешчинор квартира сдаётся Махтумкули,https://www.olx.uz/d/obyavlenie/beshchinor-kvartira-sdaetsya-mahtumkuli-ID4eK9d.html?reason=extended_search_extended_distance,500 у.е.,500.0,у.е,,,,,4eK9d,18,bektemir
,https://www.olx.uz/d/obyavlenie/sdaetsya-kvartira-1-2-16-zhk-assalom-sohil-or-uzbum-ID4dVbk.html?reason=extended_search_extended_distance,,,,,,,,4dVbk,18,bektemir
Сдаётся квартира 1/2/16 ЖК Ассалом Сохил ор-УЗБУМ,https://www.olx.uz/d/obyavlenie/sdaetsya-kvartira-1-2-16-zhk-assalom-sohil-or-uzbum-ID4dVbk.html?reason=extended_search_extended_distance,500 у.е.,500.0,у.е,,,,,4dVbk,18,bektemir
,https://www.olx.uz/d/obyavlenie/roskoshnaya-3h-komnatnaya-kvartira-na-parkentskom-ID44GQv.html?reason=extended_search_extended_distance,,,,,,,,44GQv,18,bektemir
Роскошная 3х комнатная квартира на Паркентском,https://www.olx.uz/d/obyavlenie/roskoshnaya-3h-komnatnaya-kvartira-na-parkentskom-ID44GQv.html?reason=extended_search_extended_distance,800 у.е.,800.0,у.е,,,,,44GQv,18,bektemir
,https://www.olx.uz/d/obyavlenie/srochno-sdam-2-kom-4-9-na-ul-mahtumkuli-or-r-tehnopark-ID373Rt.html?reason=extended_search_extended_distance,,,,,,,,373Rt,18,bektemir
"Срочно сдам 2-ком/4/9 на ул. Махтумкули, Ор-р Технопарк",https://www.olx.uz/d/obyavlenie/srochno-sdam-2-kom-4-9-na-ul-mahtumkuli-or-r-tehnopark-ID373Rt.html?reason=extended_search_extended_distance,550 у.е. Договорная,550.0,у.е,,,,,373Rt,18,bektemir
,https://www.olx.uz/d/obyavlenie/ul-sadyk-azimova-2h-kom-horoshaya-kvartira-or-r-restoran-efendi-ID44zy5.html?reason=extended_search_extended_distance,,,,,,,,44zy5,18,bektemir
Ул.Садык Азимова 2х-ком хорошая квартира ор-р ресторан Efendi,https://www.olx.uz/d/obyavlenie/ul-sadyk-azimova-2h-kom-horoshaya-kvartira-or-r-restoran-efendi-ID44zy5.html?reason=extended_search_extended_distance,750 у.е.,750.0,у.е,,,,,44zy5,18,bektemir
,https://www.olx.uz/d/obyavlenie/1-2-16-assalom-sohil-33-5m2-pustaya-novaya-ID4dZxp.html?reason=extended_search_extended_distance,,,,,,,,4dZxp,18,bektemir
"1/2/16 Assalom Sohil, 33,5м2, пустая, новая",https://www.olx.uz/d/obyavlenie/1-2-16-assalom-sohil-33-5m2-pustaya-novaya-ID4dZxp.html?reason=extended_search_extended_distance,300 у.е.,300.0,у.е,,,,,4dZxp,18,bektemir
,https://www.olx.uz/d/obyavlenie/yashnabadsky-rayon-ID48nQ1.html?reason=extended_search_extended_distance,,,,,,,,48nQ1,18,bektemir
Яшнабадскй район,https://www.olx.uz/d/obyavlenie/yashnabadsky-rayon-ID48nQ1.html?reason=extended_search_extended_distance,320 у.е.,320.0,у.е,,,,,48nQ1,18,bektemir
,https://www.olx.uz/d/obyavlenie/srochno-arenda-kvartira-new-life-mahtumkuli-ID41fLO.html?reason=extended_search_extended_distance,,,,,,,,41fLO,18,bektemir
Срочно аренда квартира New Life махтумкули,https://www.olx.uz/d/obyavlenie/srochno-arenda-kvartira-new-life-mahtumkuli-ID41fLO.html?reason=extended_search_extended_distance,700 у.е.,700.0,у.е,,,,,41fLO,18,bektemir
,https://www.olx.uz/d/obyavlenie/5min-do-metro-dustlik-sdaetsya2h-komn-65-kv-m-ul-ahmad-yassaviy-akt-ID4ektT.html?reason=extended_search_extended_distance,,,,,,,,4ektT,18,bektemir
"5мин до метро ДУСТЛИК!СДАЕТСЯ2х комн,65 кв.м|ул Ахмад Яссавий. АКТ",https://www.olx.uz/d/obyavlenie/5min-do-metro-dustlik-sdaetsya2h-komn-65-kv-m-ul-ahmad-yassaviy-akt-ID4ektT.html?reason=extended_search_extended_distance,450 у.е. Договорная,450.0,у.е,,,,,4ektT,18,bektemir
,https://www.olx.uz/d/obyavlenie/arenda-1-kom-novostroyka-dubovaya-ID4f86p.html?reason=extended_search_extended_distance,,,,,,,,4f86p,18,bektemir
Аренда 1 ком Новостройка Дубовая,https://www.olx.uz/d/obyavlenie/arenda-1-kom-novostroyka-dubovaya-ID4f86p.html?reason=extended_search_extended_distance,500 у.е.,500.0,у.е,,,,,4f86p,18,bektemir
,https://www.olx.uz/d/obyavlenie/arenda-1-kom-novostroyka-assalom-sohil-uzbum-ID4f85N.html?reason=extended_search_extended_distance,,,,,,,,4f85N,18,bektemir
Аренда 1 ком Новостройка Ассалом сохил Узбум,https://www.olx.uz/d/obyavlenie/arenda-1-kom-novostroyka-assalom-sohil-uzbum-ID4f85N.html?reason=extended_search_extended_distance,450 у.е.,450.0,у.е,,,,,4f85N,18,bektemir
,https://www.olx.uz/d/obyavlenie/arenda-kvartira-musaffo-maskan-navostroyka-1-8-10-ID4ekrq.html?reason=extended_search_extended_distance,,,,,,,,4ekrq,18,bektemir
Arenda kvartira. Musaffo maskan navostroyka. 1/8/10,https://www.olx.uz/d/obyavlenie/arenda-kvartira-musaffo-maskan-navostroyka-1-8-10-ID4ekrq.html?reason=extended_search_extended_distance,300 у.е.,300.0,у.е,,,,,4ekrq,18,bektemir
,https://www.olx.uz/d/obyavlenie/arenda-kvartira-2-3-3-novostroyka-ID4f84x.html?reason=extended_search_extended_distance,,,,,,,,4f84x,18,bektemir
Аренда квартира 2/3/3 Новостройка,https://www.olx.uz/d/obyavlenie/arenda-kvartira-2-3-3-novostroyka-ID4f84x.html?reason=extended_search_extended_distance,350 у.е.,350.0,у.е,,,,,4f84x,18,bektemir
,https://www.olx.uz/d/obyavlenie/yashnabod-tumani-tuzel3-2-xonali-kvartira-ijaraga-beriladi-ID4f7Rw.html?reason=extended_search_extended_distance,,,,,,,,4f7Rw,18,bektemir
Yashnabod tumani tuzel3 2 xonali kvartira ijaraga beriladi,https://www.olx.uz/d/obyavlenie/yashnabod-tumani-tuzel3-2-xonali-kvartira-ijaraga-beriladi-ID4f7Rw.html?reason=extended_search_extended_distance,350 у.е.,350.0,у.е,,,,,4f7Rw,18,bektemir
,https://www.olx.uz/d/obyavlenie/arenda-kvartiry-v-novostroyke-zhk-parkent-plaza-ID4f80W.html?reason=extended_search_extended_distance,,,,,,,,4f80W,18,bektemir
Аренда квартиры в новостройке ЖК Parkent plaza,https://www.olx.uz/d/obyavlenie/arenda-kvartiry-v-novostroyke-zhk-parkent-plaza-ID4f80W.html?reason=extended_search_extended_distance,500 у.е.,500.0,у.е,,,,,4f80W,18,bektemir
,https://www.olx.uz/d/obyavlenie/arenda-kvartiry-na-ts-1-sadyka-azimova-3v4-4-5-ID4dpZH.html?reason=extended_search_extended_distance,,,,,,,,4dpZH,18,bektemir
Аренда квартиры на Ц-1. Садыка Азимова 3в4/4/5,https://www.olx.uz/d/obyavlenie/arenda-kvartiry-na-ts-1-sadyka-azimova-3v4-4-5-ID4dpZH.html?reason=extended_search_extended_distance,800 у.е. Договорная,800.0,у.е,,,,,4dpZH,18,bektemir
,https://www.olx.uz/d/obyavlenie/parkentskiy-novastroyka-3-kom-2-etazh-8-etazhka-vse-est-foto-realno-ID4a00V.html?reason=extended_search_extended_distance,,,,,,,,4a00V,18,bektemir
Паркентский новастройка 3 ком 2 этаж 8 этажка все ест фото реално,https://www.olx.uz/d/obyavlenie/parkentskiy-novastroyka-3-kom-2-etazh-8-etazhka-vse-est-foto-realno-ID4a00V.html?reason=extended_search_extended_distance,700 у.е.,700.0,у.е,,,,,4a00V,18,bektemir
,https://www.olx.uz/d/obyavlenie/arenda-novostroyka-2-komnaty-aziya-haus-ID4f7Zu.html?reason=extended_search_extended_distance,,,,,,,,4f7Zu,18,bektemir
Аренда Новостройка 2 комнаты Азия Хаус,https://www.olx.uz/d/obyavlenie/arenda-novostroyka-2-komnaty-aziya-haus-ID4f7Zu.html?reason=extended_search_extended_distance,350 у.е.,350.0,у.е,,,,,4f7Zu,18,bektemir
,https://www.olx.uz/d/obyavlenie/srochno-arenda-kvartira-islom-ota-machit-zhk-grant-siti-uzbum-ID49K2B.html?reason=extended_search_extended_distance,,,,,,,,49K2B,18,bektemir
Срочно аренда квартира ислом ота мачит жк грант Сити  узбум,https://www.olx.uz/d/obyavlenie/srochno-arenda-kvartira-islom-ota-machit-zhk-grant-siti-uzbum-ID49K2B.html?reason=extended_search_extended_distance,550 у.е.,550.0,у.е,,,,,49K2B,18,bektemir
,https://www.olx.uz/d/obyavlenie/srochno-arenda-kvartira-zhk-uzmakon-uzbum-most-ID49J4x.html?reason=extended_search_extended_distance,,,,,,,,49J4x,18,bektemir
Срочно аренда квартира ЖК узмакон узбум мост,https://www.olx.uz/d/obyavlenie/srochno-arenda-kvartira-zhk-uzmakon-uzbum-most-ID49J4x.html?reason=extended_search_extended_distance,800 у.е.,800.0,у.е,,,,,49J4x,18,bektemir
,https://www.olx.uz/d/obyavlenie/srochno-arenda-kvartira-darhon-zaks-ID49J6e.html?reason=extended_search_extended_distance,,,,,,,,49J6e,18,bektemir
Срочно аренда квартира дархон Закс,https://www.olx.uz/d/obyavlenie/srochno-arenda-kvartira-darhon-zaks-ID49J6e.html?reason=extended_search_extended_distance,600 у.е.,600.0,у.е,,,,,49J6e,18,bektemir
,https://www.olx.uz/d/obyavlenie/arenda-mahtumkuli-2-7-7-novostroyka-ID4bbTS.html?reason=extended_search_extended_distance,,,,,,,,4bbTS,18,bektemir
Аренда Махтумкули 2/7/7 новостройка,https://www.olx.uz/d/obyavlenie/arenda-mahtumkuli-2-7-7-novostroyka-ID4bbTS.html?reason=extended_search_extended_distance,700 у.е.,700.0,у.е,,,,,4bbTS,18,bektemir
,https://www.olx.uz/d/obyavlenie/sdaetsya-kvartira-2-kom-na-yashnabadskom-r-n-zhk-assalom-havo-ID4f4mh.html?reason=extended_search_extended_distance,,,,,,,,4f4mh,18,bektemir
Сдаётся квартира 2 ком на Яшнабадском р-н ЖК Ассалом хаво,https://www.olx.uz/d/obyavlenie/sdaetsya-kvartira-2-kom-na-yashnabadskom-r-n-zhk-assalom-havo-ID4f4mh.html?reason=extended_search_extended_distance,400 у.е.,400.0,у.е,,,,,4f4mh,18,bektemir
,https://www.olx.uz/d/obyavlenie/arenda-kvartira-yashnabod-ID45lg5.html?reason=extended_search_extended_distance,,,,,,,,45lg5,18,bektemir
Аренда квартира Яшнабод,https://www.olx.uz/d/obyavlenie/arenda-kvartira-yashnabod-ID45lg5.html?reason=extended_search_extended_distance,500 у.е. Договорная,500.0,у.е,,,,,45lg5,18,bektemir
,https://www.olx.uz/d/obyavlenie/roskoshnaya-2h-komnatnaya-kvartira-blizko-k-tsentru-ul-mahtumkuli-it-park-ID44DBj.html?reason=extended_search_extended_distance,,,,,,,,44DBj,18,bektemir
Роскошная 2х комнатная квартира близко к центру ул. Махтумкули IT PARK,https://www.olx.uz/d/obyavlenie/roskoshnaya-2h-komnatnaya-kvartira-blizko-k-tsentru-ul-mahtumkuli-it-park-ID44DBj.html?reason=extended_search_extended_distance,600 у.е.,600.0,у.е,,,,,44DBj,18,bektemir
,https://www.olx.uz/d/obyavlenie/evro-novostroyka-v-tsentre-goroda-2-4-9-it-park-tashselmash-ID3eRI1.html?reason=extended_search_extended_distance,,,,,,,,3eRI1,18,bektemir
"ЕВРО Новостройка в центре города! 2.4.9, IT Park, Ташсельмаш.",https://www.olx.uz/d/obyavlenie/evro-novostroyka-v-tsentre-goroda-2-4-9-it-park-tashselmash-ID3eRI1.html?reason=extended_search_extended_distance,500 у.е. Договорная,500.0,у.е,,,,,3eRI1,18,bektemir
,https://www.olx.uz/d/obyavlenie/arenda-kvartira-yashnabod-ID44niv.html?reason=extended_search_extended_distance,,,,,,,,44niv,18,bektemir
Аренда квартира яшнабод,https://www.olx.uz/d/obyavlenie/arenda-kvartira-yashnabod-ID44niv.html?reason=extended_search_extended_distance,500 у.е.,500.0,у.е,,,,,44niv,18,bektemir
,https://www.olx.uz/d/obyavlenie/sdaetsya-kvartira-2-kom-na-yashnabadskom-r-n-ts1-said-baraka-ID4f4TB.html?reason=extended_search_extended_distance,,,,,,,,4f4TB,18,bektemir
Сдаётся квартира 2 ком на Яшнабадском р-н Ц1 Саид барака,https://www.olx.uz/d/obyavlenie/sdaetsya-kvartira-2-kom-na-yashnabadskom-r-n-ts1-said-baraka-ID4f4TB.html?reason=extended_search_extended_distance,400 у.е.,400.0,у.е,,,,,4f4TB,18,bektemir
,https://www.olx.uz/d/obyavlenie/bollar-va-studentlar-uchun-kvartira-ID4f7Tq.html?reason=extended_search_extended_distance,,,,,,,,4f7Tq,18,bektemir
Bollar va studentlar uchun  kvartira,https://www.olx.uz/d/obyavlenie/bollar-va-studentlar-uchun-kvartira-ID4f7Tq.html?reason=extended_search_extended_distance,800 000 сум,800000.0,сум,,,,,4f7Tq,18,bektemir
,https://www.olx.uz/d/obyavlenie/arenda-5-komnatnaya-kvartira-parkentskiy-ID4f7Th.html?reason=extended_search_extended_distance,,,,,,,,4f7Th,18,bektemir
"Аренда 5 комнатная квартира, Паркентский",https://www.olx.uz/d/obyavlenie/arenda-5-komnatnaya-kvartira-parkentskiy-ID4f7Th.html?reason=extended_search_extended_distance,700 у.е.,700.0,у.е,,,,,4f7Th,18,bektemir
,https://www.olx.uz/d/obyavlenie/ijara-3-xonalik-uy-ID4f4S9.html?reason=extended_search_extended_distance,,,,,,,,4f4S9,18,bektemir
Ijara 3 xonalik uy,https://www.olx.uz/d/obyavlenie/ijara-3-xonalik-uy-ID4f4S9.html?reason=extended_search_extended_distance,3 500 000 сум,3500000.0,сум,,,,,4f4S9,18,bektemir
,https://www.olx.uz/d/obyavlenie/sdaetsya-4-5-9-v-zhk-dinastiya-parkentskiy-ID4cQZp.html?reason=extended_search_extended_distance,,,,,,,,4cQZp,18,bektemir
Сдаётся 4/5/9 в ЖК Династия Паркентский.,https://www.olx.uz/d/obyavlenie/sdaetsya-4-5-9-v-zhk-dinastiya-parkentskiy-ID4cQZp.html?reason=extended_search_extended_distance,850 у.е.,850.0,у.е,,,,,4cQZp,18,bektemir
,https://www.olx.uz/d/obyavlenie/sdaetsya-kvartira-2-kom-na-yashnabadskom-r-n-ts1-sadik-azimov-ID4f1ps.html?reason=extended_search_extended_distance,,,,,,,,4f1ps,18,bektemir
Сдаётся квартира 2 ком на Яшнабадском р-н Ц1 Садик Азимов,https://www.olx.uz/d/obyavlenie/sdaetsya-kvartira-2-kom-na-yashnabadskom-r-n-ts1-sadik-azimov-ID4f1ps.html?reason=extended_search_extended_distance,500 у.е.,500.0,у.е,,,,,4f1ps,18,bektemir
,https://www.olx.uz/d/obyavlenie/sdaetsya-kvartira-2-kom-na-yashnabadskom-r-n-zhk-assalom-sohil-uzbum-ID4f182.html?reason=extended_search_extended_distance,,,,,,,,4f182,18,bektemir
Сдаётся квартира 2 ком на Яшнабадском р-н ЖК Ассалом сохил Узбум,https://www.olx.uz/d/obyavlenie/sdaetsya-kvartira-2-kom-na-yashnabadskom-r-n-zhk-assalom-sohil-uzbum-ID4f182.html?reason=extended_search_extended_distance,450 у.е.,450.0,у.е,,,,,4f182,18,bektemir
,https://www.olx.uz/d/obyavlenie/sdaetsya-kvartira-2-kom-na-yashnabadskom-r-n-ul-maftunkuli-ID4f0Lp.html?reason=extended_search_extended_distance,,,,,,,,4f0Lp,18,bektemir
Сдаётся квартира 2 ком на Яшнабадском р-н Ул Мафтункули,https://www.olx.uz/d/obyavlenie/sdaetsya-kvartira-2-kom-na-yashnabadskom-r-n-ul-maftunkuli-ID4f0Lp.html?reason=extended_search_extended_distance,450 у.е.,450.0,у.е,,,,,4f0Lp,18,bektemir
,https://www.olx.uz/d/obyavlenie/zhk-new-life-4-komnatnaya-105kv-srochno-sdaetsya-ul-mahtumkuli-parkentskiy-ID4eJlO.html?reason=extended_search_extended_distance,,,,,,,,4eJlO,18,bektemir
ЖК NEW LIFE 4 комнатная 105кв срочно сдается ул Махтумкули Паркентский,https://www.olx.uz/d/obyavlenie/zhk-new-life-4-komnatnaya-105kv-srochno-sdaetsya-ul-mahtumkuli-parkentskiy-ID4eJlO.html?reason=extended_search_extended_distance,650 у.е. Договорная,650.0,у.е,,,,,4eJlO,18,bektemir
,https://www.olx.uz/d/obyavlenie/prestizhnaya-2h-kom-kv-ra-ryadom-new-life-srochno-zahodi-i-zhivi-ID4efJV.html?reason=extended_search_extended_distance,,,,,,,,4efJV,18,bektemir
ПРЕСТИЖНАЯ!! 2х ком кв-ра рядом New Life СРОЧНО!! заходи и живи!,https://www.olx.uz/d/obyavlenie/prestizhnaya-2h-kom-kv-ra-ryadom-new-life-srochno-zahodi-i-zhivi-ID4efJV.html?reason=extended_search_extended_distance,600 у.е. Договорная,600.0,у.е,,,,,4efJV,18,bektemir
,https://www.olx.uz/d/obyavlenie/sdaetsya-2-2-5-aviasozlar-1-or-r-shkola-61-ID4f7NY.html?reason=extended_search_extended_distance,,,,,,,,4f7NY,18,bektemir
"Сдаётся 2/2/5 Авиасозлар 1 ,ор-р школа 61",https://www.olx.uz/d/obyavlenie/sdaetsya-2-2-5-aviasozlar-1-or-r-shkola-61-ID4f7NY.html?reason=extended_search_extended_distance,400 у.е.,400.0,у.е,,,,,4f7NY,18,bektemir
,https://www.olx.uz/d/obyavlenie/sdam-yashnabad-1-14-16-s-obstanovkoy-ID4dWwL.html?reason=extended_search_extended_distance,,,,,,,,4dWwL,18,bektemir
"Сдам Яшнабад!!! 1/14/16, с обстановкой",https://www.olx.uz/d/obyavlenie/sdam-yashnabad-1-14-16-s-obstanovkoy-ID4dWwL.html?reason=extended_search_extended_distance,300 у.е.,300.0,у.е,,,,,4dWwL,18,bektemir
,https://www.olx.uz/d/obyavlenie/sdaetsya-kvartira-v-zhk-parkent-avenyu-2-7-9-ID3a0Yw.html?reason=extended_search_extended_distance,,,,,,,,3a0Yw,18,bektemir
Сдается квартира в ЖК Паркент Авенью 2/7/9,https://www.olx.uz/d/obyavlenie/sdaetsya-kvartira-v-zhk-parkent-avenyu-2-7-9-ID3a0Yw.html?reason=extended_search_extended_distance,550 у.е. Договорная,550.0,у.е,,,,,3a0Yw,18,bektemir
,https://www.olx.uz/d/obyavlenie/3-komn-parkentskiy-650-ID4f06Y.html?reason=extended_search_extended_distance,,,,,,,,4f06Y,18,bektemir
3-комн | Паркентский  | 650$,https://www.olx.uz/d/obyavlenie/3-komn-parkentskiy-650-ID4f06Y.html?reason=extended_search_extended_distance,650 у.е.,650.0,у.е,,,,,4f06Y,18,bektemir
,https://www.olx.uz/d/obyavlenie/izharaga-1-hona-kvartira-ID4bF1R.html?reason=extended_search_extended_distance,,,,,,,,4bF1R,18,bektemir
Ижарага 1 хона квартира,https://www.olx.uz/d/obyavlenie/izharaga-1-hona-kvartira-ID4bF1R.html?reason=extended_search_extended_distance,1 800 000 сум Договорная,1800000.0,сум,,,,,4bF1R,18,bektemir
,https://www.olx.uz/d/obyavlenie/sdaetsya-kvartira-2-3-8-na-yashnabade-zhk-oqsaroy-or-r-parkentskiy-ID4dW7J.html?reason=extended_search_extended_distance,,,,,,,,4dW7J,18,bektemir
"Сдаётся квартира 2/3/8 на Яшнабаде, ЖК ""Oqsaroy"", ор-р Паркентский!",https://www.olx.uz/d/obyavlenie/sdaetsya-kvartira-2-3-8-na-yashnabade-zhk-oqsaroy-or-r-parkentskiy-ID4dW7J.html?reason=extended_search_extended_distance,650 у.е. Договорная,650.0,у.е,,,,,4dW7J,18,bektemir
,https://www.olx.uz/d/obyavlenie/arenda-kvartira-ul-shampanskiy-3-komnatnaya-ID4ek0o.html?reason=extended_search_extended_distance,,,,,,,,4ek0o,18,bektemir
Аренда квартира ул Шампанский 3 комнатная,https://www.olx.uz/d/obyavlenie/arenda-kvartira-ul-shampanskiy-3-komnatnaya-ID4ek0o.html?reason=extended_search_extended_distance,500 у.е.,500.0,у.е,,,,,4ek0o,18,bektemir
,https://www.olx.uz/d/obyavlenie/arenda-1-kom-tashselmash-botkina-ID4eJcX.html?reason=extended_search_extended_distance,,,,,,,,4eJcX,18,bektemir
"Аренда 1-ком Ташсельмаш, Боткина",https://www.olx.uz/d/obyavlenie/arenda-1-kom-tashselmash-botkina-ID4eJcX.html?reason=extended_search_extended_distance,450 у.е. Договорная,450.0,у.е,,,,,4eJcX,18,bektemir
,https://www.olx.uz/d/obyavlenie/arenda-mahtumkuli-zhk-new-life-ID3SD66.html?reason=extended_search_extended_distance,,,,,,,,3SD66,18,bektemir
Аренда Махтумкули жк New Life,https://www.olx.uz/d/obyavlenie/arenda-mahtumkuli-zhk-new-life-ID3SD66.html?reason=extended_search_extended_distance,700 у.е.,700.0,у.е,,,,,3SD66,18,bektemir
,https://www.olx.uz/d/obyavlenie/arenda-kvartira-mahtumkuli-besh-chinor-navastroyka-ID3UFLX.html?reason=extended_search_extended_distance,,,,,,,,3UFLX,18,bektemir
Аренда квартира Махтумкули беш чинор навастройка,https://www.olx.uz/d/obyavlenie/arenda-kvartira-mahtumkuli-besh-chinor-navastroyka-ID3UFLX.html?reason=extended_search_extended_distance,650 у.е.,650.0,у.е,,,,,3UFLX,18,bektemir
,https://www.olx.uz/d/obyavlenie/yashnobod-1-6-16-30-m2-roxat-krug-ID4dWnj.html?reason=extended_search_extended_distance,,,,,,,,4dWnj,18,bektemir
Yashnobod 1/6/16 30 m2 Roxat krug,https://www.olx.uz/d/obyavlenie/yashnobod-1-6-16-30-m2-roxat-krug-ID4dWnj.html?reason=extended_search_extended_distance,500 у.е.,500.0,у.е,,,,,4dWnj,18,bektemir
,https://www.olx.uz/d/obyavlenie/arenda-kvartiry-loft-orientir-it-park-ID4f7EY.html?reason=extended_search_extended_distance,,,,,,,,4f7EY,18,bektemir
"Аренда квартиры лофт, ориентир IT парк",https://www.olx.uz/d/obyavlenie/arenda-kvartiry-loft-orientir-it-park-ID4f7EY.html?reason=extended_search_extended_distance,750 у.е. Договорная,750.0,у.е,,,,,4f7EY,18,bektemir
,https://www.olx.uz/d/obyavlenie/sdaetsya-prostornaya-2-h-komnatnaya-kvartira-na-mahtumkuli-2-8-12-r7-ID4f7fk.html?reason=extended_search_extended_distance,,,,,,,,4f7fk,18,bektemir
"Сдается просторная 2-х комнатная квартира на Махтумкули,  2/8/12. Р7",https://www.olx.uz/d/obyavlenie/sdaetsya-prostornaya-2-h-komnatnaya-kvartira-na-mahtumkuli-2-8-12-r7-ID4f7fk.html?reason=extended_search_extended_distance,650 у.е. Договорная,650.0,у.е,,,,,4f7fk,18,bektemir
,https://www.olx.uz/d/obyavlenie/2h-komnatnaya-novostroyka-parkentskiy-korzinka-aviator-parkovka-est-ID43qLS.html?reason=extended_search_extended_distance,,,,,,,,43qLS,18,bektemir
"2х комнатная. новостройка. Паркентский, Корзинка Авиатор.парковка есть",https://www.olx.uz/d/obyavlenie/2h-komnatnaya-novostroyka-parkentskiy-korzinka-aviator-parkovka-est-ID43qLS.html?reason=extended_search_extended_distance,600 у.е.,600.0,у.е,,,,,43qLS,18,bektemir
,https://www.olx.uz/d/obyavlenie/arenda-kvartira-zhk-green-city-1-komnatnaya-ID4ejUE.html?reason=extended_search_extended_distance,,,,,,,,4ejUE,18,bektemir
Аренда квартира ЖК Green city 1 комнатная,https://www.olx.uz/d/obyavlenie/arenda-kvartira-zhk-green-city-1-komnatnaya-ID4ejUE.html?reason=extended_search_extended_distance,500 у.е.,500.0,у.е,,,,,4ejUE,18,bektemir
,https://www.olx.uz/d/obyavlenie/sdaetsya-s-kvartira-v-arendu-ID4f7B1.html?reason=extended_search_extended_distance,,,,,,,,4f7B1,18,bektemir
Сдается с квартира в аренду,https://www.olx.uz/d/obyavlenie/sdaetsya-s-kvartira-v-arendu-ID4f7B1.html?reason=extended_search_extended_distance,500 у.е.,500.0,у.е,,,,,4f7B1,18,bektemir
,https://www.olx.uz/d/obyavlenie/sdaetsya-2-komn-kvartira-v-zhk-baku-residence-yashnabadskiy-rayon-117-ID4f7zd.html?reason=extended_search_extended_distance,,,,,,,,4f7zd,18,bektemir
"Сдается 2-комн квартира в ЖК Baku Residence, Яшнабадский район / 117*",https://www.olx.uz/d/obyavlenie/sdaetsya-2-komn-kvartira-v-zhk-baku-residence-yashnabadskiy-rayon-117-ID4f7zd.html?reason=extended_search_extended_distance,500 у.е.,500.0,у.е,,,,,4f7zd,18,bektemir
,https://www.olx.uz/d/obyavlenie/zhk-dinastiya-arenda-novoy-3-komnatnoy-kvartiry-na-parkentskom-ID4eJ2U.html?reason=extended_search_extended_distance,,,,,,,,4eJ2U,18,bektemir
ЖК Династия - Аренда новой 3 комнатной квартиры на Паркентском,https://www.olx.uz/d/obyavlenie/zhk-dinastiya-arenda-novoy-3-komnatnoy-kvartiry-na-parkentskom-ID4eJ2U.html?reason=extended_search_extended_distance,800 у.е. Договорная,800.0,у.е,,,,,4eJ2U,18,bektemir
,https://www.olx.uz/d/obyavlenie/2-6-9-zdaetsya-kvartira-v-parkentskom-ID4f7vl.html?reason=extended_search_extended_distance,,,,,,,,4f7vl,18,bektemir
2/6/9 Здаётся квартира в паркентском,https://www.olx.uz/d/obyavlenie/2-6-9-zdaetsya-kvartira-v-parkentskom-ID4f7vl.html?reason=extended_search_extended_distance,600 у.е.,600.0,у.е,,,,,4f7vl,18,bektemir
,https://www.olx.uz/d/obyavlenie/arenda-1-3-9-ul-parkentskaya-ID4f7v4.html?reason=extended_search_extended_distance,,,,,,,,4f7v4,18,bektemir
Аренда 1/3/9 ул. Паркентская,https://www.olx.uz/d/obyavlenie/arenda-1-3-9-ul-parkentskaya-ID4f7v4.html?reason=extended_search_extended_distance,6 600 000 сум,6600000.0,сум,,,,,4f7v4,18,bektemir
,https://www.olx.uz/d/obyavlenie/sdaetsya-kvartira-v-zhk-assalom-sohil-orientir-uzbum-ID3tW5x.html?reason=extended_search_extended_distance,,,,,,,,3tW5x,18,bektemir
"Сдается квартира  в ЖК Assalom Sohil 
Ориентир - Узбум",https://www.olx.uz/d/obyavlenie/sdaetsya-kvartira-v-zhk-assalom-sohil-orientir-uzbum-ID3tW5x.html?reason=extended_search_extended_distance,600 у.е.,600.0,у.е,,,,,3tW5x,18,bektemir
,https://www.olx.uz/d/obyavlenie/sdaetsya-kvartira-na-parkentskom-ID3aFYC.html?reason=extended_search_extended_distance,,,,,,,,3aFYC,18,bektemir
Сдается квартира на Паркентском,https://www.olx.uz/d/obyavlenie/sdaetsya-kvartira-na-parkentskom-ID3aFYC.html?reason=extended_search_extended_distance,800 у.е.,800.0,у.е,,,,,3aFYC,18,bektemir
,https://www.olx.uz/d/obyavlenie/sdaetsya-kvartira-na-sadyk-azimova-ID3suul.html?reason=extended_search_extended_distance,,,,,,,,3suul,18,bektemir
Сдаётся квартира на Садык Азимова...,https://www.olx.uz/d/obyavlenie/sdaetsya-kvartira-na-sadyk-azimova-ID3suul.html?reason=extended_search_extended_distance,2 000 у.е.,2000.0,у.е,,,,,3suul,18,bektemir
,https://www.olx.uz/d/obyavlenie/sdaetsya-kvartira-v-novostroyke-zhk-assalom-mahtumkuli-vpervye-ID2UjX0.html?reason=extended_search_extended_distance,,,,,,,,2UjX0,18,bektemir
Сдаётся квартира в новостройке ЖК Ассалом Махтумкули впервые,https://www.olx.uz/d/obyavlenie/sdaetsya-kvartira-v-novostroyke-zhk-assalom-mahtumkuli-vpervye-ID2UjX0.html?reason=extended_search_extended_distance,800 у.е.,800.0,у.е,,,,,2UjX0,18,bektemir
,https://www.olx.uz/d/obyavlenie/ijara-beriladi-yashnobod-olmos-metro-rohat-013-ID4f7sK.html?reason=extended_search_extended_distance,,,,,,,,4f7sK,18,bektemir
Ijara beriladi. Yashnobod/Olmos/Metro/Rohat 013*,https://www.olx.uz/d/obyavlenie/ijara-beriladi-yashnobod-olmos-metro-rohat-013-ID4f7sK.html?reason=extended_search_extended_distance,550 у.е.,550.0,у.е,,,,,4f7sK,18,bektemir
,https://www.olx.uz/d/obyavlenie/arenda-1-komnatnaya-ID4elTM.html?reason=extended_search_extended_distance,,,,,,,,4elTM,18,bektemir
Аренда 1 комнатная,https://www.olx.uz/d/obyavlenie/arenda-1-komnatnaya-ID4elTM.html?reason=extended_search_extended_distance,250 у.е.,250.0,у.е,,,,,4elTM,18,bektemir
,https://www.olx.uz/d/obyavlenie/2-komnatnaya-kvartira-s-mebelyu-i-tehnikoy-parkentskiy-mahtumkuli-ID49GfW.html?reason=extended_search_extended_distance,,,,,,,,49GfW,18,bektemir
"2-комнатная квартира с мебелью и техникой - Паркентский, Махтумкули",https://www.olx.uz/d/obyavlenie/2-komnatnaya-kvartira-s-mebelyu-i-tehnikoy-parkentskiy-mahtumkuli-ID49GfW.html?reason=extended_search_extended_distance,500 у.е.,500.0,у.е,,,,,49GfW,18,bektemir
,https://www.olx.uz/d/obyavlenie/arenda-kvartira-dlya-studentov-ID30cA2.html?reason=extended_search_extended_distance,,,,,,,,30cA2,18,bektemir
Аренда квартира для студентов!!!,https://www.olx.uz/d/obyavlenie/arenda-kvartira-dlya-studentov-ID30cA2.html?reason=extended_search_extended_distance,100 у.е. Договорная,100.0,у.е,,,,,30cA2,18,bektemir
,https://www.olx.uz/d/obyavlenie/arenda-kvartiry-v-zhk-infiniti-ID4etyJ.html?reason=extended_search_extended_distance,,,,,,,,4etyJ,18,bektemir
Аренда квартиры в ЖК Инфинити,https://www.olx.uz/d/obyavlenie/arenda-kvartiry-v-zhk-infiniti-ID4etyJ.html?reason=extended_search_extended_distance,2 700 у.е.,2700.0,у.е,,,,,4etyJ,18,bektemir
,https://www.olx.uz/d/obyavlenie/arenda-kvartiry-v-zhk-infiniti-ID4etAk.html?reason=extended_search_extended_distance,,,,,,,,4etAk,18,bektemir
Аренда квартиры в ЖК Инфинити,https://www.olx.uz/d/obyavlenie/arenda-kvartiry-v-zhk-infiniti-ID4etAk.html?reason=extended_search_extended_distance,2 700 у.е.,2700.0,у.е,,,,,4etAk,18,bektemir
,https://www.olx.uz/d/obyavlenie/srochno-sdaetsya-novostroyka-ulitsa-mahtumkuli-ashhabad-park-3-komn-avtors-ID4ejBE.html?reason=extended_search_extended_distance,,,,,,,,4ejBE,18,bektemir
Срочно Сдаётся Новостройка улица Махтумкули Ашхабад парк 3-комн авторс,https://www.olx.uz/d/obyavlenie/srochno-sdaetsya-novostroyka-ulitsa-mahtumkuli-ashhabad-park-3-komn-avtors-ID4ejBE.html?reason=extended_search_extended_distance,1 199 у.е. Договорная,1199.0,у.е,,,,,4ejBE,18,bektemir
,https://www.olx.uz/d/obyavlenie/sdaetsya-yashnabadskiy-r-n-or-r-tashselmash-evro-2kom-3-9-ID3dnwT.html?reason=extended_search_extended_distance,,,,,,,,3dnwT,18,bektemir
Сдаётся Яшнабадский р-н Ор-р Ташсельмаш Евро 2ком/3/9,https://www.olx.uz/d/obyavlenie/sdaetsya-yashnabadskiy-r-n-or-r-tashselmash-evro-2kom-3-9-ID3dnwT.html?reason=extended_search_extended_distance,600 у.е.,600.0,у.е,,,,,3dnwT,18,bektemir
,https://www.olx.uz/d/obyavlenie/srochno-sdaetsya-kvartira-lisinova-kadishva-bazar-3-komn-evro-remontom-up-ID4ejzh.html?reason=extended_search_extended_distance,,,,,,,,4ejzh,18,bektemir
Срочно Сдаётся квартира лисинова кадишва базар 3-комн евро ремонтом уп,https://www.olx.uz/d/obyavlenie/srochno-sdaetsya-kvartira-lisinova-kadishva-bazar-3-komn-evro-remontom-up-ID4ejzh.html?reason=extended_search_extended_distance,500 у.е. Договорная,500.0,у.е,,,,,4ejzh,18,bektemir
,https://www.olx.uz/d/obyavlenie/sdaetsya-3-h-komnatnaya-kvartira-ID3RZHh.html?reason=extended_search_extended_distance,,,,,,,,3RZHh,18,bektemir
Сдаётся 3 х комнатная квартира,https://www.olx.uz/d/obyavlenie/sdaetsya-3-h-komnatnaya-kvartira-ID3RZHh.html?reason=extended_search_extended_distance,800 у.е.,800.0,у.е,,,,,3RZHh,18,bektemir
,https://www.olx.uz/d/obyavlenie/sdaetsya-kvartira-v-novostroyke-ID35DJ6.html?reason=extended_search_extended_distance,,,,,,,,35DJ6,18,bektemir
Сдается Квартира В Новостройке,https://www.olx.uz/d/obyavlenie/sdaetsya-kvartira-v-novostroyke-ID35DJ6.html?reason=extended_search_extended_distance,750 у.е.,750.0,у.е,,,,,35DJ6,18,bektemir
,https://www.olx.uz/d/obyavlenie/kvartira-arenda-dostlik-metro-yaqinida-ID4c3Q4.html?reason=extended_search_extended_distance,,,,,,,,4c3Q4,18,bektemir
Kvartira Arenda Do’stlik metro yaqinida,https://www.olx.uz/d/obyavlenie/kvartira-arenda-dostlik-metro-yaqinida-ID4c3Q4.html?reason=extended_search_extended_distance,700 000 сум,700000.0,сум,,,,,4c3Q4,18,bektemir
,https://www.olx.uz/d/obyavlenie/sdaetsya-novaya-kvartira-v-zhk-parkent-avenyu-ID3pCWT.html?reason=extended_search_extended_distance,,,,,,,,3pCWT,18,bektemir
Сдается новая квартира в ЖК Паркент Авеню!,https://www.olx.uz/d/obyavlenie/sdaetsya-novaya-kvartira-v-zhk-parkent-avenyu-ID3pCWT.html?reason=extended_search_extended_distance,700 у.е. Договорная,700.0,у.е,,,,,3pCWT,18,bektemir
,https://www.olx.uz/d/obyavlenie/sdaetsya-kvartira-v-novostroyke-ID3hUN2.html?reason=extended_search_extended_distance,,,,,,,,3hUN2,18,bektemir
сдается квартира в новостройке,https://www.olx.uz/d/obyavlenie/sdaetsya-kvartira-v-novostroyke-ID3hUN2.html?reason=extended_search_extended_distance,800 у.е.,800.0,у.е,,,,,3hUN2,18,bektemir
,https://www.olx.uz/d/obyavlenie/mahtumkuli-zhk-new-life-3-9-9-77-m-ID3EeJR.html?reason=extended_search_extended_distance,,,,,,,,3EeJR,18,bektemir
Махтумкули ЖК New Life 3/9/9 77 м²,https://www.olx.uz/d/obyavlenie/mahtumkuli-zhk-new-life-3-9-9-77-m-ID3EeJR.html?reason=extended_search_extended_distance,650 у.е.,650.0,у.е,,,,,3EeJR,18,bektemir
,https://www.olx.uz/d/obyavlenie/arenda-1-komnatnaya-novostroyka-yashnabad-elektroaparai-ID4f7eN.html?reason=extended_search_extended_distance,,,,,,,,4f7eN,18,bektemir
АРЕНДА 1 комнатная Новостройка Яшнабад электроапараи,https://www.olx.uz/d/obyavlenie/arenda-1-komnatnaya-novostroyka-yashnabad-elektroaparai-ID4f7eN.html?reason=extended_search_extended_distance,450 у.е.,450.0,у.е,,,,,4f7eN,18,bektemir
,https://www.olx.uz/d/obyavlenie/sdaetsya-kvartira-na-zhk-new-life-ID3LAmm.html?reason=extended_search_extended_distance,,,,,,,,3LAmm,18,bektemir
Сдаётся квартира на ЖК New life‼️,https://www.olx.uz/d/obyavlenie/sdaetsya-kvartira-na-zhk-new-life-ID3LAmm.html?reason=extended_search_extended_distance,1 000 у.е.,1000.0,у.е,,,,,3LAmm,18,bektemir
,https://www.olx.uz/d/obyavlenie/sdaetsya-kvartira-po-ul-sadyk-azimova-ID3Vf66.html?reason=extended_search_extended_distance,,,,,,,,3Vf66,18,bektemir
Сдается квартира по ул Садык Азимова,https://www.olx.uz/d/obyavlenie/sdaetsya-kvartira-po-ul-sadyk-azimova-ID3Vf66.html?reason=extended_search_extended_distance,1 400 у.е. Договорная,1400.0,у.е,,,,,3Vf66,18,bektemir
,https://www.olx.uz/d/obyavlenie/arenda-kvartira-zhk-uzmakon-2-komnatnaya-ID4ejov.html?reason=extended_search_extended_distance,,,,,,,,4ejov,18,bektemir
Аренда квартира ЖК Узмакон 2 комнатная,https://www.olx.uz/d/obyavlenie/arenda-kvartira-zhk-uzmakon-2-komnatnaya-ID4ejov.html?reason=extended_search_extended_distance,600 у.е.,600.0,у.е,,,,,4ejov,18,bektemir
,https://www.olx.uz/d/obyavlenie/arenda-1-1-2-yashnabadskiy-r-n-parkentskiy-ID4eICi.html?reason=extended_search_extended_distance,,,,,,,,4eICi,18,bektemir
Аренда 1/1/2 Яшнабадский р-н Паркентский,https://www.olx.uz/d/obyavlenie/arenda-1-1-2-yashnabadskiy-r-n-parkentskiy-ID4eICi.html?reason=extended_search_extended_distance,500 у.е.,500.0,у.е,,,,,4eICi,18,bektemir
,https://www.olx.uz/d/obyavlenie/asslom-sohil-3-9-9-550-ye-ID4eICh.html?reason=extended_search_extended_distance,,,,,,,,4eICh,18,bektemir
Асслом Сохил 3/9/9 550 ye,https://www.olx.uz/d/obyavlenie/asslom-sohil-3-9-9-550-ye-ID4eICh.html?reason=extended_search_extended_distance,550 у.е.,550.0,у.е,,,,,4eICh,18,bektemir
,https://www.olx.uz/d/obyavlenie/arenda-kvartira-yashnabod-ID45asH.html?reason=extended_search_extended_distance,,,,,,,,45asH,18,bektemir
Аренда квартира Яшнабод,https://www.olx.uz/d/obyavlenie/arenda-kvartira-yashnabod-ID45asH.html?reason=extended_search_extended_distance,450 у.е.,450.0,у.е,,,,,45asH,18,bektemir
,https://www.olx.uz/d/obyavlenie/arenda-kvartira-yashnabod-ID45arr.html?reason=extended_search_extended_distance,,,,,,,,45arr,18,bektemir
Аренда квартира Яшнабод,https://www.olx.uz/d/obyavlenie/arenda-kvartira-yashnabod-ID45arr.html?reason=extended_search_extended_distance,550 у.е.,550.0,у.е,,,,,45arr,18,bektemir
,https://www.olx.uz/d/obyavlenie/sdaetsya-v-arendu-kvartira-2h-komnatnaya-kadysheva-bazar-rv33-ID4ejm3.html?reason=extended_search_extended_distance,,,,,,,,4ejm3,18,bektemir
Сдается в аренду квартира 2х комнатная Кадышева базар (RV33),https://www.olx.uz/d/obyavlenie/sdaetsya-v-arendu-kvartira-2h-komnatnaya-kadysheva-bazar-rv33-ID4ejm3.html?reason=extended_search_extended_distance,500 у.е.,500.0,у.е,,,,,4ejm3,18,bektemir
,https://www.olx.uz/d/obyavlenie/arenda-tuzel1-dokahleb-111-konechka-1-2-4-ID42q7i.html?reason=extended_search_extended_distance,,,,,,,,42q7i,18,bektemir
Аренда Тузель1 Докахлеб 111 конечка 1 /2/4,https://www.olx.uz/d/obyavlenie/arenda-tuzel1-dokahleb-111-konechka-1-2-4-ID42q7i.html?reason=extended_search_extended_distance,400 у.е.,400.0,у.е,,,,,42q7i,18,bektemir
,https://www.olx.uz/d/obyavlenie/arenda-kvartira-zhk-alfraganus-3-komnatnaya-ID4ejle.html?reason=extended_search_extended_distance,,,,,,,,4ejle,18,bektemir
Аренда квартира ЖК Алфраганус 3 комнатная,https://www.olx.uz/d/obyavlenie/arenda-kvartira-zhk-alfraganus-3-komnatnaya-ID4ejle.html?reason=extended_search_extended_distance,800 у.е.,800.0,у.е,,,,,4ejle,18,bektemir
,https://www.olx.uz/d/obyavlenie/assalom-sohil-3-9-9-550-ye-ID4ejl2.html?reason=extended_search_extended_distance,,,,,,,,4ejl2,18,bektemir
Ассалом Сохил 3/9/9 550 ye,https://www.olx.uz/d/obyavlenie/assalom-sohil-3-9-9-550-ye-ID4ejl2.html?reason=extended_search_extended_distance,550 у.е.,550.0,у.е,,,,,4ejl2,18,bektemir
,https://www.olx.uz/d/obyavlenie/arenda-kvartira-ul-mahtumkuli-2-komnatnaya-ID4ejjn.html?reason=extended_search_extended_distance,,,,,,,,4ejjn,18,bektemir
Аренда квартира ул Махтумкули 2 комнатная,https://www.olx.uz/d/obyavlenie/arenda-kvartira-ul-mahtumkuli-2-komnatnaya-ID4ejjn.html?reason=extended_search_extended_distance,700 у.е.,700.0,у.е,,,,,4ejjn,18,bektemir
,https://www.olx.uz/d/obyavlenie/sdaetsya-svetlaya-kvartira-v-novom-zhk-infinity-ID4bHT9.html?reason=extended_search_extended_distance,,,,,,,,4bHT9,18,bektemir
Сдается светлая квартира в новом ЖК Infinity !,https://www.olx.uz/d/obyavlenie/sdaetsya-svetlaya-kvartira-v-novom-zhk-infinity-ID4bHT9.html?reason=extended_search_extended_distance,1 000 у.е. Договорная,1000.0,у.е,,,,,4bHT9,18,bektemir
