title,url,price_raw,price_value,price_currency,location_text,posted_date_raw,posted_date,time_raw,card_id,district_id,district_name
,https://www.olx.uz/d/obyavlenie/sdaetsya-v-dolgosrochnuyu-arendu-kvartira-so-vsemi-udobstvami-ID4f0Sd.html,,,,,,,,4f0Sd,12,mirzo-ulugbek
Сдается в долгосрочную аренду квартира со всеми удобствами,https://www.olx.uz/d/obyavlenie/sdaetsya-v-dolgosrochnuyu-arendu-kvartira-so-vsemi-udobstvami-ID4f0Sd.html,900 у.е. Договорная,900.0,у.е,,,,,4f0Sd,12,mirzo-ulugbek
,https://www.olx.uz/d/obyavlenie/akay-city-novaya-2-komnatnaya-kvartira-v-zhilom-komplekse-akay-siti-ID4esye.html,,,,,,,,4esye,12,mirzo-ulugbek
Akay City !! Новая 2-комнатная квартира в жилом комплексе Акай Сити.,https://www.olx.uz/d/obyavlenie/akay-city-novaya-2-komnatnaya-kvartira-v-zhilom-komplekse-akay-siti-ID4esye.html,1 150 у.е.,1150.0,у.е,,,,,4esye,12,mirzo-ulugbek
,https://www.olx.uz/d/obyavlenie/sdaetsya-arenda-akay-siti-3-komnatnyy-kvartira-ID4b7Pb.html,,,,,,,,4b7Pb,12,mirzo-ulugbek
Сдаётся. Аренда. Акай  сити. 3 комнатный квартира,https://www.olx.uz/d/obyavlenie/sdaetsya-arenda-akay-siti-3-komnatnyy-kvartira-ID4b7Pb.html,2 000 у.е. Договорная,2000.0,у.е,,,,,4b7Pb,12,mirzo-ulugbek
,https://www.olx.uz/d/obyavlenie/zhk-centrado-ts1-unikalnaya-4h-komnatnaya-kvartira-140m2-v-samom-tsentre-ID441gm.html,,,,,,,,441gm,12,mirzo-ulugbek
Жк Centrado!Ц1 Уникальная 4х комнатная квартира 140м2! В самом центре!,https://www.olx.uz/d/obyavlenie/zhk-centrado-ts1-unikalnaya-4h-komnatnaya-kvartira-140m2-v-samom-tsentre-ID441gm.html,1 400 у.е. Договорная,1400.0,у.е,,,,,441gm,12,mirzo-ulugbek
,https://www.olx.uz/d/obyavlenie/sdaetsya-kvartira-na-ts-1-ID45Tbc.html,,,,,,,,45Tbc,12,mirzo-ulugbek
Сдается квартира на Ц-1,https://www.olx.uz/d/obyavlenie/sdaetsya-kvartira-na-ts-1-ID45Tbc.html,600 у.е.,600.0,у.е,,,,,45Tbc,12,mirzo-ulugbek
,https://www.olx.uz/d/obyavlenie/zhk-centrado-ts-1-bibigon-4h-komnatnaya-kvartira-135m2-novyy-remont-ID4417c.html,,,,,,,,4417c,12,mirzo-ulugbek
Жк Centrado! Ц-1 Бибигон! 4х комнатная квартира 135м2! Новый ремонт!,https://www.olx.uz/d/obyavlenie/zhk-centrado-ts-1-bibigon-4h-komnatnaya-kvartira-135m2-novyy-remont-ID4417c.html,1 400 у.е. Договорная,1400.0,у.е,,,,,4417c,12,mirzo-ulugbek
,https://www.olx.uz/d/obyavlenie/akay-city-prostornaya-3ka-s-dizaynerskim-remontom-i-prekrasnym-vidom-ID44vkV.html,,,,,,,,44vkV,12,mirzo-ulugbek
Akay city! Просторная 3ка с дизайнерским ремонтом и прекрасным видом!,https://www.olx.uz/d/obyavlenie/akay-city-prostornaya-3ka-s-dizaynerskim-remontom-i-prekrasnym-vidom-ID44vkV.html,1 100 у.е. Договорная,1100.0,у.е,,,,,44vkV,12,mirzo-ulugbek
,https://www.olx.uz/d/obyavlenie/ijaraga-2-honali-beriladi-biy-buyuk-ipak-yuli-metro-ID4dZMP.html,,,,,,,,4dZMP,12,mirzo-ulugbek
Ijaraga 2- honali beriladi BIY buyuk ipak yuli metro,https://www.olx.uz/d/obyavlenie/ijaraga-2-honali-beriladi-biy-buyuk-ipak-yuli-metro-ID4dZMP.html,550 у.е.,550.0,у.е,,,,,4dZMP,12,mirzo-ulugbek
,https://www.olx.uz/d/obyavlenie/arenda-dolgosrochnaya-karasu-6-2-2-9-60m-ID4fbJn.html,,,,,,,,4fbJn,12,mirzo-ulugbek
Аренда долгосрочная! Карасу 6. 2/2/9  60м²,https://www.olx.uz/d/obyavlenie/arenda-dolgosrochnaya-karasu-6-2-2-9-60m-ID4fbJn.html,500 у.е.,500.0,у.е,,,,,4fbJn,12,mirzo-ulugbek
,https://www.olx.uz/d/obyavlenie/ijaraga-3-honali-beriladi-ahmad-yugnakiy-massivi-ID4dZLx.html,,,,,,,,4dZLx,12,mirzo-ulugbek
Ijaraga 3- honali beriladi Ahmad Yugnakiy massivi.,https://www.olx.uz/d/obyavlenie/ijaraga-3-honali-beriladi-ahmad-yugnakiy-massivi-ID4dZLx.html,500 у.е.,500.0,у.е,,,,,4dZLx,12,mirzo-ulugbek
,https://www.olx.uz/d/obyavlenie/1-komnatnaya-kvartira-v-tsentre-ID4fbIr.html,,,,,,,,4fbIr,12,mirzo-ulugbek
1 комнатная квартира в центре,https://www.olx.uz/d/obyavlenie/1-komnatnaya-kvartira-v-tsentre-ID4fbIr.html,400 у.е.,400.0,у.е,,,,,4fbIr,12,mirzo-ulugbek
,https://www.olx.uz/d/obyavlenie/kvartira-v-arendu-ID4fbI6.html,,,,,,,,4fbI6,12,mirzo-ulugbek
Квартира в аренду,https://www.olx.uz/d/obyavlenie/kvartira-v-arendu-ID4fbI6.html,650 у.е.,650.0,у.е,,,,,4fbI6,12,mirzo-ulugbek
,https://www.olx.uz/d/obyavlenie/arenda-novoy-kvartiry-s-terassoy-na-parkentskom-zhk-ok-saroy-3-8-9-ID4ehdN.html,,,,,,,,4ehdN,12,mirzo-ulugbek
Аренда новой квартиры с терассой на Паркентском ЖК Ок Сарой 3/8/9,https://www.olx.uz/d/obyavlenie/arenda-novoy-kvartiry-s-terassoy-na-parkentskom-zhk-ok-saroy-3-8-9-ID4ehdN.html,1 200 у.е.,1200.0,у.е,,,,,4ehdN,12,mirzo-ulugbek
,https://www.olx.uz/d/obyavlenie/mirzon-ulugbek-ts-1-1-xona-kv-ijaraga-beriladi-ID4f3JF.html,,,,,,,,4f3JF,12,mirzo-ulugbek
Mirzon Ulugbek Ц 1   1 xona kv ijaraga beriladi,https://www.olx.uz/d/obyavlenie/mirzon-ulugbek-ts-1-1-xona-kv-ijaraga-beriladi-ID4f3JF.html,400 у.е.,400.0,у.е,,,,,4f3JF,12,mirzo-ulugbek
,https://www.olx.uz/d/obyavlenie/cdaetsya-upakovannaya-kvartira-2-3-9-na-ts-1-ryadom-s-eko-park-ID4ef8j.html,,,,,,,,4ef8j,12,mirzo-ulugbek
Cдаётся упакованная квартира 2/3/9 на Ц-1 (рядом с ЭКО парк),https://www.olx.uz/d/obyavlenie/cdaetsya-upakovannaya-kvartira-2-3-9-na-ts-1-ryadom-s-eko-park-ID4ef8j.html,800 у.е.,800.0,у.е,,,,,4ef8j,12,mirzo-ulugbek
,https://www.olx.uz/d/obyavlenie/sdam-3-h-kom-kvartiru-na-dolgiy-srok-v-zhk-oq-saroy-na-parkentskom-ID3XaFQ.html,,,,,,,,3XaFQ,12,mirzo-ulugbek
"Сдам 3-х ком. квартиру  на долгий срок в ЖК ""Oq Saroy"" на паркентском",https://www.olx.uz/d/obyavlenie/sdam-3-h-kom-kvartiru-na-dolgiy-srok-v-zhk-oq-saroy-na-parkentskom-ID3XaFQ.html,1 600 у.е.,1600.0,у.е,,,,,3XaFQ,12,mirzo-ulugbek
,https://www.olx.uz/d/obyavlenie/sdaetsya-kvartira-v-novostroyke-zhk-real-haus-ID3vFIZ.html,,,,,,,,3vFIZ,12,mirzo-ulugbek
Сдаётся квартира в Новостройке ЖК Реал Хаус,https://www.olx.uz/d/obyavlenie/sdaetsya-kvartira-v-novostroyke-zhk-real-haus-ID3vFIZ.html,1 000 у.е.,1000.0,у.е,,,,,3vFIZ,12,mirzo-ulugbek
,https://www.olx.uz/d/obyavlenie/parkenskiy-ofis-sovmestnaya-arenda-dostup-24-7-ID40gFx.html,,,,,,,,40gFx,12,mirzo-ulugbek
"Паркенский, офис, Совместная аренда доступ 24\7",https://www.olx.uz/d/obyavlenie/parkenskiy-ofis-sovmestnaya-arenda-dostup-24-7-ID40gFx.html,140 у.е.,140.0,у.е,,,,,40gFx,12,mirzo-ulugbek
,https://www.olx.uz/d/obyavlenie/arenda-3h-kom-110m2-zhk-akay-siti-or-r-darhan-ID4eNmc.html,,,,,,,,4eNmc,12,mirzo-ulugbek
Аренда!!  3х ком 110м2 ЖК Акай сити ор-р Дархан !,https://www.olx.uz/d/obyavlenie/arenda-3h-kom-110m2-zhk-akay-siti-or-r-darhan-ID4eNmc.html,700 у.е. Договорная,700.0,у.е,,,,,4eNmc,12,mirzo-ulugbek
,https://www.olx.uz/d/obyavlenie/arenda-kvartiry-feruza-ttz-ahmad-yugnakiy-humoyun-ID4dZHg.html,,,,,,,,4dZHg,12,mirzo-ulugbek
Аренда квартиры феруза ттз Ахмад югнакий хумоюн,https://www.olx.uz/d/obyavlenie/arenda-kvartiry-feruza-ttz-ahmad-yugnakiy-humoyun-ID4dZHg.html,400 у.е.,400.0,у.е,,,,,4dZHg,12,mirzo-ulugbek
,https://www.olx.uz/d/obyavlenie/ijaraga-2-honali-beriladi-ttz-ahmad-yugnakiy-ID4dZHc.html,,,,,,,,4dZHc,12,mirzo-ulugbek
"Ijaraga 2-honali beriladi Ttz, Ahmad Yugnakiy.",https://www.olx.uz/d/obyavlenie/ijaraga-2-honali-beriladi-ttz-ahmad-yugnakiy-ID4dZHc.html,400 у.е.,400.0,у.е,,,,,4dZHc,12,mirzo-ulugbek
,https://www.olx.uz/d/obyavlenie/zhk-nrg-mirzo-ulugbek-2-komn-45-m-6-12-etazh-dr-013-ID4bYd2.html,,,,,,,,4bYd2,12,mirzo-ulugbek
ЖК NRG Mirzo Ulugbek | • 2-комн • 45 м² • 6/12 этаж [DR: 013],https://www.olx.uz/d/obyavlenie/zhk-nrg-mirzo-ulugbek-2-komn-45-m-6-12-etazh-dr-013-ID4bYd2.html,600 у.е. Договорная,600.0,у.е,,,,,4bYd2,12,mirzo-ulugbek
,https://www.olx.uz/d/obyavlenie/336-sdam-3-komn-1-iz-4-buyuk-ipak-yuli-buz-bazar-ID2OOwR.html,,,,,,,,2OOwR,12,mirzo-ulugbek
(336) Сдам 3-комн. 1 из 4 Буюк Ипак Йули (Буз-базар),https://www.olx.uz/d/obyavlenie/336-sdam-3-komn-1-iz-4-buyuk-ipak-yuli-buz-bazar-ID2OOwR.html,600 у.е.,600.0,у.е,,,,,2OOwR,12,mirzo-ulugbek
,https://www.olx.uz/d/obyavlenie/oylik-kvartira-ID3Sbr7.html,,,,,,,,3Sbr7,12,mirzo-ulugbek
Oylik kvartira .,https://www.olx.uz/d/obyavlenie/oylik-kvartira-ID3Sbr7.html,750 000 сум,750000.0,сум,,,,,3Sbr7,12,mirzo-ulugbek
,https://www.olx.uz/d/obyavlenie/sdam-2-komn-6-iz-25-na-darhan-hamid-olimzhon-darhon-335-ID3iO25.html,,,,,,,,3iO25,12,mirzo-ulugbek
Сдам 2 комн. 6 из 25 на Дархан (Хамид Олимжон) / Darhon (335),https://www.olx.uz/d/obyavlenie/sdam-2-komn-6-iz-25-na-darhan-hamid-olimzhon-darhon-335-ID3iO25.html,800 у.е. Договорная,800.0,у.е,,,,,3iO25,12,mirzo-ulugbek
,https://www.olx.uz/d/obyavlenie/335-sdam-3-komn-5-iz-9-ts-1-ekopark-ID2Nrfg.html,,,,,,,,2Nrfg,12,mirzo-ulugbek
[335] Сдам 3-комн. 5 из 9 Ц-1 (Экопарк),https://www.olx.uz/d/obyavlenie/335-sdam-3-komn-5-iz-9-ts-1-ekopark-ID2Nrfg.html,750 у.е.,750.0,у.е,,,,,2Nrfg,12,mirzo-ulugbek
,https://www.olx.uz/d/obyavlenie/zhk-darhan-avenyu-stilnaya-2h-komnatnaya-novaya-kvartira-avtorskiy-remont-ID455v5.html,,,,,,,,455v5,12,mirzo-ulugbek
Жк Дархан Авеню! Стильная 2х комнатная новая квартира!Авторский ремонт,https://www.olx.uz/d/obyavlenie/zhk-darhan-avenyu-stilnaya-2h-komnatnaya-novaya-kvartira-avtorskiy-remont-ID455v5.html,800 у.е. Договорная,800.0,у.е,,,,,455v5,12,mirzo-ulugbek
,https://www.olx.uz/d/obyavlenie/karasu-6-bazarchik-2h-komnatnaya-ID3VNW4.html,,,,,,,,3VNW4,12,mirzo-ulugbek
Карасу 6 базарчик 2х комнатная,https://www.olx.uz/d/obyavlenie/karasu-6-bazarchik-2h-komnatnaya-ID3VNW4.html,500 у.е.,500.0,у.е,,,,,3VNW4,12,mirzo-ulugbek
,https://www.olx.uz/d/obyavlenie/arenda-svoya-3-komnatnaya-kvartira-na-massive-feruza-ID3PEZK.html,,,,,,,,3PEZK,12,mirzo-ulugbek
Аренда СВОЯ 3-комнатная квартира на массиве Феруза.,https://www.olx.uz/d/obyavlenie/arenda-svoya-3-komnatnaya-kvartira-na-massive-feruza-ID3PEZK.html,500 у.е.,500.0,у.е,,,,,3PEZK,12,mirzo-ulugbek
,https://www.olx.uz/d/obyavlenie/darhan-moskovskie-vysotki-2-komn-5-iz-18-65-m2-m0104-ID3Tds8.html,,,,,,,,3Tds8,12,mirzo-ulugbek
Дархан / Московские высотки | 2-комн. 5 из 18 | 65 м2 [M:0104],https://www.olx.uz/d/obyavlenie/darhan-moskovskie-vysotki-2-komn-5-iz-18-65-m2-m0104-ID3Tds8.html,600 у.е.,600.0,у.е,,,,,3Tds8,12,mirzo-ulugbek
,https://www.olx.uz/d/obyavlenie/335-sdaetsya-1-kom-3-iz-9-na-darhane-metro-hamida-alimdzhana-ID3kRmu.html,,,,,,,,3kRmu,12,mirzo-ulugbek
(335) Сдается 1-ком. 3 из 9 на Дархане ( метро Хамида Алимджана ),https://www.olx.uz/d/obyavlenie/335-sdaetsya-1-kom-3-iz-9-na-darhane-metro-hamida-alimdzhana-ID3kRmu.html,500 у.е.,500.0,у.е,,,,,3kRmu,12,mirzo-ulugbek
,https://www.olx.uz/d/obyavlenie/335-sdam-2-komn-2-iz-5-buyuk-ipak-yuli-byvsh-maksim-gorkiy-ID2OOCa.html,,,,,,,,2OOCa,12,mirzo-ulugbek
[335] Сдам 2-комн. 2 из 5 Буюк Ипак Йули (бывш. Максим Горький),https://www.olx.uz/d/obyavlenie/335-sdam-2-komn-2-iz-5-buyuk-ipak-yuli-byvsh-maksim-gorkiy-ID2OOCa.html,500 у.е.,500.0,у.е,,,,,2OOCa,12,mirzo-ulugbek
,https://www.olx.uz/d/obyavlenie/massiv-ttz-2-3-komn-85-m-4-4-etazh-dr-012-ID4bY3d.html,,,,,,,,4bY3d,12,mirzo-ulugbek
массив ТТЗ-2 | • 3-комн • 85 м² • 4/4 этаж [DR: 012],https://www.olx.uz/d/obyavlenie/massiv-ttz-2-3-komn-85-m-4-4-etazh-dr-012-ID4bY3d.html,500 у.е. Договорная,500.0,у.е,,,,,4bY3d,12,mirzo-ulugbek
,https://www.olx.uz/d/obyavlenie/ts-1-64-shkola-3-komn-1-iz-4-75-m2-m0122-ID3TiQ2.html,,,,,,,,3TiQ2,12,mirzo-ulugbek
Ц-1 / 64 школа | 3-комн. 1 из 4 | 75 м2 [M:0122],https://www.olx.uz/d/obyavlenie/ts-1-64-shkola-3-komn-1-iz-4-75-m2-m0122-ID3TiQ2.html,700 у.е.,700.0,у.е,,,,,3TiQ2,12,mirzo-ulugbek
,https://www.olx.uz/d/obyavlenie/335-sdam-4-komn-1-iz-4-buyuk-ipak-yuli-byvsh-maksim-gorkiy-ID2T9KD.html,,,,,,,,2T9KD,12,mirzo-ulugbek
(335) Сдам 4-комн. 1 из 4  Буюк Ипак Йули (бывш. Максим Горький),https://www.olx.uz/d/obyavlenie/335-sdam-4-komn-1-iz-4-buyuk-ipak-yuli-byvsh-maksim-gorkiy-ID2T9KD.html,700 у.е.,700.0,у.е,,,,,2T9KD,12,mirzo-ulugbek
,https://www.olx.uz/d/obyavlenie/inha-zhk-tiara-residence-2-komn-72-m-4-10-etazh-dr-011-ID4bXSs.html,,,,,,,,4bXSs,12,mirzo-ulugbek
ИНХА/ЖК Tiara Residence | • 2-комн • 72 м² • 4/10 этаж [DR: 011],https://www.olx.uz/d/obyavlenie/inha-zhk-tiara-residence-2-komn-72-m-4-10-etazh-dr-011-ID4bXSs.html,600 у.е. Договорная,600.0,у.е,,,,,4bXSs,12,mirzo-ulugbek
,https://www.olx.uz/d/obyavlenie/ts-1-ekopark-2-komn-2-iz-4-65-m2-m0089-ID3Ntkq.html,,,,,,,,3Ntkq,12,mirzo-ulugbek
Ц-1 / Экопарк | 2-комн. 2 из 4 | 65 м2 [M:0089],https://www.olx.uz/d/obyavlenie/ts-1-ekopark-2-komn-2-iz-4-65-m2-m0089-ID3Ntkq.html,700 у.е.,700.0,у.е,,,,,3Ntkq,12,mirzo-ulugbek
,https://www.olx.uz/d/obyavlenie/335-sdam-2-komn-2-iz-9-buyuk-ipak-yuli-byv-maksim-gorkiy-ID2NJKO.html,,,,,,,,2NJKO,12,mirzo-ulugbek
[335] Сдам 2-комн. 2 из 9 Буюк Ипак Йули (быв. Максим Горький),https://www.olx.uz/d/obyavlenie/335-sdam-2-komn-2-iz-9-buyuk-ipak-yuli-byv-maksim-gorkiy-ID2NJKO.html,500 у.е.,500.0,у.е,,,,,2NJKO,12,mirzo-ulugbek
,https://www.olx.uz/d/obyavlenie/335-sdam-2-komn-2-iz-4-na-darhan-3-posolstvo-kitaya-knr-ID2MLfK.html,,,,,,,,2MLfK,12,mirzo-ulugbek
"[335] Сдам 2-комн. 2 из 4 на Дархан-3 (посольство Китая ""КНР"")",https://www.olx.uz/d/obyavlenie/335-sdam-2-komn-2-iz-4-na-darhan-3-posolstvo-kitaya-knr-ID2MLfK.html,450 у.е.,450.0,у.е,,,,,2MLfK,12,mirzo-ulugbek
,https://www.olx.uz/d/obyavlenie/sdaetsya-kvartira-2-3-12-tsum-kosmonavt-50kv-novyy-remont-ID4e5k9.html,,,,,,,,4e5k9,12,mirzo-ulugbek
"Сдается квартира 2/3/12, Цум, Космонавт, 50кв, новый ремонт",https://www.olx.uz/d/obyavlenie/sdaetsya-kvartira-2-3-12-tsum-kosmonavt-50kv-novyy-remont-ID4e5k9.html,1 300 у.е.,1300.0,у.е,,,,,4e5k9,12,mirzo-ulugbek
,https://www.olx.uz/d/obyavlenie/kvartira-uzok-muddatga-arendaga-beriladi-fakat-oilaga-ID4f1ue.html,,,,,,,,4f1ue,12,mirzo-ulugbek
Квартира узок муддатга арендага берилади факат оилага,https://www.olx.uz/d/obyavlenie/kvartira-uzok-muddatga-arendaga-beriladi-fakat-oilaga-ID4f1ue.html,250 у.е.,250.0,у.е,,,,,4f1ue,12,mirzo-ulugbek
,https://www.olx.uz/d/obyavlenie/arenda-novomoskovskaya-1-4-4-tsena300-orentir-kardiologiya-ID4f3Hw.html,,,,,,,,4f3Hw,12,mirzo-ulugbek
Аренда Новомосковская 1/4/4 Цена:300$ орентир кардиология,https://www.olx.uz/d/obyavlenie/arenda-novomoskovskaya-1-4-4-tsena300-orentir-kardiologiya-ID4f3Hw.html,300 у.е.,300.0,у.е,,,,,4f3Hw,12,mirzo-ulugbek
,https://www.olx.uz/d/obyavlenie/sdaetsya-v-arendu-zhk-dinastiya-2-7-9-ID4eNle.html,,,,,,,,4eNle,12,mirzo-ulugbek
Сдаётся в аренду ЖК Династия 2/7/9,https://www.olx.uz/d/obyavlenie/sdaetsya-v-arendu-zhk-dinastiya-2-7-9-ID4eNle.html,700 у.е.,700.0,у.е,,,,,4eNle,12,mirzo-ulugbek
,https://www.olx.uz/d/obyavlenie/arenda-kvartiry-ahmad-yugnakiy-humoyun-ttz-feruza-ID4dZFQ.html,,,,,,,,4dZFQ,12,mirzo-ulugbek
Аренда квартиры ахмад югнакий хумоюн ттз феруза,https://www.olx.uz/d/obyavlenie/arenda-kvartiry-ahmad-yugnakiy-humoyun-ttz-feruza-ID4dZFQ.html,400 у.е. Договорная,400.0,у.е,,,,,4dZFQ,12,mirzo-ulugbek
,https://www.olx.uz/d/obyavlenie/ttz-ahmad-yugnakiy-arenda-kvartira-ID4dZFB.html,,,,,,,,4dZFB,12,mirzo-ulugbek
ТТЗ Ахмад югнакий аренда квартира,https://www.olx.uz/d/obyavlenie/ttz-ahmad-yugnakiy-arenda-kvartira-ID4dZFB.html,400 у.е.,400.0,у.е,,,,,4dZFB,12,mirzo-ulugbek
,https://www.olx.uz/d/obyavlenie/m-v-yalangach-sdaetsya-2-h-pered-v-3-h-1-etazh-bez-posrednikov-lyuks-ID3M4dw.html,,,,,,,,3M4dw,12,mirzo-ulugbek
"М-в Ялангач, Сдается 2-х, перед в 3-х 1- этаж, без посредников, люкс",https://www.olx.uz/d/obyavlenie/m-v-yalangach-sdaetsya-2-h-pered-v-3-h-1-etazh-bez-posrednikov-lyuks-ID3M4dw.html,8 400 000 сум,8400000.0,сум,,,,,3M4dw,12,mirzo-ulugbek
,https://www.olx.uz/d/obyavlenie/kvartira-v-arendu-ID32GI9.html,,,,,,,,32GI9,12,mirzo-ulugbek
Квартира в аренду,https://www.olx.uz/d/obyavlenie/kvartira-v-arendu-ID32GI9.html,1 500 у.е. Договорная,1500.0,у.е,,,,,32GI9,12,mirzo-ulugbek
,https://www.olx.uz/d/obyavlenie/sdam-v-arendu-na-novostroyke-premium-klassa-3-komn-uspeyte-ID4eNjO.html,,,,,,,,4eNjO,12,mirzo-ulugbek
СДАМ в Аренду на Новостройке Премиум класса 3 комн УСПЕЙТЕ,https://www.olx.uz/d/obyavlenie/sdam-v-arendu-na-novostroyke-premium-klassa-3-komn-uspeyte-ID4eNjO.html,480 у.е. Договорная,480.0,у.е,,,,,4eNjO,12,mirzo-ulugbek
,https://www.olx.uz/d/obyavlenie/sdaetsya-3h-komnatnaya-kvartira-v-elitnom-zhilom-komplekse-nrg-mirzo-ulug-ID3FRKn.html,,,,,,,,3FRKn,12,mirzo-ulugbek
Сдаётся 3х комнатная квартира в элитном жилом комплексе nrg mirzo ulug,https://www.olx.uz/d/obyavlenie/sdaetsya-3h-komnatnaya-kvartira-v-elitnom-zhilom-komplekse-nrg-mirzo-ulug-ID3FRKn.html,1 000 у.е.,1000.0,у.е,,,,,3FRKn,12,mirzo-ulugbek
,https://www.olx.uz/d/obyavlenie/arenda-kvartiry-maksim-gorkiy-hudozhnik-buz-bazar-ID4dZEc.html,,,,,,,,4dZEc,12,mirzo-ulugbek
Аренда квартиры максим горький художник буз базар,https://www.olx.uz/d/obyavlenie/arenda-kvartiry-maksim-gorkiy-hudozhnik-buz-bazar-ID4dZEc.html,550 у.е.,550.0,у.е,,,,,4dZEc,12,mirzo-ulugbek
,https://www.olx.uz/d/obyavlenie/maksim-gorkiy-arenda-kvartira-ID4dZE4.html,,,,,,,,4dZE4,12,mirzo-ulugbek
Максим горький аренда квартира,https://www.olx.uz/d/obyavlenie/maksim-gorkiy-arenda-kvartira-ID4dZE4.html,550 у.е. Договорная,550.0,у.е,,,,,4dZE4,12,mirzo-ulugbek
,https://www.olx.uz/d/obyavlenie/zhk-akay-city-2-komnatnaya-novaya-kvartira-ID3s9hw.html,,,,,,,,3s9hw,12,mirzo-ulugbek
"ЖК ""Akay city"" 2 комнатная новая квартира",https://www.olx.uz/d/obyavlenie/zhk-akay-city-2-komnatnaya-novaya-kvartira-ID3s9hw.html,700 у.е. Договорная,700.0,у.е,,,,,3s9hw,12,mirzo-ulugbek
,https://www.olx.uz/d/obyavlenie/sdetsya-v-arendu-1-kom-kv-geofizika-naprotiv-karasu-1-ID3FRfW.html,,,,,,,,3FRfW,12,mirzo-ulugbek
"Сдется в аренду 1 ком. кв. Геофизика, напротив Карасу 1",https://www.olx.uz/d/obyavlenie/sdetsya-v-arendu-1-kom-kv-geofizika-naprotiv-karasu-1-ID3FRfW.html,250 у.е.,250.0,у.е,,,,,3FRfW,12,mirzo-ulugbek
,https://www.olx.uz/d/obyavlenie/kvartira-v-arendu-svoya-arendaga-kvartira-ID45pHQ.html,,,,,,,,45pHQ,12,mirzo-ulugbek
Квартира в аренду (своя)  Arendaga kvartira,https://www.olx.uz/d/obyavlenie/kvartira-v-arendu-svoya-arendaga-kvartira-ID45pHQ.html,600 у.е. Договорная,600.0,у.е,,,,,45pHQ,12,mirzo-ulugbek
,https://www.olx.uz/d/obyavlenie/sdaetsya-2h-kom-kvartira-v-zhk-akay-siti-akay-city-ID43pN2.html,,,,,,,,43pN2,12,mirzo-ulugbek
Сдаётся 2х ком квартира в жк Акай сити ”Akay City”,https://www.olx.uz/d/obyavlenie/sdaetsya-2h-kom-kvartira-v-zhk-akay-siti-akay-city-ID43pN2.html,700 у.е.,700.0,у.е,,,,,43pN2,12,mirzo-ulugbek
,https://www.olx.uz/d/obyavlenie/ttz-ahmad-yugnakiy-arenda-kvartira-ID4dZCR.html,,,,,,,,4dZCR,12,mirzo-ulugbek
ТТЗ Ахмад югнакий аренда квартира,https://www.olx.uz/d/obyavlenie/ttz-ahmad-yugnakiy-arenda-kvartira-ID4dZCR.html,500 у.е.,500.0,у.е,,,,,4dZCR,12,mirzo-ulugbek
,https://www.olx.uz/d/obyavlenie/arenda-kvartiry-ahmad-yugnakiy-humoyun-ttz-feruza-ID4dZCG.html,,,,,,,,4dZCG,12,mirzo-ulugbek
Аренда  квартиры ахмад югнакий хумоюн ттз феруза,https://www.olx.uz/d/obyavlenie/arenda-kvartiry-ahmad-yugnakiy-humoyun-ttz-feruza-ID4dZCG.html,500 у.е.,500.0,у.е,,,,,4dZCG,12,mirzo-ulugbek
,https://www.olx.uz/d/obyavlenie/arenda-zhk-yangi-darhan-ID40KD6.html,,,,,,,,40KD6,12,mirzo-ulugbek
Аренда Жк Янги Дархан,https://www.olx.uz/d/obyavlenie/arenda-zhk-yangi-darhan-ID40KD6.html,2 000 у.е.,2000.0,у.е,,,,,40KD6,12,mirzo-ulugbek
,https://www.olx.uz/d/obyavlenie/sdaetsya-3-1-4-na-mv-feruza-ID4fbyv.html,,,,,,,,4fbyv,12,mirzo-ulugbek
Сдается 3/1/4 на мв.Феруза,https://www.olx.uz/d/obyavlenie/sdaetsya-3-1-4-na-mv-feruza-ID4fbyv.html,500 у.е.,500.0,у.е,,,,,4fbyv,12,mirzo-ulugbek
,https://www.olx.uz/d/obyavlenie/zhk-akay-sity-3-15-24-ID3RNE8.html,,,,,,,,3RNE8,12,mirzo-ulugbek
ЖК Akay Sity 3/15/24,https://www.olx.uz/d/obyavlenie/zhk-akay-sity-3-15-24-ID3RNE8.html,1 500 у.е.,1500.0,у.е,,,,,3RNE8,12,mirzo-ulugbek
,https://www.olx.uz/d/obyavlenie/arenda-2-2-9-parkentskiy-bazar-ID41UI9.html,,,,,,,,41UI9,12,mirzo-ulugbek
"Аренда 2-2-9,  Паркентский базар",https://www.olx.uz/d/obyavlenie/arenda-2-2-9-parkentskiy-bazar-ID41UI9.html,600 у.е.,600.0,у.е,,,,,41UI9,12,mirzo-ulugbek
,https://www.olx.uz/d/obyavlenie/arenda-kvartiry-massiv-ahmad-yugnakiy-humoyun-ttz-feruza-ID4eo8S.html,,,,,,,,4eo8S,12,mirzo-ulugbek
Аренда квартиры массив Ахмад югнакий хумоюн ттз феруза,https://www.olx.uz/d/obyavlenie/arenda-kvartiry-massiv-ahmad-yugnakiy-humoyun-ttz-feruza-ID4eo8S.html,400 у.е.,400.0,у.е,,,,,4eo8S,12,mirzo-ulugbek
,https://www.olx.uz/d/obyavlenie/sdaetsya-kvartira-buz-2-chimgan-eko-bazar-2-1-4-ID4eo8B.html,,,,,,,,4eo8B,12,mirzo-ulugbek
"Сдается квартира , Буз 2 , Чимган , Эко базар , 2/1/4",https://www.olx.uz/d/obyavlenie/sdaetsya-kvartira-buz-2-chimgan-eko-bazar-2-1-4-ID4eo8B.html,350 у.е.,350.0,у.е,,,,,4eo8B,12,mirzo-ulugbek
,https://www.olx.uz/d/obyavlenie/arenda-doma-ttz-bayzhigit-ID4eo7l.html,,,,,,,,4eo7l,12,mirzo-ulugbek
Аренда дома ттз  байжигит,https://www.olx.uz/d/obyavlenie/arenda-doma-ttz-bayzhigit-ID4eo7l.html,350 у.е. Договорная,350.0,у.е,,,,,4eo7l,12,mirzo-ulugbek
,https://www.olx.uz/d/obyavlenie/arenda-1v2-2-4-yalangach-ekobazar-or-r-tennisnyy-kort-ID4eNbm.html,,,,,,,,4eNbm,12,mirzo-ulugbek
"Аренда 1в2/2/4 ялангач, экобазар, ор-р теннисный корт",https://www.olx.uz/d/obyavlenie/arenda-1v2-2-4-yalangach-ekobazar-or-r-tennisnyy-kort-ID4eNbm.html,350 у.е.,350.0,у.е,,,,,4eNbm,12,mirzo-ulugbek
,https://www.olx.uz/d/obyavlenie/sdam-2-5-8-na-karasu-3-poliklinika-akademiya-militsii-qorasu-residence-ID4f6lY.html,,,,,,,,4f6lY,12,mirzo-ulugbek
"Сдам 2/5/8 на Карасу-3,поликлиника, академия милиции. Qorasu residence",https://www.olx.uz/d/obyavlenie/sdam-2-5-8-na-karasu-3-poliklinika-akademiya-militsii-qorasu-residence-ID4f6lY.html,700 у.е.,700.0,у.е,,,,,4f6lY,12,mirzo-ulugbek
,https://www.olx.uz/d/obyavlenie/arenda-kvartira-1-xona-ID4fa7J.html,,,,,,,,4fa7J,12,mirzo-ulugbek
Arenda kvartira 1 xona,https://www.olx.uz/d/obyavlenie/arenda-kvartira-1-xona-ID4fa7J.html,450 у.е. Договорная,450.0,у.е,,,,,4fa7J,12,mirzo-ulugbek
,https://www.olx.uz/d/obyavlenie/feruzada-2-xona-kvartira-ijaraga-beriladi-ID4eOdS.html,,,,,,,,4eOdS,12,mirzo-ulugbek
Feruzada 2 xona kvartira ijaraga beriladi,https://www.olx.uz/d/obyavlenie/feruzada-2-xona-kvartira-ijaraga-beriladi-ID4eOdS.html,350 у.е.,350.0,у.е,,,,,4eOdS,12,mirzo-ulugbek
,https://www.olx.uz/d/obyavlenie/3-hona-novostroyka-ttz-geofizika-voennyy-chas-oldi-ID47Inn.html,,,,,,,,47Inn,12,mirzo-ulugbek
3-хона Новостройка Ттз Геофизика Военный час олди,https://www.olx.uz/d/obyavlenie/3-hona-novostroyka-ttz-geofizika-voennyy-chas-oldi-ID47Inn.html,350 у.е.,350.0,у.е,,,,,47Inn,12,mirzo-ulugbek
,https://www.olx.uz/d/obyavlenie/arenda-zhk-nikitina-ID47kqw.html,,,,,,,,47kqw,12,mirzo-ulugbek
Аренда ЖК.Никитина,https://www.olx.uz/d/obyavlenie/arenda-zhk-nikitina-ID47kqw.html,850 у.е.,850.0,у.е,,,,,47kqw,12,mirzo-ulugbek
,https://www.olx.uz/d/obyavlenie/eko-bozor-genikalogiya-olma-23-hona-kilingan-1-etazh-ID4fbqZ.html,,,,,,,,4fbqZ,12,mirzo-ulugbek
Эко Бозор Геникалогия Олма 2*3 Хона килинган 1-этаж,https://www.olx.uz/d/obyavlenie/eko-bozor-genikalogiya-olma-23-hona-kilingan-1-etazh-ID4fbqZ.html,400 у.е.,400.0,у.е,,,,,4fbqZ,12,mirzo-ulugbek
,https://www.olx.uz/d/obyavlenie/2-3-honali-kilingan-massev-feruza-giloriya-kilineka-oldi-ID4bAtX.html,,,,,,,,4bAtX,12,mirzo-ulugbek
"2""3-хонали килинган Массев Феруза Гилория Килинека олди",https://www.olx.uz/d/obyavlenie/2-3-honali-kilingan-massev-feruza-giloriya-kilineka-oldi-ID4bAtX.html,400 у.е.,400.0,у.е,,,,,4bAtX,12,mirzo-ulugbek
,https://www.olx.uz/d/obyavlenie/2-hona-arenda-oylaga-massev-feruza-ID41upH.html,,,,,,,,41upH,12,mirzo-ulugbek
2-хона аренда Ойлага Массев Феруза,https://www.olx.uz/d/obyavlenie/2-hona-arenda-oylaga-massev-feruza-ID41upH.html,400 у.е.,400.0,у.е,,,,,41upH,12,mirzo-ulugbek
,https://www.olx.uz/d/obyavlenie/sdaetsya-2-komnatnaya-kvartira-hamid-alimzhon-ID4fbqo.html,,,,,,,,4fbqo,12,mirzo-ulugbek
"Сдается 2-комнатная квартира, Хамид Алимжон.",https://www.olx.uz/d/obyavlenie/sdaetsya-2-komnatnaya-kvartira-hamid-alimzhon-ID4fbqo.html,400 у.е.,400.0,у.е,,,,,4fbqo,12,mirzo-ulugbek
,https://www.olx.uz/d/obyavlenie/4h-kom-na-maksim-gorkom-s-obstanovkoy-maksim-gorkiy-ID44lBh.html,,,,,,,,44lBh,12,mirzo-ulugbek
4х ком на Максим Горьком с обстановкой ! Maksim Gorkiy,https://www.olx.uz/d/obyavlenie/4h-kom-na-maksim-gorkom-s-obstanovkoy-maksim-gorkiy-ID44lBh.html,900 у.е.,900.0,у.е,,,,,44lBh,12,mirzo-ulugbek
,https://www.olx.uz/d/obyavlenie/akadem-gorodok-2h-komnatnaya-v-novostroyke-ID44lwG.html,,,,,,,,44lwG,12,mirzo-ulugbek
Академ городок 2х комнатная в Новостройке,https://www.olx.uz/d/obyavlenie/akadem-gorodok-2h-komnatnaya-v-novostroyke-ID44lwG.html,600 у.е. Договорная,600.0,у.е,,,,,44lwG,12,mirzo-ulugbek
,https://www.olx.uz/d/obyavlenie/3-komn-na-biy-maksim-gorkiy-or-r-kfc-etazh-3-5-75-m-ID3SPF7.html,,,,,,,,3SPF7,12,mirzo-ulugbek
3-комн на БИЙ (Максим Горький) ор-р KFC этаж 3/5 75 м²,https://www.olx.uz/d/obyavlenie/3-komn-na-biy-maksim-gorkiy-or-r-kfc-etazh-3-5-75-m-ID3SPF7.html,650 у.е.,650.0,у.е,,,,,3SPF7,12,mirzo-ulugbek
,https://www.olx.uz/d/obyavlenie/novomoskovskaya-2-h-komnatnaya-50-m-ID44mg2.html,,,,,,,,44mg2,12,mirzo-ulugbek
Новомосковская 2-х комнатная 50 м²,https://www.olx.uz/d/obyavlenie/novomoskovskaya-2-h-komnatnaya-50-m-ID44mg2.html,550 у.е.,550.0,у.е,,,,,44mg2,12,mirzo-ulugbek
,https://www.olx.uz/d/obyavlenie/sdaetsya-kvartira-ts1-eko-park-ID4dRo5.html,,,,,,,,4dRo5,12,mirzo-ulugbek
Сдается Квартира  Ц1  Эко Парк,https://www.olx.uz/d/obyavlenie/sdaetsya-kvartira-ts1-eko-park-ID4dRo5.html,1 000 у.е.,1000.0,у.е,,,,,4dRo5,12,mirzo-ulugbek
,https://www.olx.uz/d/obyavlenie/izhara-ekobozor-enida-feruza-2-2-hona-oilaga-makler-ID4f0FC.html,,,,,,,,4f0FC,12,mirzo-ulugbek
Ижара Экобозор ёнида Феруза-2. 2-хона. Оилага. Маклер,https://www.olx.uz/d/obyavlenie/izhara-ekobozor-enida-feruza-2-2-hona-oilaga-makler-ID4f0FC.html,560 у.е.,560.0,у.е,,,,,4f0FC,12,mirzo-ulugbek
,https://www.olx.uz/d/obyavlenie/sdaetsya-2h87kv-komn-kvartira-novostroyka-ul-sayram-zhk-silk-vey-ID3Zubo.html,,,,,,,,3Zubo,12,mirzo-ulugbek
"Сдается 2х(87кв) комн. квартира, новостройка, ул. Сайрам, ЖК Силк вей",https://www.olx.uz/d/obyavlenie/sdaetsya-2h87kv-komn-kvartira-novostroyka-ul-sayram-zhk-silk-vey-ID3Zubo.html,900 у.е.,900.0,у.е,,,,,3Zubo,12,mirzo-ulugbek
,https://www.olx.uz/d/obyavlenie/novomoskovskaya-ul15-gorbolnitsa-rieltor-deshevaya-tsena-ID4cRZ8.html,,,,,,,,4cRZ8,12,mirzo-ulugbek
НОВОМОСКОВСКАЯ ул(15-горбольница)! Риэлтор! Дешёвая цена!!!,https://www.olx.uz/d/obyavlenie/novomoskovskaya-ul15-gorbolnitsa-rieltor-deshevaya-tsena-ID4cRZ8.html,700 у.е.,700.0,у.е,,,,,4cRZ8,12,mirzo-ulugbek
,https://www.olx.uz/d/obyavlenie/novomoskovskaya-a-sdaetsya-bezuprechnaya-kvartira-v-novostroyke-ID3U88P.html,,,,,,,,3U88P,12,mirzo-ulugbek
Новомосковская а Сдаётся безупречная квартира в новостройке,https://www.olx.uz/d/obyavlenie/novomoskovskaya-a-sdaetsya-bezuprechnaya-kvartira-v-novostroyke-ID3U88P.html,2 000 у.е. Договорная,2000.0,у.е,,,,,3U88P,12,mirzo-ulugbek
,https://www.olx.uz/d/obyavlenie/ts-1-gabus-sdaetsya-novaya-3-h-komnatnaya-kvartira-v-prestizhnom-rayone-ID3Cylg.html,,,,,,,,3Cylg,12,mirzo-ulugbek
Ц-1-ГАБУС! Сдается новая 3-х комнатная квартира в престижном районе!,https://www.olx.uz/d/obyavlenie/ts-1-gabus-sdaetsya-novaya-3-h-komnatnaya-kvartira-v-prestizhnom-rayone-ID3Cylg.html,1 300 у.е. Договорная,1300.0,у.е,,,,,3Cylg,12,mirzo-ulugbek
,https://www.olx.uz/d/obyavlenie/zadaetsya-v-arendu-ID4f6w3.html,,,,,,,,4f6w3,12,mirzo-ulugbek
Задаётся в аренду,https://www.olx.uz/d/obyavlenie/zadaetsya-v-arendu-ID4f6w3.html,400 у.е.,400.0,у.е,,,,,4f6w3,12,mirzo-ulugbek
,https://www.olx.uz/d/obyavlenie/2-komnatnaya-kvartira-na-buz-bazar-zhk-silk-road-maksim-gorkiy-ID4fbmC.html,,,,,,,,4fbmC,12,mirzo-ulugbek
2-комнатная квартира на Буз базар / ЖК Silk Road / Максим Горкий,https://www.olx.uz/d/obyavlenie/2-komnatnaya-kvartira-na-buz-bazar-zhk-silk-road-maksim-gorkiy-ID4fbmC.html,900 у.е.,900.0,у.е,,,,,4fbmC,12,mirzo-ulugbek
,https://www.olx.uz/d/obyavlenie/mirzon-ulugbek-ts-1-1-xona-kv-ijaraga-beriladi-ID4f3JF.html,,,,,,,,4f3JF,12,mirzo-ulugbek
Mirzon Ulugbek Ц 1   1 xona kv ijaraga beriladi,https://www.olx.uz/d/obyavlenie/mirzon-ulugbek-ts-1-1-xona-kv-ijaraga-beriladi-ID4f3JF.html,400 у.е.,400.0,у.е,,,,,4f3JF,12,mirzo-ulugbek
,https://www.olx.uz/d/obyavlenie/oq-saroy-parkentskiy-3-komnatnaya-156kv-sdam-mahtumkuli-oksaroy-novaya-ID4eN4t.html,,,,,,,,4eN4t,12,mirzo-ulugbek
OQ SAROY ПАРКЕНТСКИЙ 3 комнатная 156кв Сдам Махтумкули оксарой НОВАЯ,https://www.olx.uz/d/obyavlenie/oq-saroy-parkentskiy-3-komnatnaya-156kv-sdam-mahtumkuli-oksaroy-novaya-ID4eN4t.html,700 у.е. Договорная,700.0,у.е,,,,,4eN4t,12,mirzo-ulugbek
,https://www.olx.uz/d/obyavlenie/it-park-yonida-arendaga-kvartira-bor-ID4f9Xc.html,,,,,,,,4f9Xc,12,mirzo-ulugbek
It park yonida arendaga kvartira bor,https://www.olx.uz/d/obyavlenie/it-park-yonida-arendaga-kvartira-bor-ID4f9Xc.html,350 у.е.,350.0,у.е,,,,,4f9Xc,12,mirzo-ulugbek
,https://www.olx.uz/d/obyavlenie/arenda-kvartiry-mirzo-ulugbekskiy-rayon-ID4enYS.html,,,,,,,,4enYS,12,mirzo-ulugbek
аренда квартиры мирзо улугбекский район,https://www.olx.uz/d/obyavlenie/arenda-kvartiry-mirzo-ulugbekskiy-rayon-ID4enYS.html,800 у.е.,800.0,у.е,,,,,4enYS,12,mirzo-ulugbek
,https://www.olx.uz/d/obyavlenie/sdaetsya-2-komnatnaya-kvartira-parkentskiy-rayon-ID4fbjv.html,,,,,,,,4fbjv,12,mirzo-ulugbek
"Сдается 2-комнатная квартира, Паркентский район.",https://www.olx.uz/d/obyavlenie/sdaetsya-2-komnatnaya-kvartira-parkentskiy-rayon-ID4fbjv.html,700 у.е.,700.0,у.е,,,,,4fbjv,12,mirzo-ulugbek
,https://www.olx.uz/d/obyavlenie/arenda-novoy-kvartiry-s-terassoy-na-parkentskom-zhk-ok-saroy-3-8-9-ID4ehdN.html,,,,,,,,4ehdN,12,mirzo-ulugbek
Аренда новой квартиры с терассой на Паркентском ЖК Ок Сарой 3/8/9,https://www.olx.uz/d/obyavlenie/arenda-novoy-kvartiry-s-terassoy-na-parkentskom-zhk-ok-saroy-3-8-9-ID4ehdN.html,1 200 у.е.,1200.0,у.е,,,,,4ehdN,12,mirzo-ulugbek
,https://www.olx.uz/d/obyavlenie/sdaetsya-kvartira-na-ts-1-ID45Tbc.html,,,,,,,,45Tbc,12,mirzo-ulugbek
Сдается квартира на Ц-1,https://www.olx.uz/d/obyavlenie/sdaetsya-kvartira-na-ts-1-ID45Tbc.html,600 у.е.,600.0,у.е,,,,,45Tbc,12,mirzo-ulugbek
,https://www.olx.uz/d/obyavlenie/uzoq-muddatga-ijaraga-zamonaviy-uy-ID4bBDZ.html,,,,,,,,4bBDZ,12,mirzo-ulugbek
Uzoq muddatga ijaraga zamonaviy uy,https://www.olx.uz/d/obyavlenie/uzoq-muddatga-ijaraga-zamonaviy-uy-ID4bBDZ.html,3 500 у.е.,3500.0,у.е,,,,,4bBDZ,12,mirzo-ulugbek
,https://www.olx.uz/d/obyavlenie/3h-komnatnaya-kvartira-dlya-semi-na-buz-1-buz-bazar-maksim-gorkiy-ID44Jyo.html,,,,,,,,44Jyo,12,mirzo-ulugbek
3х комнатная квартира для семьи на Буз-1 / Буз Базар / Максим Горький,https://www.olx.uz/d/obyavlenie/3h-komnatnaya-kvartira-dlya-semi-na-buz-1-buz-bazar-maksim-gorkiy-ID44Jyo.html,850 у.е. Договорная,850.0,у.е,,,,,44Jyo,12,mirzo-ulugbek
,https://www.olx.uz/d/obyavlenie/maksim-gorkiy-saehat-1v2-1-4-43kv-m-foto-svoi-ID3ErAE.html,,,,,,,,3ErAE,12,mirzo-ulugbek
Максим Горький/Саёхат/1в2/1/4/43кв.м/Фото свои,https://www.olx.uz/d/obyavlenie/maksim-gorkiy-saehat-1v2-1-4-43kv-m-foto-svoi-ID3ErAE.html,500 у.е.,500.0,у.е,,,,,3ErAE,12,mirzo-ulugbek
,https://www.olx.uz/d/obyavlenie/sovremennaya-2-komnatnaya-kvartira-uyut-i-stil-v-serdtse-goroda-ID3tjD5.html,,,,,,,,3tjD5,12,mirzo-ulugbek
"""Современная 2-комнатная Квартира: Уют и Стиль в Сердце Города""",https://www.olx.uz/d/obyavlenie/sovremennaya-2-komnatnaya-kvartira-uyut-i-stil-v-serdtse-goroda-ID3tjD5.html,500 у.е.,500.0,у.е,,,,,3tjD5,12,mirzo-ulugbek
,https://www.olx.uz/d/obyavlenie/zhk-parkent-village-parkentskiy-mahtumkuli-ID4enXi.html,,,,,,,,4enXi,12,mirzo-ulugbek
"ЖК Parkent Villagе, паркентский, махтумкули",https://www.olx.uz/d/obyavlenie/zhk-parkent-village-parkentskiy-mahtumkuli-ID4enXi.html,700 у.е.,700.0,у.е,,,,,4enXi,12,mirzo-ulugbek
,https://www.olx.uz/d/obyavlenie/zhk-darxan-avenue-sdaetsya-novaya-3h-komnatnaya-ID3H5Wj.html,,,,,,,,3H5Wj,12,mirzo-ulugbek
ЖК Darxan Avenue-Сдаётся новая 3х комнатная!,https://www.olx.uz/d/obyavlenie/zhk-darxan-avenue-sdaetsya-novaya-3h-komnatnaya-ID3H5Wj.html,1 200 у.е. Договорная,1200.0,у.е,,,,,3H5Wj,12,mirzo-ulugbek
,https://www.olx.uz/d/obyavlenie/uspeyte-3-kom-evro-kvartira-v-mirzo-ulugbeke-or-metro-biy-878-ID4fapX.html,,,,,,,,4fapX,12,mirzo-ulugbek
УСПЕЙТЕ!!! 3-ком евро квартира в Мирзо Улугбеке! ОР: метро БИЙ 878*,https://www.olx.uz/d/obyavlenie/uspeyte-3-kom-evro-kvartira-v-mirzo-ulugbeke-or-metro-biy-878-ID4fapX.html,650 у.е. Договорная,650.0,у.е,,,,,4fapX,12,mirzo-ulugbek
,https://www.olx.uz/d/obyavlenie/arenda-uyutnoy-4h-kom-kv-na-karasu-2-or-r-sadaf-toyhona-korzinka-ID4fbfs.html,,,,,,,,4fbfs,12,mirzo-ulugbek
"Аренда уютной 4х ком. кв. на Карасу 2  ор-р Садаф тойхона,  Корзинка",https://www.olx.uz/d/obyavlenie/arenda-uyutnoy-4h-kom-kv-na-karasu-2-or-r-sadaf-toyhona-korzinka-ID4fbfs.html,700 у.е.,700.0,у.е,,,,,4fbfs,12,mirzo-ulugbek
,https://www.olx.uz/d/obyavlenie/m-gorkiy-4-kom-3-etazh-5-etazhka-vse-est-foto-realno-ID4dZgB.html,,,,,,,,4dZgB,12,mirzo-ulugbek
М.Горкий 4 ком 3 этаж 5 этажка все ест фото реално,https://www.olx.uz/d/obyavlenie/m-gorkiy-4-kom-3-etazh-5-etazhka-vse-est-foto-realno-ID4dZgB.html,700 у.е.,700.0,у.е,,,,,4dZgB,12,mirzo-ulugbek
,https://www.olx.uz/d/obyavlenie/srochno-sdaetsya-svoya-novostroyka-4h-komnatnaya-kv-ID4cUXR.html,,,,,,,,4cUXR,12,mirzo-ulugbek
Срочно сдаётся Своя Новостройка/ 4х комнатная кв,https://www.olx.uz/d/obyavlenie/srochno-sdaetsya-svoya-novostroyka-4h-komnatnaya-kv-ID4cUXR.html,1 200 у.е. Договорная,1200.0,у.е,,,,,4cUXR,12,mirzo-ulugbek
,https://www.olx.uz/d/obyavlenie/srochno-sdaetsya-novostroyka-metro-buyuk-ipak-yuli-ulitsa-sayram-2-komn-ID4fbeC.html,,,,,,,,4fbeC,12,mirzo-ulugbek
Срочно Сдаётся Новостройка метро Буюк Ипак Йули улица Сайрам 2-комн,https://www.olx.uz/d/obyavlenie/srochno-sdaetsya-novostroyka-metro-buyuk-ipak-yuli-ulitsa-sayram-2-komn-ID4fbeC.html,1 000 у.е. Договорная,1000.0,у.е,,,,,4fbeC,12,mirzo-ulugbek
,https://www.olx.uz/d/obyavlenie/super-evro-kvartira-arenda-dolgosrochnaya-ID4enfo.html,,,,,,,,4enfo,12,mirzo-ulugbek
Супер евро квартира аренда долгосрочная,https://www.olx.uz/d/obyavlenie/super-evro-kvartira-arenda-dolgosrochnaya-ID4enfo.html,1 700 у.е.,1700.0,у.е,,,,,4enfo,12,mirzo-ulugbek
,https://www.olx.uz/d/obyavlenie/sdaetsya-uyutnaya-kvartira-v-sovremennom-stile-loft-ID3P3dO.html,,,,,,,,3P3dO,12,mirzo-ulugbek
Сдаётся уютная квартира в современном стиле LOFT,https://www.olx.uz/d/obyavlenie/sdaetsya-uyutnaya-kvartira-v-sovremennom-stile-loft-ID3P3dO.html,800 у.е.,800.0,у.е,,,,,3P3dO,12,mirzo-ulugbek
,https://www.olx.uz/d/obyavlenie/oila-uchun-4-xonali-dom-ID4eOtK.html,,,,,,,,4eOtK,12,mirzo-ulugbek
Oila uchun 4 xonali dom,https://www.olx.uz/d/obyavlenie/oila-uchun-4-xonali-dom-ID4eOtK.html,700 у.е.,700.0,у.е,,,,,4eOtK,12,mirzo-ulugbek
,https://www.olx.uz/d/obyavlenie/novomoskovskaya-4-komnt-a-sdaetsya-bezuprechnaya-kvartira-v-novostroyke-ID3U89C.html,,,,,,,,3U89C,12,mirzo-ulugbek
Новомосковская 4 комнт а Сдаётся безупречная квартира в новостройке,https://www.olx.uz/d/obyavlenie/novomoskovskaya-4-komnt-a-sdaetsya-bezuprechnaya-kvartira-v-novostroyke-ID3U89C.html,1 500 у.е. Договорная,1500.0,у.е,,,,,3U89C,12,mirzo-ulugbek
,https://www.olx.uz/d/obyavlenie/arenda-zhk-oz-makon-2-10-14-ID4enRP.html,,,,,,,,4enRP,12,mirzo-ulugbek
Аренда Жк Oz Makon 2/10/14,https://www.olx.uz/d/obyavlenie/arenda-zhk-oz-makon-2-10-14-ID4enRP.html,900 у.е.,900.0,у.е,,,,,4enRP,12,mirzo-ulugbek
,https://www.olx.uz/d/obyavlenie/sdaetsya-kvartira-na-ul-parkentskom-ID3BPJI.html,,,,,,,,3BPJI,12,mirzo-ulugbek
Сдаётся квартира на ул. Паркентском‼️,https://www.olx.uz/d/obyavlenie/sdaetsya-kvartira-na-ul-parkentskom-ID3BPJI.html,700 у.е.,700.0,у.е,,,,,3BPJI,12,mirzo-ulugbek
,https://www.olx.uz/d/obyavlenie/sdaetsya-kvartira-v-akay-city-s-shikarnym-vidom-na-gorod-ID39R4p.html,,,,,,,,39R4p,12,mirzo-ulugbek
сдается квартира в AKAY CITY с шикарным видом на город,https://www.olx.uz/d/obyavlenie/sdaetsya-kvartira-v-akay-city-s-shikarnym-vidom-na-gorod-ID39R4p.html,2 000 у.е.,2000.0,у.е,,,,,39R4p,12,mirzo-ulugbek
,https://www.olx.uz/d/obyavlenie/sdaetsya-3-6-8-zhk-novomoskovskaya-ID3AigD.html,,,,,,,,3AigD,12,mirzo-ulugbek
Сдается 3-6-8 ЖК Новомосковская !!!,https://www.olx.uz/d/obyavlenie/sdaetsya-3-6-8-zhk-novomoskovskaya-ID3AigD.html,1 600 у.е.,1600.0,у.е,,,,,3AigD,12,mirzo-ulugbek
,https://www.olx.uz/d/obyavlenie/sdaetsya-kvartira-na-mirzo-ulugbekskom-rayone-ID3FIkO.html,,,,,,,,3FIkO,12,mirzo-ulugbek
Сдаётся квартира на Мирзо-Улугбекском районе‼️,https://www.olx.uz/d/obyavlenie/sdaetsya-kvartira-na-mirzo-ulugbekskom-rayone-ID3FIkO.html,650 у.е.,650.0,у.е,,,,,3FIkO,12,mirzo-ulugbek
,https://www.olx.uz/d/obyavlenie/sdaetsya-kvartira-na-akay-siti-ID38vIh.html,,,,,,,,38vIh,12,mirzo-ulugbek
Сдается квартира на Акай сити,https://www.olx.uz/d/obyavlenie/sdaetsya-kvartira-na-akay-siti-ID38vIh.html,1 400 у.е.,1400.0,у.е,,,,,38vIh,12,mirzo-ulugbek
,https://www.olx.uz/d/obyavlenie/sdaetsya-kvartira-ID33uzd.html,,,,,,,,33uzd,12,mirzo-ulugbek
Сдается  квартира,https://www.olx.uz/d/obyavlenie/sdaetsya-kvartira-ID33uzd.html,850 у.е.,850.0,у.е,,,,,33uzd,12,mirzo-ulugbek
,https://www.olx.uz/d/obyavlenie/sdaetsya-v-arendu-kvartira-ID3KrI5.html,,,,,,,,3KrI5,12,mirzo-ulugbek
Сдаётся в аренду  квартира,https://www.olx.uz/d/obyavlenie/sdaetsya-v-arendu-kvartira-ID3KrI5.html,700 у.е.,700.0,у.е,,,,,3KrI5,12,mirzo-ulugbek
,https://www.olx.uz/d/obyavlenie/arenda-parkentiski-navastroyka-ID3huk4.html,,,,,,,,3huk4,12,mirzo-ulugbek
Аренда паркентиски навастройка,https://www.olx.uz/d/obyavlenie/arenda-parkentiski-navastroyka-ID3huk4.html,550 у.е.,550.0,у.е,,,,,3huk4,12,mirzo-ulugbek
,https://www.olx.uz/d/obyavlenie/ttz-1-1-xona-kv-ijaraga-beriladi-oilaga-uzoq-muddatga-ID4f9TD.html,,,,,,,,4f9TD,12,mirzo-ulugbek
TTZ 1   1 xona kv ijaraga beriladi oilaga uzoq muddatga,https://www.olx.uz/d/obyavlenie/ttz-1-1-xona-kv-ijaraga-beriladi-oilaga-uzoq-muddatga-ID4f9TD.html,300 у.е.,300.0,у.е,,,,,4f9TD,12,mirzo-ulugbek
,https://www.olx.uz/d/obyavlenie/sdaetsya-v-arendu-1-komnatnaya-kvartira-na-ttz-ID49hKd.html,,,,,,,,49hKd,12,mirzo-ulugbek
Сдаётся в аренду 1 комнатная  квартира на ТТЗ,https://www.olx.uz/d/obyavlenie/sdaetsya-v-arendu-1-komnatnaya-kvartira-na-ttz-ID49hKd.html,300 у.е.,300.0,у.е,,,,,49hKd,12,mirzo-ulugbek
,https://www.olx.uz/d/obyavlenie/novostroyka-ttz-2-2h-80m-ID4f4wu.html,,,,,,,,4f4wu,12,mirzo-ulugbek
Новостройка Ттз-2  2х 80м²,https://www.olx.uz/d/obyavlenie/novostroyka-ttz-2-2h-80m-ID4f4wu.html,700 у.е.,700.0,у.е,,,,,4f4wu,12,mirzo-ulugbek
,https://www.olx.uz/d/obyavlenie/arenda-ga-beraman-yunsabot-14-kv-bohodir-navastroyka-1-hona-3-etaj-ID4eNAS.html,,,,,,,,4eNAS,12,mirzo-ulugbek
ARENDA ga beraman yunsabot 14 kv bohodir navastroyka 1 hona 3 etaj,https://www.olx.uz/d/obyavlenie/arenda-ga-beraman-yunsabot-14-kv-bohodir-navastroyka-1-hona-3-etaj-ID4eNAS.html,600 у.е. Договорная,600.0,у.е,,,,,4eNAS,12,mirzo-ulugbek
,https://www.olx.uz/d/obyavlenie/zhk-akay-city-ul-kary-niyazi-ID4enPV.html,,,,,,,,4enPV,12,mirzo-ulugbek
ЖК Akay City ул Кары Ниязи,https://www.olx.uz/d/obyavlenie/zhk-akay-city-ul-kary-niyazi-ID4enPV.html,1 150 у.е.,1150.0,у.е,,,,,4enPV,12,mirzo-ulugbek
,https://www.olx.uz/d/obyavlenie/sdaetsya-na-shastri-4h-komnat-ID2Mm0q.html,,,,,,,,2Mm0q,12,mirzo-ulugbek
Сдается На Шастри 4х комнат,https://www.olx.uz/d/obyavlenie/sdaetsya-na-shastri-4h-komnat-ID2Mm0q.html,700 у.е.,700.0,у.е,,,,,2Mm0q,12,mirzo-ulugbek
,https://www.olx.uz/d/obyavlenie/sdaetsya-na-sadyka-azimova-3-3-9-ID1Hhyr.html,,,,,,,,1Hhyr,12,mirzo-ulugbek
Сдается на Садыка Азимова 3/3/9,https://www.olx.uz/d/obyavlenie/sdaetsya-na-sadyka-azimova-3-3-9-ID1Hhyr.html,750 у.е. Договорная,750.0,у.е,,,,,1Hhyr,12,mirzo-ulugbek
,https://www.olx.uz/d/obyavlenie/sdaetsya-kvartira-na-novomoskovskoy-ID34ZOa.html,,,,,,,,34ZOa,12,mirzo-ulugbek
Сдаётся квартира на Новомосковской,https://www.olx.uz/d/obyavlenie/sdaetsya-kvartira-na-novomoskovskoy-ID34ZOa.html,650 у.е.,650.0,у.е,,,,,34ZOa,12,mirzo-ulugbek
,https://www.olx.uz/d/obyavlenie/mirzo-ulugbek-rayon-tsentr-lucharski-y-3-2-4-or-turoe-bank-ID4dZcO.html,,,,,,,,4dZcO,12,mirzo-ulugbek
Мирзо Улугбек район центр лучарски й 3/2/4  ор турое Банк,https://www.olx.uz/d/obyavlenie/mirzo-ulugbek-rayon-tsentr-lucharski-y-3-2-4-or-turoe-bank-ID4dZcO.html,600 у.е.,600.0,у.е,,,,,4dZcO,12,mirzo-ulugbek
,https://www.olx.uz/d/obyavlenie/srochno-arenda-kvartiry-maksim-gorkiy-ID4e2Kb.html,,,,,,,,4e2Kb,12,mirzo-ulugbek
Срочно аренда квартиры максим горький,https://www.olx.uz/d/obyavlenie/srochno-arenda-kvartiry-maksim-gorkiy-ID4e2Kb.html,350 у.е.,350.0,у.е,,,,,4e2Kb,12,mirzo-ulugbek
,https://www.olx.uz/d/obyavlenie/srochno-sdaetsya-kvartira-metro-buyuk-ipak-yuli-hudozhnik-3-komn-evro-remo-ID4fbbc.html,,,,,,,,4fbbc,12,mirzo-ulugbek
Срочно Сдаётся квартира метро Буюк Ипак Йули художник 3-комн евро ремо,https://www.olx.uz/d/obyavlenie/srochno-sdaetsya-kvartira-metro-buyuk-ipak-yuli-hudozhnik-3-komn-evro-remo-ID4fbbc.html,750 у.е. Договорная,750.0,у.е,,,,,4fbbc,12,mirzo-ulugbek
,https://www.olx.uz/d/obyavlenie/ul-mahtumkuli-orientir-aviator-ID4enO7.html,,,,,,,,4enO7,12,mirzo-ulugbek
Ул махтумкули ориентир Авиатор,https://www.olx.uz/d/obyavlenie/ul-mahtumkuli-orientir-aviator-ID4enO7.html,500 у.е.,500.0,у.е,,,,,4enO7,12,mirzo-ulugbek
,https://www.olx.uz/d/obyavlenie/srochno-sdaetsya-kvartira-novomoskovskaya-ID4eMWO.html,,,,,,,,4eMWO,12,mirzo-ulugbek
Срочно сдается квартира Новомосковская,https://www.olx.uz/d/obyavlenie/srochno-sdaetsya-kvartira-novomoskovskaya-ID4eMWO.html,700 у.е.,700.0,у.е,,,,,4eMWO,12,mirzo-ulugbek
,https://www.olx.uz/d/obyavlenie/arenda-zhk-nikitina-ID47kqw.html,,,,,,,,47kqw,12,mirzo-ulugbek
Аренда ЖК.Никитина,https://www.olx.uz/d/obyavlenie/arenda-zhk-nikitina-ID47kqw.html,850 у.е.,850.0,у.е,,,,,47kqw,12,mirzo-ulugbek
,https://www.olx.uz/d/obyavlenie/srochno-arenda-svoya-kv-dlya-inostrantsev-parkentskiy-shastri-3-1-4-ID4bRti.html,,,,,,,,4bRti,12,mirzo-ulugbek
"//Срочно аренда! Своя кв, для иностранцев Паркентский, Шастри 3/1/4",https://www.olx.uz/d/obyavlenie/srochno-arenda-svoya-kv-dlya-inostrantsev-parkentskiy-shastri-3-1-4-ID4bRti.html,780 у.е. Договорная,780.0,у.е,,,,,4bRti,12,mirzo-ulugbek
,https://www.olx.uz/d/obyavlenie/sdaetsya-2-1-5-eko-bazar-buz-2-or-r-49-shkola-chitayte-vnimatelno-ID4f4zY.html,,,,,,,,4f4zY,12,mirzo-ulugbek
"Сдаётся 2/1/5, ЭКО базар, Буз 2, ор-р 49 школа! ЧИТАЙТЕ  ВНИМАТЕЛЬНО !",https://www.olx.uz/d/obyavlenie/sdaetsya-2-1-5-eko-bazar-buz-2-or-r-49-shkola-chitayte-vnimatelno-ID4f4zY.html,400 у.е.,400.0,у.е,,,,,4f4zY,12,mirzo-ulugbek
,https://www.olx.uz/d/obyavlenie/arenda-kvartira-maksim-gorkiy-ID42b3i.html,,,,,,,,42b3i,12,mirzo-ulugbek
Аренда квартира максим горький,https://www.olx.uz/d/obyavlenie/arenda-kvartira-maksim-gorkiy-ID42b3i.html,350 у.е.,350.0,у.е,,,,,42b3i,12,mirzo-ulugbek
,https://www.olx.uz/d/obyavlenie/sdaetsya-hamida-alimdzhana-2-4-9-ID1I6yw.html,,,,,,,,1I6yw,12,mirzo-ulugbek
Сдается Хамида Алимджана 2/4/9,https://www.olx.uz/d/obyavlenie/sdaetsya-hamida-alimdzhana-2-4-9-ID1I6yw.html,1 200 у.е.,1200.0,у.е,,,,,1I6yw,12,mirzo-ulugbek
,https://www.olx.uz/d/obyavlenie/sdaetsya-novostroyka-ulitsa-sayram-metro-b-i-y-3-komn-75m2-avtorskiy-rem-ID4ckyQ.html,,,,,,,,4ckyQ,12,mirzo-ulugbek
Сдается новостройка улица Сайрам метро Б.И.Й 3-комн 75м2 авторский рем,https://www.olx.uz/d/obyavlenie/sdaetsya-novostroyka-ulitsa-sayram-metro-b-i-y-3-komn-75m2-avtorskiy-rem-ID4ckyQ.html,1 200 у.е. Договорная,1200.0,у.е,,,,,4ckyQ,12,mirzo-ulugbek
,https://www.olx.uz/d/obyavlenie/srochno-sdaetsya-novostroyka-zhk-nrg-mirzo-ulugbek-sayram-3-komn-avtorski-ID4cDiJ.html,,,,,,,,4cDiJ,12,mirzo-ulugbek
Срочно сдаётся Новостройка жк nrg Mirzo-Ulugbek Sayram 3-комн авторски,https://www.olx.uz/d/obyavlenie/srochno-sdaetsya-novostroyka-zhk-nrg-mirzo-ulugbek-sayram-3-komn-avtorski-ID4cDiJ.html,1 200 у.е. Договорная,1200.0,у.е,,,,,4cDiJ,12,mirzo-ulugbek
,https://www.olx.uz/d/obyavlenie/sdaetsya-kvartira-na-m-feruza-ID47Ieu.html,,,,,,,,47Ieu,12,mirzo-ulugbek
Сдаётся Квартира на м. Феруза,https://www.olx.uz/d/obyavlenie/sdaetsya-kvartira-na-m-feruza-ID47Ieu.html,950 у.е.,950.0,у.е,,,,,47Ieu,12,mirzo-ulugbek
,https://www.olx.uz/d/obyavlenie/arenda-zhk-infinity-ID3S6eP.html,,,,,,,,3S6eP,12,mirzo-ulugbek
Аренда ЖК “Infinity”,https://www.olx.uz/d/obyavlenie/arenda-zhk-infinity-ID3S6eP.html,3 000 у.е.,3000.0,у.е,,,,,3S6eP,12,mirzo-ulugbek
,https://www.olx.uz/d/obyavlenie/ttz-1-1-xona-kv-ijaraga-beriladi-oilaga-uzoq-muddatga-ID4f9TD.html,,,,,,,,4f9TD,12,mirzo-ulugbek
TTZ 1   1 xona kv ijaraga beriladi oilaga uzoq muddatga,https://www.olx.uz/d/obyavlenie/ttz-1-1-xona-kv-ijaraga-beriladi-oilaga-uzoq-muddatga-ID4f9TD.html,300 у.е.,300.0,у.е,,,,,4f9TD,12,mirzo-ulugbek
,https://www.olx.uz/d/obyavlenie/arenda-1-3-3-akadem-gorodok-ul-magrur-novostroyka-ID4fb8B.html,,,,,,,,4fb8B,12,mirzo-ulugbek
"Аренда 1/3/3,Академ городок, ул. Магрур! Новостройка !",https://www.olx.uz/d/obyavlenie/arenda-1-3-3-akadem-gorodok-ul-magrur-novostroyka-ID4fb8B.html,300 у.е.,300.0,у.е,,,,,4fb8B,12,mirzo-ulugbek
,https://www.olx.uz/d/obyavlenie/arenda-3-1-4-sanatoriy-turon-ID4eMT8.html,,,,,,,,4eMT8,12,mirzo-ulugbek
Аренда 3/1/4 санаторий турон,https://www.olx.uz/d/obyavlenie/arenda-3-1-4-sanatoriy-turon-ID4eMT8.html,300 у.е.,300.0,у.е,,,,,4eMT8,12,mirzo-ulugbek
,https://www.olx.uz/d/obyavlenie/sdaetsya-v-arendu-na-parkentskom-4-x-komnatnaya-ploschad-82-kv-m-1100-ID4eCdt.html,,,,,,,,4eCdt,12,mirzo-ulugbek
"Сдаётся в аренду на Паркентском, 4-x комнатная,площадь — 82 кв.м.1100$",https://www.olx.uz/d/obyavlenie/sdaetsya-v-arendu-na-parkentskom-4-x-komnatnaya-ploschad-82-kv-m-1100-ID4eCdt.html,1 100 у.е. Договорная,1100.0,у.е,,,,,4eCdt,12,mirzo-ulugbek
,https://www.olx.uz/d/obyavlenie/sdaetsya-kvartira-ts1-3-komnaty-ID4f6P9.html,,,,,,,,4f6P9,12,mirzo-ulugbek
Сдается квартира Ц1 3 комнаты,https://www.olx.uz/d/obyavlenie/sdaetsya-kvartira-ts1-3-komnaty-ID4f6P9.html,1 200 у.е. Договорная,1200.0,у.е,,,,,4f6P9,12,mirzo-ulugbek
,https://www.olx.uz/d/obyavlenie/arenda-kvartira-student-qizga-ID4eCD1.html,,,,,,,,4eCD1,12,mirzo-ulugbek
Arenda kvartira student qizga,https://www.olx.uz/d/obyavlenie/arenda-kvartira-student-qizga-ID4eCD1.html,400 000 сум,400000.0,сум,,,,,4eCD1,12,mirzo-ulugbek
,https://www.olx.uz/d/obyavlenie/arenda-inostrantsam-v-zhk-akay-city-2-15-21-2486-ID3QBNk.html,,,,,,,,3QBNk,12,mirzo-ulugbek
"Аренда Иностранцам в ЖК ""Akay City"" 2/15/21. №2486",https://www.olx.uz/d/obyavlenie/arenda-inostrantsam-v-zhk-akay-city-2-15-21-2486-ID3QBNk.html,1 000 у.е.,1000.0,у.е,,,,,3QBNk,12,mirzo-ulugbek
,https://www.olx.uz/d/obyavlenie/arenda-parkentskiy-novastroyka-3-kom-5-etazh-9-etazhka-vse-est-foto-real-ID4dZ6w.html,,,,,,,,4dZ6w,12,mirzo-ulugbek
Аренда Паркентский новастройка 3 ком 5 этаж 9 этажка все ест фото реал,https://www.olx.uz/d/obyavlenie/arenda-parkentskiy-novastroyka-3-kom-5-etazh-9-etazhka-vse-est-foto-real-ID4dZ6w.html,700 у.е.,700.0,у.е,,,,,4dZ6w,12,mirzo-ulugbek
,https://www.olx.uz/d/obyavlenie/kvartira-tashkent-ID4ejys.html,,,,,,,,4ejys,12,mirzo-ulugbek
Квартира Ташкент,https://www.olx.uz/d/obyavlenie/kvartira-tashkent-ID4ejys.html,300 у.е.,300.0,у.е,,,,,4ejys,12,mirzo-ulugbek
,https://www.olx.uz/d/obyavlenie/bolshaya-treh-komnatnaya-kvartira-zhdet-vas-3-6-8-parkentskiy-or-r-makro-ID3zQ8U.html,,,,,,,,3zQ8U,12,mirzo-ulugbek
Большая трёх комнатная квартира ждёт вас/3/6/8/Паркентский/Ор-р Макро,https://www.olx.uz/d/obyavlenie/bolshaya-treh-komnatnaya-kvartira-zhdet-vas-3-6-8-parkentskiy-or-r-makro-ID3zQ8U.html,700 у.е. Договорная,700.0,у.е,,,,,3zQ8U,12,mirzo-ulugbek
,https://www.olx.uz/d/obyavlenie/arenda-ts1-orientir-ekopark-12-kom-3-etazh-4-etazhka-vse-est-foto-realno-ID4dZ5j.html,,,,,,,,4dZ5j,12,mirzo-ulugbek
Аренда Ц1 ориентир Экопарк 1*2 ком 3 этаж 4 этажка все ест фото реално,https://www.olx.uz/d/obyavlenie/arenda-ts1-orientir-ekopark-12-kom-3-etazh-4-etazhka-vse-est-foto-realno-ID4dZ5j.html,750 у.е.,750.0,у.е,,,,,4dZ5j,12,mirzo-ulugbek
,https://www.olx.uz/d/obyavlenie/sdaetsya-3-komnatnaya-kv-v-mirzo-ulugbek-rayone-zhk-silk-way-buz-bazar-ID4eMQz.html,,,,,,,,4eMQz,12,mirzo-ulugbek
Сдается 3-комнатная кв в Мирзо-улугбек районе ЖК Silk way  | Буз Базар,https://www.olx.uz/d/obyavlenie/sdaetsya-3-komnatnaya-kv-v-mirzo-ulugbek-rayone-zhk-silk-way-buz-bazar-ID4eMQz.html,1 800 у.е.,1800.0,у.е,,,,,4eMQz,12,mirzo-ulugbek
,https://www.olx.uz/d/obyavlenie/057-srochno-sdaetsya-2-h-komnatnaya-kvartira-na-parkentskom-ID3dvft.html,,,,,,,,3dvft,12,mirzo-ulugbek
(057) Срочно сдается 2-х комнатная квартира на Паркентском,https://www.olx.uz/d/obyavlenie/057-srochno-sdaetsya-2-h-komnatnaya-kvartira-na-parkentskom-ID3dvft.html,550 у.е. Договорная,550.0,у.е,,,,,3dvft,12,mirzo-ulugbek
,https://www.olx.uz/d/obyavlenie/srochno-sdaetsya-3-kom-4-9-na-maksim-gorkogo-or-r-chayhana-salom-ID3aYeM.html,,,,,,,,3aYeM,12,mirzo-ulugbek
Срочно сдаётся 3 ком/4/9 на Максим Горького Ор-р Чайхана Салом,https://www.olx.uz/d/obyavlenie/srochno-sdaetsya-3-kom-4-9-na-maksim-gorkogo-or-r-chayhana-salom-ID3aYeM.html,650 у.е. Договорная,650.0,у.е,,,,,3aYeM,12,mirzo-ulugbek
,https://www.olx.uz/d/obyavlenie/sdaetsya-v-arendu-na-parkentskom-evro-3kom-1-5-ID372Pa.html,,,,,,,,372Pa,12,mirzo-ulugbek
Сдаётся в Аренду на Паркентском Евро 3ком/1/5,https://www.olx.uz/d/obyavlenie/sdaetsya-v-arendu-na-parkentskom-evro-3kom-1-5-ID372Pa.html,600 у.е.,600.0,у.е,,,,,372Pa,12,mirzo-ulugbek
,https://www.olx.uz/d/obyavlenie/sdam-novenkuyu-2kom-2-9-na-parkentskom-zhk-parkent-avenue-ID3EfOA.html,,,,,,,,3EfOA,12,mirzo-ulugbek
Сдам новенькую 2ком/2/9 на Паркентском (ЖК Parkent Avenue),https://www.olx.uz/d/obyavlenie/sdam-novenkuyu-2kom-2-9-na-parkentskom-zhk-parkent-avenue-ID3EfOA.html,550 у.е.,550.0,у.е,,,,,3EfOA,12,mirzo-ulugbek
,https://www.olx.uz/d/obyavlenie/arenda-zhk-infinity-ID3S6eP.html,,,,,,,,3S6eP,12,mirzo-ulugbek
Аренда ЖК “Infinity”,https://www.olx.uz/d/obyavlenie/arenda-zhk-infinity-ID3S6eP.html,3 000 у.е.,3000.0,у.е,,,,,3S6eP,12,mirzo-ulugbek
,https://www.olx.uz/d/obyavlenie/mahtumkuli-mahtumkuli-sdaetsya-2h-kom-ya-kvartira-posle-remonta-ID44kom.html,,,,,,,,44kom,12,mirzo-ulugbek
Махтумкули (Mahtumkuli) Сдаётся 2х ком-я Квартира после ремонта.,https://www.olx.uz/d/obyavlenie/mahtumkuli-mahtumkuli-sdaetsya-2h-kom-ya-kvartira-posle-remonta-ID44kom.html,600 у.е.,600.0,у.е,,,,,44kom,12,mirzo-ulugbek
,https://www.olx.uz/d/obyavlenie/srochno-sdaetsya-1-3-9-metro-h-alimzhana-ID4eITd.html,,,,,,,,4eITd,12,mirzo-ulugbek
срочно сдается 1/3/9 метро Х.Алимжана,https://www.olx.uz/d/obyavlenie/srochno-sdaetsya-1-3-9-metro-h-alimzhana-ID4eITd.html,550 у.е.,550.0,у.е,,,,,4eITd,12,mirzo-ulugbek
,https://www.olx.uz/d/obyavlenie/sdaetsya-kvartira-v-arendu-50-kv-m-parkentskiy-nikto-ne-zhil-novuyu-ID4fa7S.html,,,,,,,,4fa7S,12,mirzo-ulugbek
"Сдаётся квартира в Аренду 50-кв.м ( Паркентский ) НИКТО НЕ ЖИЛ, новую",https://www.olx.uz/d/obyavlenie/sdaetsya-kvartira-v-arendu-50-kv-m-parkentskiy-nikto-ne-zhil-novuyu-ID4fa7S.html,600 у.е.,600.0,у.е,,,,,4fa7S,12,mirzo-ulugbek
,https://www.olx.uz/d/obyavlenie/arenda-kvartira-eko-bozor-novostroyka-375-ID4eMPS.html,,,,,,,,4eMPS,12,mirzo-ulugbek
Аренда Квартира Эко Бозор Новостройка 375$,https://www.olx.uz/d/obyavlenie/arenda-kvartira-eko-bozor-novostroyka-375-ID4eMPS.html,375 у.е.,375.0,у.е,,,,,4eMPS,12,mirzo-ulugbek
,https://www.olx.uz/d/obyavlenie/l2sdam-2h-kom-kv-novostroyka-tsentr-maksim-gorkiy-biy-nrzhmirzo-ulugbek-ID45cuB.html,,,,,,,,45cuB,12,mirzo-ulugbek
L2Сдам 2х ком кв НОВОСТРОЙКА центр Максим Горький БИЙ НРЖМирзо-Улугбек,https://www.olx.uz/d/obyavlenie/l2sdam-2h-kom-kv-novostroyka-tsentr-maksim-gorkiy-biy-nrzhmirzo-ulugbek-ID45cuB.html,500 у.е. Договорная,500.0,у.е,,,,,45cuB,12,mirzo-ulugbek
,https://www.olx.uz/d/obyavlenie/arenda-3-komnatnaya-vse-est-eko-bazar-ginekologiya-feruza-ID4fb2c.html,,,,,,,,4fb2c,12,mirzo-ulugbek
Аренда 3 комнатная Всё есть Эко базар Гинекология Феруза,https://www.olx.uz/d/obyavlenie/arenda-3-komnatnaya-vse-est-eko-bazar-ginekologiya-feruza-ID4fb2c.html,600 у.е. Договорная,600.0,у.е,,,,,4fb2c,12,mirzo-ulugbek
,https://www.olx.uz/d/obyavlenie/sdaetsya-kvartira-na-darhane-2-15-18-ID4dZ2C.html,,,,,,,,4dZ2C,12,mirzo-ulugbek
Сдаётся квартира на Дархане!!! 2/15/18,https://www.olx.uz/d/obyavlenie/sdaetsya-kvartira-na-darhane-2-15-18-ID4dZ2C.html,550 у.е.,550.0,у.е,,,,,4dZ2C,12,mirzo-ulugbek
,https://www.olx.uz/d/obyavlenie/srochno-arenda-darhan-2-kom-ID4fb33.html,,,,,,,,4fb33,12,mirzo-ulugbek
Срочно Аренда Дархан 2 ком,https://www.olx.uz/d/obyavlenie/srochno-arenda-darhan-2-kom-ID4fb33.html,900 у.е. Договорная,900.0,у.е,,,,,4fb33,12,mirzo-ulugbek
,https://www.olx.uz/d/obyavlenie/sdaetsya-kvartira-mirza-ulugbekskom-rayone-rayone-ayti-park-novyy-ID4dqJb.html,,,,,,,,4dqJb,12,mirzo-ulugbek
Сдаётся квартира Мирза Улугбекском районе районе Айти парк новый,https://www.olx.uz/d/obyavlenie/sdaetsya-kvartira-mirza-ulugbekskom-rayone-rayone-ayti-park-novyy-ID4dqJb.html,700 у.е.,700.0,у.е,,,,,4dqJb,12,mirzo-ulugbek
,https://www.olx.uz/d/obyavlenie/arenda-kvartiry-1-komnatnaya-vozle-botanicheskiy-sad-zhk-botanika-ID4eMOz.html,,,,,,,,4eMOz,12,mirzo-ulugbek
Аренда квартиры 1-комнатная возле ботанический сад | ЖК Ботаника,https://www.olx.uz/d/obyavlenie/arenda-kvartiry-1-komnatnaya-vozle-botanicheskiy-sad-zhk-botanika-ID4eMOz.html,650 у.е.,650.0,у.е,,,,,4eMOz,12,mirzo-ulugbek
,https://www.olx.uz/d/obyavlenie/arendaga-navastroyka-kvartira-bollarga-izlarga-oylaga-mirzo-ulubek-r-ID4enCs.html,,,,,,,,4enCs,12,mirzo-ulugbek
Арендага навастройка квартира болларга қизларга ойлага Мирзо Улуғбек р,https://www.olx.uz/d/obyavlenie/arendaga-navastroyka-kvartira-bollarga-izlarga-oylaga-mirzo-ulubek-r-ID4enCs.html,400 у.е.,400.0,у.е,,,,,4enCs,12,mirzo-ulugbek
,https://www.olx.uz/d/obyavlenie/sdam-2h-kom-kvartiru-na-novomoskovskoy-zhk-london-ID4eMMU.html,,,,,,,,4eMMU,12,mirzo-ulugbek
Сдам 2х ком квартиру на новомосковской ЖК Лондон,https://www.olx.uz/d/obyavlenie/sdam-2h-kom-kvartiru-na-novomoskovskoy-zhk-london-ID4eMMU.html,1 000 у.е.,1000.0,у.е,,,,,4eMMU,12,mirzo-ulugbek
,https://www.olx.uz/d/obyavlenie/bez-makler-caravan-avenue-navastroyka-2-kom-ID4cElg.html,,,,,,,,4cElg,12,mirzo-ulugbek
Без маклер.  Caravan Avenue навастройка 2 ком.,https://www.olx.uz/d/obyavlenie/bez-makler-caravan-avenue-navastroyka-2-kom-ID4cElg.html,750 у.е. Договорная,750.0,у.е,,,,,4cElg,12,mirzo-ulugbek
,https://www.olx.uz/d/obyavlenie/sdayu-svoyu-1-komn-kvartiru-1-4-5-po-ul-hudozhnikov-ryadom-s-m-buyuk-ipak-ID3NTMl.html,,,,,,,,3NTMl,12,mirzo-ulugbek
Сдаю свою 1-комн. квартиру 1/4/5 по ул.Художников (рядом с м.Буюк Ипак,https://www.olx.uz/d/obyavlenie/sdayu-svoyu-1-komn-kvartiru-1-4-5-po-ul-hudozhnikov-ryadom-s-m-buyuk-ipak-ID3NTMl.html,5 000 000 сум,5000000.0,сум,,,,,3NTMl,12,mirzo-ulugbek
,https://www.olx.uz/d/obyavlenie/arenda-dolgosrochnaya-ID49Gtu.html,,,,,,,,49Gtu,12,mirzo-ulugbek
Аренда долгосрочная,https://www.olx.uz/d/obyavlenie/arenda-dolgosrochnaya-ID49Gtu.html,800 у.е. Договорная,800.0,у.е,,,,,49Gtu,12,mirzo-ulugbek
,https://www.olx.uz/d/obyavlenie/sdaetsya-kv-v-mirzo-ulugbekskom-rayone-metro-pushkin-2-2-9-ID4dYXY.html,,,,,,,,4dYXY,12,mirzo-ulugbek
Сдается КВ в Мирзо Улугбекском районе метро Пушкин!!! 2/2/9,https://www.olx.uz/d/obyavlenie/sdaetsya-kv-v-mirzo-ulugbekskom-rayone-metro-pushkin-2-2-9-ID4dYXY.html,700 у.е.,700.0,у.е,,,,,4dYXY,12,mirzo-ulugbek
,https://www.olx.uz/d/obyavlenie/arenda-kvartira-eko-bozor-300-oilaga-srochno-ID4eMKf.html,,,,,,,,4eMKf,12,mirzo-ulugbek
Аренда Квартира Эко Бозор 300$ оилага срочно,https://www.olx.uz/d/obyavlenie/arenda-kvartira-eko-bozor-300-oilaga-srochno-ID4eMKf.html,300 у.е.,300.0,у.е,,,,,4eMKf,12,mirzo-ulugbek
,https://www.olx.uz/d/obyavlenie/sdaetsya-3-1-4-na-mv-feruza-ID49bYI.html,,,,,,,,49bYI,12,mirzo-ulugbek
Сдаётся 3/1/4 на мв.Феруза,https://www.olx.uz/d/obyavlenie/sdaetsya-3-1-4-na-mv-feruza-ID49bYI.html,550 у.е.,550.0,у.е,,,,,49bYI,12,mirzo-ulugbek
,https://www.olx.uz/d/obyavlenie/2-5-8-metro-buyuk-ipak-yulli-ID4faVZ.html,,,,,,,,4faVZ,12,mirzo-ulugbek
2/5/8 метро Буюк Ипак Йулли,https://www.olx.uz/d/obyavlenie/2-5-8-metro-buyuk-ipak-yulli-ID4faVZ.html,700 у.е. Договорная,700.0,у.е,,,,,4faVZ,12,mirzo-ulugbek
,https://www.olx.uz/d/obyavlenie/sdaetsya-v-arendu-karasu-5-2-8-9-45m-novostroyka-ID4faVT.html,,,,,,,,4faVT,12,mirzo-ulugbek
Сдается в аренду Карасу-5  2/8/9  45м². Новостройка.,https://www.olx.uz/d/obyavlenie/sdaetsya-v-arendu-karasu-5-2-8-9-45m-novostroyka-ID4faVT.html,500 у.е.,500.0,у.е,,,,,4faVT,12,mirzo-ulugbek
,https://www.olx.uz/d/obyavlenie/arenda-ttz-1-3-4-tsena400ue-s-mebelyu-is-tehnikoy-chistaya-semeynym-ID3WFPH.html,,,,,,,,3WFPH,12,mirzo-ulugbek
Аренда Ттз 1/3/4 Цена400уе С Мебелью ИС Техникой Чистая Семейным,https://www.olx.uz/d/obyavlenie/arenda-ttz-1-3-4-tsena400ue-s-mebelyu-is-tehnikoy-chistaya-semeynym-ID3WFPH.html,400 у.е. Договорная,400.0,у.е,,,,,3WFPH,12,mirzo-ulugbek
,https://www.olx.uz/d/obyavlenie/sdaetsya-kvartira-ID2HfAV.html,,,,,,,,2HfAV,12,mirzo-ulugbek
Сдается Квартира,https://www.olx.uz/d/obyavlenie/sdaetsya-kvartira-ID2HfAV.html,800 у.е. Договорная,800.0,у.е,,,,,2HfAV,12,mirzo-ulugbek
,https://www.olx.uz/d/obyavlenie/vip-apartment-for-rent-sdaetsya-evro-kvartira-v-navostroyke-golden-haus-ID2c0YM.html,,,,,,,,2c0YM,12,mirzo-ulugbek
VIP apartment for rent Сдаётся Евро Квартира в Навостройке Голден Хаус,https://www.olx.uz/d/obyavlenie/vip-apartment-for-rent-sdaetsya-evro-kvartira-v-navostroyke-golden-haus-ID2c0YM.html,1 700 у.е. Договорная,1700.0,у.е,,,,,2c0YM,12,mirzo-ulugbek
,https://www.olx.uz/d/obyavlenie/mirzo-ulugbekda-ijaraga-3-xonalik-kvartira-beriladi-tm-oq-saroy-ID4eMI1.html,,,,,,,,4eMI1,12,mirzo-ulugbek
Mirzo Ulugbekda Ijaraga 3 xonalik kvartira beriladi TM Oq Saroy,https://www.olx.uz/d/obyavlenie/mirzo-ulugbekda-ijaraga-3-xonalik-kvartira-beriladi-tm-oq-saroy-ID4eMI1.html,1 200 у.е.,1200.0,у.е,,,,,4eMI1,12,mirzo-ulugbek
,https://www.olx.uz/d/obyavlenie/sdaetsya-2h-na-ts1-ID2L5J9.html,,,,,,,,2L5J9,12,mirzo-ulugbek
Сдается 2х на Ц1,https://www.olx.uz/d/obyavlenie/sdaetsya-2h-na-ts1-ID2L5J9.html,1 300 у.е.,1300.0,у.е,,,,,2L5J9,12,mirzo-ulugbek
,https://www.olx.uz/d/obyavlenie/novomoskovskiy-2h-komnatnaya-4-5-so-vsemi-udobstvami-ID4dRVj.html,,,,,,,,4dRVj,12,mirzo-ulugbek
Новомосковский 2х-комнатная /4/5 со всеми удобствами,https://www.olx.uz/d/obyavlenie/novomoskovskiy-2h-komnatnaya-4-5-so-vsemi-udobstvami-ID4dRVj.html,400 у.е.,400.0,у.е,,,,,4dRVj,12,mirzo-ulugbek
,https://www.olx.uz/d/obyavlenie/arenda-2-2-5-naprotiv-ekobazara-feruza-voenkaseme-vse-est-makler-ID4ez42.html,,,,,,,,4ez42,12,mirzo-ulugbek
Аренда 2/2/5 напротив Экобазара Феруза (военка)Семье.Всё есть Маклер,https://www.olx.uz/d/obyavlenie/arenda-2-2-5-naprotiv-ekobazara-feruza-voenkaseme-vse-est-makler-ID4ez42.html,550 у.е.,550.0,у.е,,,,,4ez42,12,mirzo-ulugbek
,https://www.olx.uz/d/obyavlenie/m-v-yalangach-sdaetsya-2-h-pered-v-3-h-1-etazh-bez-posrednikov-lyuks-ID3M4dw.html,,,,,,,,3M4dw,12,mirzo-ulugbek
"М-в Ялангач, Сдается 2-х, перед в 3-х 1- этаж, без посредников, люкс",https://www.olx.uz/d/obyavlenie/m-v-yalangach-sdaetsya-2-h-pered-v-3-h-1-etazh-bez-posrednikov-lyuks-ID3M4dw.html,8 400 000 сум,8400000.0,сум,,,,,3M4dw,12,mirzo-ulugbek
,https://www.olx.uz/d/obyavlenie/kvartiru-srochno-sdaem-ID1TKqJ.html,,,,,,,,1TKqJ,12,mirzo-ulugbek
квартиру Срочно сдаём,https://www.olx.uz/d/obyavlenie/kvartiru-srochno-sdaem-ID1TKqJ.html,900 у.е. Договорная,900.0,у.е,,,,,1TKqJ,12,mirzo-ulugbek
,https://www.olx.uz/d/obyavlenie/3-2-4-metro-hamida-alimdzhananovomoskovskaya-ID4faUj.html,,,,,,,,4faUj,12,mirzo-ulugbek
3/2/4 метро Хамида Алимджана(Новомосковская,https://www.olx.uz/d/obyavlenie/3-2-4-metro-hamida-alimdzhananovomoskovskaya-ID4faUj.html,700 у.е. Договорная,700.0,у.е,,,,,4faUj,12,mirzo-ulugbek
,https://www.olx.uz/d/obyavlenie/zhk-infiniti-arenda-kvartira-ID4dYSS.html,,,,,,,,4dYSS,12,mirzo-ulugbek
ЖК Инфинити АРЕНДА квартира,https://www.olx.uz/d/obyavlenie/zhk-infiniti-arenda-kvartira-ID4dYSS.html,2 000 у.е.,2000.0,у.е,,,,,4dYSS,12,mirzo-ulugbek
,https://www.olx.uz/d/obyavlenie/sdaetsya-v-dolgosrochnuyu-arendu-svoya-1-v-2-komnatnaya-kvartira-na-ts1-ID3LPVa.html,,,,,,,,3LPVa,12,mirzo-ulugbek
Сдается в долгосрочную аренду своя 1 в 2 комнатная квартира на Ц1,https://www.olx.uz/d/obyavlenie/sdaetsya-v-dolgosrochnuyu-arendu-svoya-1-v-2-komnatnaya-kvartira-na-ts1-ID3LPVa.html,700 у.е.,700.0,у.е,,,,,3LPVa,12,mirzo-ulugbek
,https://www.olx.uz/d/obyavlenie/darhan-2-komnat-arenda-novomoskovskaya-metro-hamid-alimdzhan-foto-real-ID4eMFb.html,,,,,,,,4eMFb,12,mirzo-ulugbek
Дархан 2 комнат АРЕНДА Новомосковская метро Хамид Алимджан ФОТО РЕАЛ,https://www.olx.uz/d/obyavlenie/darhan-2-komnat-arenda-novomoskovskaya-metro-hamid-alimdzhan-foto-real-ID4eMFb.html,500 у.е. Договорная,500.0,у.е,,,,,4eMFb,12,mirzo-ulugbek
,https://www.olx.uz/d/obyavlenie/eko-bazar-1v2-4-7-400-ye-ID4eMF0.html,,,,,,,,4eMF0,12,mirzo-ulugbek
Эко базар 1в2/4/7 400 ye,https://www.olx.uz/d/obyavlenie/eko-bazar-1v2-4-7-400-ye-ID4eMF0.html,400 у.е.,400.0,у.е,,,,,4eMF0,12,mirzo-ulugbek
,https://www.olx.uz/d/obyavlenie/arenda-kvartir-lyuks-remont-svoya-maklerskiy-net-ID4bXmQ.html,,,,,,,,4bXmQ,12,mirzo-ulugbek
Аренда квартир люкс ремонт СВОЯ маклерский нет,https://www.olx.uz/d/obyavlenie/arenda-kvartir-lyuks-remont-svoya-maklerskiy-net-ID4bXmQ.html,550 у.е.,550.0,у.е,,,,,4bXmQ,12,mirzo-ulugbek
,https://www.olx.uz/d/obyavlenie/arenda-kvartiry-v-shayhantahurskom-rayone-zhk-nest-one-3-9-51-ID4faRm.html,,,,,,,,4faRm,12,mirzo-ulugbek
"Аренда квартиры в Шайхантахурском районе,  ЖК Nest One  3/9/51",https://www.olx.uz/d/obyavlenie/arenda-kvartiry-v-shayhantahurskom-rayone-zhk-nest-one-3-9-51-ID4faRm.html,2 400 у.е.,2400.0,у.е,,,,,4faRm,12,mirzo-ulugbek
,https://www.olx.uz/d/obyavlenie/sdaetsya-2h87kv-komn-kvartira-novostroyka-ul-sayram-zhk-silk-vey-ID3Zubo.html,,,,,,,,3Zubo,12,mirzo-ulugbek
"Сдается 2х(87кв) комн. квартира, новостройка, ул. Сайрам, ЖК Силк вей",https://www.olx.uz/d/obyavlenie/sdaetsya-2h87kv-komn-kvartira-novostroyka-ul-sayram-zhk-silk-vey-ID3Zubo.html,900 у.е.,900.0,у.е,,,,,3Zubo,12,mirzo-ulugbek
,https://www.olx.uz/d/obyavlenie/arenda-na-massiv-feruza-2-komnatnaya-kvartira-s-obstanovkoy-ID4eMEf.html,,,,,,,,4eMEf,12,mirzo-ulugbek
Аренда на массив Феруза 2-комнатная квартира с обстановкой,https://www.olx.uz/d/obyavlenie/arenda-na-massiv-feruza-2-komnatnaya-kvartira-s-obstanovkoy-ID4eMEf.html,350 у.е.,350.0,у.е,,,,,4eMEf,12,mirzo-ulugbek
,https://www.olx.uz/d/obyavlenie/it-park-2x-tsokolnyy-etazh-350-ID4f8v6.html,,,,,,,,4f8v6,12,mirzo-ulugbek
It Park 2x цокольный этаж 350,https://www.olx.uz/d/obyavlenie/it-park-2x-tsokolnyy-etazh-350-ID4f8v6.html,350 у.е.,350.0,у.е,,,,,4f8v6,12,mirzo-ulugbek
,https://www.olx.uz/d/obyavlenie/sdaetsya-2h-kom-kvartira-v-zhk-akay-siti-akay-city-ID4d4kY.html,,,,,,,,4d4kY,12,mirzo-ulugbek
Сдаётся 2х ком квартира в Жк Акай Сити ”Akay City”,https://www.olx.uz/d/obyavlenie/sdaetsya-2h-kom-kvartira-v-zhk-akay-siti-akay-city-ID4d4kY.html,700 у.е.,700.0,у.е,,,,,4d4kY,12,mirzo-ulugbek
,https://www.olx.uz/d/obyavlenie/sdaetsya-2h-kom-ya-kvartira-v-zhk-akay-siti-akay-sity-ID44TBQ.html,,,,,,,,44TBQ,12,mirzo-ulugbek
"Сдаётся 2х ком-я квартира в ЖК Акай сити ""Akay Sity""",https://www.olx.uz/d/obyavlenie/sdaetsya-2h-kom-ya-kvartira-v-zhk-akay-siti-akay-sity-ID44TBQ.html,750 у.е.,750.0,у.е,,,,,44TBQ,12,mirzo-ulugbek
,https://www.olx.uz/d/obyavlenie/sdaetsya-v-arendu-2-kom-kvartira-vozle-it-park-20-min-ot-biy-metro-ID4dYPC.html,,,,,,,,4dYPC,12,mirzo-ulugbek
Сдаётся в аренду 2 ком квартира возле IT Park (20 мин от БИЙ метро),https://www.olx.uz/d/obyavlenie/sdaetsya-v-arendu-2-kom-kvartira-vozle-it-park-20-min-ot-biy-metro-ID4dYPC.html,450 у.е.,450.0,у.е,,,,,4dYPC,12,mirzo-ulugbek
,https://www.olx.uz/d/obyavlenie/sdaetsya-kvartira-vozle-metro-buyuk-ipak-yuli-maksim-gorkiy-ID4d4pE.html,,,,,,,,4d4pE,12,mirzo-ulugbek
Сдается квартира возле метро Буюк Ипак Йули (Максим Горький),https://www.olx.uz/d/obyavlenie/sdaetsya-kvartira-vozle-metro-buyuk-ipak-yuli-maksim-gorkiy-ID4d4pE.html,550 у.е. Договорная,550.0,у.е,,,,,4d4pE,12,mirzo-ulugbek
,https://www.olx.uz/d/obyavlenie/arenda-3-4-4-ttz-2-ID4cvVi.html,,,,,,,,4cvVi,12,mirzo-ulugbek
Аренда 3/4/4 ТТЗ-2,https://www.olx.uz/d/obyavlenie/arenda-3-4-4-ttz-2-ID4cvVi.html,500 у.е.,500.0,у.е,,,,,4cvVi,12,mirzo-ulugbek
,https://www.olx.uz/d/obyavlenie/2-komnatnaya-kvartira-arenda-yalangach-tennisnyy-kort-ID4eMAV.html,,,,,,,,4eMAV,12,mirzo-ulugbek
2 комнатная квартира Аренда. Ялангач. Теннисный корт,https://www.olx.uz/d/obyavlenie/2-komnatnaya-kvartira-arenda-yalangach-tennisnyy-kort-ID4eMAV.html,350 у.е.,350.0,у.е,,,,,4eMAV,12,mirzo-ulugbek
,https://www.olx.uz/d/obyavlenie/sdaetsya-2h-komnatnaya-kvartira-maksim-gorkiy-ID4cj3c.html,,,,,,,,4cj3c,12,mirzo-ulugbek
Сдается 2х комнатная квартира Максим Горький,https://www.olx.uz/d/obyavlenie/sdaetsya-2h-komnatnaya-kvartira-maksim-gorkiy-ID4cj3c.html,750 у.е. Договорная,750.0,у.е,,,,,4cj3c,12,mirzo-ulugbek
,https://www.olx.uz/d/obyavlenie/sdaetsya-kvartira-v-tsentre-goroda-ts1-bibigon-eko-park-ID4d4w3.html,,,,,,,,4d4w3,12,mirzo-ulugbek
‼️ Сдается квартира в центре города | Ц1 | Бибигон|Эко парк ‼️,https://www.olx.uz/d/obyavlenie/sdaetsya-kvartira-v-tsentre-goroda-ts1-bibigon-eko-park-ID4d4w3.html,700 у.е.,700.0,у.е,,,,,4d4w3,12,mirzo-ulugbek
,https://www.olx.uz/d/obyavlenie/sdaetsya-v-tsentre-goroda-kvartira-ts-1-zhk-centrado-ID3pby4.html,,,,,,,,3pby4,12,mirzo-ulugbek
Сдается в Центре города квартира! Ц-1 ЖК Centrado!,https://www.olx.uz/d/obyavlenie/sdaetsya-v-tsentre-goroda-kvartira-ts-1-zhk-centrado-ID3pby4.html,1 100 у.е. Договорная,1100.0,у.е,,,,,3pby4,12,mirzo-ulugbek
,https://www.olx.uz/d/obyavlenie/ts-2-novostroyka-sdaetsya-novaya-2-h-komnatnaya-kvartira-ID3vopT.html,,,,,,,,3vopT,12,mirzo-ulugbek
Ц-2 Новостройка! Сдается новая 2-х комнатная квартира!,https://www.olx.uz/d/obyavlenie/ts-2-novostroyka-sdaetsya-novaya-2-h-komnatnaya-kvartira-ID3vopT.html,1 100 у.е. Договорная,1100.0,у.е,,,,,3vopT,12,mirzo-ulugbek
,https://www.olx.uz/d/obyavlenie/arenda-na-biy-3-3-5-ID4faNy.html,,,,,,,,4faNy,12,mirzo-ulugbek
Аренда на БИЙ 3/3/5,https://www.olx.uz/d/obyavlenie/arenda-na-biy-3-3-5-ID4faNy.html,700 у.е.,700.0,у.е,,,,,4faNy,12,mirzo-ulugbek
,https://www.olx.uz/d/obyavlenie/srochno-arenda-shikarnoy-2h-komn-kv-ry-v-elitnom-r-ne-v-tsentre-goroda-ID3Em4u.html,,,,,,,,3Em4u,12,mirzo-ulugbek
СРОЧНО АРЕНДА шикарной 2х комн кв-ры в ЭЛИТНОМ р-не в центре города,https://www.olx.uz/d/obyavlenie/srochno-arenda-shikarnoy-2h-komn-kv-ry-v-elitnom-r-ne-v-tsentre-goroda-ID3Em4u.html,700 у.е. Договорная,700.0,у.е,,,,,3Em4u,12,mirzo-ulugbek
,https://www.olx.uz/d/obyavlenie/metro-maksim-gorkogo-400-metrov-sdaetsya-taunhaus-ot-sobstvennika-ID4eITI.html,,,,,,,,4eITI,12,mirzo-ulugbek
метро Максим Горького 400 метров сдаётся таунхаус от собственника,https://www.olx.uz/d/obyavlenie/metro-maksim-gorkogo-400-metrov-sdaetsya-taunhaus-ot-sobstvennika-ID4eITI.html,500 у.е.,500.0,у.е,,,,,4eITI,12,mirzo-ulugbek
,https://www.olx.uz/d/obyavlenie/sdaetsya-svoya-2-h-komnatnaya-kvartira-65-kv-m-na-parkentskom-rieziy-ID4eviR.html,,,,,,,,4eviR,12,mirzo-ulugbek
Сдается своя 2-х комнатная квартира (65 кв.м) на Паркентском (Риезий),https://www.olx.uz/d/obyavlenie/sdaetsya-svoya-2-h-komnatnaya-kvartira-65-kv-m-na-parkentskom-rieziy-ID4eviR.html,700 у.е.,700.0,у.е,,,,,4eviR,12,mirzo-ulugbek
,https://www.olx.uz/d/obyavlenie/sdayu-svoyu-kvartiru-3-3-5-ID4eYFn.html,,,,,,,,4eYFn,12,mirzo-ulugbek
Сдаю свою квартиру! 3/3/5,https://www.olx.uz/d/obyavlenie/sdayu-svoyu-kvartiru-3-3-5-ID4eYFn.html,1 000 у.е. Договорная,1000.0,у.е,,,,,4eYFn,12,mirzo-ulugbek
,https://www.olx.uz/d/obyavlenie/sdaetsya-komnata-dlya-devushki-ID44Tju.html,,,,,,,,44Tju,12,mirzo-ulugbek
Сдается комната для девушки,https://www.olx.uz/d/obyavlenie/sdaetsya-komnata-dlya-devushki-ID44Tju.html,200 у.е.,200.0,у.е,,,,,44Tju,12,mirzo-ulugbek
,https://www.olx.uz/d/obyavlenie/arenda-maksim-gorkiy-3-7-10-91m-ID4faN5.html,,,,,,,,4faN5,12,mirzo-ulugbek
"Аренда!! Максим горький 3/7/10, 91м²",https://www.olx.uz/d/obyavlenie/arenda-maksim-gorkiy-3-7-10-91m-ID4faN5.html,1 100 у.е.,1100.0,у.е,,,,,4faN5,12,mirzo-ulugbek
,https://www.olx.uz/d/obyavlenie/arenda-2v3-3-4-ttz-1-41-ID4dYLV.html,,,,,,,,4dYLV,12,mirzo-ulugbek
Аренда 2в3/3/4 ТТЗ-1 №41,https://www.olx.uz/d/obyavlenie/arenda-2v3-3-4-ttz-1-41-ID4dYLV.html,400 у.е.,400.0,у.е,,,,,4dYLV,12,mirzo-ulugbek
,https://www.olx.uz/d/obyavlenie/arenda-uyutnoy-kvartiry-v-zhk-darkhan-avenue-2-4-10-id023-ID3E3Hq.html,,,,,,,,3E3Hq,12,mirzo-ulugbek
Аренда уютной квартиры в ЖК Darkhan Avenue 2/4/10 ID023,https://www.olx.uz/d/obyavlenie/arenda-uyutnoy-kvartiry-v-zhk-darkhan-avenue-2-4-10-id023-ID3E3Hq.html,700 у.е. Договорная,700.0,у.е,,,,,3E3Hq,12,mirzo-ulugbek
,https://www.olx.uz/d/obyavlenie/arenda-shikarnoy-2h-komn-kv-y-v-novostroyke-zhk-akay-city-tsentr-goroda-ID3CSFS.html,,,,,,,,3CSFS,12,mirzo-ulugbek
Аренда шикарной 2х комн кв-ы в новостройке ЖК Akay city ЦЕНТР ГОРОДА,https://www.olx.uz/d/obyavlenie/arenda-shikarnoy-2h-komn-kv-y-v-novostroyke-zhk-akay-city-tsentr-goroda-ID3CSFS.html,600 у.е. Договорная,600.0,у.е,,,,,3CSFS,12,mirzo-ulugbek
,https://www.olx.uz/d/obyavlenie/srochno-arenda-v-tsentre-tashkenta-zhk-akay-siti-2h-komn-id026-ID3Dj8M.html,,,,,,,,3Dj8M,12,mirzo-ulugbek
СРОЧНО АРЕНДА в центре Ташкента ЖК Акай сити  2х комн ID026,https://www.olx.uz/d/obyavlenie/srochno-arenda-v-tsentre-tashkenta-zhk-akay-siti-2h-komn-id026-ID3Dj8M.html,650 у.е. Договорная,650.0,у.е,,,,,3Dj8M,12,mirzo-ulugbek
,https://www.olx.uz/d/obyavlenie/kvartira-sdaetsya-na-tsume-ID1Hi89.html,,,,,,,,1Hi89,12,mirzo-ulugbek
КВАРТИРА Сдаётся на ЦУМе,https://www.olx.uz/d/obyavlenie/kvartira-sdaetsya-na-tsume-ID1Hi89.html,600 у.е. Договорная,600.0,у.е,,,,,1Hi89,12,mirzo-ulugbek
,https://www.olx.uz/d/obyavlenie/srochno-kvartira-ID2KVAb.html,,,,,,,,2KVAb,12,mirzo-ulugbek
Срочно квартира,https://www.olx.uz/d/obyavlenie/srochno-kvartira-ID2KVAb.html,1 000 у.е.,1000.0,у.е,,,,,2KVAb,12,mirzo-ulugbek
,https://www.olx.uz/d/obyavlenie/sdaetsya-v-arendu-12-1-5-na-karasu-1-orientir-209-shkola-ID4aDuo.html,,,,,,,,4aDuo,12,mirzo-ulugbek
Сдаётся в Аренду 1(2)/1/5 на Карасу-1 ориентир 209 школа,https://www.olx.uz/d/obyavlenie/sdaetsya-v-arendu-12-1-5-na-karasu-1-orientir-209-shkola-ID4aDuo.html,400 у.е. Договорная,400.0,у.е,,,,,4aDuo,12,mirzo-ulugbek
,https://www.olx.uz/d/obyavlenie/sdaetsya-kvartira-v-m-ulugbekskom-rayone-ID2BUaN.html,,,,,,,,2BUaN,12,mirzo-ulugbek
Сдается квартира в М.Улугбекском районе,https://www.olx.uz/d/obyavlenie/sdaetsya-kvartira-v-m-ulugbekskom-rayone-ID2BUaN.html,900 у.е.,900.0,у.е,,,,,2BUaN,12,mirzo-ulugbek
,https://www.olx.uz/d/obyavlenie/3-komnatnaya-darhan-zhk-london-arenda-kvartiry-ID4f9lL.html,,,,,,,,4f9lL,12,mirzo-ulugbek
3- комнатная Дархан ЖК Лондон - Аренда Квартиры,https://www.olx.uz/d/obyavlenie/3-komnatnaya-darhan-zhk-london-arenda-kvartiry-ID4f9lL.html,1 600 у.е.,1600.0,у.е,,,,,4f9lL,12,mirzo-ulugbek
,https://www.olx.uz/d/obyavlenie/sdaetsya-kvartira-4-3-5-v-arendu-mirzo-ulugbekskiy-rayon-na-karasu-ID4eLJU.html,,,,,,,,4eLJU,12,mirzo-ulugbek
Сдаётся квартира 4/3/5 в Аренду Мирзо-Улугбекский район на Карасу,https://www.olx.uz/d/obyavlenie/sdaetsya-kvartira-4-3-5-v-arendu-mirzo-ulugbekskiy-rayon-na-karasu-ID4eLJU.html,700 у.е.,700.0,у.е,,,,,4eLJU,12,mirzo-ulugbek
,https://www.olx.uz/d/obyavlenie/arenda-ga-beraman-yunsabot-14-kv-bohodir-navastroyka-1-hona-3-etaj-ID4eNAS.html,,,,,,,,4eNAS,12,mirzo-ulugbek
ARENDA ga beraman yunsabot 14 kv bohodir navastroyka 1 hona 3 etaj,https://www.olx.uz/d/obyavlenie/arenda-ga-beraman-yunsabot-14-kv-bohodir-navastroyka-1-hona-3-etaj-ID4eNAS.html,600 у.е. Договорная,600.0,у.е,,,,,4eNAS,12,mirzo-ulugbek
,https://www.olx.uz/d/obyavlenie/sdaetsya-2h-komnatnaya-kvartira-v-novostroyke-ulitsa-oltintepa-ID4esDD.html,,,,,,,,4esDD,12,mirzo-ulugbek
Сдаётся 2х комнатная квартира  в новостройке улица Олтинтепа,https://www.olx.uz/d/obyavlenie/sdaetsya-2h-komnatnaya-kvartira-v-novostroyke-ulitsa-oltintepa-ID4esDD.html,7 200 000 сум,7200000.0,сум,,,,,4esDD,12,mirzo-ulugbek
,https://www.olx.uz/d/obyavlenie/4-h-komnatnaya-kvartira-v-arendu-ID4faL3.html,,,,,,,,4faL3,12,mirzo-ulugbek
4 х комнатная квартира в аренду,https://www.olx.uz/d/obyavlenie/4-h-komnatnaya-kvartira-v-arendu-ID4faL3.html,1 500 у.е.,1500.0,у.е,,,,,4faL3,12,mirzo-ulugbek
,https://www.olx.uz/d/obyavlenie/srochno-sdaetsya-novostroyka-parkentskiy-3-komnata-avtorskiy-remont-s-me-ID4dYJk.html,,,,,,,,4dYJk,12,mirzo-ulugbek
Срочно Сдаётся Новостройка Паркентский 3-комната авторский ремонт с ме,https://www.olx.uz/d/obyavlenie/srochno-sdaetsya-novostroyka-parkentskiy-3-komnata-avtorskiy-remont-s-me-ID4dYJk.html,700 у.е.,700.0,у.е,,,,,4dYJk,12,mirzo-ulugbek
,https://www.olx.uz/d/obyavlenie/srochno-sdayu-v-arendu-kvartiru-ID3FTdn.html,,,,,,,,3FTdn,12,mirzo-ulugbek
Срочно сдаю в Аренду квартиру!!!,https://www.olx.uz/d/obyavlenie/srochno-sdayu-v-arendu-kvartiru-ID3FTdn.html,700 у.е.,700.0,у.е,,,,,3FTdn,12,mirzo-ulugbek
,https://www.olx.uz/d/obyavlenie/srochno-sdaetsya-evro-kvartira-v-tsentre-goroda-ID2ce67.html,,,,,,,,2ce67,12,mirzo-ulugbek
Срочно Сдаётся Евро Квартира в Центре города,https://www.olx.uz/d/obyavlenie/srochno-sdaetsya-evro-kvartira-v-tsentre-goroda-ID2ce67.html,3 000 у.е. Договорная,3000.0,у.е,,,,,2ce67,12,mirzo-ulugbek
,https://www.olx.uz/d/obyavlenie/sdaetsya-kvartira-sadik-azimova-r333-ID4d9Wi.html,,,,,,,,4d9Wi,12,mirzo-ulugbek
Сдается Квартира Садик Азимова R333,https://www.olx.uz/d/obyavlenie/sdaetsya-kvartira-sadik-azimova-r333-ID4d9Wi.html,650 у.е.,650.0,у.е,,,,,4d9Wi,12,mirzo-ulugbek
,https://www.olx.uz/d/obyavlenie/arenda-kvartira-parkentskiy-zhk-oqsaroy-deluxe-ID4faIb.html,,,,,,,,4faIb,12,mirzo-ulugbek
Аренда квартира Паркентский . ЖК Oqsaroy Deluxe,https://www.olx.uz/d/obyavlenie/arenda-kvartira-parkentskiy-zhk-oqsaroy-deluxe-ID4faIb.html,600 у.е.,600.0,у.е,,,,,4faIb,12,mirzo-ulugbek
,https://www.olx.uz/d/obyavlenie/parkentskiy-novostroyka-sdaetsya-novaya-3-h-komnatnaya-v-tsentre-goroda-ID3EMLS.html,,,,,,,,3EMLS,12,mirzo-ulugbek
Паркентский-Новостройка! Сдается новая 3-х комнатная в центре города!,https://www.olx.uz/d/obyavlenie/parkentskiy-novostroyka-sdaetsya-novaya-3-h-komnatnaya-v-tsentre-goroda-ID3EMLS.html,1 000 у.е. Договорная,1000.0,у.е,,,,,3EMLS,12,mirzo-ulugbek
,https://www.olx.uz/d/obyavlenie/sdaetsya-v-arendu-1v2-3-4-na-m-ve-yalangach-orientir-bazar-ID4enhZ.html,,,,,,,,4enhZ,12,mirzo-ulugbek
Сдаётся в аренду 1в2/3/4 на м-ве Ялангач (Ориентир Базар),https://www.olx.uz/d/obyavlenie/sdaetsya-v-arendu-1v2-3-4-na-m-ve-yalangach-orientir-bazar-ID4enhZ.html,400 у.е.,400.0,у.е,,,,,4enhZ,12,mirzo-ulugbek
,https://www.olx.uz/d/obyavlenie/arenda-kvartira-zhk-darkhon-residence-2-4-9-ID4faH3.html,,,,,,,,4faH3,12,mirzo-ulugbek
Аренда квартира ЖК Darkhon Residence  2/4/9,https://www.olx.uz/d/obyavlenie/arenda-kvartira-zhk-darkhon-residence-2-4-9-ID4faH3.html,800 у.е.,800.0,у.е,,,,,4faH3,12,mirzo-ulugbek
,https://www.olx.uz/d/obyavlenie/parkentskiy-parkentskiy-2h-kom-ya-arenda-dolgiy-srok-ID42loJ.html,,,,,,,,42loJ,12,mirzo-ulugbek
Паркентский (Parkentskiy) 2х ком-я Аренда долгий срок.,https://www.olx.uz/d/obyavlenie/parkentskiy-parkentskiy-2h-kom-ya-arenda-dolgiy-srok-ID42loJ.html,600 у.е.,600.0,у.е,,,,,42loJ,12,mirzo-ulugbek
,https://www.olx.uz/d/obyavlenie/arenda-kvartiry-massiv-ttz-ahmad-yugnakiy-humoyun-feruza-ID4efIy.html,,,,,,,,4efIy,12,mirzo-ulugbek
Аренда квартиры массив ттз Ахмад югнакий хумоюн феруза,https://www.olx.uz/d/obyavlenie/arenda-kvartiry-massiv-ttz-ahmad-yugnakiy-humoyun-feruza-ID4efIy.html,400 у.е.,400.0,у.е,,,,,4efIy,12,mirzo-ulugbek
,https://www.olx.uz/d/obyavlenie/ts-1-arenda-kvartiry-2-4-9-60m2-ID4f8eT.html,,,,,,,,4f8eT,12,mirzo-ulugbek
Ц 1  -  аренда квартиры  - 2/4/9  60м2.,https://www.olx.uz/d/obyavlenie/ts-1-arenda-kvartiry-2-4-9-60m2-ID4f8eT.html,600 у.е. Договорная,600.0,у.е,,,,,4f8eT,12,mirzo-ulugbek
,https://www.olx.uz/d/obyavlenie/ts-1-zhk-centrado-sdaetsya-novaya-kvartira-v-elit-komplekse-ID3qhKs.html,,,,,,,,3qhKs,12,mirzo-ulugbek
Ц-1 Жк Centrado! Сдается новая квартира в элит комплексе!,https://www.olx.uz/d/obyavlenie/ts-1-zhk-centrado-sdaetsya-novaya-kvartira-v-elit-komplekse-ID3qhKs.html,1 000 у.е.,1000.0,у.е,,,,,3qhKs,12,mirzo-ulugbek
,https://www.olx.uz/d/obyavlenie/1v2-3-4-arenda-yalangach-ID4enhO.html,,,,,,,,4enhO,12,mirzo-ulugbek
1в2/3/4 аренда Ялангач,https://www.olx.uz/d/obyavlenie/1v2-3-4-arenda-yalangach-ID4enhO.html,400 у.е.,400.0,у.е,,,,,4enhO,12,mirzo-ulugbek
,https://www.olx.uz/d/obyavlenie/zhk-nrg-m-buyuk-ipak-yuli-ul-sayram-2-komn-1-12-50-m-evroremont-meb-teh-ID4dYDm.html,,,,,,,,4dYDm,12,mirzo-ulugbek
ЖК NRG м.Буюк Ипак Йули ул.Сайрам 2-комн 1/12 50 м² евроремонт меб/тех,https://www.olx.uz/d/obyavlenie/zhk-nrg-m-buyuk-ipak-yuli-ul-sayram-2-komn-1-12-50-m-evroremont-meb-teh-ID4dYDm.html,700 у.е.,700.0,у.е,,,,,4dYDm,12,mirzo-ulugbek
,https://www.olx.uz/d/obyavlenie/arenda-novostroyka-maksim-gorkiy-ID4dYCM.html,,,,,,,,4dYCM,12,mirzo-ulugbek
Аренда новостройка максим горький,https://www.olx.uz/d/obyavlenie/arenda-novostroyka-maksim-gorkiy-ID4dYCM.html,800 у.е.,800.0,у.е,,,,,4dYCM,12,mirzo-ulugbek
,https://www.olx.uz/d/obyavlenie/eko-bazar-feruza-arenda-23-4-5-evroremont-mebel-tehnika-vse-novoe-ID4enef.html,,,,,,,,4enef,12,mirzo-ulugbek
ЭКО базар Феруза Аренда 2*3/4/5 Евроремонт мебель техника всё новое,https://www.olx.uz/d/obyavlenie/eko-bazar-feruza-arenda-23-4-5-evroremont-mebel-tehnika-vse-novoe-ID4enef.html,600 у.е.,600.0,у.е,,,,,4enef,12,mirzo-ulugbek
,https://www.olx.uz/d/obyavlenie/sdam-2h-kom-na-parkentskom-novostroyka-ID4eMs6.html,,,,,,,,4eMs6,12,mirzo-ulugbek
Сдам 2х ком на паркентском новостройка,https://www.olx.uz/d/obyavlenie/sdam-2h-kom-na-parkentskom-novostroyka-ID4eMs6.html,600 у.е.,600.0,у.е,,,,,4eMs6,12,mirzo-ulugbek
,https://www.olx.uz/d/obyavlenie/sdaetsya-kvartira-1-2-4-na-or-r-mirzo-ulugbekskiy-metro-maksim-gorkiy-ID4faC2.html,,,,,,,,4faC2,12,mirzo-ulugbek
Сдаётся квартира 1/2/4 на ор-р Мирзо-Улугбекский Метро Максим Горкий,https://www.olx.uz/d/obyavlenie/sdaetsya-kvartira-1-2-4-na-or-r-mirzo-ulugbekskiy-metro-maksim-gorkiy-ID4faC2.html,400 у.е. Договорная,400.0,у.е,,,,,4faC2,12,mirzo-ulugbek
,https://www.olx.uz/d/obyavlenie/sdaetsya-kvartira-na-maksim-gorkogo-ID3wfbJ.html,,,,,,,,3wfbJ,12,mirzo-ulugbek
Сдаётся квартира на Максим Горького‼️,https://www.olx.uz/d/obyavlenie/sdaetsya-kvartira-na-maksim-gorkogo-ID3wfbJ.html,700 у.е.,700.0,у.е,,,,,3wfbJ,12,mirzo-ulugbek
,https://www.olx.uz/d/obyavlenie/sdaetsya-kvartira-v-tsentre-ID2c1TU.html,,,,,,,,2c1TU,12,mirzo-ulugbek
Сдаётся квартира в центре,https://www.olx.uz/d/obyavlenie/sdaetsya-kvartira-v-tsentre-ID2c1TU.html,650 у.е.,650.0,у.е,,,,,2c1TU,12,mirzo-ulugbek
,https://www.olx.uz/d/obyavlenie/izharaga-3-1-4-massiv-feruza-kafe-sagdiana-3-h-komnatnaya-v-arendu-ID49jGv.html,,,,,,,,49jGv,12,mirzo-ulugbek
Ижарага 3/1/4 массив Феруза кафе Сагдиана 3-х комнатная в аренду,https://www.olx.uz/d/obyavlenie/izharaga-3-1-4-massiv-feruza-kafe-sagdiana-3-h-komnatnaya-v-arendu-ID49jGv.html,550 у.е.,550.0,у.е,,,,,49jGv,12,mirzo-ulugbek
,https://www.olx.uz/d/obyavlenie/sdaetsya-kvartira-v-arendu-50-kv-m-parkentskiy-nikto-ne-zhil-novuyu-ID4fa7S.html,,,,,,,,4fa7S,12,mirzo-ulugbek
"Сдаётся квартира в Аренду 50-кв.м ( Паркентский ) НИКТО НЕ ЖИЛ, новую",https://www.olx.uz/d/obyavlenie/sdaetsya-kvartira-v-arendu-50-kv-m-parkentskiy-nikto-ne-zhil-novuyu-ID4fa7S.html,600 у.е.,600.0,у.е,,,,,4fa7S,12,mirzo-ulugbek
,https://www.olx.uz/d/obyavlenie/srochno-arenda-kvartira-ahmad-yugnakiy-ID4f7bX.html,,,,,,,,4f7bX,12,mirzo-ulugbek
Срочно аренда квартира Ахмад Югнакий,https://www.olx.uz/d/obyavlenie/srochno-arenda-kvartira-ahmad-yugnakiy-ID4f7bX.html,275 у.е.,275.0,у.е,,,,,4f7bX,12,mirzo-ulugbek
,https://www.olx.uz/d/obyavlenie/tsialkovskiy-1-komnatnaya-so-vsemi-udobstvami-ID4dcsS.html,,,,,,,,4dcsS,12,mirzo-ulugbek
Циалковский 1-комнатная со всеми удобствами,https://www.olx.uz/d/obyavlenie/tsialkovskiy-1-komnatnaya-so-vsemi-udobstvami-ID4dcsS.html,400 у.е.,400.0,у.е,,,,,4dcsS,12,mirzo-ulugbek
,https://www.olx.uz/d/obyavlenie/srochnom-sdaem-v-arendu-gabus-haytek-remont-ID1Desc.html,,,,,,,,1Desc,12,mirzo-ulugbek
Срочном Сдаем В Аренду Габус Хайтек ремонт,https://www.olx.uz/d/obyavlenie/srochnom-sdaem-v-arendu-gabus-haytek-remont-ID1Desc.html,2 000 у.е.,2000.0,у.е,,,,,1Desc,12,mirzo-ulugbek
,https://www.olx.uz/d/obyavlenie/sdaetsya-na-darhane-spets-plan-ID2M4J2.html,,,,,,,,2M4J2,12,mirzo-ulugbek
Сдается На Дархане Спец План,https://www.olx.uz/d/obyavlenie/sdaetsya-na-darhane-spets-plan-ID2M4J2.html,750 у.е.,750.0,у.е,,,,,2M4J2,12,mirzo-ulugbek
,https://www.olx.uz/d/obyavlenie/sdaetsya-kvartira-ID35h7a.html,,,,,,,,35h7a,12,mirzo-ulugbek
Сдается квартира,https://www.olx.uz/d/obyavlenie/sdaetsya-kvartira-ID35h7a.html,800 у.е.,800.0,у.е,,,,,35h7a,12,mirzo-ulugbek
,https://www.olx.uz/d/obyavlenie/srochno-arenda-evro-kvartira-ID1C5rV.html,,,,,,,,1C5rV,12,mirzo-ulugbek
Срочно аренда евро Квартира,https://www.olx.uz/d/obyavlenie/srochno-arenda-evro-kvartira-ID1C5rV.html,900 у.е. Договорная,900.0,у.е,,,,,1C5rV,12,mirzo-ulugbek
,https://www.olx.uz/d/obyavlenie/sdaetsya-3-2-5-ID1P2cP.html,,,,,,,,1P2cP,12,mirzo-ulugbek
Сдаётся 3/2/5,https://www.olx.uz/d/obyavlenie/sdaetsya-3-2-5-ID1P2cP.html,1 200 у.е.,1200.0,у.е,,,,,1P2cP,12,mirzo-ulugbek
,https://www.olx.uz/d/obyavlenie/sdaetsya-kvartira-v-m-ulugbekskom-rayone-ID2BMPD.html,,,,,,,,2BMPD,12,mirzo-ulugbek
Сдается квартира в М.Улугбекском районе,https://www.olx.uz/d/obyavlenie/sdaetsya-kvartira-v-m-ulugbekskom-rayone-ID2BMPD.html,1 300 у.е.,1300.0,у.е,,,,,2BMPD,12,mirzo-ulugbek
,https://www.olx.uz/d/obyavlenie/sdaetsya-kvartira-3-7-16-na-darhane-ID1HMVB.html,,,,,,,,1HMVB,12,mirzo-ulugbek
Сдается квартира 3/7/16 на Дархане,https://www.olx.uz/d/obyavlenie/sdaetsya-kvartira-3-7-16-na-darhane-ID1HMVB.html,1 200 у.е. Договорная,1200.0,у.е,,,,,1HMVB,12,mirzo-ulugbek
,https://www.olx.uz/d/obyavlenie/sdaetsya-kvartira-2-5-8-na-or-r-mirzo-ulugbekskiy-zhk-vek-ID4fayK.html,,,,,,,,4fayK,12,mirzo-ulugbek
Сдаётся квартира 2/5/8 на ор-р Мирзо-Улугбекский ЖК Век,https://www.olx.uz/d/obyavlenie/sdaetsya-kvartira-2-5-8-na-or-r-mirzo-ulugbekskiy-zhk-vek-ID4fayK.html,500 у.е. Договорная,500.0,у.е,,,,,4fayK,12,mirzo-ulugbek
,https://www.olx.uz/d/obyavlenie/arenda-m-feruza-2-2-4-c-remontom-ID4eFZT.html,,,,,,,,4eFZT,12,mirzo-ulugbek
Аренда. М.Феруза. 2/2/4 c ремонтом,https://www.olx.uz/d/obyavlenie/arenda-m-feruza-2-2-4-c-remontom-ID4eFZT.html,550 у.е.,550.0,у.е,,,,,4eFZT,12,mirzo-ulugbek
,https://www.olx.uz/d/obyavlenie/zhk-akay-siti-sdaetsya-2-h-komnatnaya-kvartira-v-tsentre-tashkenta-ID3eDPO.html,,,,,,,,3eDPO,12,mirzo-ulugbek
Жк Акай Сити-Сдается 2-х комнатная квартира в центре Ташкента!,https://www.olx.uz/d/obyavlenie/zhk-akay-siti-sdaetsya-2-h-komnatnaya-kvartira-v-tsentre-tashkenta-ID3eDPO.html,900 у.е.,900.0,у.е,,,,,3eDPO,12,mirzo-ulugbek
,https://www.olx.uz/d/obyavlenie/tashkresda-yevroremont-kvartira-ijaraga-beriladi-ID4esD2.html,,,,,,,,4esD2,12,mirzo-ulugbek
Tashkresda yevroremont kvartira ijaraga beriladi,https://www.olx.uz/d/obyavlenie/tashkresda-yevroremont-kvartira-ijaraga-beriladi-ID4esD2.html,500 у.е.,500.0,у.е,,,,,4esD2,12,mirzo-ulugbek
,https://www.olx.uz/d/obyavlenie/sdayu-1-2-5-na-massive-ttz-ahmad-yugnakiy-ID4eJNa.html,,,,,,,,4eJNa,12,mirzo-ulugbek
Сдаю 1/2/5 на массиве (ТТЗ) «Ахмад Югнакий»,https://www.olx.uz/d/obyavlenie/sdayu-1-2-5-na-massive-ttz-ahmad-yugnakiy-ID4eJNa.html,350 у.е.,350.0,у.е,,,,,4eJNa,12,mirzo-ulugbek
,https://www.olx.uz/d/obyavlenie/3h-kom-v-zhk-novomoskovskaya-dlya-tseniteley-uyuta-3-4-9-105-kv-m-ID44GSX.html,,,,,,,,44GSX,12,mirzo-ulugbek
3х ком в ЖК Новомосковская для ценителей Уюта ! 3/4/9 105 кв.м.,https://www.olx.uz/d/obyavlenie/3h-kom-v-zhk-novomoskovskaya-dlya-tseniteley-uyuta-3-4-9-105-kv-m-ID44GSX.html,1 000 у.е.,1000.0,у.е,,,,,44GSX,12,mirzo-ulugbek
,https://www.olx.uz/d/obyavlenie/srochno-sdaetsya-2-kom-4-9-na-maksim-gorkogo-ID3gdqF.html,,,,,,,,3gdqF,12,mirzo-ulugbek
Срочно сдаётся 2 ком/4/9 на  Максим Горького,https://www.olx.uz/d/obyavlenie/srochno-sdaetsya-2-kom-4-9-na-maksim-gorkogo-ID3gdqF.html,650 у.е. Договорная,650.0,у.е,,,,,3gdqF,12,mirzo-ulugbek
,https://www.olx.uz/d/obyavlenie/sdayu-srochno-na-mirzo-ulugbekskom-r-n-novomoskovskaya-2-3-4-ID38RLD.html,,,,,,,,38RLD,12,mirzo-ulugbek
Сдаю Срочно!! на Мирзо-Улугбекском р-н Новомосковская/2/3/4,https://www.olx.uz/d/obyavlenie/sdayu-srochno-na-mirzo-ulugbekskom-r-n-novomoskovskaya-2-3-4-ID38RLD.html,550 у.е. Договорная,550.0,у.е,,,,,38RLD,12,mirzo-ulugbek
,https://www.olx.uz/d/obyavlenie/srochno-arenda-svoya-kv-dlya-inostrantsev-parkentskiy-shastri-3-1-4-ID4bRti.html,,,,,,,,4bRti,12,mirzo-ulugbek
"//Срочно аренда! Своя кв, для иностранцев Паркентский, Шастри 3/1/4",https://www.olx.uz/d/obyavlenie/srochno-arenda-svoya-kv-dlya-inostrantsev-parkentskiy-shastri-3-1-4-ID4bRti.html,780 у.е. Договорная,780.0,у.е,,,,,4bRti,12,mirzo-ulugbek
,https://www.olx.uz/d/obyavlenie/zhk-akay-siti-sdaetsya-studiya-premium-klassa-ID3i8NW.html,,,,,,,,3i8NW,12,mirzo-ulugbek
Жк Акай Сити-Сдается студия премиум класса!,https://www.olx.uz/d/obyavlenie/zhk-akay-siti-sdaetsya-studiya-premium-klassa-ID3i8NW.html,900 у.е.,900.0,у.е,,,,,3i8NW,12,mirzo-ulugbek
,https://www.olx.uz/d/obyavlenie/arenda-2-4-4-ts-1-ID4fauW.html,,,,,,,,4fauW,12,mirzo-ulugbek
Аренда 2/4/4 Ц-1,https://www.olx.uz/d/obyavlenie/arenda-2-4-4-ts-1-ID4fauW.html,9 000 000 сум,9000000.0,сум,,,,,4fauW,12,mirzo-ulugbek
,https://www.olx.uz/d/obyavlenie/kvartira-v-arendu-feruza-kafe-sogdiana-eko-bazar-ginekologi-1-3-4-ID4eMkg.html,,,,,,,,4eMkg,12,mirzo-ulugbek
"квартира в аренду Феруза, Кафе Согдиана, ЭКО базар, Гинекологи 1/3/4",https://www.olx.uz/d/obyavlenie/kvartira-v-arendu-feruza-kafe-sogdiana-eko-bazar-ginekologi-1-3-4-ID4eMkg.html,250 у.е.,250.0,у.е,,,,,4eMkg,12,mirzo-ulugbek
,https://www.olx.uz/d/obyavlenie/arenda-kvartiry-v-tsentre-2-9-9-maksim-gorkiy-svetlana-magazin-ID4cgad.html,,,,,,,,4cgad,12,mirzo-ulugbek
Аренда квартиры в центре 2/9/9 Максим Горький (Светлана магазин),https://www.olx.uz/d/obyavlenie/arenda-kvartiry-v-tsentre-2-9-9-maksim-gorkiy-svetlana-magazin-ID4cgad.html,500 у.е.,500.0,у.е,,,,,4cgad,12,mirzo-ulugbek
,https://www.olx.uz/d/obyavlenie/sdayu-svoyu-2-8-9-karasu-5-ID44o8A.html,,,,,,,,44o8A,12,mirzo-ulugbek
Сдаю свою 2/8/9 Карасу-5,https://www.olx.uz/d/obyavlenie/sdayu-svoyu-2-8-9-karasu-5-ID44o8A.html,500 у.е.,500.0,у.е,,,,,44o8A,12,mirzo-ulugbek
,https://www.olx.uz/d/obyavlenie/sdaetsya-kvartira-na-zhk-beshchinor-ID3Lor7.html,,,,,,,,3Lor7,12,mirzo-ulugbek
Сдаётся квартира на ЖК Бешчинор,https://www.olx.uz/d/obyavlenie/sdaetsya-kvartira-na-zhk-beshchinor-ID3Lor7.html,800 у.е.,800.0,у.е,,,,,3Lor7,12,mirzo-ulugbek
,https://www.olx.uz/d/obyavlenie/sdaetsya-2-komn-kvartira-mirzo-ulugbekskiy-rayon-ID40BrS.html,,,,,,,,40BrS,12,mirzo-ulugbek
Сдается 2-комн. квартира Мирзо-Улугбекский район,https://www.olx.uz/d/obyavlenie/sdaetsya-2-komn-kvartira-mirzo-ulugbekskiy-rayon-ID40BrS.html,600 у.е.,600.0,у.е,,,,,40BrS,12,mirzo-ulugbek
,https://www.olx.uz/d/obyavlenie/arenda-kvartia-ts-1-2-2-5-ID4eMh5.html,,,,,,,,4eMh5,12,mirzo-ulugbek
Аренда квартиа Ц 1. 2/2/5,https://www.olx.uz/d/obyavlenie/arenda-kvartia-ts-1-2-2-5-ID4eMh5.html,450 у.е.,450.0,у.е,,,,,4eMh5,12,mirzo-ulugbek
,https://www.olx.uz/d/obyavlenie/sdam-2-5-8-na-karasu-3-poliklinika-akademiya-militsii-qorasu-residence-ID4f6lY.html,,,,,,,,4f6lY,12,mirzo-ulugbek
"Сдам 2/5/8 на Карасу-3,поликлиника, академия милиции. Qorasu residence",https://www.olx.uz/d/obyavlenie/sdam-2-5-8-na-karasu-3-poliklinika-akademiya-militsii-qorasu-residence-ID4f6lY.html,700 у.е.,700.0,у.е,,,,,4f6lY,12,mirzo-ulugbek
,https://www.olx.uz/d/obyavlenie/sdaetsya-kvartira-ts1-2-6-9-ID4cpcT.html,,,,,,,,4cpcT,12,mirzo-ulugbek
Сдается квартира Ц1 2/6/9,https://www.olx.uz/d/obyavlenie/sdaetsya-kvartira-ts1-2-6-9-ID4cpcT.html,800 у.е.,800.0,у.е,,,,,4cpcT,12,mirzo-ulugbek
,https://www.olx.uz/d/obyavlenie/arenda-v-tsentre-tashkenta-ID4fape.html,,,,,,,,4fape,12,mirzo-ulugbek
Аренда в центре Ташкента,https://www.olx.uz/d/obyavlenie/arenda-v-tsentre-tashkenta-ID4fape.html,500 у.е.,500.0,у.е,,,,,4fape,12,mirzo-ulugbek
,https://www.olx.uz/d/obyavlenie/sdaetsya-kvartira-v-novostroyke-na-parkentskomorientir-evos-ID3shoo.html,,,,,,,,3shoo,12,mirzo-ulugbek
"Сдается Квартира в Новостройке на Паркентском
Ориентир - Evos",https://www.olx.uz/d/obyavlenie/sdaetsya-kvartira-v-novostroyke-na-parkentskomorientir-evos-ID3shoo.html,800 у.е.,800.0,у.е,,,,,3shoo,12,mirzo-ulugbek
,https://www.olx.uz/d/obyavlenie/sdaetsya-kvartira-v-novostroyke-ID383nC.html,,,,,,,,383nC,12,mirzo-ulugbek
Сдается квартира в новостройке,https://www.olx.uz/d/obyavlenie/sdaetsya-kvartira-v-novostroyke-ID383nC.html,700 у.е.,700.0,у.е,,,,,383nC,12,mirzo-ulugbek
,https://www.olx.uz/d/obyavlenie/arenda-darhan-2-3-9-65-m2-ID4fap2.html,,,,,,,,4fap2,12,mirzo-ulugbek
Аренда Дархан 2/3/9 65 м2,https://www.olx.uz/d/obyavlenie/arenda-darhan-2-3-9-65-m2-ID4fap2.html,500 у.е.,500.0,у.е,,,,,4fap2,12,mirzo-ulugbek
,https://www.olx.uz/d/obyavlenie/sdam-kvartiru-2-8-8-parkent-avenue-novostroyka-umnyy-dom-ID38lsG.html,,,,,,,,38lsG,12,mirzo-ulugbek
Сдам квартиру 2/8/8 Parkent Avenue Новостройка Умный Дом,https://www.olx.uz/d/obyavlenie/sdam-kvartiru-2-8-8-parkent-avenue-novostroyka-umnyy-dom-ID38lsG.html,550 у.е. Договорная,550.0,у.е,,,,,38lsG,12,mirzo-ulugbek
,https://www.olx.uz/d/obyavlenie/srochno-2-h-komnatnaya-akay-siti-ID3YJF0.html,,,,,,,,3YJF0,12,mirzo-ulugbek
Срочно 2-х комнатная  Акай сити,https://www.olx.uz/d/obyavlenie/srochno-2-h-komnatnaya-akay-siti-ID3YJF0.html,800 у.е.,800.0,у.е,,,,,3YJF0,12,mirzo-ulugbek
,https://www.olx.uz/d/obyavlenie/minimalizm-i-udobstvo-arenda-2-h-komn-kvartiry-na-parkentskom-ID3wb5E.html,,,,,,,,3wb5E,12,mirzo-ulugbek
Минимализм и удобство. Аренда 2-х комн. квартиры на Паркентском.,https://www.olx.uz/d/obyavlenie/minimalizm-i-udobstvo-arenda-2-h-komn-kvartiry-na-parkentskom-ID3wb5E.html,500 у.е.,500.0,у.е,,,,,3wb5E,12,mirzo-ulugbek
,https://www.olx.uz/d/obyavlenie/srochno-sdaetsya-3-2-9-na-parkentskom-ID3baPZ.html,,,,,,,,3baPZ,12,mirzo-ulugbek
Срочно сдается! 3/2/9 на Паркентском,https://www.olx.uz/d/obyavlenie/srochno-sdaetsya-3-2-9-na-parkentskom-ID3baPZ.html,600 у.е. Договорная,600.0,у.е,,,,,3baPZ,12,mirzo-ulugbek
,https://www.olx.uz/d/obyavlenie/kvartira-3-komnatnaya-ID4eMey.html,,,,,,,,4eMey,12,mirzo-ulugbek
квартира 3 комнатная,https://www.olx.uz/d/obyavlenie/kvartira-3-komnatnaya-ID4eMey.html,500 у.е.,500.0,у.е,,,,,4eMey,12,mirzo-ulugbek
,https://www.olx.uz/d/obyavlenie/v-tsentre-goroda-sdaetsya-kvartira-ts-1-zhk-centrado-ID3pmlZ.html,,,,,,,,3pmlZ,12,mirzo-ulugbek
В центре города сдается квартира Ц-1 ЖК Centrado!,https://www.olx.uz/d/obyavlenie/v-tsentre-goroda-sdaetsya-kvartira-ts-1-zhk-centrado-ID3pmlZ.html,1 000 у.е. Договорная,1000.0,у.е,,,,,3pmlZ,12,mirzo-ulugbek
,https://www.olx.uz/d/obyavlenie/ts-1-novostroyka-sdaetsya-novaya-2-h-komnatnaya-v-tsentre-goroda-ID3diU0.html,,,,,,,,3diU0,12,mirzo-ulugbek
Ц-1 Новостройка! Сдается новая 2-х комнатная в центре города!,https://www.olx.uz/d/obyavlenie/ts-1-novostroyka-sdaetsya-novaya-2-h-komnatnaya-v-tsentre-goroda-ID3diU0.html,1 000 у.е. Договорная,1000.0,у.е,,,,,3diU0,12,mirzo-ulugbek
,https://www.olx.uz/d/obyavlenie/zhk-akay-siti-sdaetsya-novaya-2-h-komnatnaya-kvartira-ID3skb0.html,,,,,,,,3skb0,12,mirzo-ulugbek
ЖК Акай Сити! Сдается новая 2-х комнатная квартира!,https://www.olx.uz/d/obyavlenie/zhk-akay-siti-sdaetsya-novaya-2-h-komnatnaya-kvartira-ID3skb0.html,800 у.е. Договорная,800.0,у.е,,,,,3skb0,12,mirzo-ulugbek
,https://www.olx.uz/d/obyavlenie/zhk-parkent-plaza-sdaetsya-novaya-2-h-komnatnaya-kvartira-ID3toX7.html,,,,,,,,3toX7,12,mirzo-ulugbek
ЖК Паркент Плаза! Сдается новая 2-х комнатная квартира!,https://www.olx.uz/d/obyavlenie/zhk-parkent-plaza-sdaetsya-novaya-2-h-komnatnaya-kvartira-ID3toX7.html,800 у.е. Договорная,800.0,у.е,,,,,3toX7,12,mirzo-ulugbek
,https://www.olx.uz/d/obyavlenie/sdaetsya-dom-studiya-na-ts1-novostroyka-c-s-avtorskim-remontam-ID4f81H.html,,,,,,,,4f81H,12,mirzo-ulugbek
Сдаётся дом студия на Ц1 новостройка c с авторским ремонтам‼️,https://www.olx.uz/d/obyavlenie/sdaetsya-dom-studiya-na-ts1-novostroyka-c-s-avtorskim-remontam-ID4f81H.html,1 100 у.е.,1100.0,у.е,,,,,4f81H,12,mirzo-ulugbek
,https://www.olx.uz/d/obyavlenie/sdaetsya-kvartira-na-darhane-zhk-italyanskiy-kvartal-ID3VJvK.html,,,,,,,,3VJvK,12,mirzo-ulugbek
Сдаётся квартира на Дархане ЖК Итальянский квартал,https://www.olx.uz/d/obyavlenie/sdaetsya-kvartira-na-darhane-zhk-italyanskiy-kvartal-ID3VJvK.html,1 500 у.е.,1500.0,у.е,,,,,3VJvK,12,mirzo-ulugbek
,https://www.olx.uz/d/obyavlenie/sdaetsya-kvartira-v-novostroyke-v-m-ulugbekskom-rn-na-novomoskovskoy-ID2AMpZ.html,,,,,,,,2AMpZ,12,mirzo-ulugbek
Сдается квартира в новостройке В М.Улугбекском рн на Новомосковской,https://www.olx.uz/d/obyavlenie/sdaetsya-kvartira-v-novostroyke-v-m-ulugbekskom-rn-na-novomoskovskoy-ID2AMpZ.html,1 300 у.е.,1300.0,у.е,,,,,2AMpZ,12,mirzo-ulugbek
,https://www.olx.uz/d/obyavlenie/sdaetsya-kvartira-na-ts1-ID3OeZX.html,,,,,,,,3OeZX,12,mirzo-ulugbek
Сдаётся квартира на Ц1‼️,https://www.olx.uz/d/obyavlenie/sdaetsya-kvartira-na-ts1-ID3OeZX.html,900 у.е.,900.0,у.е,,,,,3OeZX,12,mirzo-ulugbek
,https://www.olx.uz/d/obyavlenie/sdaetsya-shikarnaya-kvartira-karasu-6-ID4eMb6.html,,,,,,,,4eMb6,12,mirzo-ulugbek
Сдается шикарная квартира Карасу 6,https://www.olx.uz/d/obyavlenie/sdaetsya-shikarnaya-kvartira-karasu-6-ID4eMb6.html,600 у.е.,600.0,у.е,,,,,4eMb6,12,mirzo-ulugbek
,https://www.olx.uz/d/obyavlenie/arenda-3h-komnatnaya-ttz-2-ID476MU.html,,,,,,,,476MU,12,mirzo-ulugbek
Аренда 3х комнатная Ттз -2,https://www.olx.uz/d/obyavlenie/arenda-3h-komnatnaya-ttz-2-ID476MU.html,500 у.е.,500.0,у.е,,,,,476MU,12,mirzo-ulugbek
,https://www.olx.uz/d/obyavlenie/mirzo-ulugbekdan-eko-bozor-yonida-ID4eQzP.html,,,,,,,,4eQzP,12,mirzo-ulugbek
Mirzo ulugbekdan Eko bozor yonida,https://www.olx.uz/d/obyavlenie/mirzo-ulugbekdan-eko-bozor-yonida-ID4eQzP.html,500 у.е.,500.0,у.е,,,,,4eQzP,12,mirzo-ulugbek
,https://www.olx.uz/d/obyavlenie/gabus-na-ts-1-4h-komnatnaya-155-m2-novaya-kvartira-s-avtorskim-remontom-ID45gsJ.html,,,,,,,,45gsJ,12,mirzo-ulugbek
Gabus на Ц-1! 4х комнатная 155 м2! Новая квартира с Авторским ремонтом,https://www.olx.uz/d/obyavlenie/gabus-na-ts-1-4h-komnatnaya-155-m2-novaya-kvartira-s-avtorskim-remontom-ID45gsJ.html,1 500 у.е. Договорная,1500.0,у.е,,,,,45gsJ,12,mirzo-ulugbek
,https://www.olx.uz/d/obyavlenie/sdayu-novostroyku-2-2-9-karasu-3-akademiya-militsii-ID4eWLk.html,,,,,,,,4eWLk,12,mirzo-ulugbek
Сдаю новостройку 2/2/9 Карасу-3 Академия милиции,https://www.olx.uz/d/obyavlenie/sdayu-novostroyku-2-2-9-karasu-3-akademiya-militsii-ID4eWLk.html,450 у.е.,450.0,у.е,,,,,4eWLk,12,mirzo-ulugbek
,https://www.olx.uz/d/obyavlenie/arenda-2kom-kvartiry-na-karasu-1-novostroyka-ID4dYil.html,,,,,,,,4dYil,12,mirzo-ulugbek
Аренда 2ком квартиры на Карасу 1. Новостройка,https://www.olx.uz/d/obyavlenie/arenda-2kom-kvartiry-na-karasu-1-novostroyka-ID4dYil.html,650 у.е.,650.0,у.е,,,,,4dYil,12,mirzo-ulugbek
,https://www.olx.uz/d/obyavlenie/sdaetsya-svetlaya-kvartira-v-zhk-nrg-mirzo-ulugbek-sayram-2-3-4-ID4faiw.html,,,,,,,,4faiw,12,mirzo-ulugbek
Сдается светлая квартира в жк NRG Mirzo Ulugbek Сайрам 2-3-4,https://www.olx.uz/d/obyavlenie/sdaetsya-svetlaya-kvartira-v-zhk-nrg-mirzo-ulugbek-sayram-2-3-4-ID4faiw.html,1 200 у.е. Договорная,1200.0,у.е,,,,,4faiw,12,mirzo-ulugbek
,https://www.olx.uz/d/obyavlenie/arenda-3-1-4-buz-1-hudozhniki-orientir-metro-biy-ID4facx.html,,,,,,,,4facx,12,mirzo-ulugbek
"Аренда 3/1/4 Буз-1, Художники, ориентир метро БИЙ",https://www.olx.uz/d/obyavlenie/arenda-3-1-4-buz-1-hudozhniki-orientir-metro-biy-ID4facx.html,550 у.е.,550.0,у.е,,,,,4facx,12,mirzo-ulugbek
,https://www.olx.uz/d/obyavlenie/arenda-4-5-5-ul-buyuk-ipak-yuli-metro-biy-ID4fabR.html,,,,,,,,4fabR,12,mirzo-ulugbek
"Аренда 4/5/5 ул. Буюк Ипак Йули, метро БИЙ",https://www.olx.uz/d/obyavlenie/arenda-4-5-5-ul-buyuk-ipak-yuli-metro-biy-ID4fabR.html,500 у.е.,500.0,у.е,,,,,4fabR,12,mirzo-ulugbek
,https://www.olx.uz/d/obyavlenie/arenda-kvartiry-mirzo-ulugbek-ID4emSy.html,,,,,,,,4emSy,12,mirzo-ulugbek
Аренда Квартиры Мирзо-улугбек,https://www.olx.uz/d/obyavlenie/arenda-kvartiry-mirzo-ulugbek-ID4emSy.html,600 у.е.,600.0,у.е,,,,,4emSy,12,mirzo-ulugbek
,https://www.olx.uz/d/obyavlenie/arenda-2-3-12-zhk-nrg-mirzo-ulugbek-ulitsa-sayram-buz-bazar-ID4eM7Z.html,,,,,,,,4eM7Z,12,mirzo-ulugbek
АРЕНДА   2/3/12  ЖК NRG Mirzo Ulugbek/Улица Сайрам/Буз базар,https://www.olx.uz/d/obyavlenie/arenda-2-3-12-zhk-nrg-mirzo-ulugbek-ulitsa-sayram-buz-bazar-ID4eM7Z.html,550 у.е. Договорная,550.0,у.е,,,,,4eM7Z,12,mirzo-ulugbek
,https://www.olx.uz/d/obyavlenie/ts-1-zhk-centrado-sdaetsya-novaya-3-h-komnatnaya-kvartira-v-tsentre-goroda-ID3OOxA.html,,,,,,,,3OOxA,12,mirzo-ulugbek
Ц-1 Жк Centrado! Сдается новая 3-х комнатная квартира в центре города!,https://www.olx.uz/d/obyavlenie/ts-1-zhk-centrado-sdaetsya-novaya-3-h-komnatnaya-kvartira-v-tsentre-goroda-ID3OOxA.html,1 200 у.е. Договорная,1200.0,у.е,,,,,3OOxA,12,mirzo-ulugbek
,https://www.olx.uz/d/obyavlenie/ts-1-bibigon-novostroyka-sdaetsya-2h-komnatnaya-ID3FfG9.html,,,,,,,,3FfG9,12,mirzo-ulugbek
Ц-1 Бибигон Новостройка! Сдаётся 2х комнатная!,https://www.olx.uz/d/obyavlenie/ts-1-bibigon-novostroyka-sdaetsya-2h-komnatnaya-ID3FfG9.html,900 у.е. Договорная,900.0,у.е,,,,,3FfG9,12,mirzo-ulugbek
,https://www.olx.uz/d/obyavlenie/ts-1-bibigon-tsentrado-3h-komnatnaya-kvartira-v-samom-tsentre-goroda-ID4412n.html,,,,,,,,4412n,12,mirzo-ulugbek
Ц-1! Бибигон! Центрадо! 3х комнатная квартира! В самом центре города!,https://www.olx.uz/d/obyavlenie/ts-1-bibigon-tsentrado-3h-komnatnaya-kvartira-v-samom-tsentre-goroda-ID4412n.html,1 200 у.е. Договорная,1200.0,у.е,,,,,4412n,12,mirzo-ulugbek
,https://www.olx.uz/d/obyavlenie/zhk-akay-city-stilnaya-2h-komnatnaya-kvartira-s-prekrasnym-remontom-ID440Nj.html,,,,,,,,440Nj,12,mirzo-ulugbek
Жк Akay city! Стильная 2х комнатная квартира с прекрасным ремонтом!,https://www.olx.uz/d/obyavlenie/zhk-akay-city-stilnaya-2h-komnatnaya-kvartira-s-prekrasnym-remontom-ID440Nj.html,900 у.е. Договорная,900.0,у.е,,,,,440Nj,12,mirzo-ulugbek
,https://www.olx.uz/d/obyavlenie/sdam-v-arendu-2-3-8-zhk-edison-it-park-mirzo-ulugbek-maksim-g-ID4eM5L.html,,,,,,,,4eM5L,12,mirzo-ulugbek
Сдам в АРЕНДУ 2/3/8 ЖК EDISON IT PARK/Мирзо-Улугбек/ Максим Г.,https://www.olx.uz/d/obyavlenie/sdam-v-arendu-2-3-8-zhk-edison-it-park-mirzo-ulugbek-maksim-g-ID4eM5L.html,450 у.е. Договорная,450.0,у.е,,,,,4eM5L,12,mirzo-ulugbek
,https://www.olx.uz/d/obyavlenie/3-3-9-sdaetsya-evro-kvartira-tsentr-goroda-tsum-IDZ3Sa.html,,,,,,,,Z3Sa,12,mirzo-ulugbek
3/3/9 Сдаётся евро квартира центр города Цум,https://www.olx.uz/d/obyavlenie/3-3-9-sdaetsya-evro-kvartira-tsentr-goroda-tsum-IDZ3Sa.html,700 у.е.,700.0,у.е,,,,,Z3Sa,12,mirzo-ulugbek
,https://www.olx.uz/d/obyavlenie/zdam-3h-kvartiru-orientir-alayskiy-rynok-ID1UGTv.html,,,,,,,,1UGTv,12,mirzo-ulugbek
Здам 3х квартиру Ориентир Алайский рынок,https://www.olx.uz/d/obyavlenie/zdam-3h-kvartiru-orientir-alayskiy-rynok-ID1UGTv.html,750 у.е.,750.0,у.е,,,,,1UGTv,12,mirzo-ulugbek
,https://www.olx.uz/d/obyavlenie/arenda-kvartiry-mirzo-ulugbek-ID4emMX.html,,,,,,,,4emMX,12,mirzo-ulugbek
Аренда Квартиры Мирзо-улугбек,https://www.olx.uz/d/obyavlenie/arenda-kvartiry-mirzo-ulugbek-ID4emMX.html,600 у.е.,600.0,у.е,,,,,4emMX,12,mirzo-ulugbek
,https://www.olx.uz/d/obyavlenie/sdaetsya-1-3-4-na-massive-ttz-2-byvshee-obschezhitie-s-mebelyu-i-tehnikoy-ID4emMi.html,,,,,,,,4emMi,12,mirzo-ulugbek
"Сдаётся 1/3/4 на массиве ТТЗ-2, бывшее общежитие, с мебелью и техникой",https://www.olx.uz/d/obyavlenie/sdaetsya-1-3-4-na-massive-ttz-2-byvshee-obschezhitie-s-mebelyu-i-tehnikoy-ID4emMi.html,220 у.е.,220.0,у.е,,,,,4emMi,12,mirzo-ulugbek
,https://www.olx.uz/d/obyavlenie/shikarnaya-kv-na-darhane-1-min-metro-akay-siti-srochnaya-arenda-ID4eM3K.html,,,,,,,,4eM3K,12,mirzo-ulugbek
ШИКАРНАЯ кв на Дархане/ 1 мин метро/ Акай сити СРОЧНАЯ АРЕНДА,https://www.olx.uz/d/obyavlenie/shikarnaya-kv-na-darhane-1-min-metro-akay-siti-srochnaya-arenda-ID4eM3K.html,550 у.е. Договорная,550.0,у.е,,,,,4eM3K,12,mirzo-ulugbek
,https://www.olx.uz/d/obyavlenie/sdaetsya-kv-or-r-ul-m-rieziy-parkentskiy-2-4-8-r-n-mirzo-ulugbekskiy-ID40mxQ.html,,,,,,,,40mxQ,12,mirzo-ulugbek
Сдаётся кв ор-р ул М Риёзий Паркентский 2/4/8 р-н Мирзо-Улугбекский,https://www.olx.uz/d/obyavlenie/sdaetsya-kv-or-r-ul-m-rieziy-parkentskiy-2-4-8-r-n-mirzo-ulugbekskiy-ID40mxQ.html,550 у.е.,550.0,у.е,,,,,40mxQ,12,mirzo-ulugbek
,https://www.olx.uz/d/obyavlenie/sdaetsya-kvartira-zhk-akay-siti-2-kom-or-r-darhan-ID40ojS.html,,,,,,,,40ojS,12,mirzo-ulugbek
Сдаётся квартира ЖК Акай Сити 2- ком ор-р Дархан,https://www.olx.uz/d/obyavlenie/sdaetsya-kvartira-zhk-akay-siti-2-kom-or-r-darhan-ID40ojS.html,850 у.е.,850.0,у.е,,,,,40ojS,12,mirzo-ulugbek
,https://www.olx.uz/d/obyavlenie/sdaetsya-kvartira-ttz-2-diadora-ID4faau.html,,,,,,,,4faau,12,mirzo-ulugbek
Сдаётся квартира ТТЗ-2 Диадора,https://www.olx.uz/d/obyavlenie/sdaetsya-kvartira-ttz-2-diadora-ID4faau.html,500 у.е.,500.0,у.е,,,,,4faau,12,mirzo-ulugbek
,https://www.olx.uz/d/obyavlenie/arenda-3-4-5-zhk-darhan-ID47NfP.html,,,,,,,,47NfP,12,mirzo-ulugbek
Аренда 3/4/5 ЖК Дархан,https://www.olx.uz/d/obyavlenie/arenda-3-4-5-zhk-darhan-ID47NfP.html,2 000 у.е.,2000.0,у.е,,,,,47NfP,12,mirzo-ulugbek
,https://www.olx.uz/d/obyavlenie/arenda-parkentskiy-2-kom-ID4dY9W.html,,,,,,,,4dY9W,12,mirzo-ulugbek
Аренда Паркентский 2 ком,https://www.olx.uz/d/obyavlenie/arenda-parkentskiy-2-kom-ID4dY9W.html,500 у.е.,500.0,у.е,,,,,4dY9W,12,mirzo-ulugbek
,https://www.olx.uz/d/obyavlenie/maksim-gorkiy-2-min-kvartira-v-arendu-na-dolg-srok-bez-depozit-msa-ID4eM14.html,,,,,,,,4eM14,12,mirzo-ulugbek
Максим Горький 2 мин Квартира в Аренду на долг срок БЕЗ ДЕПОЗИТ!  МСА,https://www.olx.uz/d/obyavlenie/maksim-gorkiy-2-min-kvartira-v-arendu-na-dolg-srok-bez-depozit-msa-ID4eM14.html,670 у.е. Договорная,670.0,у.е,,,,,4eM14,12,mirzo-ulugbek
,https://www.olx.uz/d/obyavlenie/zhk-centrado-ts1-sdaetsya-novaya-3-h-komnatnaya-kvartira-v-elitnom-rayone-ID3zN6Z.html,,,,,,,,3zN6Z,12,mirzo-ulugbek
ЖК Centrado-Ц1! Сдается новая 3-х комнатная квартира в элитном районе!,https://www.olx.uz/d/obyavlenie/zhk-centrado-ts1-sdaetsya-novaya-3-h-komnatnaya-kvartira-v-elitnom-rayone-ID3zN6Z.html,1 300 у.е. Договорная,1300.0,у.е,,,,,3zN6Z,12,mirzo-ulugbek
,https://www.olx.uz/d/obyavlenie/srochno-v-arendu-odnokomnatnaya-novostroyka-m-gorkiy-buz-bazar-sayram-ID4dY8i.html,,,,,,,,4dY8i,12,mirzo-ulugbek
"Срочно в Аренду Однокомнатная Новостройка|М.Горький,БУЗ базар,Сайрам",https://www.olx.uz/d/obyavlenie/srochno-v-arendu-odnokomnatnaya-novostroyka-m-gorkiy-buz-bazar-sayram-ID4dY8i.html,450 у.е. Договорная,450.0,у.е,,,,,4dY8i,12,mirzo-ulugbek
,https://www.olx.uz/d/obyavlenie/arenda-kvartira-1-xona-ID4fa7J.html,,,,,,,,4fa7J,12,mirzo-ulugbek
Arenda kvartira 1 xona,https://www.olx.uz/d/obyavlenie/arenda-kvartira-1-xona-ID4fa7J.html,450 у.е. Договорная,450.0,у.е,,,,,4fa7J,12,mirzo-ulugbek
,https://www.olx.uz/d/obyavlenie/sdaetsya-mirzo-ulugbekski-r-n-hudozhnik-3-komnatnoe-800-ue-ID4fa6r.html,,,,,,,,4fa6r,12,mirzo-ulugbek
Сдаёться . Мирзо Улугбекски р- н Художник 3 комнатное 800 уе,https://www.olx.uz/d/obyavlenie/sdaetsya-mirzo-ulugbekski-r-n-hudozhnik-3-komnatnoe-800-ue-ID4fa6r.html,800 у.е.,800.0,у.е,,,,,4fa6r,12,mirzo-ulugbek
,https://www.olx.uz/d/obyavlenie/korasuv-6-mirzo-ulugbekskiy-or-r-bazarchik-2-9-9-ID4emF3.html,,,,,,,,4emF3,12,mirzo-ulugbek
Корасув-6 Мирзо Улугбекский ор-р Базарчик 2/9/9,https://www.olx.uz/d/obyavlenie/korasuv-6-mirzo-ulugbekskiy-or-r-bazarchik-2-9-9-ID4emF3.html,500 у.е.,500.0,у.е,,,,,4emF3,12,mirzo-ulugbek
,https://www.olx.uz/d/obyavlenie/yalangach-lakamatef-oldi-1-hona-arenda-oylaga-ID4dssO.html,,,,,,,,4dssO,12,mirzo-ulugbek
Ялангач Лакаматеф олди 1-хона аренда Ойлага,https://www.olx.uz/d/obyavlenie/yalangach-lakamatef-oldi-1-hona-arenda-oylaga-ID4dssO.html,300 у.е.,300.0,у.е,,,,,4dssO,12,mirzo-ulugbek
,https://www.olx.uz/d/obyavlenie/srochno-arenda-2-kom-na-zhk-akay-city-ryadom-s-darhan-metro-hamid-alimzhan-ID40MJU.html,,,,,,,,40MJU,12,mirzo-ulugbek
СРОЧНО!Аренда 2-ком на ЖК Akay City рядом с Дархан Метро Хамид Алимжан,https://www.olx.uz/d/obyavlenie/srochno-arenda-2-kom-na-zhk-akay-city-ryadom-s-darhan-metro-hamid-alimzhan-ID40MJU.html,600 у.е.,600.0,у.е,,,,,40MJU,12,mirzo-ulugbek
,https://www.olx.uz/d/obyavlenie/zhk-akay-city-metro-hamid-alimzhan-ID4eLVf.html,,,,,,,,4eLVf,12,mirzo-ulugbek
ЖК Akay City метро Хамид Алимжан,https://www.olx.uz/d/obyavlenie/zhk-akay-city-metro-hamid-alimzhan-ID4eLVf.html,1 200 у.е.,1200.0,у.е,,,,,4eLVf,12,mirzo-ulugbek
,https://www.olx.uz/d/obyavlenie/sdayu-kvartiru-2-9-10-mirzo-ulugbekskiy-rayon-novaya-s-mebelyu-ID3I7Fx.html,,,,,,,,3I7Fx,12,mirzo-ulugbek
"Сдаю квартиру 2/9/10 Мирзо-Улугбекский район. Новая, с мебелью",https://www.olx.uz/d/obyavlenie/sdayu-kvartiru-2-9-10-mirzo-ulugbekskiy-rayon-novaya-s-mebelyu-ID3I7Fx.html,1 700 у.е.,1700.0,у.е,,,,,3I7Fx,12,mirzo-ulugbek
,https://www.olx.uz/d/obyavlenie/3-komnatnaya-kvartira-v-parkentskom-bazare-mirzo-ulugbekskom-rayone-ID4f7Ox.html,,,,,,,,4f7Ox,12,mirzo-ulugbek
3 комнатная квартира в Паркентском Базаре Мирзо-Улугбекском районе,https://www.olx.uz/d/obyavlenie/3-komnatnaya-kvartira-v-parkentskom-bazare-mirzo-ulugbekskom-rayone-ID4f7Ox.html,700 у.е.,700.0,у.е,,,,,4f7Ox,12,mirzo-ulugbek
,https://www.olx.uz/d/obyavlenie/arenda-kvartira-mirzo-ulugbekiskim-rayone-buz-2-ID4eLUg.html,,,,,,,,4eLUg,12,mirzo-ulugbek
Аренда квартира Мирзо Улугбекиским районе буз 2,https://www.olx.uz/d/obyavlenie/arenda-kvartira-mirzo-ulugbekiskim-rayone-buz-2-ID4eLUg.html,300 у.е.,300.0,у.е,,,,,4eLUg,12,mirzo-ulugbek
,https://www.olx.uz/d/obyavlenie/sadyk-azimova-sdaetsya-kvartira-3-2-4-orr-posolstvo-anglii-ID4eLTm.html,,,,,,,,4eLTm,12,mirzo-ulugbek
Садык Азимова сдается квартира 3/2/4 орр посольство Англии,https://www.olx.uz/d/obyavlenie/sadyk-azimova-sdaetsya-kvartira-3-2-4-orr-posolstvo-anglii-ID4eLTm.html,600 у.е.,600.0,у.е,,,,,4eLTm,12,mirzo-ulugbek
,https://www.olx.uz/d/obyavlenie/arenda-kvartiry-massiv-maksim-gorkiy-biy-buz-bazar-salam-chayhana-hudo-ID4emAb.html,,,,,,,,4emAb,12,mirzo-ulugbek
Аренда квартиры массив максим горький бий буз базар Салам чайхана худо,https://www.olx.uz/d/obyavlenie/arenda-kvartiry-massiv-maksim-gorkiy-biy-buz-bazar-salam-chayhana-hudo-ID4emAb.html,400 у.е.,400.0,у.е,,,,,4emAb,12,mirzo-ulugbek
,https://www.olx.uz/d/obyavlenie/srochno-arenda-2-kom-kvartiry-s-horoshim-novym-remontom-or-r-metroy-biy-ID41Cun.html,,,,,,,,41Cun,12,mirzo-ulugbek
"СРОЧНО АРЕНДА! 2-ком квартиры с хорошим новым ремонтом,ор-р метрой БИЙ",https://www.olx.uz/d/obyavlenie/srochno-arenda-2-kom-kvartiry-s-horoshim-novym-remontom-or-r-metroy-biy-ID41Cun.html,700 у.е.,700.0,у.е,,,,,41Cun,12,mirzo-ulugbek
,https://www.olx.uz/d/obyavlenie/arenda-kvartiry-maksim-gorkiy-biy-buz-bazar-salam-chayhana-hudozhnik-ID4emz8.html,,,,,,,,4emz8,12,mirzo-ulugbek
Аренда квартиры максим горький бий буз базар Салам чайхана художник,https://www.olx.uz/d/obyavlenie/arenda-kvartiry-maksim-gorkiy-biy-buz-bazar-salam-chayhana-hudozhnik-ID4emz8.html,550 у.е.,550.0,у.е,,,,,4emz8,12,mirzo-ulugbek
,https://www.olx.uz/d/obyavlenie/1-kom-maksimka-metro-b-i-y-arenda-ID4fa1M.html,,,,,,,,4fa1M,12,mirzo-ulugbek
1 ком. Максимка. Метро Б.И.Й. Аренда,https://www.olx.uz/d/obyavlenie/1-kom-maksimka-metro-b-i-y-arenda-ID4fa1M.html,400 у.е.,400.0,у.е,,,,,4fa1M,12,mirzo-ulugbek
,https://www.olx.uz/d/obyavlenie/sdaetsya-zhk-silk-roud-2-kom-evro-remont-ul-sayram-ID40f4c.html,,,,,,,,40f4c,12,mirzo-ulugbek
Сдаётся ЖК Силк Роуд 2-ком Евро Ремонт Ул Сайрам,https://www.olx.uz/d/obyavlenie/sdaetsya-zhk-silk-roud-2-kom-evro-remont-ul-sayram-ID40f4c.html,600 у.е.,600.0,у.е,,,,,40f4c,12,mirzo-ulugbek
,https://www.olx.uz/d/obyavlenie/arenda-svetloy-i-uyutnoy-2-kom-kv-s-remontom-v-zhk-parkent-village-ID41Cti.html,,,,,,,,41Cti,12,mirzo-ulugbek
АРЕНДА Светлой и Уютной 2-ком кв с ремонтом в ЖК Parkent Village,https://www.olx.uz/d/obyavlenie/arenda-svetloy-i-uyutnoy-2-kom-kv-s-remontom-v-zhk-parkent-village-ID41Cti.html,600 у.е.,600.0,у.е,,,,,41Cti,12,mirzo-ulugbek
,https://www.olx.uz/d/obyavlenie/sdaetsya-v-arendu-2-komn-kvartira-zhk-sayram-light-novaya-nikto-ne-zhil-ID40MBY.html,,,,,,,,40MBY,12,mirzo-ulugbek
"СДАЕТСЯ В АРЕНДУ! 2-комн квартира ЖК Sayram Light, новая, никто не жил",https://www.olx.uz/d/obyavlenie/sdaetsya-v-arendu-2-komn-kvartira-zhk-sayram-light-novaya-nikto-ne-zhil-ID40MBY.html,600 у.е.,600.0,у.е,,,,,40MBY,12,mirzo-ulugbek
,https://www.olx.uz/d/obyavlenie/ttz-bazar-novostroyka-ID4dXZ0.html,,,,,,,,4dXZ0,12,mirzo-ulugbek
Ттз Базар новостройка,https://www.olx.uz/d/obyavlenie/ttz-bazar-novostroyka-ID4dXZ0.html,400 у.е.,400.0,у.е,,,,,4dXZ0,12,mirzo-ulugbek
,https://www.olx.uz/d/obyavlenie/izharaga-honadolar-ul-sayram-1-hona-7-9-mirzo-ulugbekskiy-ID40ud6.html,,,,,,,,40ud6,12,mirzo-ulugbek
Ижарага Хонадолар Ул Сайрам 1-хона/7/9 Мирзо-Улугбекский,https://www.olx.uz/d/obyavlenie/izharaga-honadolar-ul-sayram-1-hona-7-9-mirzo-ulugbekskiy-ID40ud6.html,500 у.е.,500.0,у.е,,,,,40ud6,12,mirzo-ulugbek
,https://www.olx.uz/d/obyavlenie/sdaetsya-shikarnaya-2-kom-kv-v-novostroyke-zhk-new-life-ID41CrE.html,,,,,,,,41CrE,12,mirzo-ulugbek
Сдается ШИКАРНАЯ 2-ком кв в Новостройке ЖК New Life,https://www.olx.uz/d/obyavlenie/sdaetsya-shikarnaya-2-kom-kv-v-novostroyke-zhk-new-life-ID41CrE.html,600 у.е.,600.0,у.е,,,,,41CrE,12,mirzo-ulugbek
,https://www.olx.uz/d/obyavlenie/1-3-9-ttz-bazar-novostroyka-studiya-arenda-400-ID4dXYS.html,,,,,,,,4dXYS,12,mirzo-ulugbek
"1/3/9 ТТЗ БАЗАР , новостройка студия аренда 400 $",https://www.olx.uz/d/obyavlenie/1-3-9-ttz-bazar-novostroyka-studiya-arenda-400-ID4dXYS.html,400 у.е.,400.0,у.е,,,,,4dXYS,12,mirzo-ulugbek
,https://www.olx.uz/d/obyavlenie/sdaetsya-kvartira-feruza-ID4fa0p.html,,,,,,,,4fa0p,12,mirzo-ulugbek
Сдаётся квартира феруза,https://www.olx.uz/d/obyavlenie/sdaetsya-kvartira-feruza-ID4fa0p.html,350 у.е.,350.0,у.е,,,,,4fa0p,12,mirzo-ulugbek
,https://www.olx.uz/d/obyavlenie/sdaetsya-3h-komnatnaya-kvartira-mirzo-ulugbekskiy-rayon-ID4fa0h.html,,,,,,,,4fa0h,12,mirzo-ulugbek
Сдаётся 3х комнатная квартира Мирзо Улугбекский район,https://www.olx.uz/d/obyavlenie/sdaetsya-3h-komnatnaya-kvartira-mirzo-ulugbekskiy-rayon-ID4fa0h.html,650 у.е. Договорная,650.0,у.е,,,,,4fa0h,12,mirzo-ulugbek
,https://www.olx.uz/d/obyavlenie/arenda-2-komnatnaya-kvartira-mirzo-ulugbekskiy-rayon-massiv-yalangach-ID4eLPE.html,,,,,,,,4eLPE,12,mirzo-ulugbek
Аренда 2 комнатная квартира.Мирзо Улугбекский район. Массив Ялангач,https://www.olx.uz/d/obyavlenie/arenda-2-komnatnaya-kvartira-mirzo-ulugbekskiy-rayon-massiv-yalangach-ID4eLPE.html,500 у.е. Договорная,500.0,у.е,,,,,4eLPE,12,mirzo-ulugbek
,https://www.olx.uz/d/obyavlenie/karasu-3-2-komn-arenda-ID4f9YL.html,,,,,,,,4f9YL,12,mirzo-ulugbek
Карасу-3 - 2 комн - Аренда,https://www.olx.uz/d/obyavlenie/karasu-3-2-komn-arenda-ID4f9YL.html,500 у.е.,500.0,у.е,,,,,4f9YL,12,mirzo-ulugbek
,https://www.olx.uz/d/obyavlenie/ul-akkurgan-novomoskovskaya-1-komn-arenda-ID4f9YI.html,,,,,,,,4f9YI,12,mirzo-ulugbek
ул. Аккурган (Новомосковская) - 1 комн -Аренда,https://www.olx.uz/d/obyavlenie/ul-akkurgan-novomoskovskaya-1-komn-arenda-ID4f9YI.html,400 у.е.,400.0,у.е,,,,,4f9YI,12,mirzo-ulugbek
,https://www.olx.uz/d/obyavlenie/metro-buyuk-ipak-yuli-2-komn-arenda-ID4f9YG.html,,,,,,,,4f9YG,12,mirzo-ulugbek
Метро Буюк Ипак Йули - 2 комн - Аренда,https://www.olx.uz/d/obyavlenie/metro-buyuk-ipak-yuli-2-komn-arenda-ID4f9YG.html,550 у.е.,550.0,у.е,,,,,4f9YG,12,mirzo-ulugbek
,https://www.olx.uz/d/obyavlenie/m-v-feruza-2-komn-arenda-ID4f9YE.html,,,,,,,,4f9YE,12,mirzo-ulugbek
м-в Феруза - 2 комн - Аренда,https://www.olx.uz/d/obyavlenie/m-v-feruza-2-komn-arenda-ID4f9YE.html,450 у.е.,450.0,у.е,,,,,4f9YE,12,mirzo-ulugbek
,https://www.olx.uz/d/obyavlenie/sdaetsya-2komnatnaya-kvartira-na-ttz-u-bazara-ID4f9YC.html,,,,,,,,4f9YC,12,mirzo-ulugbek
Сдаётся 2комнатная квартира на ТТЗ у базара.,https://www.olx.uz/d/obyavlenie/sdaetsya-2komnatnaya-kvartira-na-ttz-u-bazara-ID4f9YC.html,400 у.е.,400.0,у.е,,,,,4f9YC,12,mirzo-ulugbek
,https://www.olx.uz/d/obyavlenie/darhan-novastroyka-3-2-5-ID4dXV2.html,,,,,,,,4dXV2,12,mirzo-ulugbek
Дархан Новастройка 3/2/5,https://www.olx.uz/d/obyavlenie/darhan-novastroyka-3-2-5-ID4dXV2.html,1 500 у.е.,1500.0,у.е,,,,,4dXV2,12,mirzo-ulugbek
,https://www.olx.uz/d/obyavlenie/srochno-arenda-1-komn-kvartiry-na-ttz-ID4eHlG.html,,,,,,,,4eHlG,12,mirzo-ulugbek
Срочно аренда 1 комн квартиры на ттз,https://www.olx.uz/d/obyavlenie/srochno-arenda-1-komn-kvartiry-na-ttz-ID4eHlG.html,450 у.е.,450.0,у.е,,,,,4eHlG,12,mirzo-ulugbek
,https://www.olx.uz/d/obyavlenie/apartment-for-rent-new-building-nrg-mirzo-ulugbek-residence-ID4cqVR.html,,,,,,,,4cqVR,12,mirzo-ulugbek
APARTMENT FOR RENT New Building – NRG Mirzo Ulugbek Residence,https://www.olx.uz/d/obyavlenie/apartment-for-rent-new-building-nrg-mirzo-ulugbek-residence-ID4cqVR.html,1 500 у.е.,1500.0,у.е,,,,,4cqVR,12,mirzo-ulugbek
,https://www.olx.uz/d/obyavlenie/mirzo-ulugbek-tumani-mashinasozlar-metro-bekati-yaqinida-arenda-kv-ID4f9DQ.html,,,,,,,,4f9DQ,12,mirzo-ulugbek
Mirzo Ulugʻbek tumani mashinasozlar metro bekati yaqinida arenda kv,https://www.olx.uz/d/obyavlenie/mirzo-ulugbek-tumani-mashinasozlar-metro-bekati-yaqinida-arenda-kv-ID4f9DQ.html,300 у.е.,300.0,у.е,,,,,4f9DQ,12,mirzo-ulugbek
,https://www.olx.uz/d/obyavlenie/izharaga-2-3-4-massiv-feruza-kafe-shukrona-2h-komnatnaya-srochno-v-arendu-ID4f9Sl.html,,,,,,,,4f9Sl,12,mirzo-ulugbek
Ижарага 2/3/4 массив Феруза кафе Шукрона 2х комнатная срочно в аренду,https://www.olx.uz/d/obyavlenie/izharaga-2-3-4-massiv-feruza-kafe-shukrona-2h-komnatnaya-srochno-v-arendu-ID4f9Sl.html,350 у.е.,350.0,у.е,,,,,4f9Sl,12,mirzo-ulugbek
,https://www.olx.uz/d/obyavlenie/izharaga-1-4-4-akademiya-gorodok-it-park-srochno-v-arendu-1-komnatnaya-ID4f9S1.html,,,,,,,,4f9S1,12,mirzo-ulugbek
Ижарага 1/4/4 Академия городок ИТ парк срочно в аренду 1 комнатная,https://www.olx.uz/d/obyavlenie/izharaga-1-4-4-akademiya-gorodok-it-park-srochno-v-arendu-1-komnatnaya-ID4f9S1.html,400 у.е.,400.0,у.е,,,,,4f9S1,12,mirzo-ulugbek
,https://www.olx.uz/d/obyavlenie/ttz-arenda-1-komnatnaya-novostroyka-ID4f9Ok.html,,,,,,,,4f9Ok,12,mirzo-ulugbek
ТТЗ - Аренда 1/ комнатная НОВОСТРОЙКА,https://www.olx.uz/d/obyavlenie/ttz-arenda-1-komnatnaya-novostroyka-ID4f9Ok.html,400 у.е.,400.0,у.е,,,,,4f9Ok,12,mirzo-ulugbek
,https://www.olx.uz/d/obyavlenie/arenda-3-6-9-karasu-3-tolko-semeynym-ID4eLzh.html,,,,,,,,4eLzh,12,mirzo-ulugbek
"Аренда 3/6/9 карасу 3, только семейным",https://www.olx.uz/d/obyavlenie/arenda-3-6-9-karasu-3-tolko-semeynym-ID4eLzh.html,300 у.е.,300.0,у.е,,,,,4eLzh,12,mirzo-ulugbek
,https://www.olx.uz/d/obyavlenie/ttz-konechka-avtostantsiya-2-kom-novastroyka-ID4dXGg.html,,,,,,,,4dXGg,12,mirzo-ulugbek
ТТЗ  Конечка Автостанция 2- ком новастройка,https://www.olx.uz/d/obyavlenie/ttz-konechka-avtostantsiya-2-kom-novastroyka-ID4dXGg.html,400 у.е.,400.0,у.е,,,,,4dXGg,12,mirzo-ulugbek
,https://www.olx.uz/d/obyavlenie/cdaetsya-upakovannaya-kvartira-2-3-9-na-ts-1-ryadom-s-eko-park-ID4ef8j.html,,,,,,,,4ef8j,12,mirzo-ulugbek
Cдаётся упакованная квартира 2/3/9 на Ц-1 (рядом с ЭКО парк),https://www.olx.uz/d/obyavlenie/cdaetsya-upakovannaya-kvartira-2-3-9-na-ts-1-ryadom-s-eko-park-ID4ef8j.html,800 у.е.,800.0,у.е,,,,,4ef8j,12,mirzo-ulugbek
,https://www.olx.uz/d/obyavlenie/srochno-sdaetsya-2h-komnatnaya-kvartira-na-ttz-ahmad-yugnakiy-ID4eLru.html,,,,,,,,4eLru,12,mirzo-ulugbek
Срочно сдается 2х комнатная квартира на ТТЗ Ахмад Югнакий!,https://www.olx.uz/d/obyavlenie/srochno-sdaetsya-2h-komnatnaya-kvartira-na-ttz-ahmad-yugnakiy-ID4eLru.html,400 у.е.,400.0,у.е,,,,,4eLru,12,mirzo-ulugbek
,https://www.olx.uz/d/obyavlenie/ttz-ahmad-yugnakiy-arenda-kvartira-ID4f9EK.html,,,,,,,,4f9EK,12,mirzo-ulugbek
ТТЗ Ахмад югнакий аренда квартира,https://www.olx.uz/d/obyavlenie/ttz-ahmad-yugnakiy-arenda-kvartira-ID4f9EK.html,500 у.е. Договорная,500.0,у.е,,,,,4f9EK,12,mirzo-ulugbek
,https://www.olx.uz/d/obyavlenie/srochno-sdaetsya-2h-komnatnaya-kvartira-na-ttz-ID4eLpU.html,,,,,,,,4eLpU,12,mirzo-ulugbek
Срочно сдается 2х комнатная квартира на ТТЗ,https://www.olx.uz/d/obyavlenie/srochno-sdaetsya-2h-komnatnaya-kvartira-na-ttz-ID4eLpU.html,300 у.е.,300.0,у.е,,,,,4eLpU,12,mirzo-ulugbek
,https://www.olx.uz/d/obyavlenie/arenda-1-3-5-maksim-gorkiy-ID4dXxr.html,,,,,,,,4dXxr,12,mirzo-ulugbek
Аренда 1/3/5 Максим Горький,https://www.olx.uz/d/obyavlenie/arenda-1-3-5-maksim-gorkiy-ID4dXxr.html,400 у.е.,400.0,у.е,,,,,4dXxr,12,mirzo-ulugbek
,https://www.olx.uz/d/obyavlenie/oila-uchun-4-xonali-dom-ID4eOtK.html,,,,,,,,4eOtK,12,mirzo-ulugbek
Oila uchun 4 xonali dom,https://www.olx.uz/d/obyavlenie/oila-uchun-4-xonali-dom-ID4eOtK.html,700 у.е.,700.0,у.е,,,,,4eOtK,12,mirzo-ulugbek
,https://www.olx.uz/d/obyavlenie/yalangach-2-4-4-48m-ID4f9C8.html,,,,,,,,4f9C8,12,mirzo-ulugbek
Ялангач 2/4/4  48м²,https://www.olx.uz/d/obyavlenie/yalangach-2-4-4-48m-ID4f9C8.html,550 у.е.,550.0,у.е,,,,,4f9C8,12,mirzo-ulugbek
,https://www.olx.uz/d/obyavlenie/arenda-kvartiry-ts1-tsentr-ID4f9C0.html,,,,,,,,4f9C0,12,mirzo-ulugbek
Аренда квартиры ц1 центр,https://www.olx.uz/d/obyavlenie/arenda-kvartiry-ts1-tsentr-ID4f9C0.html,1 000 у.е.,1000.0,у.е,,,,,4f9C0,12,mirzo-ulugbek
,https://www.olx.uz/d/obyavlenie/sdaetsya-3-3-5-kirpich-ID4eFyN.html,,,,,,,,4eFyN,12,mirzo-ulugbek
Сдаеться 3/3/5 кирпич,https://www.olx.uz/d/obyavlenie/sdaetsya-3-3-5-kirpich-ID4eFyN.html,700 у.е.,700.0,у.е,,,,,4eFyN,12,mirzo-ulugbek
,https://www.olx.uz/d/obyavlenie/ganga-zhanggoh-4-3-9-srochno-sdaetsya-ID4dXwg.html,,,,,,,,4dXwg,12,mirzo-ulugbek
Ганга . жанггох 4.3.9 срочно сдаётся,https://www.olx.uz/d/obyavlenie/ganga-zhanggoh-4-3-9-srochno-sdaetsya-ID4dXwg.html,600 у.е.,600.0,у.е,,,,,4dXwg,12,mirzo-ulugbek
,https://www.olx.uz/d/obyavlenie/arenda-2-7-8-zhk-ok-saroy-ul-parkentskiy-srochno-ID4em3L.html,,,,,,,,4em3L,12,mirzo-ulugbek
Аренда 2/7/8 ЖК Ок Сарой ул Паркентский Срочно !!,https://www.olx.uz/d/obyavlenie/arenda-2-7-8-zhk-ok-saroy-ul-parkentskiy-srochno-ID4em3L.html,550 у.е. Договорная,550.0,у.е,,,,,4em3L,12,mirzo-ulugbek
,https://www.olx.uz/d/obyavlenie/arenda-kvartiry-maksim-gorkiy-biy-buz-bazar-salam-chayhana-ID4dhbH.html,,,,,,,,4dhbH,12,mirzo-ulugbek
Аренда квартиры максим горький бий буз базар Салам чайхана,https://www.olx.uz/d/obyavlenie/arenda-kvartiry-maksim-gorkiy-biy-buz-bazar-salam-chayhana-ID4dhbH.html,600 у.е. Договорная,600.0,у.е,,,,,4dhbH,12,mirzo-ulugbek
,https://www.olx.uz/d/obyavlenie/arenda-kvartiry-massiv-maksim-gorkiy-biy-buz-bazar-salam-chayhana-ID4dqdq.html,,,,,,,,4dqdq,12,mirzo-ulugbek
Аренда квартиры массив максим горький бий буз базар Салам чайхана,https://www.olx.uz/d/obyavlenie/arenda-kvartiry-massiv-maksim-gorkiy-biy-buz-bazar-salam-chayhana-ID4dqdq.html,550 у.е.,550.0,у.е,,,,,4dqdq,12,mirzo-ulugbek
,https://www.olx.uz/d/obyavlenie/arenda-kvartiry-massiv-ahmad-yugnakiy-humoyun-ttz-feruza-ID4bKw9.html,,,,,,,,4bKw9,12,mirzo-ulugbek
Аренда квартиры массив Ахмад югнакий хумоюн ттз феруза,https://www.olx.uz/d/obyavlenie/arenda-kvartiry-massiv-ahmad-yugnakiy-humoyun-ttz-feruza-ID4bKw9.html,280 у.е. Договорная,280.0,у.е,,,,,4bKw9,12,mirzo-ulugbek
,https://www.olx.uz/d/obyavlenie/arenda-kvartiry-maksim-gorkiy-biy-buz-bazar-salam-chayhana-hudozhnik-ID4dqfz.html,,,,,,,,4dqfz,12,mirzo-ulugbek
Аренда квартиры максим горький бий буз базар Салам чайхана художник,https://www.olx.uz/d/obyavlenie/arenda-kvartiry-maksim-gorkiy-biy-buz-bazar-salam-chayhana-hudozhnik-ID4dqfz.html,400 у.е.,400.0,у.е,,,,,4dqfz,12,mirzo-ulugbek
,https://www.olx.uz/d/obyavlenie/2-3-4-b2-6-m-feruza-350-ue-ID4f9x7.html,,,,,,,,4f9x7,12,mirzo-ulugbek
2/3/4 б2/6. М. Феруза.   350 уе,https://www.olx.uz/d/obyavlenie/2-3-4-b2-6-m-feruza-350-ue-ID4f9x7.html,350 у.е.,350.0,у.е,,,,,4f9x7,12,mirzo-ulugbek
,https://www.olx.uz/d/obyavlenie/ekobozor-1-3-5-oilaga-beriladi-srochno-ID4elZM.html,,,,,,,,4elZM,12,mirzo-ulugbek
Экобозор 1/3/5 оилага берилади срочно,https://www.olx.uz/d/obyavlenie/ekobozor-1-3-5-oilaga-beriladi-srochno-ID4elZM.html,350 у.е.,350.0,у.е,,,,,4elZM,12,mirzo-ulugbek
,https://www.olx.uz/d/obyavlenie/arenda-kvartira-buyuk-ipak-yoli-metroga-yaqin-joyda-ID4f9sB.html,,,,,,,,4f9sB,12,mirzo-ulugbek
Arenda kvartira Buyuk ipak yoʻli metroga yaqin joyda,https://www.olx.uz/d/obyavlenie/arenda-kvartira-buyuk-ipak-yoli-metroga-yaqin-joyda-ID4f9sB.html,280 у.е.,280.0,у.е,,,,,4f9sB,12,mirzo-ulugbek
,https://www.olx.uz/d/obyavlenie/it-park-maksim-gorkiy-metro-yaqinida-arenda-kvartira-ID4f9st.html,,,,,,,,4f9st,12,mirzo-ulugbek
It park Maksim Gorkiy metro yaqinida arenda kvartira,https://www.olx.uz/d/obyavlenie/it-park-maksim-gorkiy-metro-yaqinida-arenda-kvartira-ID4f9st.html,300 у.е.,300.0,у.е,,,,,4f9st,12,mirzo-ulugbek
,https://www.olx.uz/d/obyavlenie/mashinasozlar-metro-bekati-yaqinida-arenda-kvartira-ID4f9rY.html,,,,,,,,4f9rY,12,mirzo-ulugbek
Mashinasozlar metro bekati yaqinida arenda kvartira,https://www.olx.uz/d/obyavlenie/mashinasozlar-metro-bekati-yaqinida-arenda-kvartira-ID4f9rY.html,280 у.е.,280.0,у.е,,,,,4f9rY,12,mirzo-ulugbek
,https://www.olx.uz/d/obyavlenie/arenda-chimgan-eko-bazar-1-2-5-polnyy-obstanovkoy-ID4elXz.html,,,,,,,,4elXz,12,mirzo-ulugbek
Аренда Чимган Эко базар 1/2/5 полный обстановкой,https://www.olx.uz/d/obyavlenie/arenda-chimgan-eko-bazar-1-2-5-polnyy-obstanovkoy-ID4elXz.html,350 у.е.,350.0,у.е,,,,,4elXz,12,mirzo-ulugbek
,https://www.olx.uz/d/obyavlenie/maksim-gorkiy-arenda-kvartira-ID4elXe.html,,,,,,,,4elXe,12,mirzo-ulugbek
Максим горький аренда квартира,https://www.olx.uz/d/obyavlenie/maksim-gorkiy-arenda-kvartira-ID4elXe.html,400 у.е.,400.0,у.е,,,,,4elXe,12,mirzo-ulugbek
,https://www.olx.uz/d/obyavlenie/mirzo-ulugbek-arenda-semya-i-studentov-ID4f9oe.html,,,,,,,,4f9oe,12,mirzo-ulugbek
Мирзо Улугбек аренда семя и студентов,https://www.olx.uz/d/obyavlenie/mirzo-ulugbek-arenda-semya-i-studentov-ID4f9oe.html,250 у.е.,250.0,у.е,,,,,4f9oe,12,mirzo-ulugbek
,https://www.olx.uz/d/obyavlenie/1-komn-3-etazh-arenda-izhara-uy-zhoy-yalangach-eko-bazar-ID4f9sq.html,,,,,,,,4f9sq,12,mirzo-ulugbek
1-Комн. 3-Этаж. Аренда. Ижара. Уй-Жой. Ялангач. Эко Базар.,https://www.olx.uz/d/obyavlenie/1-komn-3-etazh-arenda-izhara-uy-zhoy-yalangach-eko-bazar-ID4f9sq.html,400 у.е. Договорная,400.0,у.е,,,,,4f9sq,12,mirzo-ulugbek
,https://www.olx.uz/d/obyavlenie/arenda-kvartira-toshkent-ID49iYU.html,,,,,,,,49iYU,12,mirzo-ulugbek
Аренда квартира Тошкент,https://www.olx.uz/d/obyavlenie/arenda-kvartira-toshkent-ID49iYU.html,450 у.е.,450.0,у.е,,,,,49iYU,12,mirzo-ulugbek
,https://www.olx.uz/d/obyavlenie/kvartira-v-arendu-svoya-arendaga-kvartira-ID45pHQ.html,,,,,,,,45pHQ,12,mirzo-ulugbek
Квартира в аренду (своя)  Arendaga kvartira,https://www.olx.uz/d/obyavlenie/kvartira-v-arendu-svoya-arendaga-kvartira-ID45pHQ.html,600 у.е. Договорная,600.0,у.е,,,,,45pHQ,12,mirzo-ulugbek
,https://www.olx.uz/d/obyavlenie/feruzada-2-xona-kvartira-ijaraga-beriladi-ID4eOdS.html,,,,,,,,4eOdS,12,mirzo-ulugbek
Feruzada 2 xona kvartira ijaraga beriladi,https://www.olx.uz/d/obyavlenie/feruzada-2-xona-kvartira-ijaraga-beriladi-ID4eOdS.html,350 у.е.,350.0,у.е,,,,,4eOdS,12,mirzo-ulugbek
,https://www.olx.uz/d/obyavlenie/arenda-massiv-feruza-2-2-4-ID4eL70.html,,,,,,,,4eL70,12,mirzo-ulugbek
Аренда массив феруза 2/2/4,https://www.olx.uz/d/obyavlenie/arenda-massiv-feruza-2-2-4-ID4eL70.html,350 у.е.,350.0,у.е,,,,,4eL70,12,mirzo-ulugbek
,https://www.olx.uz/d/obyavlenie/arenda-na-ts1-3h-komnatnaya-kvartira-ID4f9lW.html,,,,,,,,4f9lW,12,mirzo-ulugbek
Аренда на  Ц1. 3х комнатная квартира.,https://www.olx.uz/d/obyavlenie/arenda-na-ts1-3h-komnatnaya-kvartira-ID4f9lW.html,800 у.е.,800.0,у.е,,,,,4f9lW,12,mirzo-ulugbek
,https://www.olx.uz/d/obyavlenie/buyuk-ipak-yoli-metro-yaqin-ijaraga-kvartira-ID4f9eC.html,,,,,,,,4f9eC,12,mirzo-ulugbek
Buyuk Ipak yoli metro yaqin ijaraga kvartira,https://www.olx.uz/d/obyavlenie/buyuk-ipak-yoli-metro-yaqin-ijaraga-kvartira-ID4f9eC.html,310 у.е.,310.0,у.е,,,,,4f9eC,12,mirzo-ulugbek
,https://www.olx.uz/d/obyavlenie/3-komnatnaya-darhan-zhk-london-arenda-kvartiry-ID4f9lL.html,,,,,,,,4f9lL,12,mirzo-ulugbek
3- комнатная Дархан ЖК Лондон - Аренда Квартиры,https://www.olx.uz/d/obyavlenie/3-komnatnaya-darhan-zhk-london-arenda-kvartiry-ID4f9lL.html,1 600 у.е.,1600.0,у.е,,,,,4f9lL,12,mirzo-ulugbek
,https://www.olx.uz/d/obyavlenie/arenda-kvartira-novomoskovkoy-ID45oOE.html,,,,,,,,45oOE,12,mirzo-ulugbek
Аренда квартира Новомосковкой,https://www.olx.uz/d/obyavlenie/arenda-kvartira-novomoskovkoy-ID45oOE.html,600 у.е.,600.0,у.е,,,,,45oOE,12,mirzo-ulugbek
,https://www.olx.uz/d/obyavlenie/akay-city-novaya-2-komnatnaya-kvartira-v-zhilom-komplekse-akay-siti-ID4esye.html,,,,,,,,4esye,12,mirzo-ulugbek
Akay City !! Новая 2-комнатная квартира в жилом комплексе Акай Сити.,https://www.olx.uz/d/obyavlenie/akay-city-novaya-2-komnatnaya-kvartira-v-zhilom-komplekse-akay-siti-ID4esye.html,1 150 у.е.,1150.0,у.е,,,,,4esye,12,mirzo-ulugbek
,https://www.olx.uz/d/obyavlenie/arenda-oilaga-yigitlarga-akuratniyga-ID4832e.html,,,,,,,,4832e,12,mirzo-ulugbek
Аренда оилага  йигитларга Akuratniyga,https://www.olx.uz/d/obyavlenie/arenda-oilaga-yigitlarga-akuratniyga-ID4832e.html,500 у.е.,500.0,у.е,,,,,4832e,12,mirzo-ulugbek
,https://www.olx.uz/d/obyavlenie/sdaetsya-kvartira-v-nrg-mirzo-ulugbek-s-horoshim-remontom-ID4f98K.html,,,,,,,,4f98K,12,mirzo-ulugbek
Сдаётся квартира в NRG MIRZO ULUGBEK с хорошим ремонтом,https://www.olx.uz/d/obyavlenie/sdaetsya-kvartira-v-nrg-mirzo-ulugbek-s-horoshim-remontom-ID4f98K.html,650 у.е.,650.0,у.е,,,,,4f98K,12,mirzo-ulugbek
,https://www.olx.uz/d/obyavlenie/zhk-akay-city-2-komnatnaya-novaya-kvartira-sistema-umnyy-dom-darhan-ID4elJ1.html,,,,,,,,4elJ1,12,mirzo-ulugbek
ЖК AKAY CITY 2-комнатная НОВАЯ квартира - Система УМНЫЙ ДОМ! Дархан,https://www.olx.uz/d/obyavlenie/zhk-akay-city-2-komnatnaya-novaya-kvartira-sistema-umnyy-dom-darhan-ID4elJ1.html,699 у.е. Договорная,699.0,у.е,,,,,4elJ1,12,mirzo-ulugbek
,https://www.olx.uz/d/obyavlenie/zhk-parkent-plaza-2-komnatnaya-novaya-kvartira-umnyy-dom-parkentskiy-ID4elIf.html,,,,,,,,4elIf,12,mirzo-ulugbek
Жк Parkent Plaza 2-комнатная НОВАЯ квартира - Умный Дом! Паркентский,https://www.olx.uz/d/obyavlenie/zhk-parkent-plaza-2-komnatnaya-novaya-kvartira-umnyy-dom-parkentskiy-ID4elIf.html,500 у.е. Договорная,500.0,у.е,,,,,4elIf,12,mirzo-ulugbek
,https://www.olx.uz/d/obyavlenie/zhk-silk-road-2-kom-novaya-kvartira-umnyy-dom-sayram-m-gorkiy-biy-ID4elHL.html,,,,,,,,4elHL,12,mirzo-ulugbek
"ЖК Silk Road 2-ком НОВАЯ квартира - Умный Дом! Сайрам М,Горький БИЙ",https://www.olx.uz/d/obyavlenie/zhk-silk-road-2-kom-novaya-kvartira-umnyy-dom-sayram-m-gorkiy-biy-ID4elHL.html,500 у.е. Договорная,500.0,у.е,,,,,4elHL,12,mirzo-ulugbek
,https://www.olx.uz/d/obyavlenie/arenda-kvartiry-ttz2-2-komnatnaya-ID4dX8r.html,,,,,,,,4dX8r,12,mirzo-ulugbek
Аренда квартиры ттз2      2- комнатная,https://www.olx.uz/d/obyavlenie/arenda-kvartiry-ttz2-2-komnatnaya-ID4dX8r.html,350 у.е.,350.0,у.е,,,,,4dX8r,12,mirzo-ulugbek
,https://www.olx.uz/d/obyavlenie/arenda-1-1-4-buyuk-ipak-yuli-metro-hudozhniki-ID4eKXL.html,,,,,,,,4eKXL,12,mirzo-ulugbek
Аренда 1/1/4 Буюк ипак йули метро Художники,https://www.olx.uz/d/obyavlenie/arenda-1-1-4-buyuk-ipak-yuli-metro-hudozhniki-ID4eKXL.html,600 у.е.,600.0,у.е,,,,,4eKXL,12,mirzo-ulugbek
,https://www.olx.uz/d/obyavlenie/arenda-kvartiry-massiv-kadysheva-ID4dX65.html,,,,,,,,4dX65,12,mirzo-ulugbek
Аренда квартиры массив кадышева,https://www.olx.uz/d/obyavlenie/arenda-kvartiry-massiv-kadysheva-ID4dX65.html,600 у.е.,600.0,у.е,,,,,4dX65,12,mirzo-ulugbek
,https://www.olx.uz/d/obyavlenie/nrg-sayram-3-komnatnaya-novaya-kvartira-umnyy-dom-or-r-buz-bazar-ID4elEA.html,,,,,,,,4elEA,12,mirzo-ulugbek
NRG Сайрам 3-комнатная НОВАЯ квартира - Умный Дом! Ор-р Буз базар,https://www.olx.uz/d/obyavlenie/nrg-sayram-3-komnatnaya-novaya-kvartira-umnyy-dom-or-r-buz-bazar-ID4elEA.html,700 у.е. Договорная,700.0,у.е,,,,,4elEA,12,mirzo-ulugbek
,https://www.olx.uz/d/obyavlenie/arenda-2-2-5-buyuk-ipak-yuli-metro-hudozhnik-ID4f9cD.html,,,,,,,,4f9cD,12,mirzo-ulugbek
Аренда 2/2/5 Буюк ипак йули метро Художник,https://www.olx.uz/d/obyavlenie/arenda-2-2-5-buyuk-ipak-yuli-metro-hudozhnik-ID4f9cD.html,450 у.е.,450.0,у.е,,,,,4f9cD,12,mirzo-ulugbek
,https://www.olx.uz/d/obyavlenie/sdam-kvartiru-boz-2-ulicha-temur-malik-ID3VPk9.html,,,,,,,,3VPk9,12,mirzo-ulugbek
Сдам квартиру Боз -2  улича Темур Малик,https://www.olx.uz/d/obyavlenie/sdam-kvartiru-boz-2-ulicha-temur-malik-ID3VPk9.html,300 у.е. Договорная,300.0,у.е,,,,,3VPk9,12,mirzo-ulugbek
,https://www.olx.uz/d/obyavlenie/arenda-ts1-bibigon-ID3dN5u.html,,,,,,,,3dN5u,12,mirzo-ulugbek
Аренда ц1 бибигон,https://www.olx.uz/d/obyavlenie/arenda-ts1-bibigon-ID3dN5u.html,800 у.е.,800.0,у.е,,,,,3dN5u,12,mirzo-ulugbek
,https://www.olx.uz/d/obyavlenie/darhan-avenyu-3-kom-prostornaya-155-kv-m-kvartira-umnyy-dom-zvonite-ID4elBi.html,,,,,,,,4elBi,12,mirzo-ulugbek
Дархан авеню 3-ком Просторная 155 кв.м квартира Умный Дом! ЗВОНИТЕ,https://www.olx.uz/d/obyavlenie/darhan-avenyu-3-kom-prostornaya-155-kv-m-kvartira-umnyy-dom-zvonite-ID4elBi.html,1 000 у.е. Договорная,1000.0,у.е,,,,,4elBi,12,mirzo-ulugbek
,https://www.olx.uz/d/obyavlenie/mirzo-ulubek-tumani-korasuv-4-ID4f8XM.html,,,,,,,,4f8XM,12,mirzo-ulugbek
Мирзо Улуғбек тумани корасув-4,https://www.olx.uz/d/obyavlenie/mirzo-ulubek-tumani-korasuv-4-ID4f8XM.html,250 у.е.,250.0,у.е,,,,,4f8XM,12,mirzo-ulugbek
,https://www.olx.uz/d/obyavlenie/srochno-arenda-kvartira-ts2-riyal-haus-ID4eKSG.html,,,,,,,,4eKSG,12,mirzo-ulugbek
Срочно аренда квартира ц2 риял хаус,https://www.olx.uz/d/obyavlenie/srochno-arenda-kvartira-ts2-riyal-haus-ID4eKSG.html,900 у.е.,900.0,у.е,,,,,4eKSG,12,mirzo-ulugbek
,https://www.olx.uz/d/obyavlenie/arenda-na-chimgan-ekobazar-1-komnatnaya-kvartira-s-obstanovkoy-ID4eKRO.html,,,,,,,,4eKRO,12,mirzo-ulugbek
"Аренда на Чимган экобазар, 1-комнатная квартира с обстановкой",https://www.olx.uz/d/obyavlenie/arenda-na-chimgan-ekobazar-1-komnatnaya-kvartira-s-obstanovkoy-ID4eKRO.html,330 у.е.,330.0,у.е,,,,,4eKRO,12,mirzo-ulugbek
,https://www.olx.uz/d/obyavlenie/sdaetsya-kvartira-v-akay-city-120-kv-m-ID4dVYi.html,,,,,,,,4dVYi,12,mirzo-ulugbek
Сдаётся квартира в Akay City . 120 кв м,https://www.olx.uz/d/obyavlenie/sdaetsya-kvartira-v-akay-city-120-kv-m-ID4dVYi.html,1 300 у.е.,1300.0,у.е,,,,,4dVYi,12,mirzo-ulugbek
,https://www.olx.uz/d/obyavlenie/eko-bazar-massiv-feruza-ginikalogiya-ID4f95t.html,,,,,,,,4f95t,12,mirzo-ulugbek
Эко базар Массив Феруза Гиникалогия,https://www.olx.uz/d/obyavlenie/eko-bazar-massiv-feruza-ginikalogiya-ID4f95t.html,400 у.е.,400.0,у.е,,,,,4f95t,12,mirzo-ulugbek
,https://www.olx.uz/d/obyavlenie/arenda-m-m-gorkiy-ul-sayram-british-school-zhk-silk-way-ID4f96Q.html,,,,,,,,4f96Q,12,mirzo-ulugbek
"АРЕНДА:  м. М.Горький ул. Сайрам, British school (ЖК ""Silk way"")",https://www.olx.uz/d/obyavlenie/arenda-m-m-gorkiy-ul-sayram-british-school-zhk-silk-way-ID4f96Q.html,1 100 у.е. Договорная,1100.0,у.е,,,,,4f96Q,12,mirzo-ulugbek
,https://www.olx.uz/d/obyavlenie/arenda-kvarrtiry-sdaetsya-novostroyka-karasu-6-ID4aqbi.html,,,,,,,,4aqbi,12,mirzo-ulugbek
Аренда кварртиры сдается новостройка Карасу 6,https://www.olx.uz/d/obyavlenie/arenda-kvarrtiry-sdaetsya-novostroyka-karasu-6-ID4aqbi.html,400 у.е.,400.0,у.е,,,,,4aqbi,12,mirzo-ulugbek
,https://www.olx.uz/d/obyavlenie/srochno-sdam-2-h-kom-kvartiru-na-ts-1-tsentr-goroda-ID4eKNg.html,,,,,,,,4eKNg,12,mirzo-ulugbek
Срочно сдам 2-х ком квартиру на Ц-1 | Центр города,https://www.olx.uz/d/obyavlenie/srochno-sdam-2-h-kom-kvartiru-na-ts-1-tsentr-goroda-ID4eKNg.html,700 у.е.,700.0,у.е,,,,,4eKNg,12,mirzo-ulugbek
,https://www.olx.uz/d/obyavlenie/srochno-arenda-2-kome-ttz-2-diadora-m-ulugbek-biy-ID4f92K.html,,,,,,,,4f92K,12,mirzo-ulugbek
"Срочно аренда 2 комэ Ттз 2,  Диадора, М. Улугбек, Бий",https://www.olx.uz/d/obyavlenie/srochno-arenda-2-kome-ttz-2-diadora-m-ulugbek-biy-ID4f92K.html,500 у.е.,500.0,у.е,,,,,4f92K,12,mirzo-ulugbek
,https://www.olx.uz/d/obyavlenie/sdaetsya-kvartira-ryadom-s-buz-bazarom-2-5-9-v-novostroyke-ID44g2y.html,,,,,,,,44g2y,12,mirzo-ulugbek
Сдаётся квартира рядом с Буз Базаром 2/5/9 в Новостройке,https://www.olx.uz/d/obyavlenie/sdaetsya-kvartira-ryadom-s-buz-bazarom-2-5-9-v-novostroyke-ID44g2y.html,600 у.е. Договорная,600.0,у.е,,,,,44g2y,12,mirzo-ulugbek
,https://www.olx.uz/d/obyavlenie/srochno-arenda-uyutnoy-3-komn-kvartiry-na-zhk-parkent-avenyu-ID40Lqk.html,,,,,,,,40Lqk,12,mirzo-ulugbek
СРОЧНО!!! Аренда уютной 3-комн квартиры на ЖК Паркент Авенью,https://www.olx.uz/d/obyavlenie/srochno-arenda-uyutnoy-3-komn-kvartiry-na-zhk-parkent-avenyu-ID40Lqk.html,550 у.е.,550.0,у.е,,,,,40Lqk,12,mirzo-ulugbek
,https://www.olx.uz/d/obyavlenie/sdam-2-h-kom-kvartiru-v-akay-city-darhan-tsentr-ID4eKLP.html,,,,,,,,4eKLP,12,mirzo-ulugbek
Сдам 2-х ком квартиру в Akay City. Дархан/ Центр,https://www.olx.uz/d/obyavlenie/sdam-2-h-kom-kvartiru-v-akay-city-darhan-tsentr-ID4eKLP.html,1 100 у.е.,1100.0,у.е,,,,,4eKLP,12,mirzo-ulugbek
,https://www.olx.uz/d/obyavlenie/ts-1-ryadom-eko-park-arenda-kvartiry-3-komnatnaya-ID4f8Z2.html,,,,,,,,4f8Z2,12,mirzo-ulugbek
Ц-1 Рядом Эко Парк - Аренда Квартиры 3- Комнатная,https://www.olx.uz/d/obyavlenie/ts-1-ryadom-eko-park-arenda-kvartiry-3-komnatnaya-ID4f8Z2.html,800 у.е.,800.0,у.е,,,,,4f8Z2,12,mirzo-ulugbek
,https://www.olx.uz/d/obyavlenie/dlya-seme-2shka-na-mirzo-ulugbekskiy-r-on-nikitina-botkino-ID4dYxS.html,,,,,,,,4dYxS,12,mirzo-ulugbek
"Для семье 2шка на Мирзо-Улугбекский р-он Никитина, Боткино",https://www.olx.uz/d/obyavlenie/dlya-seme-2shka-na-mirzo-ulugbekskiy-r-on-nikitina-botkino-ID4dYxS.html,450 у.е. Договорная,450.0,у.е,,,,,4dYxS,12,mirzo-ulugbek
,https://www.olx.uz/d/obyavlenie/sdaetsya-3-kom-kvartira-s-evro-remontom-v-novostroyke-na-ts-1-ID41Bii.html,,,,,,,,41Bii,12,mirzo-ulugbek
Сдается // 3 ком квартира с евро ремонтом в новостройке на Ц-1,https://www.olx.uz/d/obyavlenie/sdaetsya-3-kom-kvartira-s-evro-remontom-v-novostroyke-na-ts-1-ID41Bii.html,750 у.е.,750.0,у.е,,,,,41Bii,12,mirzo-ulugbek
,https://www.olx.uz/d/obyavlenie/parkentskiy-parkentskiy-2h-kom-ya-arenda-dolgiy-srok-ID42loJ.html,,,,,,,,42loJ,12,mirzo-ulugbek
Паркентский (Parkentskiy) 2х ком-я Аренда долгий срок.,https://www.olx.uz/d/obyavlenie/parkentskiy-parkentskiy-2h-kom-ya-arenda-dolgiy-srok-ID42loJ.html,600 у.е.,600.0,у.е,,,,,42loJ,12,mirzo-ulugbek
,https://www.olx.uz/d/obyavlenie/sdaetsya-2h-kom-ya-kvartira-v-zhk-akay-siti-akay-sity-ID44TBQ.html,,,,,,,,44TBQ,12,mirzo-ulugbek
"Сдаётся 2х ком-я квартира в ЖК Акай сити ""Akay Sity""",https://www.olx.uz/d/obyavlenie/sdaetsya-2h-kom-ya-kvartira-v-zhk-akay-siti-akay-sity-ID44TBQ.html,750 у.е.,750.0,у.е,,,,,44TBQ,12,mirzo-ulugbek
,https://www.olx.uz/d/obyavlenie/mahtumkuli-mahtumkuli-sdaetsya-2h-kom-ya-kvartira-posle-remonta-ID44kom.html,,,,,,,,44kom,12,mirzo-ulugbek
Махтумкули (Mahtumkuli) Сдаётся 2х ком-я Квартира после ремонта.,https://www.olx.uz/d/obyavlenie/mahtumkuli-mahtumkuli-sdaetsya-2h-kom-ya-kvartira-posle-remonta-ID44kom.html,600 у.е.,600.0,у.е,,,,,44kom,12,mirzo-ulugbek
,https://www.olx.uz/d/obyavlenie/2-hona-kv-eko-bozor-genikalogiya-taksapark-oldi-ID3yPdL.html,,,,,,,,3yPdL,12,mirzo-ulugbek
2-хона КВ ЭКО Бозор Геникалогия Таксапарк олди.,https://www.olx.uz/d/obyavlenie/2-hona-kv-eko-bozor-genikalogiya-taksapark-oldi-ID3yPdL.html,350 у.е.,350.0,у.е,,,,,3yPdL,12,mirzo-ulugbek
,https://www.olx.uz/d/obyavlenie/arenda-vakat-oylaga-eko-bazar-genikaloya-massiv-feruza-taksapark-oldi-ID351lL.html,,,,,,,,351lL,12,mirzo-ulugbek
Аренда вакат ойлага Эко Базар Геникалоя Массив Феруза Таксапарк олди,https://www.olx.uz/d/obyavlenie/arenda-vakat-oylaga-eko-bazar-genikaloya-massiv-feruza-taksapark-oldi-ID351lL.html,350 у.е.,350.0,у.е,,,,,351lL,12,mirzo-ulugbek
,https://www.olx.uz/d/obyavlenie/mirzo-ulugbek-tumani-parkentskiy-1-ID4f8FP.html,,,,,,,,4f8FP,12,mirzo-ulugbek
Mirzo Ulug'bek tumani Parkentskiy 1,https://www.olx.uz/d/obyavlenie/mirzo-ulugbek-tumani-parkentskiy-1-ID4f8FP.html,230 у.е.,230.0,у.е,,,,,4f8FP,12,mirzo-ulugbek
,https://www.olx.uz/d/obyavlenie/sdaetsya-kvartira-ts-1-ID2Yduy.html,,,,,,,,2Yduy,12,mirzo-ulugbek
Сдаётся квартира Ц-1.,https://www.olx.uz/d/obyavlenie/sdaetsya-kvartira-ts-1-ID2Yduy.html,800 у.е.,800.0,у.е,,,,,2Yduy,12,mirzo-ulugbek
,https://www.olx.uz/d/obyavlenie/sdaetsya-3h-kom-kv-s-novym-remontom-na-parkent-avenue-parkentskiy-biy-ID4eOca.html,,,,,,,,4eOca,12,mirzo-ulugbek
Сдается 3х-ком кв с новым ремонтом на Parkent Avenue | Паркентский БИЙ,https://www.olx.uz/d/obyavlenie/sdaetsya-3h-kom-kv-s-novym-remontom-na-parkent-avenue-parkentskiy-biy-ID4eOca.html,800 у.е. Договорная,800.0,у.е,,,,,4eOca,12,mirzo-ulugbek
,https://www.olx.uz/d/obyavlenie/sdaetsya-kvartira-na-metro-biy-ID3WbFO.html,,,,,,,,3WbFO,12,mirzo-ulugbek
Сдаётся квартира на Метро БИЙ‼️,https://www.olx.uz/d/obyavlenie/sdaetsya-kvartira-na-metro-biy-ID3WbFO.html,700 у.е.,700.0,у.е,,,,,3WbFO,12,mirzo-ulugbek
,https://www.olx.uz/d/obyavlenie/sdaetsya-kvartira-v-mirzo-ulugbekskom-rayone-ID3DUKg.html,,,,,,,,3DUKg,12,mirzo-ulugbek
Сдаётся квартира в Мирзо-Улугбекском районе**,https://www.olx.uz/d/obyavlenie/sdaetsya-kvartira-v-mirzo-ulugbekskom-rayone-ID3DUKg.html,600 у.е.,600.0,у.е,,,,,3DUKg,12,mirzo-ulugbek
,https://www.olx.uz/d/obyavlenie/sdaetsya-kvartira-na-darhane-spetsplan-ID3Jp6T.html,,,,,,,,3Jp6T,12,mirzo-ulugbek
Сдаётся квартира на Дархане спецплан‼️,https://www.olx.uz/d/obyavlenie/sdaetsya-kvartira-na-darhane-spetsplan-ID3Jp6T.html,1 300 у.е.,1300.0,у.е,,,,,3Jp6T,12,mirzo-ulugbek
,https://www.olx.uz/d/obyavlenie/sdaetsya-3-komnatnaya-akaysiti-ID2IHJW.html,,,,,,,,2IHJW,12,mirzo-ulugbek
Сдается 3 комнатная Акайсити,https://www.olx.uz/d/obyavlenie/sdaetsya-3-komnatnaya-akaysiti-ID2IHJW.html,1 700 у.е.,1700.0,у.е,,,,,2IHJW,12,mirzo-ulugbek
,https://www.olx.uz/d/obyavlenie/zhk-parkent-avenue-3-komnatnaya-85kv-sdaetsya-v-arendu-parkent-avenyu-ID4eKBz.html,,,,,,,,4eKBz,12,mirzo-ulugbek
ЖК PARKENT AVENUE 3 комнатная 85кв Сдается в аренду ПАРКЕНТ АВЕНЮ,https://www.olx.uz/d/obyavlenie/zhk-parkent-avenue-3-komnatnaya-85kv-sdaetsya-v-arendu-parkent-avenyu-ID4eKBz.html,700 у.е. Договорная,700.0,у.е,,,,,4eKBz,12,mirzo-ulugbek
,https://www.olx.uz/d/obyavlenie/sdaetsya-kvartira-na-ts-1-posle-remonta-ID2X13M.html,,,,,,,,2X13M,12,mirzo-ulugbek
Сдаётся  Квартира на Ц 1 после ремонта,https://www.olx.uz/d/obyavlenie/sdaetsya-kvartira-na-ts-1-posle-remonta-ID2X13M.html,1 000 у.е.,1000.0,у.е,,,,,2X13M,12,mirzo-ulugbek
,https://www.olx.uz/d/obyavlenie/metro-maksim-gorkiy-arenda-kvartiry-2-komnatnaya-ID4cTvQ.html,,,,,,,,4cTvQ,12,mirzo-ulugbek
Метро - Максим Горький / Аренда Квартиры 2- Комнатная,https://www.olx.uz/d/obyavlenie/metro-maksim-gorkiy-arenda-kvartiry-2-komnatnaya-ID4cTvQ.html,800 у.е.,800.0,у.е,,,,,4cTvQ,12,mirzo-ulugbek
,https://www.olx.uz/d/obyavlenie/mahtumkuli-2-komnatnaya-v-arendu-sdaetsya-ID4d4KP.html,,,,,,,,4d4KP,12,mirzo-ulugbek
Махтумкули 2 - Комнатная В Аренду Сдается,https://www.olx.uz/d/obyavlenie/mahtumkuli-2-komnatnaya-v-arendu-sdaetsya-ID4d4KP.html,700 у.е.,700.0,у.е,,,,,4d4KP,12,mirzo-ulugbek
,https://www.olx.uz/d/obyavlenie/srochno-sdaetsya-bolshaya-2-kom-kvartira-v-akay-siti-ukomplektovana-ID4f8Qw.html,,,,,,,,4f8Qw,12,mirzo-ulugbek
СРОЧНО Сдаётся большая 2 ком квартира в Акай сити укомплектована,https://www.olx.uz/d/obyavlenie/srochno-sdaetsya-bolshaya-2-kom-kvartira-v-akay-siti-ukomplektovana-ID4f8Qw.html,1 200 у.е.,1200.0,у.е,,,,,4f8Qw,12,mirzo-ulugbek
,https://www.olx.uz/d/obyavlenie/srochno-sdaetsya-2-komnatnaya-60kv-shikarnym-remontom-metro-hamid-alimdzhan-ID4elfK.html,,,,,,,,4elfK,12,mirzo-ulugbek
Срочно сдается 2 комнатная 60кв шикарным ремонтом метро Хамид Алимджан,https://www.olx.uz/d/obyavlenie/srochno-sdaetsya-2-komnatnaya-60kv-shikarnym-remontom-metro-hamid-alimdzhan-ID4elfK.html,550 у.е. Договорная,550.0,у.е,,,,,4elfK,12,mirzo-ulugbek
,https://www.olx.uz/d/obyavlenie/parkentskiy-oq-saroy-3-komnat-110kv-arenda-mahtumkuli-ok-saroy-chistaya-ID4elfw.html,,,,,,,,4elfw,12,mirzo-ulugbek
Паркентский OQ SAROY 3 комнат 110кв АРЕНДА Махтумкули ок сарой чистая,https://www.olx.uz/d/obyavlenie/parkentskiy-oq-saroy-3-komnat-110kv-arenda-mahtumkuli-ok-saroy-chistaya-ID4elfw.html,550 у.е. Договорная,550.0,у.е,,,,,4elfw,12,mirzo-ulugbek
,https://www.olx.uz/d/obyavlenie/mahtumkuli-new-life-arenda-4-komnat-126kv-parkentskiy-nyu-layf-ID4el7e.html,,,,,,,,4el7e,12,mirzo-ulugbek
Махтумкули New life АРЕНДА 4 комнат 126кв Паркентский НЬЮ ЛАЙФ,https://www.olx.uz/d/obyavlenie/mahtumkuli-new-life-arenda-4-komnat-126kv-parkentskiy-nyu-layf-ID4el7e.html,600 у.е. Договорная,600.0,у.е,,,,,4el7e,12,mirzo-ulugbek
,https://www.olx.uz/d/obyavlenie/hamid-alimdzhan-3komnatnaya-darhan-srochno-sdam-novomoskovskaya-chistaya-kv-ID4eld0.html,,,,,,,,4eld0,12,mirzo-ulugbek
Хамид Алимджан 3комнатная Дархан срочно СДАМ новомосковская чистая кв,https://www.olx.uz/d/obyavlenie/hamid-alimdzhan-3komnatnaya-darhan-srochno-sdam-novomoskovskaya-chistaya-kv-ID4eld0.html,550 у.е. Договорная,550.0,у.е,,,,,4eld0,12,mirzo-ulugbek
,https://www.olx.uz/d/obyavlenie/sdaetsya-shikarnaya-2-komn-kvartira-zhk-akay-siti-or-r-metro-hamid-alimzhan-ID40Le4.html,,,,,,,,40Le4,12,mirzo-ulugbek
Сдается Шикарная 2-комн квартира ЖК Акай Сити ор-р Метро Хамид Алимжан,https://www.olx.uz/d/obyavlenie/sdaetsya-shikarnaya-2-komn-kvartira-zhk-akay-siti-or-r-metro-hamid-alimzhan-ID40Le4.html,650 у.е.,650.0,у.е,,,,,40Le4,12,mirzo-ulugbek
,https://www.olx.uz/d/obyavlenie/arenda-ttz-oialaga-yigitlarga-yoki-kizlarga-ID4b4QR.html,,,,,,,,4b4QR,12,mirzo-ulugbek
Аренда Ttz   оиалага  Йигитларга йоки кизларга,https://www.olx.uz/d/obyavlenie/arenda-ttz-oialaga-yigitlarga-yoki-kizlarga-ID4b4QR.html,450 у.е.,450.0,у.е,,,,,4b4QR,12,mirzo-ulugbek
,https://www.olx.uz/d/obyavlenie/arenda-korasu-6-bozorcha-yigitlarga-kizlarga-shariy-oila-ID40lD0.html,,,,,,,,40lD0,12,mirzo-ulugbek
Аренда  Корасу 6 Бозорча Йигитларга кизларга шарий оила,https://www.olx.uz/d/obyavlenie/arenda-korasu-6-bozorcha-yigitlarga-kizlarga-shariy-oila-ID40lD0.html,450 у.е.,450.0,у.е,,,,,40lD0,12,mirzo-ulugbek
,https://www.olx.uz/d/obyavlenie/arenda-it-park-srochno-3-3-4-mirzo-ulugbek-ID4aQWm.html,,,,,,,,4aQWm,12,mirzo-ulugbek
Аренда IT-park срочно 3/3/4 Мирзо улугбек,https://www.olx.uz/d/obyavlenie/arenda-it-park-srochno-3-3-4-mirzo-ulugbek-ID4aQWm.html,600 у.е.,600.0,у.е,,,,,4aQWm,12,mirzo-ulugbek
,https://www.olx.uz/d/obyavlenie/arenda-korasu-5-navostiroyka-evro-oilaga-yoki-yigitlarga-ID417it.html,,,,,,,,417it,12,mirzo-ulugbek
Аренда Корасу 5 Навостиройка  евро оилага йоки Йигитларга,https://www.olx.uz/d/obyavlenie/arenda-korasu-5-navostiroyka-evro-oilaga-yoki-yigitlarga-ID417it.html,440 у.е.,440.0,у.е,,,,,417it,12,mirzo-ulugbek
,https://www.olx.uz/d/obyavlenie/arenda-feruza-dahasi-genikologiya-akuratnyy-odamlarga-ID44ir8.html,,,,,,,,44ir8,12,mirzo-ulugbek
Аренда Феруза дахаси Геникология   Акуратный одамларга,https://www.olx.uz/d/obyavlenie/arenda-feruza-dahasi-genikologiya-akuratnyy-odamlarga-ID44ir8.html,500 у.е.,500.0,у.е,,,,,44ir8,12,mirzo-ulugbek
,https://www.olx.uz/d/obyavlenie/arenda-madaniyat-oldida-450doll-oilaga-akuratniy-odamlarga-ID43wsP.html,,,,,,,,43wsP,12,mirzo-ulugbek
Аренда Madaniyat oldida  450doll oilaga Akuratniy odamlarga,https://www.olx.uz/d/obyavlenie/arenda-madaniyat-oldida-450doll-oilaga-akuratniy-odamlarga-ID43wsP.html,500 у.е.,500.0,у.е,,,,,43wsP,12,mirzo-ulugbek
,https://www.olx.uz/d/obyavlenie/zhk-nrg-mirzo-ulugbek-sdaetsya-novaya-3h-komnatnaya-ID3H9Nf.html,,,,,,,,3H9Nf,12,mirzo-ulugbek
ЖК NRG-Мирзо Улугбек! Сдаётся новая 3х комнатная!,https://www.olx.uz/d/obyavlenie/zhk-nrg-mirzo-ulugbek-sdaetsya-novaya-3h-komnatnaya-ID3H9Nf.html,1 000 у.е. Договорная,1000.0,у.е,,,,,3H9Nf,12,mirzo-ulugbek
,https://www.olx.uz/d/obyavlenie/arenda-feruza-ekobozor-evro-remot-oilaga-kizlarga-ID43wxp.html,,,,,,,,43wxp,12,mirzo-ulugbek
Аренда Феруза Екобозор  евро ремот оилага  кизларга,https://www.olx.uz/d/obyavlenie/arenda-feruza-ekobozor-evro-remot-oilaga-kizlarga-ID43wxp.html,500 у.е.,500.0,у.е,,,,,43wxp,12,mirzo-ulugbek
,https://www.olx.uz/d/obyavlenie/sdaetsya-1-kom-kvartira-buz-1-ID4f8LN.html,,,,,,,,4f8LN,12,mirzo-ulugbek
Сдаётся 1-ком квартира    буз-1,https://www.olx.uz/d/obyavlenie/sdaetsya-1-kom-kvartira-buz-1-ID4f8LN.html,450 у.е.,450.0,у.е,,,,,4f8LN,12,mirzo-ulugbek
,https://www.olx.uz/d/obyavlenie/ts-1-zhk-gabus-v-tsetre-goroda-sdaetsya-4h-komnatnaya-ID3GeJc.html,,,,,,,,3GeJc,12,mirzo-ulugbek
Ц-1 ЖК Габус в Цетре Города-Сдаётся 4х комнатная!,https://www.olx.uz/d/obyavlenie/ts-1-zhk-gabus-v-tsetre-goroda-sdaetsya-4h-komnatnaya-ID3GeJc.html,1 400 у.е. Договорная,1400.0,у.е,,,,,3GeJc,12,mirzo-ulugbek
,https://www.olx.uz/d/obyavlenie/zhk-novomoskovskaya-3-h-komnatnaya-nikto-ne-zhil-evroremont-srochno-ID4eKw7.html,,,,,,,,4eKw7,12,mirzo-ulugbek
ЖК Новомосковская 3-х комнатная Никто не жил ! Евроремонт ! СРОЧНО!,https://www.olx.uz/d/obyavlenie/zhk-novomoskovskaya-3-h-komnatnaya-nikto-ne-zhil-evroremont-srochno-ID4eKw7.html,600 у.е. Договорная,600.0,у.е,,,,,4eKw7,12,mirzo-ulugbek
,https://www.olx.uz/d/obyavlenie/arenda-kvartiry-darhan-ID4dVzn.html,,,,,,,,4dVzn,12,mirzo-ulugbek
Аренда квартиры Дархан,https://www.olx.uz/d/obyavlenie/arenda-kvartiry-darhan-ID4dVzn.html,600 у.е.,600.0,у.е,,,,,4dVzn,12,mirzo-ulugbek
,https://www.olx.uz/d/obyavlenie/sdaetsya-kvartira-1-3-5-na-or-r-mirzo-ulugbekskiy-massiv-feruza-ID4f8Jr.html,,,,,,,,4f8Jr,12,mirzo-ulugbek
Сдаётся квартира 1/3/5 на ор-р Мирзо Улугбекский Массив Феруза,https://www.olx.uz/d/obyavlenie/sdaetsya-kvartira-1-3-5-na-or-r-mirzo-ulugbekskiy-massiv-feruza-ID4f8Jr.html,400 у.е. Договорная,400.0,у.е,,,,,4f8Jr,12,mirzo-ulugbek
,https://www.olx.uz/d/obyavlenie/1-3-4-sdaetsya-kvartira-so-vsemi-udobstvami-na-ttz-1-or-r-lokomotiv-ID4f8Jm.html,,,,,,,,4f8Jm,12,mirzo-ulugbek
1/3/4 Сдаётся квартира со всеми удобствами на ТТЗ-1 ор.р Локомотив,https://www.olx.uz/d/obyavlenie/1-3-4-sdaetsya-kvartira-so-vsemi-udobstvami-na-ttz-1-or-r-lokomotiv-ID4f8Jm.html,350 у.е.,350.0,у.е,,,,,4f8Jm,12,mirzo-ulugbek
,https://www.olx.uz/d/obyavlenie/cdaetsya-kvartira-na-ts2-ID3wtl2.html,,,,,,,,3wtl2,12,mirzo-ulugbek
Cдается квартира на Ц2,https://www.olx.uz/d/obyavlenie/cdaetsya-kvartira-na-ts2-ID3wtl2.html,1 000 у.е.,1000.0,у.е,,,,,3wtl2,12,mirzo-ulugbek
,https://www.olx.uz/d/obyavlenie/sdaetsya-kvartira-v-nrg-mirzo-ulugbek-ID3vzzb.html,,,,,,,,3vzzb,12,mirzo-ulugbek
Сдается  квартира в NRG Мирзо улугбек,https://www.olx.uz/d/obyavlenie/sdaetsya-kvartira-v-nrg-mirzo-ulugbek-ID3vzzb.html,850 у.е.,850.0,у.е,,,,,3vzzb,12,mirzo-ulugbek
,https://www.olx.uz/d/obyavlenie/sdaetsya-kvartira-na-akay-siti-ID3saqF.html,,,,,,,,3saqF,12,mirzo-ulugbek
Сдается квартира на Акай сити,https://www.olx.uz/d/obyavlenie/sdaetsya-kvartira-na-akay-siti-ID3saqF.html,1 000 у.е.,1000.0,у.е,,,,,3saqF,12,mirzo-ulugbek
,https://www.olx.uz/d/obyavlenie/sdaetsya-kvartira-na-darhane-ID2YdV7.html,,,,,,,,2YdV7,12,mirzo-ulugbek
Сдаётся Квартира на Дархане,https://www.olx.uz/d/obyavlenie/sdaetsya-kvartira-na-darhane-ID2YdV7.html,800 у.е.,800.0,у.е,,,,,2YdV7,12,mirzo-ulugbek
