title,url,price_raw,price_value,price_currency,location_text,posted_date_raw,posted_date,time_raw,card_id,district_id,district_name
,https://www.olx.uz/d/obyavlenie/sergeli-9-chi-hudud-2-hona-obstanovka-arenda-esh-oila-ishliydigan-bollar-ID4f2lu.html,,,,,,,,4f2lu,19,sergeli
Сергели 9 чи худуд 2 хона  обстановка аренда ёш оила ишлийдиган боллар,https://www.olx.uz/d/obyavlenie/sergeli-9-chi-hudud-2-hona-obstanovka-arenda-esh-oila-ishliydigan-bollar-ID4f2lu.html,450 у.е.,450.0,у.е,,,,,4f2lu,19,sergeli
,https://www.olx.uz/d/obyavlenie/sdaetsya-2-kom-zhk-xonabod-avenue-metro-honabad-evro-kv-v-stile-dupleks-ID4f3Y8.html,,,,,,,,4f3Y8,19,sergeli
Сдается 2 ком ЖК Xonabod Avenue. Метро Хонабад Евро кв в стиле Дуплекс,https://www.olx.uz/d/obyavlenie/sdaetsya-2-kom-zhk-xonabod-avenue-metro-honabad-evro-kv-v-stile-dupleks-ID4f3Y8.html,450 у.е.,450.0,у.е,,,,,4f3Y8,19,sergeli
,https://www.olx.uz/d/obyavlenie/sergili-green-house-2-komnatnaya-kvartira-ID3ZmQG.html,,,,,,,,3ZmQG,19,sergeli
Сергили Green house 2 комнатная квартира,https://www.olx.uz/d/obyavlenie/sergili-green-house-2-komnatnaya-kvartira-ID3ZmQG.html,500 у.е.,500.0,у.е,,,,,3ZmQG,19,sergeli
,https://www.olx.uz/d/obyavlenie/sergiliy-tumani-yangi-hayot-metro-ID4dZKH.html,,,,,,,,4dZKH,19,sergeli
Sergiliy tumani Yangi hayot metro,https://www.olx.uz/d/obyavlenie/sergiliy-tumani-yangi-hayot-metro-ID4dZKH.html,350 у.е.,350.0,у.е,,,,,4dZKH,19,sergeli
,https://www.olx.uz/d/obyavlenie/arenda-2-kom-novostroyka-sergili-ID4dZKo.html,,,,,,,,4dZKo,19,sergeli
Аренда 2 ком Новостройка Сергили,https://www.olx.uz/d/obyavlenie/arenda-2-kom-novostroyka-sergili-ID4dZKo.html,400 у.е.,400.0,у.е,,,,,4dZKo,19,sergeli
,https://www.olx.uz/d/obyavlenie/yangihaet-9-hudud-novostroyka-oilaga-sheriklikka-bezmakler-bez-posrednik-ID3Ok2Q.html,,,,,,,,3Ok2Q,19,sergeli
Янгихаёт 9-худуд новостройка оилага шерикликка bezmakler без посредник,https://www.olx.uz/d/obyavlenie/yangihaet-9-hudud-novostroyka-oilaga-sheriklikka-bezmakler-bez-posrednik-ID3Ok2Q.html,3 000 000 сум,3000000.0,сум,,,,,3Ok2Q,19,sergeli
,https://www.olx.uz/d/obyavlenie/yangihaet-9-hudud-novostroyka-oila-eki-kizlarga-bezmakler-bez-posrednik-ID3vbn3.html,,,,,,,,3vbn3,19,sergeli
Янгихаёт 9-худуд новостройка оила ёки кизларга bezmakler без посредник,https://www.olx.uz/d/obyavlenie/yangihaet-9-hudud-novostroyka-oila-eki-kizlarga-bezmakler-bez-posrednik-ID3vbn3.html,1 000 000 сум,1000000.0,сум,,,,,3vbn3,19,sergeli
,https://www.olx.uz/d/obyavlenie/sheriklikka-bolla-ID4fbDw.html,,,,,,,,4fbDw,19,sergeli
Sheriklikka bolla,https://www.olx.uz/d/obyavlenie/sheriklikka-bolla-ID4fbDw.html,800 000 сум,800000.0,сум,,,,,4fbDw,19,sergeli
,https://www.olx.uz/d/obyavlenie/sergeli-4-bekat-enida-arenda-kvartiry-ID4bRfY.html,,,,,,,,4bRfY,19,sergeli
Сергели 4 бекат енида аренда квартиры,https://www.olx.uz/d/obyavlenie/sergeli-4-bekat-enida-arenda-kvartiry-ID4bRfY.html,1 000 000 сум,1000000.0,сум,,,,,4bRfY,19,sergeli
,https://www.olx.uz/d/obyavlenie/3h-komnatnaya-arenda-kvartira-sergeli-ID4fbB6.html,,,,,,,,4fbB6,19,sergeli
3х комнатная аренда квартира Сергели,https://www.olx.uz/d/obyavlenie/3h-komnatnaya-arenda-kvartira-sergeli-ID4fbB6.html,400 у.е.,400.0,у.е,,,,,4fbB6,19,sergeli
,https://www.olx.uz/d/obyavlenie/sdaetsya-kvartira-seregeli-12-ID4fbym.html,,,,,,,,4fbym,19,sergeli
Сдаётся квартира Серегели 12,https://www.olx.uz/d/obyavlenie/sdaetsya-kvartira-seregeli-12-ID4fbym.html,400 у.е.,400.0,у.е,,,,,4fbym,19,sergeli
,https://www.olx.uz/d/obyavlenie/sergiliy-metro-elit-hous-ID4dZx6.html,,,,,,,,4dZx6,19,sergeli
Sergiliy metro Elit hous,https://www.olx.uz/d/obyavlenie/sergiliy-metro-elit-hous-ID4dZx6.html,450 у.е.,450.0,у.е,,,,,4dZx6,19,sergeli
,https://www.olx.uz/d/obyavlenie/sergiliy-darhon-3-bekat-metro-oyla-bola-izla-ID3SQsu.html,,,,,,,,3SQsu,19,sergeli
Сергилий дархон 3 бекат метро ойла бола қизла,https://www.olx.uz/d/obyavlenie/sergiliy-darhon-3-bekat-metro-oyla-bola-izla-ID3SQsu.html,500 у.е.,500.0,у.е,,,,,3SQsu,19,sergeli
,https://www.olx.uz/d/obyavlenie/arenda-3-komnatnaya-kvartira-sergeli-dehkan-bazar-novostroyka-ID471tw.html,,,,,,,,471tw,19,sergeli
"Аренда 3 комнатная квартира Сергели,  дехкан базар, новостройка",https://www.olx.uz/d/obyavlenie/arenda-3-komnatnaya-kvartira-sergeli-dehkan-bazar-novostroyka-ID471tw.html,500 у.е.,500.0,у.е,,,,,471tw,19,sergeli
,https://www.olx.uz/d/obyavlenie/3h-komnatnaya-arenda-kvartira-sergeli-ID4fbB6.html,,,,,,,,4fbB6,19,sergeli
3х комнатная аренда квартира Сергели,https://www.olx.uz/d/obyavlenie/3h-komnatnaya-arenda-kvartira-sergeli-ID4fbB6.html,400 у.е.,400.0,у.е,,,,,4fbB6,19,sergeli
,https://www.olx.uz/d/obyavlenie/sergeli-4-arenda-kvartiry-2-2-5-60m2-ID4eWZU.html,,,,,,,,4eWZU,19,sergeli
СЕРГЕЛИ 4 - аренда квартиры 2/2/5 60м2.,https://www.olx.uz/d/obyavlenie/sergeli-4-arenda-kvartiry-2-2-5-60m2-ID4eWZU.html,400 у.е.,400.0,у.е,,,,,4eWZU,19,sergeli
,https://www.olx.uz/d/obyavlenie/sergeli-6a-meros-tuyhona-3-bekat-metro-yoni-oylaga-bolarga-qizlarga-ID41dSa.html,,,,,,,,41dSa,19,sergeli
Сергели 6А Мерос туйхона 3 bekat metro yoni Oylaga bolarga qizlarga,https://www.olx.uz/d/obyavlenie/sergeli-6a-meros-tuyhona-3-bekat-metro-yoni-oylaga-bolarga-qizlarga-ID41dSa.html,450 у.е.,450.0,у.е,,,,,41dSa,19,sergeli
,https://www.olx.uz/d/obyavlenie/arenda-sergeli-2-komnaty-ID4fbsy.html,,,,,,,,4fbsy,19,sergeli
Аренда сергели 2 комнаты,https://www.olx.uz/d/obyavlenie/arenda-sergeli-2-komnaty-ID4fbsy.html,200 у.е.,200.0,у.е,,,,,4fbsy,19,sergeli
,https://www.olx.uz/d/obyavlenie/srgiliy-yangi-aet-5-bekat-metro-lyuboyga-ID3SQg3.html,,,,,,,,3SQg3,19,sergeli
Сргилий янги ҳаёт 5 бекат метро любойга,https://www.olx.uz/d/obyavlenie/srgiliy-yangi-aet-5-bekat-metro-lyuboyga-ID3SQg3.html,500 у.е.,500.0,у.е,,,,,3SQg3,19,sergeli
,https://www.olx.uz/d/obyavlenie/arenda-dolgosrochnaya-zhk-towerup-sergili-2-8-16-ID4fbp1.html,,,,,,,,4fbp1,19,sergeli
Аренда долгосрочная | ЖК TowerUp | Сергили 2/8/16,https://www.olx.uz/d/obyavlenie/arenda-dolgosrochnaya-zhk-towerup-sergili-2-8-16-ID4fbp1.html,500 у.е.,500.0,у.е,,,,,4fbp1,19,sergeli
,https://www.olx.uz/d/obyavlenie/arenda-2-xona-sergele-9-hudud-barcha-mebel-texnikasi-bor-ID4eN3t.html,,,,,,,,4eN3t,19,sergeli
Arenda 2 xona Sergele 9 hudud barcha mebel texnikasi bor,https://www.olx.uz/d/obyavlenie/arenda-2-xona-sergele-9-hudud-barcha-mebel-texnikasi-bor-ID4eN3t.html,400 у.е.,400.0,у.е,,,,,4eN3t,19,sergeli
,https://www.olx.uz/d/obyavlenie/kvartira-v-arendu-sergeli-metro-ID4faje.html,,,,,,,,4faje,19,sergeli
Квартира в аренду Сергели метро,https://www.olx.uz/d/obyavlenie/kvartira-v-arendu-sergeli-metro-ID4faje.html,350 у.е. Договорная,350.0,у.е,,,,,4faje,19,sergeli
,https://www.olx.uz/d/obyavlenie/sdaetsya-kvartira-v-novostroyke-gh-ID3qMfb.html,,,,,,,,3qMfb,19,sergeli
Сдается квартира.. в новостройке GH,https://www.olx.uz/d/obyavlenie/sdaetsya-kvartira-v-novostroyke-gh-ID3qMfb.html,650 у.е.,650.0,у.е,,,,,3qMfb,19,sergeli
,https://www.olx.uz/d/obyavlenie/studentlarga-kvartira-ID3EC8H.html,,,,,,,,3EC8H,19,sergeli
Studentlarga kvartira,https://www.olx.uz/d/obyavlenie/studentlarga-kvartira-ID3EC8H.html,1 000 000 сум,1000000.0,сум,,,,,3EC8H,19,sergeli
,https://www.olx.uz/d/obyavlenie/arenda-2h-kom-evro-kvartira-v-sergeli-novastroyka-grin-haus-metro-3-ID3r5LK.html,,,,,,,,3r5LK,19,sergeli
Аренда 2х ком. Евро квартира в Сергели новастройка ГРИН ХАУС.  МЕТРО-3,https://www.olx.uz/d/obyavlenie/arenda-2h-kom-evro-kvartira-v-sergeli-novastroyka-grin-haus-metro-3-ID3r5LK.html,500 у.е.,500.0,у.е,,,,,3r5LK,19,sergeli
,https://www.olx.uz/d/obyavlenie/arenda-3-honali-yangi-kvartira-sergeli-8-hudud-elonni-ohirigacha-uking-ID4cqmI.html,,,,,,,,4cqmI,19,sergeli
Аренда 3 хонали Янги квартира Сергели 8-худуд (ЭЛОННИ ОХИРИГАЧА У́КИНГ,https://www.olx.uz/d/obyavlenie/arenda-3-honali-yangi-kvartira-sergeli-8-hudud-elonni-ohirigacha-uking-ID4cqmI.html,550 у.е.,550.0,у.е,,,,,4cqmI,19,sergeli
,https://www.olx.uz/d/obyavlenie/srochno-sdaetsya-kvartira-ID4dzC1.html,,,,,,,,4dzC1,19,sergeli
Срочно сдаётся квартира,https://www.olx.uz/d/obyavlenie/srochno-sdaetsya-kvartira-ID4dzC1.html,450 у.е.,450.0,у.е,,,,,4dzC1,19,sergeli
,https://www.olx.uz/d/obyavlenie/arenda-12-honali-kv-sergeli-sputnik-16a-elonni-ohirigacha-ukinggg-ID4f6JO.html,,,,,,,,4f6JO,19,sergeli
Аренда 1>2 хонали КВ. Сергели Спутник-16А (ЭЛОННИ ОХИРИГАЧА У́КИНГГГ)),https://www.olx.uz/d/obyavlenie/arenda-12-honali-kv-sergeli-sputnik-16a-elonni-ohirigacha-ukinggg-ID4f6JO.html,400 у.е.,400.0,у.е,,,,,4f6JO,19,sergeli
,https://www.olx.uz/d/obyavlenie/sergili-green-house-3kom-na-arendu-ID47aoF.html,,,,,,,,47aoF,19,sergeli
"Сергили Green house 3ком на аренду,",https://www.olx.uz/d/obyavlenie/sergili-green-house-3kom-na-arendu-ID47aoF.html,500 у.е. Договорная,500.0,у.е,,,,,47aoF,19,sergeli
,https://www.olx.uz/d/obyavlenie/talabalarga-joy-bor-metroni-2-bekati-ozgarish-bekati-yangidarhonda-ID4c64d.html,,,,,,,,4c64d,19,sergeli
Talabalarga joy bor metroni 2 bekati Ozgarish bekati Yangidarhonda,https://www.olx.uz/d/obyavlenie/talabalarga-joy-bor-metroni-2-bekati-ozgarish-bekati-yangidarhonda-ID4c64d.html,700 000 сум,700000.0,сум,,,,,4c64d,19,sergeli
,https://www.olx.uz/d/obyavlenie/sergili-8-hudud-2-hona-500-srochna-topshiramiz-oilaga-ID4enBg.html,,,,,,,,4enBg,19,sergeli
"Сергили 8 худуд 2 хона 500 ,срочна топширамиз Оилага",https://www.olx.uz/d/obyavlenie/sergili-8-hudud-2-hona-500-srochna-topshiramiz-oilaga-ID4enBg.html,500 у.е.,500.0,у.е,,,,,4enBg,19,sergeli
,https://www.olx.uz/d/obyavlenie/sergili-8-hudud-2-hona-500-srochna-topshiramiz-ID4enAL.html,,,,,,,,4enAL,19,sergeli
Сергили 8 худуд 2 хона 500 Срочна топширамиз,https://www.olx.uz/d/obyavlenie/sergili-8-hudud-2-hona-500-srochna-topshiramiz-ID4enAL.html,500 у.е.,500.0,у.е,,,,,4enAL,19,sergeli
,https://www.olx.uz/d/obyavlenie/sergili-sputnik-16a-izharaga-kvartira-bor-ID4faVR.html,,,,,,,,4faVR,19,sergeli
Сергили спутник 16а ижарага квартира бор,https://www.olx.uz/d/obyavlenie/sergili-sputnik-16a-izharaga-kvartira-bor-ID4faVR.html,4 000 000 сум,4000000.0,сум,,,,,4faVR,19,sergeli
,https://www.olx.uz/d/obyavlenie/arenda-kvartiry-yakkaasarayskiy-rayon-2-2-9-700-ID4enuJ.html,,,,,,,,4enuJ,19,sergeli
Аренда квартиры  Яккаасарайский район 2/2/9 700&,https://www.olx.uz/d/obyavlenie/arenda-kvartiry-yakkaasarayskiy-rayon-2-2-9-700-ID4enuJ.html,700 у.е.,700.0,у.е,,,,,4enuJ,19,sergeli
,https://www.olx.uz/d/obyavlenie/sergili-amaliy-fanlarga-yaqinamaliy-fanlar-universitetiga-yaqin-kvart-ID3XSth.html,,,,,,,,3XSth,19,sergeli
"Sergili amaliy fanlarga yaqin
amaliy fanlar universitetiga yaqin kvart",https://www.olx.uz/d/obyavlenie/sergili-amaliy-fanlarga-yaqinamaliy-fanlar-universitetiga-yaqin-kvart-ID3XSth.html,700 000 сум,700000.0,сум,,,,,3XSth,19,sergeli
,https://www.olx.uz/d/obyavlenie/assalomu-alekum-yangi-kuvartera-xali-xech-kim-yashamagan-ID4bQnt.html,,,,,,,,4bQnt,19,sergeli
Assalomu Alekum Yangi kuvartera xali xech kim yashamagan,https://www.olx.uz/d/obyavlenie/assalomu-alekum-yangi-kuvartera-xali-xech-kim-yashamagan-ID4bQnt.html,6 500 000 сум,6500000.0,сум,,,,,4bQnt,19,sergeli
,https://www.olx.uz/d/obyavlenie/maksim-gorkiy-arenda-ID4enqb.html,,,,,,,,4enqb,19,sergeli
Максим горький ( АРЕНДА ),https://www.olx.uz/d/obyavlenie/maksim-gorkiy-arenda-ID4enqb.html,600 у.е.,600.0,у.е,,,,,4enqb,19,sergeli
,https://www.olx.uz/d/obyavlenie/arenda-sersheli-1-1-honali-2-honali-klingan-oilaga-ID2g9Rb.html,,,,,,,,2g9Rb,19,sergeli
Аренда сершели 1. 1.хонали 2.хонали клинган оилага,https://www.olx.uz/d/obyavlenie/arenda-sersheli-1-1-honali-2-honali-klingan-oilaga-ID2g9Rb.html,250 у.е.,250.0,у.е,,,,,2g9Rb,19,sergeli
,https://www.olx.uz/d/obyavlenie/arenda-na-uy-topshiriladi-2-honali-ID4faDw.html,,,,,,,,4faDw,19,sergeli
Аренда на Уй топширилади 2 хонали,https://www.olx.uz/d/obyavlenie/arenda-na-uy-topshiriladi-2-honali-ID4faDw.html,350 у.е.,350.0,у.е,,,,,4faDw,19,sergeli
,https://www.olx.uz/d/obyavlenie/sergeli-goldon-haus-3-5-6-arenda-oila-inastranga-ID4eKjw.html,,,,,,,,4eKjw,19,sergeli
Сергели голдон хаус 3/5/6 аренда оила инастранга,https://www.olx.uz/d/obyavlenie/sergeli-goldon-haus-3-5-6-arenda-oila-inastranga-ID4eKjw.html,600 у.е.,600.0,у.е,,,,,4eKjw,19,sergeli
,https://www.olx.uz/d/obyavlenie/arenda-2-honali-kvartira-kuylik-massiv-5-elonni-ohirigacha-ukinggg-ID4faoL.html,,,,,,,,4faoL,19,sergeli
Аренда 2 хонали квартира КУ́ЙЛИК МАССИВ-5 (ЭЛОННИ ОХИРИГАЧА У́КИНГГГ)),https://www.olx.uz/d/obyavlenie/arenda-2-honali-kvartira-kuylik-massiv-5-elonni-ohirigacha-ukinggg-ID4faoL.html,400 у.е.,400.0,у.е,,,,,4faoL,19,sergeli
,https://www.olx.uz/d/obyavlenie/dolgosrochnaya-kvartira-ID49ixv.html,,,,,,,,49ixv,19,sergeli
Долгосрочная квартира,https://www.olx.uz/d/obyavlenie/dolgosrochnaya-kvartira-ID49ixv.html,300 у.е.,300.0,у.е,,,,,49ixv,19,sergeli
,https://www.olx.uz/d/obyavlenie/arenda-sergeli-sputnik-5-2kom-navastroika-400-ID4faI8.html,,,,,,,,4faI8,19,sergeli
Аренда Сергели Спутник 5  2ком навастроика 400&,https://www.olx.uz/d/obyavlenie/arenda-sergeli-sputnik-5-2kom-navastroika-400-ID4faI8.html,400 у.е.,400.0,у.е,,,,,4faI8,19,sergeli
,https://www.olx.uz/d/obyavlenie/arenda-1-komnatnoy-kvartiry-byvshee-obschezhitie-sergeli-sputnik-4-ID4enet.html,,,,,,,,4enet,19,sergeli
Аренда 1 комнатной квартиры Бывшее общежитие Сергели Спутник 4,https://www.olx.uz/d/obyavlenie/arenda-1-komnatnoy-kvartiry-byvshee-obschezhitie-sergeli-sputnik-4-ID4enet.html,300 у.е.,300.0,у.е,,,,,4enet,19,sergeli
,https://www.olx.uz/d/obyavlenie/arenda-4-komnatnoy-kvartiry-sergeli-dustlik-1-ID4enaB.html,,,,,,,,4enaB,19,sergeli
Аренда 4 комнатной квартиры Сергели Дустлик 1,https://www.olx.uz/d/obyavlenie/arenda-4-komnatnoy-kvartiry-sergeli-dustlik-1-ID4enaB.html,450 у.е.,450.0,у.е,,,,,4enaB,19,sergeli
,https://www.olx.uz/d/obyavlenie/sdaetsya-evro-v-novostroyke-ID2LMpr.html,,,,,,,,2LMpr,19,sergeli
Сдается Евро в Новостройке,https://www.olx.uz/d/obyavlenie/sdaetsya-evro-v-novostroyke-ID2LMpr.html,700 у.е.,700.0,у.е,,,,,2LMpr,19,sergeli
,https://www.olx.uz/d/obyavlenie/arenda-sergeli-9-hudud-3-3-7-evro-remont-novastroyka-ID4cjT1.html,,,,,,,,4cjT1,19,sergeli
Аренда!!! Сергели 9 худуд. 3/3/7 евро ремонт. Новастройка.,https://www.olx.uz/d/obyavlenie/arenda-sergeli-9-hudud-3-3-7-evro-remont-novastroyka-ID4cjT1.html,600 у.е. Договорная,600.0,у.е,,,,,4cjT1,19,sergeli
,https://www.olx.uz/d/obyavlenie/arenda-sergeli-sputnik-6-2-2-2-derevyashka-dom-remont-sredney-oilaga-be-ID4eMle.html,,,,,,,,4eMle,19,sergeli
Аренда сергели спутник 6 .2/2/2 деревяшка дом ремонт средней оилага бе,https://www.olx.uz/d/obyavlenie/arenda-sergeli-sputnik-6-2-2-2-derevyashka-dom-remont-sredney-oilaga-be-ID4eMle.html,250 у.е.,250.0,у.е,,,,,4eMle,19,sergeli
,https://www.olx.uz/d/obyavlenie/sdaetsya-2-4-5-kuylyuk-5-ID4fawz.html,,,,,,,,4fawz,19,sergeli
Сдается 2/4/5 куйлюк-5,https://www.olx.uz/d/obyavlenie/sdaetsya-2-4-5-kuylyuk-5-ID4fawz.html,400 у.е.,400.0,у.е,,,,,4fawz,19,sergeli
,https://www.olx.uz/d/obyavlenie/arenda-kvartira-yangi-hayot-tumani-sputnik-16-da-ID4bjzR.html,,,,,,,,4bjzR,19,sergeli
Arenda kvartira Yangi hayot tumani Sputnik 16 da,https://www.olx.uz/d/obyavlenie/arenda-kvartira-yangi-hayot-tumani-sputnik-16-da-ID4bjzR.html,700 000 сум Договорная,700000.0,сум,,,,,4bjzR,19,sergeli
,https://www.olx.uz/d/obyavlenie/choshtepa-uzar-sdam-kvartiru-s-hozyaykoy-studentam-po-800000-maksimum-3-ID3ZOUt.html,,,,,,,,3ZOUt,19,sergeli
Чоштепа Узар  сдам квартиру С ХОЗЯЙКОЙ СТУДЕНТАМ ПО 800000 МАКСИМУМ 3,https://www.olx.uz/d/obyavlenie/choshtepa-uzar-sdam-kvartiru-s-hozyaykoy-studentam-po-800000-maksimum-3-ID3ZOUt.html,800 000 сум Договорная,800000.0,сум,,,,,3ZOUt,19,sergeli
,https://www.olx.uz/d/obyavlenie/sdam-v-arendu-4-h-komn-kv-v-tashkente-mass-yangi-haet-ID41Ifw.html,,,,,,,,41Ifw,19,sergeli
"Сдам в аренду 4-х комн. кв. в Ташкенте, масс. Янги Хает.",https://www.olx.uz/d/obyavlenie/sdam-v-arendu-4-h-komn-kv-v-tashkente-mass-yangi-haet-ID41Ifw.html,4 500 000 сум,4500000.0,сум,,,,,41Ifw,19,sergeli
,https://www.olx.uz/d/obyavlenie/kvartira-arendaga-ID3vvR0.html,,,,,,,,3vvR0,19,sergeli
Kvartira arendaga,https://www.olx.uz/d/obyavlenie/kvartira-arendaga-ID3vvR0.html,150 у.е.,150.0,у.е,,,,,3vvR0,19,sergeli
,https://www.olx.uz/d/obyavlenie/sergeli-6-a-arenda-moshina-bozor-orkasida-zhoylashgan-metroga-yakin-ID49nMb.html,,,,,,,,49nMb,19,sergeli
Сергели 6 а аренда. Мошина бозор оркасида жойлашган метрога якин,https://www.olx.uz/d/obyavlenie/sergeli-6-a-arenda-moshina-bozor-orkasida-zhoylashgan-metroga-yakin-ID49nMb.html,400 у.е.,400.0,у.е,,,,,49nMb,19,sergeli
,https://www.olx.uz/d/obyavlenie/arenda-kvartira-qizlarga-sheriklikka-ID48sVJ.html,,,,,,,,48sVJ,19,sergeli
Arenda kvartira qizlarga sheriklikka,https://www.olx.uz/d/obyavlenie/arenda-kvartira-qizlarga-sheriklikka-ID48sVJ.html,70 у.е.,70.0,у.е,,,,,48sVJ,19,sergeli
,https://www.olx.uz/d/obyavlenie/arenda-sergeliyskiy-r-n-dustlik1-4-2-5-dlya-semi-ID4eMbX.html,,,,,,,,4eMbX,19,sergeli
Аренда Сергелийский р-н Дустлик1 4/2/5 Для семьи,https://www.olx.uz/d/obyavlenie/arenda-sergeliyskiy-r-n-dustlik1-4-2-5-dlya-semi-ID4eMbX.html,450 у.е.,450.0,у.е,,,,,4eMbX,19,sergeli
,https://www.olx.uz/d/obyavlenie/sdaetsya-v-arendu-vozle-metro-stroiteley-ID49WqK.html,,,,,,,,49WqK,19,sergeli
Сдается в аренду возле метро Строителей,https://www.olx.uz/d/obyavlenie/sdaetsya-v-arendu-vozle-metro-stroiteley-ID49WqK.html,400 у.е. Договорная,400.0,у.е,,,,,49WqK,19,sergeli
,https://www.olx.uz/d/obyavlenie/sergli-8-xudud-arwndaga-beriladi-ID4fajN.html,,,,,,,,4fajN,19,sergeli
Sergli 8 xudud arwndaga beriladi,https://www.olx.uz/d/obyavlenie/sergli-8-xudud-arwndaga-beriladi-ID4fajN.html,500 у.е.,500.0,у.е,,,,,4fajN,19,sergeli
,https://www.olx.uz/d/obyavlenie/kvartira-arenda-sergili-yangihaet-navastroyka-oylaga-shariyga-ID4fagN.html,,,,,,,,4fagN,19,sergeli
Квартира аренда сергили янгихаёт навастройка ойлага шарийга,https://www.olx.uz/d/obyavlenie/kvartira-arenda-sergili-yangihaet-navastroyka-oylaga-shariyga-ID4fagN.html,401 у.е.,401.0,у.е,,,,,4fagN,19,sergeli
,https://www.olx.uz/d/obyavlenie/arenda-sergeli-8-kvartal-metro-4-bekat-2-hona-ID4eM6I.html,,,,,,,,4eM6I,19,sergeli
Аренда Сергели 8-квартал Метро 4-бекат 2 хона,https://www.olx.uz/d/obyavlenie/arenda-sergeli-8-kvartal-metro-4-bekat-2-hona-ID4eM6I.html,400 у.е.,400.0,у.е,,,,,4eM6I,19,sergeli
,https://www.olx.uz/d/obyavlenie/arenda-sputnik-4-1-3-4-ID4emPj.html,,,,,,,,4emPj,19,sergeli
Аренда Спутник 4 1/3/4,https://www.olx.uz/d/obyavlenie/arenda-sputnik-4-1-3-4-ID4emPj.html,300 у.е.,300.0,у.е,,,,,4emPj,19,sergeli
,https://www.olx.uz/d/obyavlenie/arenda-2-h-komnatnaya-kvartira-sergeli-6a-ID4faeH.html,,,,,,,,4faeH,19,sergeli
Аренда 2-х комнатная квартира Сергели 6а.,https://www.olx.uz/d/obyavlenie/arenda-2-h-komnatnaya-kvartira-sergeli-6a-ID4faeH.html,350 у.е.,350.0,у.е,,,,,4faeH,19,sergeli
,https://www.olx.uz/d/obyavlenie/sdaetsya-kvartira-lyuks-ID4etRw.html,,,,,,,,4etRw,19,sergeli
Сдаётся квартира ЛЮКС,https://www.olx.uz/d/obyavlenie/sdaetsya-kvartira-lyuks-ID4etRw.html,700 у.е. Договорная,700.0,у.е,,,,,4etRw,19,sergeli
,https://www.olx.uz/d/obyavlenie/arenda-3h-kom-lyuksovoy-kvartira-v-sergeli-1-novastroyka-ID3FCsF.html,,,,,,,,3FCsF,19,sergeli
Аренда 3х ком. Люксовой квартира в Сергели-1 новастройка,https://www.olx.uz/d/obyavlenie/arenda-3h-kom-lyuksovoy-kvartira-v-sergeli-1-novastroyka-ID3FCsF.html,700 у.е.,700.0,у.е,,,,,3FCsF,19,sergeli
,https://www.olx.uz/d/obyavlenie/talabalarga-joy-bor-metroni-2-bekati-ozgarish-bekati-yangidarhonda-ID4c64d.html,,,,,,,,4c64d,19,sergeli
Talabalarga joy bor metroni 2 bekati Ozgarish bekati Yangidarhonda,https://www.olx.uz/d/obyavlenie/talabalarga-joy-bor-metroni-2-bekati-ozgarish-bekati-yangidarhonda-ID4c64d.html,700 000 сум,700000.0,сум,,,,,4c64d,19,sergeli
,https://www.olx.uz/d/obyavlenie/sdaetsya-v-arendu-vozle-metro-stroiteley-ID49WqK.html,,,,,,,,49WqK,19,sergeli
Сдается в аренду возле метро Строителей,https://www.olx.uz/d/obyavlenie/sdaetsya-v-arendu-vozle-metro-stroiteley-ID49WqK.html,400 у.е. Договорная,400.0,у.е,,,,,49WqK,19,sergeli
,https://www.olx.uz/d/obyavlenie/arenda-1v-2-h-komnatnuyu-kvartiru-sergeli-starye-kvartira-na-zemle-ID4eb0V.html,,,,,,,,4eb0V,19,sergeli
Аренда.   1в 2 х комнатную квартиру Сергели Старые. Квартира на земле,https://www.olx.uz/d/obyavlenie/arenda-1v-2-h-komnatnuyu-kvartiru-sergeli-starye-kvartira-na-zemle-ID4eb0V.html,300 у.е.,300.0,у.е,,,,,4eb0V,19,sergeli
,https://www.olx.uz/d/obyavlenie/arenda-2-honali-yangi-kvartira-sergeli-6-china-haus-novastroyka-ID4bbT7.html,,,,,,,,4bbT7,19,sergeli
Аренда 2 хонали Янги квартира Сергели -6 (ЧИНА ХАУС) новастройка,https://www.olx.uz/d/obyavlenie/arenda-2-honali-yangi-kvartira-sergeli-6-china-haus-novastroyka-ID4bbT7.html,500 у.е.,500.0,у.е,,,,,4bbT7,19,sergeli
,https://www.olx.uz/d/obyavlenie/arenda-2-honali-evro-kvartira-sergeli-8-70-m-hokimyat-ID42BpG.html,,,,,,,,42BpG,19,sergeli
Аренда 2 хонали евро квартира Сергели-8. 70 м² (ХОКИМЯТ),https://www.olx.uz/d/obyavlenie/arenda-2-honali-evro-kvartira-sergeli-8-70-m-hokimyat-ID42BpG.html,500 у.е.,500.0,у.е,,,,,42BpG,19,sergeli
,https://www.olx.uz/d/obyavlenie/arenda-2-honali-evro-kvartira-sergeli-yangi-darhon-novastroyka-ID4cKUT.html,,,,,,,,4cKUT,19,sergeli
Аренда 2 хонали евро квартира Сергели ЯНГИ ДАРХОН новастройка,https://www.olx.uz/d/obyavlenie/arenda-2-honali-evro-kvartira-sergeli-yangi-darhon-novastroyka-ID4cKUT.html,450 у.е.,450.0,у.е,,,,,4cKUT,19,sergeli
,https://www.olx.uz/d/obyavlenie/arenda-3h-kom-lyuksovoy-kvartira-v-sergeli-5-ID3n99G.html,,,,,,,,3n99G,19,sergeli
Аренда 3х ком. Люксовой квартира в Сергели-5,https://www.olx.uz/d/obyavlenie/arenda-3h-kom-lyuksovoy-kvartira-v-sergeli-5-ID3n99G.html,700 у.е.,700.0,у.е,,,,,3n99G,19,sergeli
,https://www.olx.uz/d/obyavlenie/sergli-2-bekat-1-xonali-uy-metro-oldida-2-bekat-ID3GYqB.html,,,,,,,,3GYqB,19,sergeli
Sergli 2 bekat 1 xonali uy metro oldida 2 bekat,https://www.olx.uz/d/obyavlenie/sergli-2-bekat-1-xonali-uy-metro-oldida-2-bekat-ID3GYqB.html,300 у.е.,300.0,у.е,,,,,3GYqB,19,sergeli
,https://www.olx.uz/d/obyavlenie/arenda-kvartiry-sputnik-8-1-1-2-250-vse-est-ID4dY8X.html,,,,,,,,4dY8X,19,sergeli
Аренда квартиры спутник 8 1/1/2 250& всё есть,https://www.olx.uz/d/obyavlenie/arenda-kvartiry-sputnik-8-1-1-2-250-vse-est-ID4dY8X.html,250 у.е.,250.0,у.е,,,,,4dY8X,19,sergeli
,https://www.olx.uz/d/obyavlenie/arenda-1-komnatnaya-kvartira-sergeli-2-ID4fa8u.html,,,,,,,,4fa8u,19,sergeli
Аренда 1 комнатная квартира Сергели 2.,https://www.olx.uz/d/obyavlenie/arenda-1-komnatnaya-kvartira-sergeli-2-ID4fa8u.html,300 у.е.,300.0,у.е,,,,,4fa8u,19,sergeli
,https://www.olx.uz/d/obyavlenie/ayollarga-arzon-kvartira-bor-bezmakler-ID3KliV.html,,,,,,,,3KliV,19,sergeli
Ayollarga arzon kvartira bor Bezmakler,https://www.olx.uz/d/obyavlenie/ayollarga-arzon-kvartira-bor-bezmakler-ID3KliV.html,650 000 сум,650000.0,сум,,,,,3KliV,19,sergeli
,https://www.olx.uz/d/obyavlenie/sergli-5a-srochna-arendaga-beriladi-oila-ID4eLVT.html,,,,,,,,4eLVT,19,sergeli
Sergli 5a srochna arendaga beriladi oila,https://www.olx.uz/d/obyavlenie/sergli-5a-srochna-arendaga-beriladi-oila-ID4eLVT.html,400 у.е.,400.0,у.е,,,,,4eLVT,19,sergeli
,https://www.olx.uz/d/obyavlenie/sergeli-5a-2-3-7-s-mebelyu-i-tehnikoy-ID4bsrL.html,,,,,,,,4bsrL,19,sergeli
Сергели 5А 2/3/7  с мебелью и техникой,https://www.olx.uz/d/obyavlenie/sergeli-5a-2-3-7-s-mebelyu-i-tehnikoy-ID4bsrL.html,400 у.е.,400.0,у.е,,,,,4bsrL,19,sergeli
,https://www.olx.uz/d/obyavlenie/sergili-2-xona-metro-10min-yol-zaksli-oila-olinadi-ijaraga-ID4eV6A.html,,,,,,,,4eV6A,19,sergeli
Sergili 2 xona metro 10min yol zaksli oila olinadi ijaraga,https://www.olx.uz/d/obyavlenie/sergili-2-xona-metro-10min-yol-zaksli-oila-olinadi-ijaraga-ID4eV6A.html,360 у.е.,360.0,у.е,,,,,4eV6A,19,sergeli
,https://www.olx.uz/d/obyavlenie/arenda-kuylyuk-5-bazar-3-3-5-tsena-350-ID4eQqI.html,,,,,,,,4eQqI,19,sergeli
Аренда Куйлюк-5 ( базар) 3/3/5 Цена: 350$,https://www.olx.uz/d/obyavlenie/arenda-kuylyuk-5-bazar-3-3-5-tsena-350-ID4eQqI.html,350 у.е.,350.0,у.е,,,,,4eQqI,19,sergeli
,https://www.olx.uz/d/obyavlenie/arenda-kvartiry-yakkasaroy-kushbegi-ID4dqdV.html,,,,,,,,4dqdV,19,sergeli
Аренда квартиры: Яккасарой Кушбеги!!!,https://www.olx.uz/d/obyavlenie/arenda-kvartiry-yakkasaroy-kushbegi-ID4dqdV.html,800 у.е.,800.0,у.е,,,,,4dqdV,19,sergeli
,https://www.olx.uz/d/obyavlenie/sergeli-3-metro-3-3-6-evro-remont-bollaga-kizlaga-ID4bssU.html,,,,,,,,4bssU,19,sergeli
"Сергели 3 метро 3/3/6 Евро ремонт. Боллага, кизлага",https://www.olx.uz/d/obyavlenie/sergeli-3-metro-3-3-6-evro-remont-bollaga-kizlaga-ID4bssU.html,550 у.е.,550.0,у.е,,,,,4bssU,19,sergeli
,https://www.olx.uz/d/obyavlenie/sergeli-7-green-house-2-4-9-evro-remont-ID3NQxE.html,,,,,,,,3NQxE,19,sergeli
Сергели 7 green house 2/4/9 евро ремонт,https://www.olx.uz/d/obyavlenie/sergeli-7-green-house-2-4-9-evro-remont-ID3NQxE.html,500 у.е.,500.0,у.е,,,,,3NQxE,19,sergeli
,https://www.olx.uz/d/obyavlenie/sergeli-9-hudud-3-4-7-evro-remont-ID3NTH7.html,,,,,,,,3NTH7,19,sergeli
Сергели 9 худуд 3/4/7 евро ремонт,https://www.olx.uz/d/obyavlenie/sergeli-9-hudud-3-4-7-evro-remont-ID3NTH7.html,500 у.е.,500.0,у.е,,,,,3NTH7,19,sergeli
,https://www.olx.uz/d/obyavlenie/elit-house-2-5-10-evro-remont-ID44GAC.html,,,,,,,,44GAC,19,sergeli
Elit house 2/5/10 евро ремонт,https://www.olx.uz/d/obyavlenie/elit-house-2-5-10-evro-remont-ID44GAC.html,450 у.е.,450.0,у.е,,,,,44GAC,19,sergeli
,https://www.olx.uz/d/obyavlenie/yengi-darhon-2-8-16-sharoiti-bor-oilaga-beriladi-ID4dXYE.html,,,,,,,,4dXYE,19,sergeli
Yengi Darhon 2/8/16 sharoiti bor/ oilaga beriladi,https://www.olx.uz/d/obyavlenie/yengi-darhon-2-8-16-sharoiti-bor-oilaga-beriladi-ID4dXYE.html,350 у.е.,350.0,у.е,,,,,4dXYE,19,sergeli
,https://www.olx.uz/d/obyavlenie/sergili-5a-2-3-7-yevro-remont-2-metro-ID4dXY6.html,,,,,,,,4dXY6,19,sergeli
"Sergili 5a 2/3/7 yevro remont 
2-metro",https://www.olx.uz/d/obyavlenie/sergili-5a-2-3-7-yevro-remont-2-metro-ID4dXY6.html,450 у.е.,450.0,у.е,,,,,4dXY6,19,sergeli
,https://www.olx.uz/d/obyavlenie/arenda-sergeli-sputnik-16-4-kom-na-2-etazhe-mebel-i-tehnika-est-ID4bq6P.html,,,,,,,,4bq6P,19,sergeli
Аренда Сергели Спутник 16 4 ком на 2 этаже мебель и техника есть,https://www.olx.uz/d/obyavlenie/arenda-sergeli-sputnik-16-4-kom-na-2-etazhe-mebel-i-tehnika-est-ID4bq6P.html,500 у.е.,500.0,у.е,,,,,4bq6P,19,sergeli
,https://www.olx.uz/d/obyavlenie/bez-makler-bez-xazayin-bolalarga-kvartira-ID3S9He.html,,,,,,,,3S9He,19,sergeli
Bez makler  bez xazayin bolalarga kvartira,https://www.olx.uz/d/obyavlenie/bez-makler-bez-xazayin-bolalarga-kvartira-ID3S9He.html,800 000 сум,800000.0,сум,,,,,3S9He,19,sergeli
,https://www.olx.uz/d/obyavlenie/sdaetsya-kvartira-sergeli-5-bekat-2-honali-70-kv-m-novostroyka-ID3XUFj.html,,,,,,,,3XUFj,19,sergeli
Сдаётся квартира Сергели 5-Бекат 2.хонали 70-кв.м Новостройка,https://www.olx.uz/d/obyavlenie/sdaetsya-kvartira-sergeli-5-bekat-2-honali-70-kv-m-novostroyka-ID3XUFj.html,500 у.е.,500.0,у.е,,,,,3XUFj,19,sergeli
,https://www.olx.uz/d/obyavlenie/ijaraga-hona-beriladi-ayol-va-qizlarga-hozayka-bn-sergeli-8-hudud-ID3UNhZ.html,,,,,,,,3UNhZ,19,sergeli
Ijaraga hona beriladi ayol va qizlarga hozayka bn sergeli  8 hudud,https://www.olx.uz/d/obyavlenie/ijaraga-hona-beriladi-ayol-va-qizlarga-hozayka-bn-sergeli-8-hudud-ID3UNhZ.html,800 000 сум,800000.0,сум,,,,,3UNhZ,19,sergeli
,https://www.olx.uz/d/obyavlenie/sdaetsya-kvartira-na-sergeli-1-8-10-zhk-china-house-svoy-kvartira-ID4eO4Z.html,,,,,,,,4eO4Z,19,sergeli
Сдается квартира на Сергели 1/8/10 ЖК China House (СВОЙ КВАРТИРА ),https://www.olx.uz/d/obyavlenie/sdaetsya-kvartira-na-sergeli-1-8-10-zhk-china-house-svoy-kvartira-ID4eO4Z.html,500 у.е.,500.0,у.е,,,,,4eO4Z,19,sergeli
,https://www.olx.uz/d/obyavlenie/sergeli-3-2-4-5-oila-zags-rasmdagidek-hamma-sharoitlari-bor-ugil-bolla-ID4empW.html,,,,,,,,4empW,19,sergeli
Сергели 3  2/4/5 Оила загс расмдагидек хамма Шароитлари бор угил болла,https://www.olx.uz/d/obyavlenie/sergeli-3-2-4-5-oila-zags-rasmdagidek-hamma-sharoitlari-bor-ugil-bolla-ID4empW.html,400 у.е.,400.0,у.е,,,,,4empW,19,sergeli
,https://www.olx.uz/d/obyavlenie/sergili-chinor-metro-yaqinida-ID4bP6Q.html,,,,,,,,4bP6Q,19,sergeli
sergili chinor metro yaqinida,https://www.olx.uz/d/obyavlenie/sergili-chinor-metro-yaqinida-ID4bP6Q.html,4 000 000 сум,4000000.0,сум,,,,,4bP6Q,19,sergeli
,https://www.olx.uz/d/obyavlenie/1-xona-arenda-choshtepa-uzoq-muddatga-ID3WvoE.html,,,,,,,,3WvoE,19,sergeli
1 xona arenda choshtepa uzoq muddatga,https://www.olx.uz/d/obyavlenie/1-xona-arenda-choshtepa-uzoq-muddatga-ID3WvoE.html,320 у.е.,320.0,у.е,,,,,3WvoE,19,sergeli
,https://www.olx.uz/d/obyavlenie/choshtepa-1-xona-4-etaj-oilaga-uzoq-muddat-arenda-ID3LGyI.html,,,,,,,,3LGyI,19,sergeli
Choshtepa 1 xona 4 etaj oilaga uzoq muddat arenda,https://www.olx.uz/d/obyavlenie/choshtepa-1-xona-4-etaj-oilaga-uzoq-muddat-arenda-ID3LGyI.html,280 у.е. Договорная,280.0,у.е,,,,,3LGyI,19,sergeli
,https://www.olx.uz/d/obyavlenie/choshtepa-2-xona-uzoq-muddatga-ijaraga-beriladi-ID3QSSt.html,,,,,,,,3QSSt,19,sergeli
Choshtepa 2 xona uzoq muddatga ijaraga beriladi,https://www.olx.uz/d/obyavlenie/choshtepa-2-xona-uzoq-muddatga-ijaraga-beriladi-ID3QSSt.html,400 у.е.,400.0,у.е,,,,,3QSSt,19,sergeli
,https://www.olx.uz/d/obyavlenie/choshtepada-2-xonalik-uy-bollarga-beriladi-uzoq-muddatga-ID45Je0.html,,,,,,,,45Je0,19,sergeli
Choshtepada 2 xonalik uy bollarga beriladi uzoq muddatga,https://www.olx.uz/d/obyavlenie/choshtepada-2-xonalik-uy-bollarga-beriladi-uzoq-muddatga-ID45Je0.html,400 у.е. Договорная,400.0,у.е,,,,,45Je0,19,sergeli
,https://www.olx.uz/d/obyavlenie/choshtepa-1-xona-arenda-oilaga-ID43SPG.html,,,,,,,,43SPG,19,sergeli
Choshtepa 1 xona arenda oilaga,https://www.olx.uz/d/obyavlenie/choshtepa-1-xona-arenda-oilaga-ID43SPG.html,320 у.е.,320.0,у.е,,,,,43SPG,19,sergeli
,https://www.olx.uz/d/obyavlenie/choshtepa-2-xona-uzoq-muddatga-liboyiga-beramiz-ID3OlIA.html,,,,,,,,3OlIA,19,sergeli
Choshtepa 2 xona uzoq muddatga liboyiga beramiz,https://www.olx.uz/d/obyavlenie/choshtepa-2-xona-uzoq-muddatga-liboyiga-beramiz-ID3OlIA.html,400 у.е. Договорная,400.0,у.е,,,,,3OlIA,19,sergeli
,https://www.olx.uz/d/obyavlenie/choshtepa-1-xonalik-oilaga-uzoq-muddatga-beriladi-ID3LGlq.html,,,,,,,,3LGlq,19,sergeli
Choshtepa 1 xonalik oilaga uzoq muddatga beriladi,https://www.olx.uz/d/obyavlenie/choshtepa-1-xonalik-oilaga-uzoq-muddatga-beriladi-ID3LGlq.html,300 у.е. Договорная,300.0,у.е,,,,,3LGlq,19,sergeli
,https://www.olx.uz/d/obyavlenie/choshtepa-1-xona-uzoq-muddatga-oilaga-beriladi-ID3WKT6.html,,,,,,,,3WKT6,19,sergeli
Choshtepa 1 xona uzoq muddatga oilaga beriladi,https://www.olx.uz/d/obyavlenie/choshtepa-1-xona-uzoq-muddatga-oilaga-beriladi-ID3WKT6.html,350 у.е. Договорная,350.0,у.е,,,,,3WKT6,19,sergeli
,https://www.olx.uz/d/obyavlenie/choshtepa-1-xonalik-liboyiga-beriladi-ID3JWDt.html,,,,,,,,3JWDt,19,sergeli
Choshtepa 1 xonalik liboyiga beriladi,https://www.olx.uz/d/obyavlenie/choshtepa-1-xonalik-liboyiga-beriladi-ID3JWDt.html,300 у.е. Договорная,300.0,у.е,,,,,3JWDt,19,sergeli
,https://www.olx.uz/d/obyavlenie/choshtepa-metroni-1-bekati-1-xona-arenda-uzoq-muddatga-ID3KfqX.html,,,,,,,,3KfqX,19,sergeli
Choshtepa metroni 1 bekati 1 xona arenda uzoq muddatga,https://www.olx.uz/d/obyavlenie/choshtepa-metroni-1-bekati-1-xona-arenda-uzoq-muddatga-ID3KfqX.html,300 у.е. Договорная,300.0,у.е,,,,,3KfqX,19,sergeli
,https://www.olx.uz/d/obyavlenie/choshtepa-2-xona-akuratniy-insonlarga-beriladi-ID3VX23.html,,,,,,,,3VX23,19,sergeli
Choshtepa 2 xona akuratniy insonlarga beriladi,https://www.olx.uz/d/obyavlenie/choshtepa-2-xona-akuratniy-insonlarga-beriladi-ID3VX23.html,450 у.е.,450.0,у.е,,,,,3VX23,19,sergeli
,https://www.olx.uz/d/obyavlenie/choshtepa-1-xona-arenda-uzoq-muddatga-ID3Mbsv.html,,,,,,,,3Mbsv,19,sergeli
Choshtepa 1 xona arenda uzoq muddatga,https://www.olx.uz/d/obyavlenie/choshtepa-1-xona-arenda-uzoq-muddatga-ID3Mbsv.html,350 у.е. Договорная,350.0,у.е,,,,,3Mbsv,19,sergeli
,https://www.olx.uz/d/obyavlenie/choshtepa-2-xona-uzoq-muddatga-arenda-ID4bbdO.html,,,,,,,,4bbdO,19,sergeli
Choshtepa 2 xona uzoq muddatga arenda,https://www.olx.uz/d/obyavlenie/choshtepa-2-xona-uzoq-muddatga-arenda-ID4bbdO.html,450 у.е.,450.0,у.е,,,,,4bbdO,19,sergeli
,https://www.olx.uz/d/obyavlenie/qizlarga-kvartira-sergili-ID4cx6m.html,,,,,,,,4cx6m,19,sergeli
Qizlarga kvartira Sergili,https://www.olx.uz/d/obyavlenie/qizlarga-kvartira-sergili-ID4cx6m.html,750 000 сум,750000.0,сум,,,,,4cx6m,19,sergeli
,https://www.olx.uz/d/obyavlenie/izharaga-navastroyka-uy-ID38kR8.html,,,,,,,,38kR8,19,sergeli
Ижарага навастройка уй,https://www.olx.uz/d/obyavlenie/izharaga-navastroyka-uy-ID38kR8.html,800 у.е.,800.0,у.е,,,,,38kR8,19,sergeli
,https://www.olx.uz/d/obyavlenie/sdayu-kvartiru-2h-komnatnaya-ID4f9F9.html,,,,,,,,4f9F9,19,sergeli
Сдаю КВАРТИРУ 2х комнатная,https://www.olx.uz/d/obyavlenie/sdayu-kvartiru-2h-komnatnaya-ID4f9F9.html,400 у.е. Договорная,400.0,у.е,,,,,4f9F9,19,sergeli
,https://www.olx.uz/d/obyavlenie/sergili-tumani-6a-metroni-2-bekatiga-yakin-2-honali-kvartira-izharaga-be-ID3Spqm.html,,,,,,,,3Spqm,19,sergeli
Сергили тумани 6а Метрони 2 Бекатига якин 2 хонали квартира Ижарага Бе,https://www.olx.uz/d/obyavlenie/sergili-tumani-6a-metroni-2-bekatiga-yakin-2-honali-kvartira-izharaga-be-ID3Spqm.html,450 у.е.,450.0,у.е,,,,,3Spqm,19,sergeli
,https://www.olx.uz/d/obyavlenie/arenda-yangi-choshtepa-ID3S17L.html,,,,,,,,3S17L,19,sergeli
Arenda Yangi choshtepa,https://www.olx.uz/d/obyavlenie/arenda-yangi-choshtepa-ID3S17L.html,500 у.е.,500.0,у.е,,,,,3S17L,19,sergeli
,https://www.olx.uz/d/obyavlenie/sergeli-2-bekat-ozgarish-metro-yaqnida-arendaga-kvartira-bor-ID4f9zm.html,,,,,,,,4f9zm,19,sergeli
Sergeli 2-bekat oʻzgarish metro yaqnida arendaga kvartira bor,https://www.olx.uz/d/obyavlenie/sergeli-2-bekat-ozgarish-metro-yaqnida-arendaga-kvartira-bor-ID4f9zm.html,270 у.е.,270.0,у.е,,,,,4f9zm,19,sergeli
,https://www.olx.uz/d/obyavlenie/arenda-ijaraga-xona-va-kravat-sergeli-2-4-metroga-yaqin-ID4b3Gc.html,,,,,,,,4b3Gc,19,sergeli
"Arenda ijaraga xona va kravat, sergeli 2 4-metroga yaqin",https://www.olx.uz/d/obyavlenie/arenda-ijaraga-xona-va-kravat-sergeli-2-4-metroga-yaqin-ID4b3Gc.html,1 200 000 сум Договорная,1200000.0,сум,,,,,4b3Gc,19,sergeli
,https://www.olx.uz/d/obyavlenie/sergeli-1-xonali-kvartira-ijaraga-ID4f9tT.html,,,,,,,,4f9tT,19,sergeli
Sergeli — 1 xonali kvartira  ijaraga,https://www.olx.uz/d/obyavlenie/sergeli-1-xonali-kvartira-ijaraga-ID4f9tT.html,300 у.е.,300.0,у.е,,,,,4f9tT,19,sergeli
,https://www.olx.uz/d/obyavlenie/sergili-arenda-uy-1-xonali-ID41BRb.html,,,,,,,,41BRb,19,sergeli
Sergili arenda uy 1.xonali,https://www.olx.uz/d/obyavlenie/sergili-arenda-uy-1-xonali-ID41BRb.html,250 у.е.,250.0,у.е,,,,,41BRb,19,sergeli
,https://www.olx.uz/d/obyavlenie/sergeli-massiv-stroitelnida-2-hona-3-etazh-9-etazhkada-ID4cro1.html,,,,,,,,4cro1,19,sergeli
Сергели Массив строителнида 2 хона 3 этаж 9 этажкада,https://www.olx.uz/d/obyavlenie/sergeli-massiv-stroitelnida-2-hona-3-etazh-9-etazhkada-ID4cro1.html,400 у.е.,400.0,у.е,,,,,4cro1,19,sergeli
,https://www.olx.uz/d/obyavlenie/arenda-3-komnatnaya-kvartira-sergeli-dehkan-bazar-novostroyka-ID471tw.html,,,,,,,,471tw,19,sergeli
"Аренда 3 комнатная квартира Сергели,  дехкан базар, новостройка",https://www.olx.uz/d/obyavlenie/arenda-3-komnatnaya-kvartira-sergeli-dehkan-bazar-novostroyka-ID471tw.html,500 у.е.,500.0,у.е,,,,,471tw,19,sergeli
,https://www.olx.uz/d/obyavlenie/arenda-kivartira-4-xona-ID3XQue.html,,,,,,,,3XQue,19,sergeli
Arenda kivartira 4 xona,https://www.olx.uz/d/obyavlenie/arenda-kivartira-4-xona-ID3XQue.html,500 у.е. Договорная,500.0,у.е,,,,,3XQue,19,sergeli
,https://www.olx.uz/d/obyavlenie/arenda-kuylyuk-5-3-3-5-ID4dXj1.html,,,,,,,,4dXj1,19,sergeli
Аренда Куйлюк-5. 3/3/5,https://www.olx.uz/d/obyavlenie/arenda-kuylyuk-5-3-3-5-ID4dXj1.html,350 у.е.,350.0,у.е,,,,,4dXj1,19,sergeli
,https://www.olx.uz/d/obyavlenie/arenda-sergeli-8-hudud-navastroyka-ID4f9nu.html,,,,,,,,4f9nu,19,sergeli
Аренда сергели 8 худуд навастройка,https://www.olx.uz/d/obyavlenie/arenda-sergeli-8-hudud-navastroyka-ID4f9nu.html,400 у.е.,400.0,у.е,,,,,4f9nu,19,sergeli
,https://www.olx.uz/d/obyavlenie/arenda-kvartiry-yakkasaroy-kushbegi-ID4dqdV.html,,,,,,,,4dqdV,19,sergeli
Аренда квартиры: Яккасарой Кушбеги!!!,https://www.olx.uz/d/obyavlenie/arenda-kvartiry-yakkasaroy-kushbegi-ID4dqdV.html,800 у.е.,800.0,у.е,,,,,4dqdV,19,sergeli
,https://www.olx.uz/d/obyavlenie/sergeli-9-chi-hudud-2-hona-obstanovka-arenda-esh-oila-ishliydigan-bollar-ID4f2lu.html,,,,,,,,4f2lu,19,sergeli
Сергели 9 чи худуд 2 хона  обстановка аренда ёш оила ишлийдиган боллар,https://www.olx.uz/d/obyavlenie/sergeli-9-chi-hudud-2-hona-obstanovka-arenda-esh-oila-ishliydigan-bollar-ID4f2lu.html,450 у.е.,450.0,у.е,,,,,4f2lu,19,sergeli
,https://www.olx.uz/d/obyavlenie/sdaetsya-kvartira-na-sergeli-1-8-10-zhk-china-house-svoy-kvartira-ID4eO4Z.html,,,,,,,,4eO4Z,19,sergeli
Сдается квартира на Сергели 1/8/10 ЖК China House (СВОЙ КВАРТИРА ),https://www.olx.uz/d/obyavlenie/sdaetsya-kvartira-na-sergeli-1-8-10-zhk-china-house-svoy-kvartira-ID4eO4Z.html,500 у.е.,500.0,у.е,,,,,4eO4Z,19,sergeli
,https://www.olx.uz/d/obyavlenie/arenda-kvartiry-sergeli-ID4f9i5.html,,,,,,,,4f9i5,19,sergeli
Аренда Квартиры  Сергели,https://www.olx.uz/d/obyavlenie/arenda-kvartiry-sergeli-ID4f9i5.html,900 у.е. Договорная,900.0,у.е,,,,,4f9i5,19,sergeli
,https://www.olx.uz/d/obyavlenie/3-xonali-xonadon-1-xonasi-ijaraga-beriladi-hamma-sharoitlari-bor-ID4f94r.html,,,,,,,,4f94r,19,sergeli
3 xonali xonadon 1 xonasi ijaraga beriladi hamma sharoitlari bor.,https://www.olx.uz/d/obyavlenie/3-xonali-xonadon-1-xonasi-ijaraga-beriladi-hamma-sharoitlari-bor-ID4f94r.html,900 000 сум,900000.0,сум,,,,,4f94r,19,sergeli
,https://www.olx.uz/d/obyavlenie/arenda-yangi-darhon-2-8-16-oilaga-beriladi-ID4dX6H.html,,,,,,,,4dX6H,19,sergeli
Аренда Янги-Дархон 2/8/16. Оилага берилади,https://www.olx.uz/d/obyavlenie/arenda-yangi-darhon-2-8-16-oilaga-beriladi-ID4dX6H.html,350 у.е.,350.0,у.е,,,,,4dX6H,19,sergeli
,https://www.olx.uz/d/obyavlenie/izhara-kvartira-2-bekat-metro-5-a-yangi-hayet-sergeli-ID3SYLm.html,,,,,,,,3SYLm,19,sergeli
Ижара квартира  2 бекат метро  5 а  янги хайёт  сергели,https://www.olx.uz/d/obyavlenie/izhara-kvartira-2-bekat-metro-5-a-yangi-hayet-sergeli-ID3SYLm.html,350 у.е.,350.0,у.е,,,,,3SYLm,19,sergeli
,https://www.olx.uz/d/obyavlenie/sergeli-metro-yaqinida-arendaga-kvartira-beriladi-ID4f92F.html,,,,,,,,4f92F,19,sergeli
Sergeli metro yaqinida arendaga kvartira beriladi,https://www.olx.uz/d/obyavlenie/sergeli-metro-yaqinida-arendaga-kvartira-beriladi-ID4f92F.html,250 у.е.,250.0,у.е,,,,,4f92F,19,sergeli
,https://www.olx.uz/d/obyavlenie/sergeli-tumani-ozgarish-metro-bekati-ID4f8Vq.html,,,,,,,,4f8Vq,19,sergeli
Sergeli tumani O'zgarish metro bekati,https://www.olx.uz/d/obyavlenie/sergeli-tumani-ozgarish-metro-bekati-ID4f8Vq.html,300 у.е.,300.0,у.е,,,,,4f8Vq,19,sergeli
,https://www.olx.uz/d/obyavlenie/arendaga-bollarga-ID4f96s.html,,,,,,,,4f96s,19,sergeli
Arendaga bollarga,https://www.olx.uz/d/obyavlenie/arendaga-bollarga-ID4f96s.html,900 000 сум,900000.0,сум,,,,,4f96s,19,sergeli
,https://www.olx.uz/d/obyavlenie/arenda-sergeli-sputnik-16a-novostroyka-2-6-16-remont-toza-oilaga-beril-ID4f90x.html,,,,,,,,4f90x,19,sergeli
Аренда сергели спутник 16А новостройка 2/6/16 ремонт тоза оилага берил,https://www.olx.uz/d/obyavlenie/arenda-sergeli-sputnik-16a-novostroyka-2-6-16-remont-toza-oilaga-beril-ID4f90x.html,350 у.е.,350.0,у.е,,,,,4f90x,19,sergeli
,https://www.olx.uz/d/obyavlenie/bollaga-qizlaga-arenda-kvartira-xovli-ID4f8VZ.html,,,,,,,,4f8VZ,19,sergeli
Bollaga qizlaga arenda kvartira xovli,https://www.olx.uz/d/obyavlenie/bollaga-qizlaga-arenda-kvartira-xovli-ID4f8VZ.html,350 у.е.,350.0,у.е,,,,,4f8VZ,19,sergeli
,https://www.olx.uz/d/obyavlenie/sergeli-sputnik-4-turon-metroga-5-daqiqa-yol-ID4f8Tx.html,,,,,,,,4f8Tx,19,sergeli
Sergeli Sputnik 4 Turon metroga 5 daqiqa yo'l,https://www.olx.uz/d/obyavlenie/sergeli-sputnik-4-turon-metroga-5-daqiqa-yol-ID4f8Tx.html,260 у.е.,260.0,у.е,,,,,4f8Tx,19,sergeli
,https://www.olx.uz/d/obyavlenie/arenda-sergeli-3-a-novostroyka-1-5-6-remont-toza-oilaga-beriladi-holod-ID4elic.html,,,,,,,,4elic,19,sergeli
Аренда сергели 3 А новостройка 1/5/6 ремонт тоза оилага берилади холод,https://www.olx.uz/d/obyavlenie/arenda-sergeli-3-a-novostroyka-1-5-6-remont-toza-oilaga-beriladi-holod-ID4elic.html,300 у.е.,300.0,у.е,,,,,4elic,19,sergeli
,https://www.olx.uz/d/obyavlenie/bez-makler-arenda-kvartiry-ID40VHm.html,,,,,,,,40VHm,19,sergeli
Без маклер Аренда квартиры,https://www.olx.uz/d/obyavlenie/bez-makler-arenda-kvartiry-ID40VHm.html,600 у.е.,600.0,у.е,,,,,40VHm,19,sergeli
,https://www.olx.uz/d/obyavlenie/sergeli-6-a-arenda-moshina-bozor-orkasida-zhoylashgan-metroga-yakin-ID49nMb.html,,,,,,,,49nMb,19,sergeli
Сергели 6 а аренда. Мошина бозор оркасида жойлашган метрога якин,https://www.olx.uz/d/obyavlenie/sergeli-6-a-arenda-moshina-bozor-orkasida-zhoylashgan-metroga-yakin-ID49nMb.html,400 у.е.,400.0,у.е,,,,,49nMb,19,sergeli
,https://www.olx.uz/d/obyavlenie/sdaetsya-kvartira-sergeli-zhk-tower-up-2-3-16-ID4f8Nl.html,,,,,,,,4f8Nl,19,sergeli
Сдается квартира | Сергели | ЖК Tower up  | 2/3/16,https://www.olx.uz/d/obyavlenie/sdaetsya-kvartira-sergeli-zhk-tower-up-2-3-16-ID4f8Nl.html,450 у.е.,450.0,у.е,,,,,4f8Nl,19,sergeli
,https://www.olx.uz/d/obyavlenie/sh-srochno-arenda-k-ra-sergeli-china-haus-2-4-10-instran-m-2-bekat-novyy-ID3gpDT.html,,,,,,,,3gpDT,19,sergeli
Ш.СРОЧНО аренда к-ра сергели-чина хаус 2/4/10 инстран-м 2-бекат новый,https://www.olx.uz/d/obyavlenie/sh-srochno-arenda-k-ra-sergeli-china-haus-2-4-10-instran-m-2-bekat-novyy-ID3gpDT.html,700 у.е.,700.0,у.е,,,,,3gpDT,19,sergeli
,https://www.olx.uz/d/obyavlenie/student-va-ishlidigan-bolalarga-kvartira-sergeli-6-da-bez-makler-ID3YJUd.html,,,,,,,,3YJUd,19,sergeli
Студент ва ишлидиган болаларга квартира Сергели 6 да Без Маклер,https://www.olx.uz/d/obyavlenie/student-va-ishlidigan-bolalarga-kvartira-sergeli-6-da-bez-makler-ID3YJUd.html,1 000 000 сум,1000000.0,сум,,,,,3YJUd,19,sergeli
,https://www.olx.uz/d/obyavlenie/arendaga-yangi-haet-tumanida-ID41A0B.html,,,,,,,,41A0B,19,sergeli
Арендага янги хает туманида,https://www.olx.uz/d/obyavlenie/arendaga-yangi-haet-tumanida-ID41A0B.html,500 у.е. Договорная,500.0,у.е,,,,,41A0B,19,sergeli
,https://www.olx.uz/d/obyavlenie/arenda-dolgosrochnaya-2-1-16-zhk-towerup-sergili-ID4el5g.html,,,,,,,,4el5g,19,sergeli
Аренда долгосрочная | 2/1/16 | ЖК TowerUp | Сергили,https://www.olx.uz/d/obyavlenie/arenda-dolgosrochnaya-2-1-16-zhk-towerup-sergili-ID4el5g.html,500 у.е.,500.0,у.е,,,,,4el5g,19,sergeli
,https://www.olx.uz/d/obyavlenie/yangi-hayot-navqiron-mahallasi-chinor-metro-oldida-ID4f8r2.html,,,,,,,,4f8r2,19,sergeli
Yangi hayot Navqiron mahallasi Chinor metro oldida,https://www.olx.uz/d/obyavlenie/yangi-hayot-navqiron-mahallasi-chinor-metro-oldida-ID4f8r2.html,300 у.е.,300.0,у.е,,,,,4f8r2,19,sergeli
,https://www.olx.uz/d/obyavlenie/sergili-metro-sheriklikga-ID4f8kr.html,,,,,,,,4f8kr,19,sergeli
Sergili metro sheriklikga,https://www.olx.uz/d/obyavlenie/sergili-metro-sheriklikga-ID4f8kr.html,80 у.е.,80.0,у.е,,,,,4f8kr,19,sergeli
,https://www.olx.uz/d/obyavlenie/arenda-dolgosrochnaya-zhk-towerup-sergili-2-5-16-ID4f8vX.html,,,,,,,,4f8vX,19,sergeli
Аренда долгосрочная | ЖК TowerUp | Сергили 2/5/16,https://www.olx.uz/d/obyavlenie/arenda-dolgosrochnaya-zhk-towerup-sergili-2-5-16-ID4f8vX.html,450 у.е.,450.0,у.е,,,,,4f8vX,19,sergeli
,https://www.olx.uz/d/obyavlenie/kvartiraga-qizlarga-sheriklikka-bitta-qiz-kerek-ID4f8wL.html,,,,,,,,4f8wL,19,sergeli
Kvartiraga qizlarga sheriklikka bitta qiz kerek,https://www.olx.uz/d/obyavlenie/kvartiraga-qizlarga-sheriklikka-bitta-qiz-kerek-ID4f8wL.html,850 000 сум,850000.0,сум,,,,,4f8wL,19,sergeli
,https://www.olx.uz/d/obyavlenie/sergili-sputnik-16a-da-zhoylashgan-navastroyka-domlar-2hona-arenda-ID4dqJR.html,,,,,,,,4dqJR,19,sergeli
Сергили спутник 16а да жойлашган навастройка домлар 2хона аренда,https://www.olx.uz/d/obyavlenie/sergili-sputnik-16a-da-zhoylashgan-navastroyka-domlar-2hona-arenda-ID4dqJR.html,400 у.е. Договорная,400.0,у.е,,,,,4dqJR,19,sergeli
,https://www.olx.uz/d/obyavlenie/sh-srochno-arenda-k-ra-v-sergeli-choshtepa-2-6-9-inos-m-bitonka-abu-sahiy-ID3h4pn.html,,,,,,,,3h4pn,19,sergeli
Ш.СРОЧНО аренда к-ра в сергели чоштепа 2/6/9 инос-м битонка абу сахий,https://www.olx.uz/d/obyavlenie/sh-srochno-arenda-k-ra-v-sergeli-choshtepa-2-6-9-inos-m-bitonka-abu-sahiy-ID3h4pn.html,500 у.е.,500.0,у.е,,,,,3h4pn,19,sergeli
,https://www.olx.uz/d/obyavlenie/sergili-gren-haus-domlarida-zhoylashgan-2hona-arenda-ID4dqEz.html,,,,,,,,4dqEz,19,sergeli
Сергили грен хаус домларида жойлашган 2хона аренда,https://www.olx.uz/d/obyavlenie/sergili-gren-haus-domlarida-zhoylashgan-2hona-arenda-ID4dqEz.html,400 у.е. Договорная,400.0,у.е,,,,,4dqEz,19,sergeli
,https://www.olx.uz/d/obyavlenie/srochna-arenda-sergeli-6-a-metro-2-chi-bekat-enida-ID4doUH.html,,,,,,,,4doUH,19,sergeli
Срочна аренда сергели 6 А метро 2 чи бекат енида,https://www.olx.uz/d/obyavlenie/srochna-arenda-sergeli-6-a-metro-2-chi-bekat-enida-ID4doUH.html,400 у.е.,400.0,у.е,,,,,4doUH,19,sergeli
,https://www.olx.uz/d/obyavlenie/sergeli-metro-golden-layf-yonida-ID4f8gX.html,,,,,,,,4f8gX,19,sergeli
Sergeli metro golden layf yonida,https://www.olx.uz/d/obyavlenie/sergeli-metro-golden-layf-yonida-ID4f8gX.html,250 у.е.,250.0,у.е,,,,,4f8gX,19,sergeli
,https://www.olx.uz/d/obyavlenie/sergili-tumani-kvartira-ijaraga-ID4f8aB.html,,,,,,,,4f8aB,19,sergeli
Sergili tumani kvartira ijaraga,https://www.olx.uz/d/obyavlenie/sergili-tumani-kvartira-ijaraga-ID4f8aB.html,290 у.е.,290.0,у.е,,,,,4f8aB,19,sergeli
,https://www.olx.uz/d/obyavlenie/kvartira-arenda-sergili-yangi-hayot-navastroyka-green-hause-ID4f8fW.html,,,,,,,,4f8fW,19,sergeli
Kvartira arenda sergili yangi hayot navastroyka green hause,https://www.olx.uz/d/obyavlenie/kvartira-arenda-sergili-yangi-hayot-navastroyka-green-hause-ID4f8fW.html,400 у.е.,400.0,у.е,,,,,4f8fW,19,sergeli
,https://www.olx.uz/d/obyavlenie/sergeli-kuylyuk-6-metro-tolarik-arenda-oilaga-2-hona-ID4f8a2.html,,,,,,,,4f8a2,19,sergeli
Сергели Куйлюк 6 метро Толарик аренда оилага 2 хона,https://www.olx.uz/d/obyavlenie/sergeli-kuylyuk-6-metro-tolarik-arenda-oilaga-2-hona-ID4f8a2.html,340 у.е.,340.0,у.е,,,,,4f8a2,19,sergeli
,https://www.olx.uz/d/obyavlenie/kvartira-v-arendu-ID3UPuZ.html,,,,,,,,3UPuZ,19,sergeli
Квартира в аренду,https://www.olx.uz/d/obyavlenie/kvartira-v-arendu-ID3UPuZ.html,700 у.е.,700.0,у.е,,,,,3UPuZ,19,sergeli
,https://www.olx.uz/d/obyavlenie/kv-bollarga-sheriklikka-ID3QgTB.html,,,,,,,,3QgTB,19,sergeli
Kv bollarga Sheriklikka,https://www.olx.uz/d/obyavlenie/kv-bollarga-sheriklikka-ID3QgTB.html,80 у.е.,80.0,у.е,,,,,3QgTB,19,sergeli
,https://www.olx.uz/d/obyavlenie/sergeli-tumani-moshina-bozorga-yaqin-joyda-ID4f7R6.html,,,,,,,,4f7R6,19,sergeli
Sergeli tumani moshina bozorga yaqin joyda,https://www.olx.uz/d/obyavlenie/sergeli-tumani-moshina-bozorga-yaqin-joyda-ID4f7R6.html,200 у.е.,200.0,у.е,,,,,4f7R6,19,sergeli
,https://www.olx.uz/d/obyavlenie/sergeli-3-metro-bekati-oldida-ID4f7NL.html,,,,,,,,4f7NL,19,sergeli
Sergeli 3-metro bekati oldida,https://www.olx.uz/d/obyavlenie/sergeli-3-metro-bekati-oldida-ID4f7NL.html,250 у.е.,250.0,у.е,,,,,4f7NL,19,sergeli
,https://www.olx.uz/d/obyavlenie/sdaetsya-arenda-tolko-dlya-dolgosrochnyy-bez-makler-ID4f7oK.html,,,,,,,,4f7oK,19,sergeli
Сдается аренда толко для долгосрочный. Без маклер,https://www.olx.uz/d/obyavlenie/sdaetsya-arenda-tolko-dlya-dolgosrochnyy-bez-makler-ID4f7oK.html,600 у.е.,600.0,у.е,,,,,4f7oK,19,sergeli
,https://www.olx.uz/d/obyavlenie/bez-makler-ijaraga-uy-chilonzor-vatan-2-xona-ID4f7ZO.html,,,,,,,,4f7ZO,19,sergeli
Bez makler ijaraga uy chilonzor vatan 2 xona,https://www.olx.uz/d/obyavlenie/bez-makler-ijaraga-uy-chilonzor-vatan-2-xona-ID4f7ZO.html,500 у.е.,500.0,у.е,,,,,4f7ZO,19,sergeli
,https://www.olx.uz/d/obyavlenie/sh-srochno-arenda-k-ra-v-sergeli-6-2-3-4-3-bekat-meros-oilaga-ID38ond.html,,,,,,,,38ond,19,sergeli
Ш.СРОЧНО аренда к-ра в сергели-6 2/3/4 3-бекат мерос оилага,https://www.olx.uz/d/obyavlenie/sh-srochno-arenda-k-ra-v-sergeli-6-2-3-4-3-bekat-meros-oilaga-ID38ond.html,400 у.е.,400.0,у.е,,,,,38ond,19,sergeli
,https://www.olx.uz/d/obyavlenie/sergeli-metro-yaqnida-arenda-bezmakler-ID4f7wA.html,,,,,,,,4f7wA,19,sergeli
Sergeli metro yaqnida arenda bezmakler,https://www.olx.uz/d/obyavlenie/sergeli-metro-yaqnida-arenda-bezmakler-ID4f7wA.html,300 у.е.,300.0,у.е,,,,,4f7wA,19,sergeli
,https://www.olx.uz/d/obyavlenie/srochnoe-sdaetsya-kv-turan-stantsiya-metro-2-6-9-ro-n-sergeli-2-ID4f7hr.html,,,,,,,,4f7hr,19,sergeli
СРОЧНОЕ Сдаётся кв Туран станция метро 2/6/9 ро-н Сергели-2 !!,https://www.olx.uz/d/obyavlenie/srochnoe-sdaetsya-kv-turan-stantsiya-metro-2-6-9-ro-n-sergeli-2-ID4f7hr.html,400 у.е. Договорная,400.0,у.е,,,,,4f7hr,19,sergeli
,https://www.olx.uz/d/obyavlenie/arenda-sergeli-sputnik-16-2-3-5-remont-toza-oilaga-beriladi-gilam-pard-ID4ek6R.html,,,,,,,,4ek6R,19,sergeli
Аренда сергели спутник 16 2/3/5 ремонт тоза оилага берилади гилам пард,https://www.olx.uz/d/obyavlenie/arenda-sergeli-sputnik-16-2-3-5-remont-toza-oilaga-beriladi-gilam-pard-ID4ek6R.html,350 у.е.,350.0,у.е,,,,,4ek6R,19,sergeli
,https://www.olx.uz/d/obyavlenie/arenda-binokor-2h-komnatnaya-kvartira-ID4daGm.html,,,,,,,,4daGm,19,sergeli
Аренда Бинокор 2х комнатная квартира,https://www.olx.uz/d/obyavlenie/arenda-binokor-2h-komnatnaya-kvartira-ID4daGm.html,300 у.е.,300.0,у.е,,,,,4daGm,19,sergeli
,https://www.olx.uz/d/obyavlenie/sergili-2-da-kvartira-bor-2-honali-kvartira-bitta-honasi-beriladi-ID45VNm.html,,,,,,,,45VNm,19,sergeli
Сергили 2 да квартира бор 2 хонали квартира битта хонаси берилади,https://www.olx.uz/d/obyavlenie/sergili-2-da-kvartira-bor-2-honali-kvartira-bitta-honasi-beriladi-ID45VNm.html,2 200 000 сум,2200000.0,сум,,,,,45VNm,19,sergeli
,https://www.olx.uz/d/obyavlenie/arenda-sergeli-5-galareyka-dom-1-6-9-remont-sredney-oilaga-beriladi-p-ID4f7Gt.html,,,,,,,,4f7Gt,19,sergeli
Аренда сергели 5. Галарейка дом 1/6/9 ремонт средней оилага берилади п,https://www.olx.uz/d/obyavlenie/arenda-sergeli-5-galareyka-dom-1-6-9-remont-sredney-oilaga-beriladi-p-ID4f7Gt.html,250 у.е.,250.0,у.е,,,,,4f7Gt,19,sergeli
,https://www.olx.uz/d/obyavlenie/sergeli-chinor-metro-2-hona-75m2-ID4dKV4.html,,,,,,,,4dKV4,19,sergeli
Сергели Чинор метро  2 хона 75м2,https://www.olx.uz/d/obyavlenie/sergeli-chinor-metro-2-hona-75m2-ID4dKV4.html,450 у.е.,450.0,у.е,,,,,4dKV4,19,sergeli
,https://www.olx.uz/d/obyavlenie/sdaetsya-uyutnaya-kvartira-2h-3-16-sergeliyskiy-r-n-zhk-darhon-ID4eJbb.html,,,,,,,,4eJbb,19,sergeli
СДАЁТСЯ Уютная квартира 2х /3/16 Сергелийский р-н Жк Дархон,https://www.olx.uz/d/obyavlenie/sdaetsya-uyutnaya-kvartira-2h-3-16-sergeliyskiy-r-n-zhk-darhon-ID4eJbb.html,350 у.е.,350.0,у.е,,,,,4eJbb,19,sergeli
,https://www.olx.uz/d/obyavlenie/arenda-komnota-sputnig-sergeli-ID41zJF.html,,,,,,,,41zJF,19,sergeli
Аренда комнота спутниг сергели,https://www.olx.uz/d/obyavlenie/arenda-komnota-sputnig-sergeli-ID41zJF.html,150 у.е.,150.0,у.е,,,,,41zJF,19,sergeli
,https://www.olx.uz/d/obyavlenie/ijaraga-1-xona-sherkchilik-yosh-oila-uchun-ID4f6WP.html,,,,,,,,4f6WP,19,sergeli
Ijaraga 1 xona sherkchilik yosh oila uchun,https://www.olx.uz/d/obyavlenie/ijaraga-1-xona-sherkchilik-yosh-oila-uchun-ID4f6WP.html,200 у.е.,200.0,у.е,,,,,4f6WP,19,sergeli
,https://www.olx.uz/d/obyavlenie/sergili-green-house-3kom-na-arendu-ID47aoF.html,,,,,,,,47aoF,19,sergeli
"Сергили Green house 3ком на аренду,",https://www.olx.uz/d/obyavlenie/sergili-green-house-3kom-na-arendu-ID47aoF.html,500 у.е. Договорная,500.0,у.е,,,,,47aoF,19,sergeli
,https://www.olx.uz/d/obyavlenie/dolgosrochnaya-kvartira-ID49ixv.html,,,,,,,,49ixv,19,sergeli
Долгосрочная квартира,https://www.olx.uz/d/obyavlenie/dolgosrochnaya-kvartira-ID49ixv.html,300 у.е.,300.0,у.е,,,,,49ixv,19,sergeli
,https://www.olx.uz/d/obyavlenie/arenda-chilanzar-20-2-3-1-4-ID4diaZ.html,,,,,,,,4diaZ,19,sergeli
Аренда. Чиланзар 20. 2-3/1/4,https://www.olx.uz/d/obyavlenie/arenda-chilanzar-20-2-3-1-4-ID4diaZ.html,500 у.е.,500.0,у.е,,,,,4diaZ,19,sergeli
,https://www.olx.uz/d/obyavlenie/srochna-1-ta-bola-olinadi-kvartiraga-ID3UeY3.html,,,,,,,,3UeY3,19,sergeli
Srochna 1 ta bola olinadi kvartiraga,https://www.olx.uz/d/obyavlenie/srochna-1-ta-bola-olinadi-kvartiraga-ID3UeY3.html,90 у.е.,90.0,у.е,,,,,3UeY3,19,sergeli
,https://www.olx.uz/d/obyavlenie/sergile-8a-metro-3-bekan-atrofida-arenda-ID4f19L.html,,,,,,,,4f19L,19,sergeli
Sergile 8A metro 3 bekan atrofida Arenda,https://www.olx.uz/d/obyavlenie/sergile-8a-metro-3-bekan-atrofida-arenda-ID4f19L.html,200 у.е.,200.0,у.е,,,,,4f19L,19,sergeli
,https://www.olx.uz/d/obyavlenie/kvartira-2-komnatnaya-ID4eII6.html,,,,,,,,4eII6,19,sergeli
квартира 2 комнатная,https://www.olx.uz/d/obyavlenie/kvartira-2-komnatnaya-ID4eII6.html,450 у.е.,450.0,у.е,,,,,4eII6,19,sergeli
,https://www.olx.uz/d/obyavlenie/srochno-sdaetsya-shikarnaya-kvartira-na-zhk-nrg-oybek-id027-ID3ELiM.html,,,,,,,,3ELiM,19,sergeli
Срочно сдается!!Шикарная квартира на жк Nrg Oybek ID027,https://www.olx.uz/d/obyavlenie/srochno-sdaetsya-shikarnaya-kvartira-na-zhk-nrg-oybek-id027-ID3ELiM.html,650 у.е. Договорная,650.0,у.е,,,,,3ELiM,19,sergeli
,https://www.olx.uz/d/obyavlenie/arenda-sergeli-6-a-metro-2-chi-bekat-enida-ID4dUOQ.html,,,,,,,,4dUOQ,19,sergeli
Аренда сергели 6 А метро 2 чи бекат енида,https://www.olx.uz/d/obyavlenie/arenda-sergeli-6-a-metro-2-chi-bekat-enida-ID4dUOQ.html,400 у.е.,400.0,у.е,,,,,4dUOQ,19,sergeli
,https://www.olx.uz/d/obyavlenie/arenda-sergeli-1-hona-38-kv-ID4f79D.html,,,,,,,,4f79D,19,sergeli
Аренда Сергели 1 хона 38 кв,https://www.olx.uz/d/obyavlenie/arenda-sergeli-1-hona-38-kv-ID4f79D.html,249 у.е.,249.0,у.е,,,,,4f79D,19,sergeli
,https://www.olx.uz/d/obyavlenie/sergeli-7-2-2-5-ID4ccQe.html,,,,,,,,4ccQe,19,sergeli
Сергели-7  2/2/5,https://www.olx.uz/d/obyavlenie/sergeli-7-2-2-5-ID4ccQe.html,550 у.е.,550.0,у.е,,,,,4ccQe,19,sergeli
,https://www.olx.uz/d/obyavlenie/arenda-1v-2-h-komnatnuyu-kvartiru-sergeli-starye-kvartira-na-zemle-ID4eb0V.html,,,,,,,,4eb0V,19,sergeli
Аренда.   1в 2 х комнатную квартиру Сергели Старые. Квартира на земле,https://www.olx.uz/d/obyavlenie/arenda-1v-2-h-komnatnuyu-kvartiru-sergeli-starye-kvartira-na-zemle-ID4eb0V.html,300 у.е.,300.0,у.е,,,,,4eb0V,19,sergeli
,https://www.olx.uz/d/obyavlenie/srochno-sdaetsya-kvartira-ID4dzC1.html,,,,,,,,4dzC1,19,sergeli
Срочно сдаётся квартира,https://www.olx.uz/d/obyavlenie/srochno-sdaetsya-kvartira-ID4dzC1.html,450 у.е.,450.0,у.е,,,,,4dzC1,19,sergeli
,https://www.olx.uz/d/obyavlenie/arenda-3-3-5-kuylyuk-5-bazarchik-tsena-350-3-3-5-ID4eIov.html,,,,,,,,4eIov,19,sergeli
Аренда 3/3/5 Куйлюк-5 ( базарчик) Цена: 350$ 3/3/5,https://www.olx.uz/d/obyavlenie/arenda-3-3-5-kuylyuk-5-bazarchik-tsena-350-3-3-5-ID4eIov.html,350 у.е.,350.0,у.е,,,,,4eIov,19,sergeli
,https://www.olx.uz/d/obyavlenie/sdaetsya-uyutnoe-kvartira-2-komnata-zhk-green-house-ro-n-sergeli-3-a-ID40Ret.html,,,,,,,,40Ret,19,sergeli
Сдаётся Уютное квартира 2-комната ЖК Green House  ро-н Сергели-3 А,https://www.olx.uz/d/obyavlenie/sdaetsya-uyutnoe-kvartira-2-komnata-zhk-green-house-ro-n-sergeli-3-a-ID40Ret.html,500 у.е.,500.0,у.е,,,,,40Ret,19,sergeli
,https://www.olx.uz/d/obyavlenie/manzili-sergili-tumanida-srochna-kvartira-ijaraga-ID4f6Po.html,,,,,,,,4f6Po,19,sergeli
Manzili: Sergili tumanida srochna kvartira ijaraga,https://www.olx.uz/d/obyavlenie/manzili-sergili-tumanida-srochna-kvartira-ijaraga-ID4f6Po.html,260 у.е.,260.0,у.е,,,,,4f6Po,19,sergeli
,https://www.olx.uz/d/obyavlenie/arenda-kvartiry-sergeli-yangi-haet-9-hudud-metro-oila-2-hona-izhara-ID4f6SQ.html,,,,,,,,4f6SQ,19,sergeli
Аренда квартиры Сергели Янги Хаёт 9 худуд метро Оила 2 хона Ижара,https://www.olx.uz/d/obyavlenie/arenda-kvartiry-sergeli-yangi-haet-9-hudud-metro-oila-2-hona-izhara-ID4f6SQ.html,400 у.е.,400.0,у.е,,,,,4f6SQ,19,sergeli
,https://www.olx.uz/d/obyavlenie/arenda-2-honali-kvartira-sergeli-golden-haus-novastroyka-ID4aBFm.html,,,,,,,,4aBFm,19,sergeli
Аренда 2 хонали квартира Сергели Голден Хаус новастройка,https://www.olx.uz/d/obyavlenie/arenda-2-honali-kvartira-sergeli-golden-haus-novastroyka-ID4aBFm.html,500 у.е.,500.0,у.е,,,,,4aBFm,19,sergeli
,https://www.olx.uz/d/obyavlenie/arenda-2-honali-yangi-kvartira-sergeli-sputnik-16a-novastroyka-ID3C29c.html,,,,,,,,3C29c,19,sergeli
Аренда 2 хонали ЯНГИ квартира СЕРГЕЛИ Спутник-16А новастройка,https://www.olx.uz/d/obyavlenie/arenda-2-honali-yangi-kvartira-sergeli-sputnik-16a-novastroyka-ID3C29c.html,450 у.е.,450.0,у.е,,,,,3C29c,19,sergeli
,https://www.olx.uz/d/obyavlenie/arenda-12-honali-kv-sergeli-sputnik-16a-elonni-ohirigacha-ukinggg-ID4f6JO.html,,,,,,,,4f6JO,19,sergeli
Аренда 1>2 хонали КВ. Сергели Спутник-16А (ЭЛОННИ ОХИРИГАЧА У́КИНГГГ)),https://www.olx.uz/d/obyavlenie/arenda-12-honali-kv-sergeli-sputnik-16a-elonni-ohirigacha-ukinggg-ID4f6JO.html,400 у.е.,400.0,у.е,,,,,4f6JO,19,sergeli
,https://www.olx.uz/d/obyavlenie/sdayu-kvartiru-3-3-5-kuylyuk-5-ID4eiTk.html,,,,,,,,4eiTk,19,sergeli
Сдаю квартиру 3/3/5 Куйлюк-5,https://www.olx.uz/d/obyavlenie/sdayu-kvartiru-3-3-5-kuylyuk-5-ID4eiTk.html,350 у.е.,350.0,у.е,,,,,4eiTk,19,sergeli
,https://www.olx.uz/d/obyavlenie/zdaetsaya-1-komnatnaya-kvartira-massiv-kuyluk-6-ID4doG4.html,,,,,,,,4doG4,19,sergeli
Здаецая 1 комнатная  квартира массив куйлук 6,https://www.olx.uz/d/obyavlenie/zdaetsaya-1-komnatnaya-kvartira-massiv-kuyluk-6-ID4doG4.html,350 у.е. Договорная,350.0,у.е,,,,,4doG4,19,sergeli
,https://www.olx.uz/d/obyavlenie/arenda-2-honali-lyuks-kvartira-sergeli-7-grin-haus-novastroyka-ID3SdGk.html,,,,,,,,3SdGk,19,sergeli
Аренда 2 хонали люкс квартира Сергели-7 ГРИН ХАУС новастройка,https://www.olx.uz/d/obyavlenie/arenda-2-honali-lyuks-kvartira-sergeli-7-grin-haus-novastroyka-ID3SdGk.html,550 у.е.,550.0,у.е,,,,,3SdGk,19,sergeli
,https://www.olx.uz/d/obyavlenie/arenda-2-honali-evro-kvartira-sergeli-china-xaus-mashina-obzor-ID47yPf.html,,,,,,,,47yPf,19,sergeli
Аренда 2 хонали евро квартира Сергели CHINA XAUS (машина обзор)),https://www.olx.uz/d/obyavlenie/arenda-2-honali-evro-kvartira-sergeli-china-xaus-mashina-obzor-ID47yPf.html,550 у.е.,550.0,у.е,,,,,47yPf,19,sergeli
,https://www.olx.uz/d/obyavlenie/arenda-3h-kom-lyuksovoy-kvartira-v-sergeli-7-grin-haus-100-m-ID3oWBS.html,,,,,,,,3oWBS,19,sergeli
Аренда 3х ком. Люксовой квартира в Сергели-7. ГРИН ХАУС. 100 м²,https://www.olx.uz/d/obyavlenie/arenda-3h-kom-lyuksovoy-kvartira-v-sergeli-7-grin-haus-100-m-ID3oWBS.html,800 у.е.,800.0,у.е,,,,,3oWBS,19,sergeli
,https://www.olx.uz/d/obyavlenie/ijaraga-beriladi-ID48oun.html,,,,,,,,48oun,19,sergeli
Ijaraga beriladi.,https://www.olx.uz/d/obyavlenie/ijaraga-beriladi-ID48oun.html,350 у.е.,350.0,у.е,,,,,48oun,19,sergeli
,https://www.olx.uz/d/obyavlenie/ozgarish-metro-ijaraga-qizlarni-qoyaman-ID48oiB.html,,,,,,,,48oiB,19,sergeli
O’zgarish metro ijaraga qizlarni qo’yaman,https://www.olx.uz/d/obyavlenie/ozgarish-metro-ijaraga-qizlarni-qoyaman-ID48oiB.html,1 000 000 сум,1000000.0,сум,,,,,48oiB,19,sergeli
,https://www.olx.uz/d/obyavlenie/1-xona-ayollaga-beriladi-ID2OYxj.html,,,,,,,,2OYxj,19,sergeli
1 xona ayollaga beriladi,https://www.olx.uz/d/obyavlenie/1-xona-ayollaga-beriladi-ID2OYxj.html,1 500 000 сум Договорная,1500000.0,сум,,,,,2OYxj,19,sergeli
,https://www.olx.uz/d/obyavlenie/1xona-ayollarga-beriladi-ID3C7uu.html,,,,,,,,3C7uu,19,sergeli
1xona ayollarga beriladi,https://www.olx.uz/d/obyavlenie/1xona-ayollarga-beriladi-ID3C7uu.html,1 500 000 сум Договорная,1500000.0,сум,,,,,3C7uu,19,sergeli
,https://www.olx.uz/d/obyavlenie/elite-house-23-5-9-75-m-sergeli-3-stantsiya-metro-sdaetsya-v-arendu-ID4eHQ2.html,,,,,,,,4eHQ2,19,sergeli
Elite House 2*3/5/9 75 м² Сергели 3-станция Метро сдаётся в аренду,https://www.olx.uz/d/obyavlenie/elite-house-23-5-9-75-m-sergeli-3-stantsiya-metro-sdaetsya-v-arendu-ID4eHQ2.html,700 у.е. Договорная,700.0,у.е,,,,,4eHQ2,19,sergeli
,https://www.olx.uz/d/obyavlenie/arendaga-navastroyka-kvartira-oylaga-iz-bollarga-sergele-2-bekat-400-ID4dTUM.html,,,,,,,,4dTUM,19,sergeli
Арендага навастройка квартира ойлага қиз болларга сергеле 2-бекат 400$,https://www.olx.uz/d/obyavlenie/arendaga-navastroyka-kvartira-oylaga-iz-bollarga-sergele-2-bekat-400-ID4dTUM.html,400 у.е.,400.0,у.е,,,,,4dTUM,19,sergeli
,https://www.olx.uz/d/obyavlenie/arenda-2-h-komnatnuyu-kvartiru-sergeli-starye-s-obstanovkoy-remont-ID4cZs8.html,,,,,,,,4cZs8,19,sergeli
Аренда 2 х комнатную квартиру Сергели Старые  С обстановкой ремонт .,https://www.olx.uz/d/obyavlenie/arenda-2-h-komnatnuyu-kvartiru-sergeli-starye-s-obstanovkoy-remont-ID4cZs8.html,300 у.е. Договорная,300.0,у.е,,,,,4cZs8,19,sergeli
,https://www.olx.uz/d/obyavlenie/hovli-2-ta-akuratoy-toza-ozoda-bola-kerak-ID4f6lG.html,,,,,,,,4f6lG,19,sergeli
"Hovli, 2 ta akuratoy, toza ozoda bola kerak",https://www.olx.uz/d/obyavlenie/hovli-2-ta-akuratoy-toza-ozoda-bola-kerak-ID4f6lG.html,800 000 сум,800000.0,сум,,,,,4f6lG,19,sergeli
,https://www.olx.uz/d/obyavlenie/ijaraga-beriladi-toshkent-sergeli-2-xonali-yangi-metro-yonida-narxi700-ID4f6i4.html,,,,,,,,4f6i4,19,sergeli
Ijaraga beriladi toshkent sergeli 2-xonali yangi metro yonida narxi700,https://www.olx.uz/d/obyavlenie/ijaraga-beriladi-toshkent-sergeli-2-xonali-yangi-metro-yonida-narxi700-ID4f6i4.html,700 у.е.,700.0,у.е,,,,,4f6i4,19,sergeli
,https://www.olx.uz/d/obyavlenie/sergili-2-xona-metro-10min-yol-zaksli-oila-olinadi-ijaraga-ID4eV6A.html,,,,,,,,4eV6A,19,sergeli
Sergili 2 xona metro 10min yol zaksli oila olinadi ijaraga,https://www.olx.uz/d/obyavlenie/sergili-2-xona-metro-10min-yol-zaksli-oila-olinadi-ijaraga-ID4eV6A.html,360 у.е.,360.0,у.е,,,,,4eV6A,19,sergeli
,https://www.olx.uz/d/obyavlenie/sergili-yarmarka-orqa-tarafida-2-honalik-kv-bor-remonti-full-kir-mowin-ID3PYpa.html,,,,,,,,3PYpa,19,sergeli
Sergili Yarmarka orqa tarafida 2 honalik kv bor Remonti full kir mowin,https://www.olx.uz/d/obyavlenie/sergili-yarmarka-orqa-tarafida-2-honalik-kv-bor-remonti-full-kir-mowin-ID3PYpa.html,80 у.е.,80.0,у.е,,,,,3PYpa,19,sergeli
,https://www.olx.uz/d/obyavlenie/yunusobod-arenda-na-semyu-i-studentov-ID4f697.html,,,,,,,,4f697,19,sergeli
Юнусобод аренда на семью и студентов,https://www.olx.uz/d/obyavlenie/yunusobod-arenda-na-semyu-i-studentov-ID4f697.html,400 у.е.,400.0,у.е,,,,,4f697,19,sergeli
,https://www.olx.uz/d/obyavlenie/arendaga-kvartira-navastroyka-sergeli-oylaga-yahshi-iz-bollarga-metro-u-ID4dTOR.html,,,,,,,,4dTOR,19,sergeli
Арендага квартира навастройка Сергели ойлага яхши қиз болларга метро у,https://www.olx.uz/d/obyavlenie/arendaga-kvartira-navastroyka-sergeli-oylaga-yahshi-iz-bollarga-metro-u-ID4dTOR.html,400 у.е.,400.0,у.е,,,,,4dTOR,19,sergeli
,https://www.olx.uz/d/obyavlenie/arenda-na-dolgiy-srok-ID4do0U.html,,,,,,,,4do0U,19,sergeli
Arenda na dolgiy srok,https://www.olx.uz/d/obyavlenie/arenda-na-dolgiy-srok-ID4do0U.html,300 у.е.,300.0,у.е,,,,,4do0U,19,sergeli
,https://www.olx.uz/d/obyavlenie/arenda-sergili-golden-havus-2-4-6-luks-kvartira-ID4dTNs.html,,,,,,,,4dTNs,19,sergeli
Аренда Сергили Голден-Хавус 2/4/6. Лукс квартира,https://www.olx.uz/d/obyavlenie/arenda-sergili-golden-havus-2-4-6-luks-kvartira-ID4dTNs.html,600 у.е.,600.0,у.е,,,,,4dTNs,19,sergeli
,https://www.olx.uz/d/obyavlenie/kvartira-ijaraga-qizlarga-beriladi-bez-makler-sheriklikka-ID48o4k.html,,,,,,,,48o4k,19,sergeli
Kvartira ijaraga qizlarga beriladi bez makler sheriklikka,https://www.olx.uz/d/obyavlenie/kvartira-ijaraga-qizlarga-beriladi-bez-makler-sheriklikka-ID48o4k.html,800 000 сум,800000.0,сум,,,,,48o4k,19,sergeli
,https://www.olx.uz/d/obyavlenie/arenda-4-kom-sergeli-8-massiv-1-liniy-oren-t-besh-kozon-ili-hokimyat-ID4bhuo.html,,,,,,,,4bhuo,19,sergeli
Аренда 4 ком Сергели 8 массив 1 линий  Орен-т Беш козон или Хокимят,https://www.olx.uz/d/obyavlenie/arenda-4-kom-sergeli-8-massiv-1-liniy-oren-t-besh-kozon-ili-hokimyat-ID4bhuo.html,1 000 у.е.,1000.0,у.е,,,,,4bhuo,19,sergeli
,https://www.olx.uz/d/obyavlenie/sergeli-arenda-oila-bollarga-ID4f5YJ.html,,,,,,,,4f5YJ,19,sergeli
sergeli arenda oila bollarga,https://www.olx.uz/d/obyavlenie/sergeli-arenda-oila-bollarga-ID4f5YJ.html,300 у.е.,300.0,у.е,,,,,4f5YJ,19,sergeli
,https://www.olx.uz/d/obyavlenie/1-h-kom-studiya-s-obstanovkoy-sergeli-2-3-4-kirpich-remont-18-m2-ID4dTD5.html,,,,,,,,4dTD5,19,sergeli
1 х ком. Студия  с обстановкой Сергели 2. 3/4 кирпич ремонт 18 м2,https://www.olx.uz/d/obyavlenie/1-h-kom-studiya-s-obstanovkoy-sergeli-2-3-4-kirpich-remont-18-m2-ID4dTD5.html,300 у.е.,300.0,у.е,,,,,4dTD5,19,sergeli
,https://www.olx.uz/d/obyavlenie/kvartira-2-ta-honali-ID3TYi2.html,,,,,,,,3TYi2,19,sergeli
Квартира 2 та хонали,https://www.olx.uz/d/obyavlenie/kvartira-2-ta-honali-ID3TYi2.html,600 000 сум,600000.0,сум,,,,,3TYi2,19,sergeli
,https://www.olx.uz/d/obyavlenie/arenda-2-komnatnoy-kvartiry-2-honali-kvartira-ID4eZow.html,,,,,,,,4eZow,19,sergeli
"Аренда 2 комнатной квартиры, 2 хонали квартира",https://www.olx.uz/d/obyavlenie/arenda-2-komnatnoy-kvartiry-2-honali-kvartira-ID4eZow.html,400 у.е.,400.0,у.е,,,,,4eZow,19,sergeli
,https://www.olx.uz/d/obyavlenie/arenda-fakat-kizlarga-700-000-sum-komunali-ichida-5metro-1km-ID4dTAB.html,,,,,,,,4dTAB,19,sergeli
Аренда факат кизларга 700.000 сум комунали ичида 5метро 1км,https://www.olx.uz/d/obyavlenie/arenda-fakat-kizlarga-700-000-sum-komunali-ichida-5metro-1km-ID4dTAB.html,700 000 сум,700000.0,сум,,,,,4dTAB,19,sergeli
,https://www.olx.uz/d/obyavlenie/arenda-2h3-3-7-sergele-9-hudud-konditsioner-kirmoshina-holodilnik-mebel-ID4f5ZN.html,,,,,,,,4f5ZN,19,sergeli
Аренда 2х3/3/7 Сергеле 9 худуд кондиционер кирмошина холодилник мебель,https://www.olx.uz/d/obyavlenie/arenda-2h3-3-7-sergele-9-hudud-konditsioner-kirmoshina-holodilnik-mebel-ID4f5ZN.html,400 у.е.,400.0,у.е,,,,,4f5ZN,19,sergeli
,https://www.olx.uz/d/obyavlenie/sergeli-13-kvartira-kvartira-ijaraga-ID4f5Tq.html,,,,,,,,4f5Tq,19,sergeli
"Sergeli , 13-kvartira kvartira ijaraga",https://www.olx.uz/d/obyavlenie/sergeli-13-kvartira-kvartira-ijaraga-ID4f5Tq.html,300 у.е.,300.0,у.е,,,,,4f5Tq,19,sergeli
,https://www.olx.uz/d/obyavlenie/sdaetsya-1-komnatnaya-kvartira-nuzhna-naparnitsa-ID4f5O5.html,,,,,,,,4f5O5,19,sergeli
Сдается 1 комнатная квартира ( нужна напарница),https://www.olx.uz/d/obyavlenie/sdaetsya-1-komnatnaya-kvartira-nuzhna-naparnitsa-ID4f5O5.html,400 у.е.,400.0,у.е,,,,,4f5O5,19,sergeli
,https://www.olx.uz/d/obyavlenie/id25012-srochno-sdaetsya-evro-kvartira-massiv-stroitle-sergeli-ID4dTng.html,,,,,,,,4dTng,19,sergeli
"id:25012 Срочно сдается евро квартира массив Строитлеь, Сергели.",https://www.olx.uz/d/obyavlenie/id25012-srochno-sdaetsya-evro-kvartira-massiv-stroitle-sergeli-ID4dTng.html,650 у.е.,650.0,у.е,,,,,4dTng,19,sergeli
,https://www.olx.uz/d/obyavlenie/sergeli-tumani-golden-life-yaqnida-arenda-bezmakler-ID4f5KO.html,,,,,,,,4f5KO,19,sergeli
Sergeli tumani Golden Life yaqnida arenda bezmakler,https://www.olx.uz/d/obyavlenie/sergeli-tumani-golden-life-yaqnida-arenda-bezmakler-ID4f5KO.html,250 у.е.,250.0,у.е,,,,,4f5KO,19,sergeli
,https://www.olx.uz/d/obyavlenie/yashnabod-metroga-5minutli-yol-yoli-uyo-beti-40let-2xona-3etaj-ID4f5Iv.html,,,,,,,,4f5Iv,19,sergeli
Yashnabod metroga 5minutli yol yoli uyo beti 40let 2xona 3etaj,https://www.olx.uz/d/obyavlenie/yashnabod-metroga-5minutli-yol-yoli-uyo-beti-40let-2xona-3etaj-ID4f5Iv.html,300 у.е.,300.0,у.е,,,,,4f5Iv,19,sergeli
,https://www.olx.uz/d/obyavlenie/2h-kom-kvartiru-sergeli-arenda-naprotiv-mashinnogo-bazara-ID4f5I9.html,,,,,,,,4f5I9,19,sergeli
2х ком квартиру Сергели. Аренда напротив Машинного базара,https://www.olx.uz/d/obyavlenie/2h-kom-kvartiru-sergeli-arenda-naprotiv-mashinnogo-bazara-ID4f5I9.html,400 у.е.,400.0,у.е,,,,,4f5I9,19,sergeli
,https://www.olx.uz/d/obyavlenie/choshtepa-arenda-1-komnatnaya-sdaetsya-semeynym-ID4f5MH.html,,,,,,,,4f5MH,19,sergeli
Чоштепа аренда 1 комнатная. Сдается семейным,https://www.olx.uz/d/obyavlenie/choshtepa-arenda-1-komnatnaya-sdaetsya-semeynym-ID4f5MH.html,300 у.е.,300.0,у.е,,,,,4f5MH,19,sergeli
,https://www.olx.uz/d/obyavlenie/sergeli-metro-yaqnida-arenda-bezmakler-ID4f5Fk.html,,,,,,,,4f5Fk,19,sergeli
Sergeli metro yaqnida arenda bezmakler,https://www.olx.uz/d/obyavlenie/sergeli-metro-yaqnida-arenda-bezmakler-ID4f5Fk.html,270 у.е.,270.0,у.е,,,,,4f5Fk,19,sergeli
,https://www.olx.uz/d/obyavlenie/sergeli-tumanida-kvartira-ijaraga-moljali-sergili-3-bekat-ID4f5xd.html,,,,,,,,4f5xd,19,sergeli
"Sergeli tumanida kvartira ijaraga 
Moʻljali: Sergili 3-bekat",https://www.olx.uz/d/obyavlenie/sergeli-tumanida-kvartira-ijaraga-moljali-sergili-3-bekat-ID4f5xd.html,260 у.е.,260.0,у.е,,,,,4f5xd,19,sergeli
,https://www.olx.uz/d/obyavlenie/srochnoe-sdaetsya-kv-turan-stantsiya-metro-2-3-9-ro-n-sergeli-2-ID4f5x6.html,,,,,,,,4f5x6,19,sergeli
СРОЧНОЕ Сдаётся кв Туран станция метро 2/3/9 ро-н Сергели-2 !!,https://www.olx.uz/d/obyavlenie/srochnoe-sdaetsya-kv-turan-stantsiya-metro-2-3-9-ro-n-sergeli-2-ID4f5x6.html,400 у.е.,400.0,у.е,,,,,4f5x6,19,sergeli
,https://www.olx.uz/d/obyavlenie/sh-srochno-arenda-k-ra-v-sergeli-8a-3-8-9-oilaga-meros-3-bekat-ID34P3W.html,,,,,,,,34P3W,19,sergeli
Ш.СРОЧНО аренда к-ра в сергели-8а 3/8/9 оилага мерос 3-бекат,https://www.olx.uz/d/obyavlenie/sh-srochno-arenda-k-ra-v-sergeli-8a-3-8-9-oilaga-meros-3-bekat-ID34P3W.html,450 у.е.,450.0,у.е,,,,,34P3W,19,sergeli
,https://www.olx.uz/d/obyavlenie/izharaga-sheriglikka-1-ta-ugil-bola-kerak-sergeli-honabodda-ID4f5u4.html,,,,,,,,4f5u4,19,sergeli
Ижарага шеригликка 1 та угил бола керак Сергели Хонабодда,https://www.olx.uz/d/obyavlenie/izharaga-sheriglikka-1-ta-ugil-bola-kerak-sergeli-honabodda-ID4f5u4.html,100 у.е.,100.0,у.е,,,,,4f5u4,19,sergeli
,https://www.olx.uz/d/obyavlenie/ulitsa-rayhon-sergeli-komnata-s-obstanovkoy-podselenie-tsena-180-ue-ID4ehJm.html,,,,,,,,4ehJm,19,sergeli
Улица Райхон. Сергели. Комната с обстановкой. ПОДСЕЛЕНИЕ цена 180 уе,https://www.olx.uz/d/obyavlenie/ulitsa-rayhon-sergeli-komnata-s-obstanovkoy-podselenie-tsena-180-ue-ID4ehJm.html,180 у.е. Договорная,180.0,у.е,,,,,4ehJm,19,sergeli
,https://www.olx.uz/d/obyavlenie/arenda-1-kom-studiya-sergeli-2-obstanovkoy-mebel-byvshee-obschezhitie-ID4ahWe.html,,,,,,,,4ahWe,19,sergeli
Аренда. 1 ком. Студия. Сергели 2.обстановкой мебель.бывшее общежитие,https://www.olx.uz/d/obyavlenie/arenda-1-kom-studiya-sergeli-2-obstanovkoy-mebel-byvshee-obschezhitie-ID4ahWe.html,300 у.е.,300.0,у.е,,,,,4ahWe,19,sergeli
,https://www.olx.uz/d/obyavlenie/arenda-1-kom-studiya-sergeli-2-s-obstanovkoy-4-4-kirpich-18-m2-remont-ID47NSO.html,,,,,,,,47NSO,19,sergeli
Аренда 1 ком-Студия Сергели 2. С обстановкой 4/4 кирпич 18 м2. Ремонт,https://www.olx.uz/d/obyavlenie/arenda-1-kom-studiya-sergeli-2-s-obstanovkoy-4-4-kirpich-18-m2-remont-ID47NSO.html,300 у.е.,300.0,у.е,,,,,47NSO,19,sergeli
,https://www.olx.uz/d/obyavlenie/sergeli-3-2-10-75-m-stroitelnye-12-stantsiya-metro-sdaetsya-v-arendu-ID4aGGG.html,,,,,,,,4aGGG,19,sergeli
Сергели 3/2/10 75 м² Строительные 12-станция Метро сдаётся в аренду,https://www.olx.uz/d/obyavlenie/sergeli-3-2-10-75-m-stroitelnye-12-stantsiya-metro-sdaetsya-v-arendu-ID4aGGG.html,650 у.е.,650.0,у.е,,,,,4aGGG,19,sergeli
,https://www.olx.uz/d/obyavlenie/kvatira-sheriklikka-ID3yhYs.html,,,,,,,,3yhYs,19,sergeli
Kvatira sheriklikka,https://www.olx.uz/d/obyavlenie/kvatira-sheriklikka-ID3yhYs.html,700 000 сум,700000.0,сум,,,,,3yhYs,19,sergeli
,https://www.olx.uz/d/obyavlenie/sdaetsya-kvartira-ID31ZiY.html,,,,,,,,31ZiY,19,sergeli
Сдается Квартира,https://www.olx.uz/d/obyavlenie/sdaetsya-kvartira-ID31ZiY.html,650 у.е.,650.0,у.е,,,,,31ZiY,19,sergeli
,https://www.olx.uz/d/obyavlenie/kvartira-arenda-1-komn-sergeli-139769-ID4eGM9.html,,,,,,,,4eGM9,19,sergeli
Квартира аренда 1-комн. Сергели 139769,https://www.olx.uz/d/obyavlenie/kvartira-arenda-1-komn-sergeli-139769-ID4eGM9.html,550 у.е.,550.0,у.е,,,,,4eGM9,19,sergeli
,https://www.olx.uz/d/obyavlenie/sdaetsya-3h-komnatnaya-kvartira-libo-komnata-ID4ddT8.html,,,,,,,,4ddT8,19,sergeli
"Сдаётся 3х комнатная квартира, либо,  комната...",https://www.olx.uz/d/obyavlenie/sdaetsya-3h-komnatnaya-kvartira-libo-komnata-ID4ddT8.html,150 у.е. Договорная,150.0,у.е,,,,,4ddT8,19,sergeli
,https://www.olx.uz/d/obyavlenie/arenda-sergeli-2-korzinka-enida-2-honali-kvartira-ID4dmJ4.html,,,,,,,,4dmJ4,19,sergeli
Аренда Сергели-2 Корзинка ёнида 2 хонали квартира,https://www.olx.uz/d/obyavlenie/arenda-sergeli-2-korzinka-enida-2-honali-kvartira-ID4dmJ4.html,400 у.е. Договорная,400.0,у.е,,,,,4dmJ4,19,sergeli
,https://www.olx.uz/d/obyavlenie/sh-srochno-arenda-k-ra-v-sergeli-5-5-6-9-golden-layf-oilaga-3-bekat-100m-ID38aez.html,,,,,,,,38aez,19,sergeli
Ш.СРОЧНО аренда к-ра в сергели-5 5/6/9 голден лайф оилага 3-бекат 100м,https://www.olx.uz/d/obyavlenie/sh-srochno-arenda-k-ra-v-sergeli-5-5-6-9-golden-layf-oilaga-3-bekat-100m-ID38aez.html,900 у.е. Договорная,900.0,у.е,,,,,38aez,19,sergeli
,https://www.olx.uz/d/obyavlenie/arenda-kvartira-2-6-16-zhk-towerup-sergili-ID4a8ea.html,,,,,,,,4a8ea,19,sergeli
Аренда квартира | 2/6/16 | ЖК TowerUp | Сергили,https://www.olx.uz/d/obyavlenie/arenda-kvartira-2-6-16-zhk-towerup-sergili-ID4a8ea.html,450 у.е.,450.0,у.е,,,,,4a8ea,19,sergeli
,https://www.olx.uz/d/obyavlenie/arenda-1-komnatnaya-sergeli-yangihaet-metro-chinor-ID4f4Pq.html,,,,,,,,4f4Pq,19,sergeli
"Аренда 1 комнатная,Сергели- Янгихает,Метро Чинор",https://www.olx.uz/d/obyavlenie/arenda-1-komnatnaya-sergeli-yangihaet-metro-chinor-ID4f4Pq.html,3 035 455 сум,3035455.0,сум,,,,,4f4Pq,19,sergeli
,https://www.olx.uz/d/obyavlenie/arenda-sergeli-1-hona-ID4f5af.html,,,,,,,,4f5af,19,sergeli
Аренда Сергели 1 хона,https://www.olx.uz/d/obyavlenie/arenda-sergeli-1-hona-ID4f5af.html,248 у.е.,248.0,у.е,,,,,4f5af,19,sergeli
,https://www.olx.uz/d/obyavlenie/sergeli-yangihaet-2-2-8-arenda-ID4eGtZ.html,,,,,,,,4eGtZ,19,sergeli
Сергели янгихает 2/2/8 Аренда,https://www.olx.uz/d/obyavlenie/sergeli-yangihaet-2-2-8-arenda-ID4eGtZ.html,400 у.е.,400.0,у.е,,,,,4eGtZ,19,sergeli
,https://www.olx.uz/d/obyavlenie/sdaetsya-v-arendu-1-kom-kvartira-ID4f56F.html,,,,,,,,4f56F,19,sergeli
Сдается в аренду 1 ком. квартира,https://www.olx.uz/d/obyavlenie/sdaetsya-v-arendu-1-kom-kvartira-ID4f56F.html,400 у.е.,400.0,у.е,,,,,4f56F,19,sergeli
,https://www.olx.uz/d/obyavlenie/sergili-yangi-darxon-1-srochna-kvartira-ID4f4VF.html,,,,,,,,4f4VF,19,sergeli
"Sergili, Yangi Darxon 1 srochna kvartira",https://www.olx.uz/d/obyavlenie/sergili-yangi-darxon-1-srochna-kvartira-ID4f4VF.html,280 у.е.,280.0,у.е,,,,,4f4VF,19,sergeli
,https://www.olx.uz/d/obyavlenie/sh-srochno-arenda-k-ra-v-sergeli-stroitel-2-4-9-oilaga-12-bekat-ID3i8V0.html,,,,,,,,3i8V0,19,sergeli
Ш.СРОЧНО аренда к-ра в сергели строител 2/4/9 оилага 12-бекат,https://www.olx.uz/d/obyavlenie/sh-srochno-arenda-k-ra-v-sergeli-stroitel-2-4-9-oilaga-12-bekat-ID3i8V0.html,350 у.е.,350.0,у.е,,,,,3i8V0,19,sergeli
,https://www.olx.uz/d/obyavlenie/srochno-arenda-kvartira-v-sergili-stroitel-3-6-9-oilaga-12-bekat-ID3hYRn.html,,,,,,,,3hYRn,19,sergeli
СРОЧНО аренда квартира в сергили-строител 3/6/9 оилага 12-бекат,https://www.olx.uz/d/obyavlenie/srochno-arenda-kvartira-v-sergili-stroitel-3-6-9-oilaga-12-bekat-ID3hYRn.html,500 у.е.,500.0,у.е,,,,,3hYRn,19,sergeli
,https://www.olx.uz/d/obyavlenie/sh-srochno-arenda-k-ra-v-sergeli-sputnik5-2-3-10-oila-va-izla-37-pol-ka-ID40BuY.html,,,,,,,,40BuY,19,sergeli
Ш.СРОЧНО аренда к-ра в сергели спутник5 2/3/10 оила ва қизла 37 пол-ка,https://www.olx.uz/d/obyavlenie/sh-srochno-arenda-k-ra-v-sergeli-sputnik5-2-3-10-oila-va-izla-37-pol-ka-ID40BuY.html,500 у.е. Договорная,500.0,у.е,,,,,40BuY,19,sergeli
,https://www.olx.uz/d/obyavlenie/sdaetsya-3h-komnatnaya-kvartira-na-sergeliyskom-r-ne-8a-074-ID4eVl8.html,,,,,,,,4eVl8,19,sergeli
"Сдаётся 3х комнатная квартира на Сергелийском р-не, 8А 074*",https://www.olx.uz/d/obyavlenie/sdaetsya-3h-komnatnaya-kvartira-na-sergeliyskom-r-ne-8a-074-ID4eVl8.html,550 у.е. Договорная,550.0,у.е,,,,,4eVl8,19,sergeli
,https://www.olx.uz/d/obyavlenie/sergeli-yangi-darxon-1-vodiy-market-yonida-ID4f4Fs.html,,,,,,,,4f4Fs,19,sergeli
Sergeli Yangi Darxon 1  vodiy market yonida,https://www.olx.uz/d/obyavlenie/sergeli-yangi-darxon-1-vodiy-market-yonida-ID4f4Fs.html,180 у.е.,180.0,у.е,,,,,4f4Fs,19,sergeli
,https://www.olx.uz/d/obyavlenie/srochno-arenda-k-ra-v-zangiota-bek-baraka-50m-5-2-2-oilaga-ID38BFa.html,,,,,,,,38BFa,19,sergeli
СРОЧНО аренда к-ра в Зангиота бек барака 50м 5/2/2 оилага,https://www.olx.uz/d/obyavlenie/srochno-arenda-k-ra-v-zangiota-bek-baraka-50m-5-2-2-oilaga-ID38BFa.html,500 у.е.,500.0,у.е,,,,,38BFa,19,sergeli
,https://www.olx.uz/d/obyavlenie/srochnoe-sdaetsya-kv-4-ya-stantsiya-metro-2-5-9-ro-n-yangihaet-10-kv-ID4f4Az.html,,,,,,,,4f4Az,19,sergeli
СРОЧНОЕ Сдаётся кв 4-я станция метро 2/5/9 ро-н Янгихаёт-10 кв !!,https://www.olx.uz/d/obyavlenie/srochnoe-sdaetsya-kv-4-ya-stantsiya-metro-2-5-9-ro-n-yangihaet-10-kv-ID4f4Az.html,400 у.е.,400.0,у.е,,,,,4f4Az,19,sergeli
,https://www.olx.uz/d/obyavlenie/sh-srochno-arenda-uchastok-v-sergeli-umari-aeroport-4-6-sotka-6-kom-ID38ocg.html,,,,,,,,38ocg,19,sergeli
Ш.СРОЧНО аренда участок в сергели қумариқ аэропорт 4.6 сотка 6 ком,https://www.olx.uz/d/obyavlenie/sh-srochno-arenda-uchastok-v-sergeli-umari-aeroport-4-6-sotka-6-kom-ID38ocg.html,2 000 у.е.,2000.0,у.е,,,,,38ocg,19,sergeli
,https://www.olx.uz/d/obyavlenie/sdaetsya-klassnaya-kvartira-2-3-11-metro-sergeli-grin-haus-ID4f4L4.html,,,,,,,,4f4L4,19,sergeli
Сдаётся КЛАССНАЯ квартира 2/3/11 МЕТРО СЕРГЕЛИ Грин Хаус,https://www.olx.uz/d/obyavlenie/sdaetsya-klassnaya-kvartira-2-3-11-metro-sergeli-grin-haus-ID4f4L4.html,450 у.е.,450.0,у.е,,,,,4f4L4,19,sergeli
,https://www.olx.uz/d/obyavlenie/srochnoe-sdaetsya-kv-turan-stantsiya-metro-2-5-9-ro-n-sergeli-2-ID4f4C4.html,,,,,,,,4f4C4,19,sergeli
СРОЧНОЕ Сдаётся кв Туран станция метро 2/5/9 ро-н Сергели-2 !!,https://www.olx.uz/d/obyavlenie/srochnoe-sdaetsya-kv-turan-stantsiya-metro-2-5-9-ro-n-sergeli-2-ID4f4C4.html,420 у.е. Договорная,420.0,у.е,,,,,4f4C4,19,sergeli
,https://www.olx.uz/d/obyavlenie/tawirup-navastroyka-arenda-ID4egIX.html,,,,,,,,4egIX,19,sergeli
TawirUp navastroyka arenda,https://www.olx.uz/d/obyavlenie/tawirup-navastroyka-arenda-ID4egIX.html,400 у.е.,400.0,у.е,,,,,4egIX,19,sergeli
,https://www.olx.uz/d/obyavlenie/arenda-chilonzor-10-kvartal-2-3-4-evro-remont-ID3Rop2.html,,,,,,,,3Rop2,19,sergeli
Аренда!!! Чилонзор - 10 квартал. 2/3/4 евро ремонт.,https://www.olx.uz/d/obyavlenie/arenda-chilonzor-10-kvartal-2-3-4-evro-remont-ID3Rop2.html,600 у.е.,600.0,у.е,,,,,3Rop2,19,sergeli
,https://www.olx.uz/d/obyavlenie/sdam-kvartiru-3-2-3-v-rayone-sergeli-474-ID4eXl4.html,,,,,,,,4eXl4,19,sergeli
Сдам квартиру 3/2/3 в районе Сергели 474*,https://www.olx.uz/d/obyavlenie/sdam-kvartiru-3-2-3-v-rayone-sergeli-474-ID4eXl4.html,500 у.е.,500.0,у.е,,,,,4eXl4,19,sergeli
,https://www.olx.uz/d/obyavlenie/sergeli-yoldosh-16-kvartal-chinor-metro-7-minutlik-yol-ID4f435.html,,,,,,,,4f435,19,sergeli
Sergeli Yo'ldosh 16 kvartal  Chinor metro 7 minutlik yo'l,https://www.olx.uz/d/obyavlenie/sergeli-yoldosh-16-kvartal-chinor-metro-7-minutlik-yol-ID4f435.html,180 у.е.,180.0,у.е,,,,,4f435,19,sergeli
,https://www.olx.uz/d/obyavlenie/arenda-2-honali-73-m-evro-kvartira-sergeli-golden-haus-hokimyat-ID4dS62.html,,,,,,,,4dS62,19,sergeli
Аренда 2 хонали 73 м² евро квартира Сергели Голден Хаус (ХОКИМЯТ),https://www.olx.uz/d/obyavlenie/arenda-2-honali-73-m-evro-kvartira-sergeli-golden-haus-hokimyat-ID4dS62.html,600 у.е.,600.0,у.е,,,,,4dS62,19,sergeli
,https://www.olx.uz/d/obyavlenie/sdaetsya-kvartira-v-novostroyke-sergeli-ID3dWz0.html,,,,,,,,3dWz0,19,sergeli
Сдается квартира в новостройке сергели,https://www.olx.uz/d/obyavlenie/sdaetsya-kvartira-v-novostroyke-sergeli-ID3dWz0.html,550 у.е.,550.0,у.е,,,,,3dWz0,19,sergeli
,https://www.olx.uz/d/obyavlenie/bir-xonali-uy-yangi-ID4clSl.html,,,,,,,,4clSl,19,sergeli
Bir xonali uy yangi,https://www.olx.uz/d/obyavlenie/bir-xonali-uy-yangi-ID4clSl.html,250 у.е.,250.0,у.е,,,,,4clSl,19,sergeli
,https://www.olx.uz/d/obyavlenie/arenda-kvartira-sergeli-4-2-1-5-ID4f4w8.html,,,,,,,,4f4w8,19,sergeli
Аренда квартира сергели-4. 2/1/5,https://www.olx.uz/d/obyavlenie/arenda-kvartira-sergeli-4-2-1-5-ID4f4w8.html,400 у.е.,400.0,у.е,,,,,4f4w8,19,sergeli
,https://www.olx.uz/d/obyavlenie/arenda-sergeli-stroitel-3kom-400-ID4f4wf.html,,,,,,,,4f4wf,19,sergeli
Аренда Сергели Строитель 3ком 400&,https://www.olx.uz/d/obyavlenie/arenda-sergeli-stroitel-3kom-400-ID4f4wf.html,400 у.е.,400.0,у.е,,,,,4f4wf,19,sergeli
,https://www.olx.uz/d/obyavlenie/sdaetsya-kvartira-v-novostroykeorientir-2-stantsiya-metro-ID3tURP.html,,,,,,,,3tURP,19,sergeli
"Сдаётся квартира в Новостройке
Ориентир - 2 станция метро",https://www.olx.uz/d/obyavlenie/sdaetsya-kvartira-v-novostroykeorientir-2-stantsiya-metro-ID3tURP.html,500 у.е.,500.0,у.е,,,,,3tURP,19,sergeli
,https://www.olx.uz/d/obyavlenie/ijaraga-sheriliga-kv-bor-ishlaydigan-aqilli-akuratniy-qizlarga-ID3OpJb.html,,,,,,,,3OpJb,19,sergeli
Ijaraga Sheriliga kv bor ishlaydigan aqilli akuratniy qizlarga,https://www.olx.uz/d/obyavlenie/ijaraga-sheriliga-kv-bor-ishlaydigan-aqilli-akuratniy-qizlarga-ID3OpJb.html,850 000 сум,850000.0,сум,,,,,3OpJb,19,sergeli
,https://www.olx.uz/d/obyavlenie/arenda-2-komnatnaya-evro-vse-nst-dehkan-bazar-ID4dRUn.html,,,,,,,,4dRUn,19,sergeli
Аренда! 2-комнатная евро все нсть! Дехкан базар!,https://www.olx.uz/d/obyavlenie/arenda-2-komnatnaya-evro-vse-nst-dehkan-bazar-ID4dRUn.html,500 у.е.,500.0,у.е,,,,,4dRUn,19,sergeli
,https://www.olx.uz/d/obyavlenie/sergeli-green-haus-1-1-9-oila-zags-rasmdagidek-ugil-bollarga-ID4dRTZ.html,,,,,,,,4dRTZ,19,sergeli
Сергели Греен Хаус  1/1/9 оила загс расмдагидек угил болларга,https://www.olx.uz/d/obyavlenie/sergeli-green-haus-1-1-9-oila-zags-rasmdagidek-ugil-bollarga-ID4dRTZ.html,350 у.е.,350.0,у.е,,,,,4dRTZ,19,sergeli
,https://www.olx.uz/d/obyavlenie/sh-srochno-arenda-k-ra-v-sergeli-yangi-darhon-2-12-16-ID39Hek.html,,,,,,,,39Hek,19,sergeli
Ш.СРОЧНО аренда к-ра в Сергели-янги дархон 2/12/16,https://www.olx.uz/d/obyavlenie/sh-srochno-arenda-k-ra-v-sergeli-yangi-darhon-2-12-16-ID39Hek.html,450 у.е.,450.0,у.е,,,,,39Hek,19,sergeli
,https://www.olx.uz/d/obyavlenie/sergile-arenda-choshtepa-metroni-yonida-350-ID4dt6u.html,,,,,,,,4dt6u,19,sergeli
Sergile arenda choshtepa metroni yonida 350$,https://www.olx.uz/d/obyavlenie/sergile-arenda-choshtepa-metroni-yonida-350-ID4dt6u.html,350 у.е.,350.0,у.е,,,,,4dt6u,19,sergeli
,https://www.olx.uz/d/obyavlenie/sergile-choshtepa-bm-group-1xona-2xona-qilingan-350-ID46Eht.html,,,,,,,,46Eht,19,sergeli
Sergile choshtepa Bm group 1xona 2xona qilingan 350,https://www.olx.uz/d/obyavlenie/sergile-choshtepa-bm-group-1xona-2xona-qilingan-350-ID46Eht.html,350 у.е. Договорная,350.0,у.е,,,,,46Eht,19,sergeli
,https://www.olx.uz/d/obyavlenie/arenda-sergeli-1-3-1-5-remont-evro-hamma-narsalari-yangi-metro-maktab-ID4f4dM.html,,,,,,,,4f4dM,19,sergeli
Аренда сергели 1. 3/1/5 ремонт евро хамма нарсалари янги метро мактаб,https://www.olx.uz/d/obyavlenie/arenda-sergeli-1-3-1-5-remont-evro-hamma-narsalari-yangi-metro-maktab-ID4f4dM.html,450 у.е.,450.0,у.е,,,,,4f4dM,19,sergeli
,https://www.olx.uz/d/obyavlenie/kvartira-3-komnatnaya-ID4eFsQ.html,,,,,,,,4eFsQ,19,sergeli
квартира 3 комнатная,https://www.olx.uz/d/obyavlenie/kvartira-3-komnatnaya-ID4eFsQ.html,600 у.е.,600.0,у.е,,,,,4eFsQ,19,sergeli
,https://www.olx.uz/d/obyavlenie/sdaetsya-1kom-na-sputnike8-1etazh-2etazhki-s-udobstvami-s-mebelyu-ID4ckq2.html,,,,,,,,4ckq2,19,sergeli
Сдается 1ком на спутнике8 1этаж 2этажки  с удобствами с мебелью,https://www.olx.uz/d/obyavlenie/sdaetsya-1kom-na-sputnike8-1etazh-2etazhki-s-udobstvami-s-mebelyu-ID4ckq2.html,250 у.е.,250.0,у.е,,,,,4ckq2,19,sergeli
,https://www.olx.uz/d/obyavlenie/eski-sergelida-uy-izharaga-beriladi-ID4f44s.html,,,,,,,,4f44s,19,sergeli
Эски сергелида уй ижарага берилади,https://www.olx.uz/d/obyavlenie/eski-sergelida-uy-izharaga-beriladi-ID4f44s.html,350 у.е.,350.0,у.е,,,,,4f44s,19,sergeli
,https://www.olx.uz/d/obyavlenie/sdaetsya-kvartira-v-sergeli-ID48vcf.html,,,,,,,,48vcf,19,sergeli
Сдается квартира в сергели,https://www.olx.uz/d/obyavlenie/sdaetsya-kvartira-v-sergeli-ID48vcf.html,350 у.е.,350.0,у.е,,,,,48vcf,19,sergeli
,https://www.olx.uz/d/obyavlenie/sdaetsya-2-kom-zhk-xonabod-avenue-metro-honabad-evro-kv-v-stile-dupleks-ID4f3Y8.html,,,,,,,,4f3Y8,19,sergeli
Сдается 2 ком ЖК Xonabod Avenue. Метро Хонабад Евро кв в стиле Дуплекс,https://www.olx.uz/d/obyavlenie/sdaetsya-2-kom-zhk-xonabod-avenue-metro-honabad-evro-kv-v-stile-dupleks-ID4f3Y8.html,450 у.е.,450.0,у.е,,,,,4f3Y8,19,sergeli
,https://www.olx.uz/d/obyavlenie/kvartira-2-komnatnaya-ID4eFf5.html,,,,,,,,4eFf5,19,sergeli
Квартира 2 комнатная,https://www.olx.uz/d/obyavlenie/kvartira-2-komnatnaya-ID4eFf5.html,400 у.е.,400.0,у.е,,,,,4eFf5,19,sergeli
,https://www.olx.uz/d/obyavlenie/uy-ijaraga-sergili-moshinabozor-gacham-1-km-lend-hause-ID4f3To.html,,,,,,,,4f3To,19,sergeli
Uy ijaraga sergili moshinabozor gacham 1 km lend hause,https://www.olx.uz/d/obyavlenie/uy-ijaraga-sergili-moshinabozor-gacham-1-km-lend-hause-ID4f3To.html,400 у.е.,400.0,у.е,,,,,4f3To,19,sergeli
,https://www.olx.uz/d/obyavlenie/sergile-choshtepa-3xona-600-oilaga-qizlarga-ID4dj1F.html,,,,,,,,4dj1F,19,sergeli
Sergile choshtepa 3xona 600$ oilaga qizlarga,https://www.olx.uz/d/obyavlenie/sergile-choshtepa-3xona-600-oilaga-qizlarga-ID4dj1F.html,600 у.е. Договорная,600.0,у.е,,,,,4dj1F,19,sergeli
,https://www.olx.uz/d/obyavlenie/arenda-sergile-choshtepa-350-oilaga-ID49Dne.html,,,,,,,,49Dne,19,sergeli
Arenda Sergile choshtepa 350$ oilaga,https://www.olx.uz/d/obyavlenie/arenda-sergile-choshtepa-350-oilaga-ID49Dne.html,350 у.е. Договорная,350.0,у.е,,,,,49Dne,19,sergeli
,https://www.olx.uz/d/obyavlenie/arenda-sergeli-7-2-2-5-ID4cHcf.html,,,,,,,,4cHcf,19,sergeli
Аренда - Сергели-7  2/2/5,https://www.olx.uz/d/obyavlenie/arenda-sergeli-7-2-2-5-ID4cHcf.html,500 у.е.,500.0,у.е,,,,,4cHcf,19,sergeli
,https://www.olx.uz/d/obyavlenie/yangi-qoshnilarbmg-novostroyka-kizlarga-choshtepa-metro-eni-bezmakler-ID4a53K.html,,,,,,,,4a53K,19,sergeli
YANGI QO'SHNILAR(BMG) NOVOSTROYKA кизларга Чоштепа метро ёни безмаклер,https://www.olx.uz/d/obyavlenie/yangi-qoshnilarbmg-novostroyka-kizlarga-choshtepa-metro-eni-bezmakler-ID4a53K.html,100 у.е.,100.0,у.е,,,,,4a53K,19,sergeli
,https://www.olx.uz/d/obyavlenie/sdaetsya-kvartira-v-novostroyke-ID35E3z.html,,,,,,,,35E3z,19,sergeli
Сдается Квартира В Новостройке,https://www.olx.uz/d/obyavlenie/sdaetsya-kvartira-v-novostroyke-ID35E3z.html,650 у.е.,650.0,у.е,,,,,35E3z,19,sergeli
,https://www.olx.uz/d/obyavlenie/arenda-kuylyuk-5-bazar-3-3-5-tsena-350-ID4eQqI.html,,,,,,,,4eQqI,19,sergeli
Аренда Куйлюк-5 ( базар) 3/3/5 Цена: 350$,https://www.olx.uz/d/obyavlenie/arenda-kuylyuk-5-bazar-3-3-5-tsena-350-ID4eQqI.html,350 у.е.,350.0,у.е,,,,,4eQqI,19,sergeli
,https://www.olx.uz/d/obyavlenie/sergeli-4-arenda-kvartiry-2-2-5-60m2-ID4eWZU.html,,,,,,,,4eWZU,19,sergeli
СЕРГЕЛИ 4 - аренда квартиры 2/2/5 60м2.,https://www.olx.uz/d/obyavlenie/sergeli-4-arenda-kvartiry-2-2-5-60m2-ID4eWZU.html,400 у.е.,400.0,у.е,,,,,4eWZU,19,sergeli
,https://www.olx.uz/d/obyavlenie/arenda-2h-komn-derevyaschki-ID4f3oz.html,,,,,,,,4f3oz,19,sergeli
Аренда 2х комн деревящки,https://www.olx.uz/d/obyavlenie/arenda-2h-komn-derevyaschki-ID4f3oz.html,3 000 000 сум,3000000.0,сум,,,,,4f3oz,19,sergeli
,https://www.olx.uz/d/obyavlenie/arenda-sergeli-bobir-mahalla-navastroyka-ID4eEIn.html,,,,,,,,4eEIn,19,sergeli
Аренда сергели бобир махалла навастройка,https://www.olx.uz/d/obyavlenie/arenda-sergeli-bobir-mahalla-navastroyka-ID4eEIn.html,400 у.е.,400.0,у.е,,,,,4eEIn,19,sergeli
,https://www.olx.uz/d/obyavlenie/arenda-2-honali-kvartira-sergeli-golden-haus-hokimyat-ID4aBGr.html,,,,,,,,4aBGr,19,sergeli
Аренда 2 хонали квартира Сергели Голден Хаус (Хокимят),https://www.olx.uz/d/obyavlenie/arenda-2-honali-kvartira-sergeli-golden-haus-hokimyat-ID4aBGr.html,450 у.е.,450.0,у.е,,,,,4aBGr,19,sergeli
,https://www.olx.uz/d/obyavlenie/arenda-2-honali-kvartira-sergeli-5a-novastroyka-metro-3-ID4aErK.html,,,,,,,,4aErK,19,sergeli
Аренда 2 хонали квартира Сергели 5А новастройка (Метро-3),https://www.olx.uz/d/obyavlenie/arenda-2-honali-kvartira-sergeli-5a-novastroyka-metro-3-ID4aErK.html,500 у.е.,500.0,у.е,,,,,4aErK,19,sergeli
,https://www.olx.uz/d/obyavlenie/arenda-2-honali-evro-kvartira-sergeli-8-hokimyat-ID3Hsgo.html,,,,,,,,3Hsgo,19,sergeli
Аренда 2 хонали евро квартира Сергели-8 (ХОКИМЯТ)),https://www.olx.uz/d/obyavlenie/arenda-2-honali-evro-kvartira-sergeli-8-hokimyat-ID3Hsgo.html,500 у.е.,500.0,у.е,,,,,3Hsgo,19,sergeli
,https://www.olx.uz/d/obyavlenie/arenda-novyy-dom-1-5-sotik-5h-kom-sergeli-sputnik-16a-ID40tkk.html,,,,,,,,40tkk,19,sergeli
"Аренда новый дом 1,5 сотик, 5х ком. Сергели СПУТНИК-16А",https://www.olx.uz/d/obyavlenie/arenda-novyy-dom-1-5-sotik-5h-kom-sergeli-sputnik-16a-ID40tkk.html,1 000 у.е.,1000.0,у.е,,,,,40tkk,19,sergeli
,https://www.olx.uz/d/obyavlenie/arenda-3h-kom-evro-kvartira-v-sergeli-7-novastroyka-grin-haus-metro-3-ID3xKjC.html,,,,,,,,3xKjC,19,sergeli
Аренда 3х ком Евро квартира в Сергели-7 новастройка ГРИН ХАУС. МЕТРО-3,https://www.olx.uz/d/obyavlenie/arenda-3h-kom-evro-kvartira-v-sergeli-7-novastroyka-grin-haus-metro-3-ID3xKjC.html,700 у.е.,700.0,у.е,,,,,3xKjC,19,sergeli
,https://www.olx.uz/d/obyavlenie/arenda-3h-kom-evro-kvartira-v-sergeli-novastroyka-ID3ZsbL.html,,,,,,,,3ZsbL,19,sergeli
Аренда 3х ком. Евро квартира в Сергели новастройка,https://www.olx.uz/d/obyavlenie/arenda-3h-kom-evro-kvartira-v-sergeli-novastroyka-ID3ZsbL.html,600 у.е.,600.0,у.е,,,,,3ZsbL,19,sergeli
,https://www.olx.uz/d/obyavlenie/sergeli-gren-haus-oldi-4-hona-etazh-arenda-lyuboyiga-ID4afN2.html,,,,,,,,4afN2,19,sergeli
Сергели грен хаус олди 4 хона -этаж аренда любойига,https://www.olx.uz/d/obyavlenie/sergeli-gren-haus-oldi-4-hona-etazh-arenda-lyuboyiga-ID4afN2.html,900 у.е.,900.0,у.е,,,,,4afN2,19,sergeli
,https://www.olx.uz/d/obyavlenie/arenda-sergeli-massiv-stroitel-galareyka-dom-1-2-9-remont-toza-oilaga-ID4eExc.html,,,,,,,,4eExc,19,sergeli
Аренда сергели массив строител галарейка дом 1/2/9 ремонт тоза оилага,https://www.olx.uz/d/obyavlenie/arenda-sergeli-massiv-stroitel-galareyka-dom-1-2-9-remont-toza-oilaga-ID4eExc.html,250 у.е.,250.0,у.е,,,,,4eExc,19,sergeli
,https://www.olx.uz/d/obyavlenie/sergili-green-house-2-komnatnaya-kvartira-ID3ZmQG.html,,,,,,,,3ZmQG,19,sergeli
Сергили Green house 2 комнатная квартира,https://www.olx.uz/d/obyavlenie/sergili-green-house-2-komnatnaya-kvartira-ID3ZmQG.html,500 у.е.,500.0,у.е,,,,,3ZmQG,19,sergeli
,https://www.olx.uz/d/obyavlenie/sergeli-3-2-5-5-oila-zags-rasmdagidek-7-maktab-ID4ef9E.html,,,,,,,,4ef9E,19,sergeli
Сергели 3  2/5/5 Оила загс расмдагидек 7 мактаб,https://www.olx.uz/d/obyavlenie/sergeli-3-2-5-5-oila-zags-rasmdagidek-7-maktab-ID4ef9E.html,400 у.е.,400.0,у.е,,,,,4ef9E,19,sergeli
,https://www.olx.uz/d/obyavlenie/sergeli-4-1-1-5-oila-zags-rasmdagidek-ID4ef8N.html,,,,,,,,4ef8N,19,sergeli
Сергели 4  1/1/5 Оила загс расмдагидек,https://www.olx.uz/d/obyavlenie/sergeli-4-1-1-5-oila-zags-rasmdagidek-ID4ef8N.html,300 у.е.,300.0,у.е,,,,,4ef8N,19,sergeli
,https://www.olx.uz/d/obyavlenie/sputnik-6-1-2-2-oila-zags-derevyashka-ID4ef8v.html,,,,,,,,4ef8v,19,sergeli
Спутник 6  1/2/2 оила загс деревяшка,https://www.olx.uz/d/obyavlenie/sputnik-6-1-2-2-oila-zags-derevyashka-ID4ef8v.html,250 у.е.,250.0,у.е,,,,,4ef8v,19,sergeli
,https://www.olx.uz/d/obyavlenie/srochnoe-sdaetsya-kv-turan-stantsiya-metro-2-5-9-ro-n-sergeli-2-ID4f2IN.html,,,,,,,,4f2IN,19,sergeli
СРОЧНОЕ Сдаётся кв Туран станция метро 2/5/9 ро-н Сергели-2 !!,https://www.olx.uz/d/obyavlenie/srochnoe-sdaetsya-kv-turan-stantsiya-metro-2-5-9-ro-n-sergeli-2-ID4f2IN.html,450 у.е.,450.0,у.е,,,,,4f2IN,19,sergeli
,https://www.olx.uz/d/obyavlenie/srochnoe-sdaetsya-kv-4-ya-stantsiya-metro-2-4-9-ro-n-yangihaet-10-kv-ID4f2I4.html,,,,,,,,4f2I4,19,sergeli
СРОЧНОЕ Сдаётся кв 4-я станция метро 2/4/9 ро-н Янгихаёт-10 кв !!,https://www.olx.uz/d/obyavlenie/srochnoe-sdaetsya-kv-4-ya-stantsiya-metro-2-4-9-ro-n-yangihaet-10-kv-ID4f2I4.html,450 у.е.,450.0,у.е,,,,,4f2I4,19,sergeli
,https://www.olx.uz/d/obyavlenie/sdam-kvartiru-na-sergeli-6a-poryadochnym-2-kom-semeynym-ID46Ytp.html,,,,,,,,46Ytp,19,sergeli
Сдам квартиру на сергели-6а порядочным  2 ком  семейным,https://www.olx.uz/d/obyavlenie/sdam-kvartiru-na-sergeli-6a-poryadochnym-2-kom-semeynym-ID46Ytp.html,400 у.е.,400.0,у.е,,,,,46Ytp,19,sergeli
,https://www.olx.uz/d/obyavlenie/kvartira-arendaga-ID3vvR0.html,,,,,,,,3vvR0,19,sergeli
Kvartira arendaga,https://www.olx.uz/d/obyavlenie/kvartira-arendaga-ID3vvR0.html,150 у.е.,150.0,у.е,,,,,3vvR0,19,sergeli
,https://www.olx.uz/d/obyavlenie/sergeli-5a-evro-arenda-2-2-7-bekat-3-semya-ID3BkuA.html,,,,,,,,3BkuA,19,sergeli
Сергели-5а Евро Аренда 2/2/7 Бекат-3 Семья,https://www.olx.uz/d/obyavlenie/sergeli-5a-evro-arenda-2-2-7-bekat-3-semya-ID3BkuA.html,346 у.е.,346.0,у.е,,,,,3BkuA,19,sergeli
,https://www.olx.uz/d/obyavlenie/sergeli-6a-novostroyka-2-5-7-arenda-bekat-2-metro-ID3y5Ru.html,,,,,,,,3y5Ru,19,sergeli
Сергели-6а новостройка 2/5/7 Аренда бекат-2 метро,https://www.olx.uz/d/obyavlenie/sergeli-6a-novostroyka-2-5-7-arenda-bekat-2-metro-ID3y5Ru.html,330 у.е.,330.0,у.е,,,,,3y5Ru,19,sergeli
,https://www.olx.uz/d/obyavlenie/kvartera-bollaga-sheriklikga-sergili-metro-ID4f2W7.html,,,,,,,,4f2W7,19,sergeli
Kvartera bollaga sheriklikga sergili metro,https://www.olx.uz/d/obyavlenie/kvartera-bollaga-sheriklikga-sergili-metro-ID4f2W7.html,80 у.е.,80.0,у.е,,,,,4f2W7,19,sergeli
,https://www.olx.uz/d/obyavlenie/sergili-9hudud-90kvadrat-3hona-metroni-3bekati-arenda-350d-ID3xZYf.html,,,,,,,,3xZYf,19,sergeli
Сергили 9худуд 90квадрат 3хона метрони 3бекати аренда 350д,https://www.olx.uz/d/obyavlenie/sergili-9hudud-90kvadrat-3hona-metroni-3bekati-arenda-350d-ID3xZYf.html,350 у.е. Договорная,350.0,у.е,,,,,3xZYf,19,sergeli
,https://www.olx.uz/d/obyavlenie/sergili-moshina-bozor-orkasida-metroni-2chi-bekati-2h-350d-arenda-ID3mxJ7.html,,,,,,,,3mxJ7,19,sergeli
Сергили мошина бозор оркасида метрони 2чи бекати 2х 350д аренда,https://www.olx.uz/d/obyavlenie/sergili-moshina-bozor-orkasida-metroni-2chi-bekati-2h-350d-arenda-ID3mxJ7.html,350 у.е.,350.0,у.е,,,,,3mxJ7,19,sergeli
,https://www.olx.uz/d/obyavlenie/cergili-choshtepa-metroni-birinchi-bekati-2-hona-oilaga-350d-ID3y0z1.html,,,,,,,,3y0z1,19,sergeli
Cергили чоштепа метрони биринчи бекати 2 хона оилага 350д,https://www.olx.uz/d/obyavlenie/cergili-choshtepa-metroni-birinchi-bekati-2-hona-oilaga-350d-ID3y0z1.html,350 у.е. Договорная,350.0,у.е,,,,,3y0z1,19,sergeli
,https://www.olx.uz/d/obyavlenie/sergili-choshtepa-metroni-birinchi-bekati-1-hona-arenda-350d-oilaga-ID3y0vi.html,,,,,,,,3y0vi,19,sergeli
Сергили чоштепа метрони биринчи бекати 1 хона аренда 350д оилага,https://www.olx.uz/d/obyavlenie/sergili-choshtepa-metroni-birinchi-bekati-1-hona-arenda-350d-oilaga-ID3y0vi.html,350 у.е. Договорная,350.0,у.е,,,,,3y0vi,19,sergeli
,https://www.olx.uz/d/obyavlenie/sergili-choshtepa-metroni-1hona-350d-ID44i5G.html,,,,,,,,44i5G,19,sergeli
Сергили чоштепа метрони 1хона 350д,https://www.olx.uz/d/obyavlenie/sergili-choshtepa-metroni-1hona-350d-ID44i5G.html,350 у.е. Договорная,350.0,у.е,,,,,44i5G,19,sergeli
,https://www.olx.uz/d/obyavlenie/sergili-choshtepa-arenda-2hona-400d-srochni-oilaga-eki-bezaksga-ID2yVNQ.html,,,,,,,,2yVNQ,19,sergeli
Сергили чоштепа аренда 2хона 400д срочни оилага еки безаксга,https://www.olx.uz/d/obyavlenie/sergili-choshtepa-arenda-2hona-400d-srochni-oilaga-eki-bezaksga-ID2yVNQ.html,400 у.е.,400.0,у.е,,,,,2yVNQ,19,sergeli
,https://www.olx.uz/d/obyavlenie/kuylik-massiv-5-bozorcha-2hona-arenda-350d-luboyiga-beramiz-ID3b9XD.html,,,,,,,,3b9XD,19,sergeli
Куйлик массив 5 бозорча 2хона аренда 350д лубойига берамиз,https://www.olx.uz/d/obyavlenie/kuylik-massiv-5-bozorcha-2hona-arenda-350d-luboyiga-beramiz-ID3b9XD.html,350 у.е.,350.0,у.е,,,,,3b9XD,19,sergeli
,https://www.olx.uz/d/obyavlenie/sergili-moshina-bozor-orkasida-6a-mavzesi-2hona-2etazh-350d-ID3Bkfm.html,,,,,,,,3Bkfm,19,sergeli
Сергили мошина бозор оркасида 6а мавзеси 2хона 2этаж 350д,https://www.olx.uz/d/obyavlenie/sergili-moshina-bozor-orkasida-6a-mavzesi-2hona-2etazh-350d-ID3Bkfm.html,350 у.е. Договорная,350.0,у.е,,,,,3Bkfm,19,sergeli
,https://www.olx.uz/d/obyavlenie/sergili-metroni-birinchi-bekati-choshtepa-arenda-1hona-350d-studnetlarga-ID38vyz.html,,,,,,,,38vyz,19,sergeli
Сергили метрони биринчи бекати чоштепа аренда 1хона 350д студнетларга,https://www.olx.uz/d/obyavlenie/sergili-metroni-birinchi-bekati-choshtepa-arenda-1hona-350d-studnetlarga-ID38vyz.html,350 у.е. Договорная,350.0,у.е,,,,,38vyz,19,sergeli
,https://www.olx.uz/d/obyavlenie/sergili-choshtepa-1hona-evra-remont-pustoy-300d-oila-ona-bola-arenda-ID2vX61.html,,,,,,,,2vX61,19,sergeli
Сергили чоштепа 1хона евра ремонт пустой 300д оила она бола аренда,https://www.olx.uz/d/obyavlenie/sergili-choshtepa-1hona-evra-remont-pustoy-300d-oila-ona-bola-arenda-ID2vX61.html,300 у.е.,300.0,у.е,,,,,2vX61,19,sergeli
,https://www.olx.uz/d/obyavlenie/sergili-choshtepa-2hona-arenda-400d-srochno-esh-oilaga-ID3buW7.html,,,,,,,,3buW7,19,sergeli
Сергили чоштепа 2хона аренда 400д срочно еш оилага,https://www.olx.uz/d/obyavlenie/sergili-choshtepa-2hona-arenda-400d-srochno-esh-oilaga-ID3buW7.html,400 у.е.,400.0,у.е,,,,,3buW7,19,sergeli
,https://www.olx.uz/d/obyavlenie/sergili-metroni-3bekat-2hona-1etazh-arenda-350d-ID38vve.html,,,,,,,,38vve,19,sergeli
Сергили метрони 3бекат 2хона 1этаж аренда 350д,https://www.olx.uz/d/obyavlenie/sergili-metroni-3bekat-2hona-1etazh-arenda-350d-ID38vve.html,350 у.е.,350.0,у.е,,,,,38vve,19,sergeli
,https://www.olx.uz/d/obyavlenie/sergili-choshtepa-metroni-birinchi-bekati-2hona-350d-ID472XT.html,,,,,,,,472XT,19,sergeli
Сергили чоштепа метрони биринчи бекати 2хона 350д,https://www.olx.uz/d/obyavlenie/sergili-choshtepa-metroni-birinchi-bekati-2hona-350d-ID472XT.html,350 у.е. Договорная,350.0,у.е,,,,,472XT,19,sergeli
,https://www.olx.uz/d/obyavlenie/sergili-choshtepa-metroni-birinchi-bekati-navastroyka-1hona-350d-ID41TKW.html,,,,,,,,41TKW,19,sergeli
Сергили чоштепа метрони биринчи бекати навастройка 1хона 350д,https://www.olx.uz/d/obyavlenie/sergili-choshtepa-metroni-birinchi-bekati-navastroyka-1hona-350d-ID41TKW.html,350 у.е. Договорная,350.0,у.е,,,,,41TKW,19,sergeli
,https://www.olx.uz/d/obyavlenie/sergili-choshtepa-yangi-dom-metroni-enida-1hona-pustoy-350d-oila-ona-bola-ID2TVgv.html,,,,,,,,2TVgv,19,sergeli
Сергили чоштепа янги дом метрони енида 1хона пустой 350д оила она бола,https://www.olx.uz/d/obyavlenie/sergili-choshtepa-yangi-dom-metroni-enida-1hona-pustoy-350d-oila-ona-bola-ID2TVgv.html,350 у.е.,350.0,у.е,,,,,2TVgv,19,sergeli
,https://www.olx.uz/d/obyavlenie/sergili-choshtepa-2hona-yangi-uy-pustoy-oilaga-uzok-muddatga-300d-ID2sERf.html,,,,,,,,2sERf,19,sergeli
Сергили чоштепа 2хона янги уй пустой оилага узок муддатга 300д,https://www.olx.uz/d/obyavlenie/sergili-choshtepa-2hona-yangi-uy-pustoy-oilaga-uzok-muddatga-300d-ID2sERf.html,300 у.е.,300.0,у.е,,,,,2sERf,19,sergeli
,https://www.olx.uz/d/obyavlenie/sergili-choshtepa-metroni-birinchi-bekati-1hona-350-ID3yMIo.html,,,,,,,,3yMIo,19,sergeli
Сергили чоштепа метрони биринчи бекати 1хона 350$,https://www.olx.uz/d/obyavlenie/sergili-choshtepa-metroni-birinchi-bekati-1hona-350-ID3yMIo.html,350 у.е. Договорная,350.0,у.е,,,,,3yMIo,19,sergeli
,https://www.olx.uz/d/obyavlenie/choshtepa-metroni-birinchi-bekati-2-xona-5-etaj-400-ID3yMNn.html,,,,,,,,3yMNn,19,sergeli
Choshtepa metroni birinchi bekati 2 xona 5 etaj 400$,https://www.olx.uz/d/obyavlenie/choshtepa-metroni-birinchi-bekati-2-xona-5-etaj-400-ID3yMNn.html,400 у.е. Договорная,400.0,у.е,,,,,3yMNn,19,sergeli
,https://www.olx.uz/d/obyavlenie/sergile-choshtepa-metroni-birinchi-bekati-choshtepa-2xona-300-ID3yMSl.html,,,,,,,,3yMSl,19,sergeli
Sergile choshtepa metroni birinchi bekati choshtepa 2xona 300$,https://www.olx.uz/d/obyavlenie/sergile-choshtepa-metroni-birinchi-bekati-choshtepa-2xona-300-ID3yMSl.html,400 у.е. Договорная,400.0,у.е,,,,,3yMSl,19,sergeli
,https://www.olx.uz/d/obyavlenie/sergile-metroni-birinchi-bekati-navastroyka-2xona-380-ID3yMUQ.html,,,,,,,,3yMUQ,19,sergeli
Sergile metroni birinchi bekati navastroyka 2xona 380$,https://www.olx.uz/d/obyavlenie/sergile-metroni-birinchi-bekati-navastroyka-2xona-380-ID3yMUQ.html,380 у.е. Договорная,380.0,у.е,,,,,3yMUQ,19,sergeli
,https://www.olx.uz/d/obyavlenie/sergile-metroni-2-bekati-yangi-darhon-300-2xona-ID3yMTz.html,,,,,,,,3yMTz,19,sergeli
Sergile metroni 2-bekati Yangi darhon 300$ 2xona,https://www.olx.uz/d/obyavlenie/sergile-metroni-2-bekati-yangi-darhon-300-2xona-ID3yMTz.html,300 у.е. Договорная,300.0,у.е,,,,,3yMTz,19,sergeli
,https://www.olx.uz/d/obyavlenie/sergile-choshtepa-metroni-birinchi-bekati-navastroyka-1xona-350-ID3yMVr.html,,,,,,,,3yMVr,19,sergeli
Sergile choshtepa metroni birinchi bekati navastroyka 1xona 350$,https://www.olx.uz/d/obyavlenie/sergile-choshtepa-metroni-birinchi-bekati-navastroyka-1xona-350-ID3yMVr.html,350 у.е. Договорная,350.0,у.е,,,,,3yMVr,19,sergeli
,https://www.olx.uz/d/obyavlenie/sergile-choshtepa-metroni-1-bekati-1xona-350-ID3yMLw.html,,,,,,,,3yMLw,19,sergeli
Sergile choshtepa metroni 1-bekati 1xona 350$,https://www.olx.uz/d/obyavlenie/sergile-choshtepa-metroni-1-bekati-1xona-350-ID3yMLw.html,350 у.е. Договорная,350.0,у.е,,,,,3yMLw,19,sergeli
,https://www.olx.uz/d/obyavlenie/sergile-choshtepa-metroni-1-bekati-350-ID3yMJI.html,,,,,,,,3yMJI,19,sergeli
Sergile choshtepa metroni 1-bekati 350$,https://www.olx.uz/d/obyavlenie/sergile-choshtepa-metroni-1-bekati-350-ID3yMJI.html,350 у.е. Договорная,350.0,у.е,,,,,3yMJI,19,sergeli
,https://www.olx.uz/d/obyavlenie/choshtepa-metroni-birinchi-bekati-1-hona-arenda-ID3y176.html,,,,,,,,3y176,19,sergeli
Чоштепа метрони биринчи бекати 1 хона аренда,https://www.olx.uz/d/obyavlenie/choshtepa-metroni-birinchi-bekati-1-hona-arenda-ID3y176.html,350 у.е.,350.0,у.е,,,,,3y176,19,sergeli
,https://www.olx.uz/d/obyavlenie/choshtepa-metroni-birinchi-bekati-2-hona-400d-ID3y0n3.html,,,,,,,,3y0n3,19,sergeli
Чоштепа метрони биринчи бекати 2 хона 400д,https://www.olx.uz/d/obyavlenie/choshtepa-metroni-birinchi-bekati-2-hona-400d-ID3y0n3.html,400 у.е.,400.0,у.е,,,,,3y0n3,19,sergeli
,https://www.olx.uz/d/obyavlenie/sergili-choshtepa-metroni-birinchi-bekati-oila-ona-bolaga-bezaksgayam-300d-ID3ctlg.html,,,,,,,,3ctlg,19,sergeli
Сергили чоштепа метрони биринчи бекати оила она болага безаксгаям 300д,https://www.olx.uz/d/obyavlenie/sergili-choshtepa-metroni-birinchi-bekati-oila-ona-bolaga-bezaksgayam-300d-ID3ctlg.html,350 у.е.,350.0,у.е,,,,,3ctlg,19,sergeli
,https://www.olx.uz/d/obyavlenie/sergili-choshtepa-metroni-birinchi-bekati-oila-ona-bola-bezaksgayam-350d-ID3c7ge.html,,,,,,,,3c7ge,19,sergeli
Сергили чоштепа метрони биринчи бекати оила она бола безаксгаям 350д,https://www.olx.uz/d/obyavlenie/sergili-choshtepa-metroni-birinchi-bekati-oila-ona-bola-bezaksgayam-350d-ID3c7ge.html,350 у.е. Договорная,350.0,у.е,,,,,3c7ge,19,sergeli
,https://www.olx.uz/d/obyavlenie/sergile-choshtepa-1-bekat-2xona-350-oilaga-ID3yMWL.html,,,,,,,,3yMWL,19,sergeli
Sergile choshtepa 1-bekat 2xona 350$ oilaga,https://www.olx.uz/d/obyavlenie/sergile-choshtepa-1-bekat-2xona-350-oilaga-ID3yMWL.html,350 у.е. Договорная,350.0,у.е,,,,,3yMWL,19,sergeli
,https://www.olx.uz/d/obyavlenie/arenda-ugli-bololarga-kizlarga-1hona-350d-ID3yUAO.html,,,,,,,,3yUAO,19,sergeli
Аренда угли бололарга кизларга 1хона 350д,https://www.olx.uz/d/obyavlenie/arenda-ugli-bololarga-kizlarga-1hona-350d-ID3yUAO.html,350 у.е. Договорная,350.0,у.е,,,,,3yUAO,19,sergeli
,https://www.olx.uz/d/obyavlenie/sergili-choshtepa-metroni-1chi-bekati-2hona-400d-ID2Ynsk.html,,,,,,,,2Ynsk,19,sergeli
Сергили чоштепа метрони 1чи бекати 2хона 400д,https://www.olx.uz/d/obyavlenie/sergili-choshtepa-metroni-1chi-bekati-2hona-400d-ID2Ynsk.html,400 у.е.,400.0,у.е,,,,,2Ynsk,19,sergeli
,https://www.olx.uz/d/obyavlenie/sergili-choshtepa-haytik-kvartira-350d-1-hona-kilingan-metroni-1-ID3aIJv.html,,,,,,,,3aIJv,19,sergeli
Сергили Чоштепа хайтик квартира 350д 1/²хона килинган метрони 1,https://www.olx.uz/d/obyavlenie/sergili-choshtepa-haytik-kvartira-350d-1-hona-kilingan-metroni-1-ID3aIJv.html,350 у.е.,350.0,у.е,,,,,3aIJv,19,sergeli
,https://www.olx.uz/d/obyavlenie/sergili-choshtepa-metroni-birinchi-bekati-2hona-hazaykalik-800ming-ID4a1sL.html,,,,,,,,4a1sL,19,sergeli
Сергили чоштепа метрони биринчи бекати 2хона Хазайкалик 800минг,https://www.olx.uz/d/obyavlenie/sergili-choshtepa-metroni-birinchi-bekati-2hona-hazaykalik-800ming-ID4a1sL.html,800 000 сум Договорная,800000.0,сум,,,,,4a1sL,19,sergeli
,https://www.olx.uz/d/obyavlenie/arenda-sergeli-5a-2-3-7-evro-remont-novastroyka-ID3QQSQ.html,,,,,,,,3QQSQ,19,sergeli
Аренда!!! Сергели 5А. 2/3/7 евро ремонт. Новастройка.,https://www.olx.uz/d/obyavlenie/arenda-sergeli-5a-2-3-7-evro-remont-novastroyka-ID3QQSQ.html,400 у.е.,400.0,у.е,,,,,3QQSQ,19,sergeli
,https://www.olx.uz/d/obyavlenie/arenda-sergeli-yangi-haet-3-bekatga-yakin-novstroyka-ID4eeY0.html,,,,,,,,4eeY0,19,sergeli
Аренда сергели янги хает 3 бекатга якин новстройка,https://www.olx.uz/d/obyavlenie/arenda-sergeli-yangi-haet-3-bekatga-yakin-novstroyka-ID4eeY0.html,700 у.е.,700.0,у.е,,,,,4eeY0,19,sergeli
,https://www.olx.uz/d/obyavlenie/arenda-sergeli-7-2-5-9-remont-sredney-oilaga-beriladi-holodilnik-gil-ID4f184.html,,,,,,,,4f184,19,sergeli
Аренда сергели 7. 2/5/9 ремонт средней оилага берилади холодильник гил,https://www.olx.uz/d/obyavlenie/arenda-sergeli-7-2-5-9-remont-sredney-oilaga-beriladi-holodilnik-gil-ID4f184.html,320 у.е.,320.0,у.е,,,,,4f184,19,sergeli
,https://www.olx.uz/d/obyavlenie/arenda-sergeli-sputnik-3-derevyashka-dom-2-2-2-remont-evro-esh-oilaga-be-ID4eY9c.html,,,,,,,,4eY9c,19,sergeli
Аренда сергели спутник 3. Деревяшка дом 2/2/2 ремонт евро ёш оилага бе,https://www.olx.uz/d/obyavlenie/arenda-sergeli-sputnik-3-derevyashka-dom-2-2-2-remont-evro-esh-oilaga-be-ID4eY9c.html,250 у.е.,250.0,у.е,,,,,4eY9c,19,sergeli
,https://www.olx.uz/d/obyavlenie/yangi-choshtepa-izhara-ID4f2Kg.html,,,,,,,,4f2Kg,19,sergeli
Янги чоштепа ижара,https://www.olx.uz/d/obyavlenie/yangi-choshtepa-izhara-ID4f2Kg.html,400 у.е.,400.0,у.е,,,,,4f2Kg,19,sergeli
,https://www.olx.uz/d/obyavlenie/malumotlarni-barchasi-egasidan-ID4dkIt.html,,,,,,,,4dkIt,19,sergeli
Maʼlumotlarni barchasi egasidan,https://www.olx.uz/d/obyavlenie/malumotlarni-barchasi-egasidan-ID4dkIt.html,1 000 000 сум,1000000.0,сум,,,,,4dkIt,19,sergeli
,https://www.olx.uz/d/obyavlenie/2-xonali-kvartira-ijaraga-beriladi-sergeli-chosh-tepa-metro-yaqnida-ID4f2vo.html,,,,,,,,4f2vo,19,sergeli
2 xonali kvartira ijaraga beriladi Sergeli Chosh tepa metro yaqnida,https://www.olx.uz/d/obyavlenie/2-xonali-kvartira-ijaraga-beriladi-sergeli-chosh-tepa-metro-yaqnida-ID4f2vo.html,270 у.е.,270.0,у.е,,,,,4f2vo,19,sergeli
,https://www.olx.uz/d/obyavlenie/yunusobod-arenda-na-semyu-i-studentov-ID4f2uR.html,,,,,,,,4f2uR,19,sergeli
Юнусобод аренда на семью и студентов,https://www.olx.uz/d/obyavlenie/yunusobod-arenda-na-semyu-i-studentov-ID4f2uR.html,350 у.е.,350.0,у.е,,,,,4f2uR,19,sergeli
,https://www.olx.uz/d/obyavlenie/golden-leaf-yaqnida-arenda-1-xona-bezmakler-ID4f2oB.html,,,,,,,,4f2oB,19,sergeli
Golden leaf yaqnida arenda 1 xona bezmakler,https://www.olx.uz/d/obyavlenie/golden-leaf-yaqnida-arenda-1-xona-bezmakler-ID4f2oB.html,200 у.е.,200.0,у.е,,,,,4f2oB,19,sergeli
,https://www.olx.uz/d/obyavlenie/yangi-hayot-tumani-8-hudud-alo-gril-ID4f2jw.html,,,,,,,,4f2jw,19,sergeli
Янги Хайот тумани 8-худуд. Ало Грил,https://www.olx.uz/d/obyavlenie/yangi-hayot-tumani-8-hudud-alo-gril-ID4f2jw.html,245 у.е.,245.0,у.е,,,,,4f2jw,19,sergeli
,https://www.olx.uz/d/obyavlenie/golden-leaf-yaqnida-arenda-bezmakler-ID4f2hH.html,,,,,,,,4f2hH,19,sergeli
Golden Leaf yaqnida arenda bezmakler,https://www.olx.uz/d/obyavlenie/golden-leaf-yaqnida-arenda-bezmakler-ID4f2hH.html,200 у.е.,200.0,у.е,,,,,4f2hH,19,sergeli
,https://www.olx.uz/d/obyavlenie/qoyliq-bozor-roparasida-compass-torgoviy-sentr-ID4f2hd.html,,,,,,,,4f2hd,19,sergeli
Qo’yliq bozor roparasida Compass Torgoviy Sentr,https://www.olx.uz/d/obyavlenie/qoyliq-bozor-roparasida-compass-torgoviy-sentr-ID4f2hd.html,190 у.е.,190.0,у.е,,,,,4f2hd,19,sergeli
,https://www.olx.uz/d/obyavlenie/sdaetsya-3-kom-metro-olmos-novaya-kvartira-ID4eHuU.html,,,,,,,,4eHuU,19,sergeli
Сдается 3 ком Метро Олмос. Новая квартира,https://www.olx.uz/d/obyavlenie/sdaetsya-3-kom-metro-olmos-novaya-kvartira-ID4eHuU.html,400 у.е.,400.0,у.е,,,,,4eHuU,19,sergeli
,https://www.olx.uz/d/obyavlenie/arenda-gren-haus-sergeli-navostiroyka-4hona-evro-remont-600-doll-ID4b8nh.html,,,,,,,,4b8nh,19,sergeli
Аренда Грен Хаус Сергели  навостиройка  4хона евро ремонт 600 долл,https://www.olx.uz/d/obyavlenie/arenda-gren-haus-sergeli-navostiroyka-4hona-evro-remont-600-doll-ID4b8nh.html,600 у.е.,600.0,у.е,,,,,4b8nh,19,sergeli
,https://www.olx.uz/d/obyavlenie/arenda-sergel-3-bekat-golden-haus-yigitlarga-oilaga-kizlarga-ID3ZQSo.html,,,,,,,,3ZQSo,19,sergeli
Аренда Сергел 3-бекат Голден Хаус Йигитларга оилага кизларга,https://www.olx.uz/d/obyavlenie/arenda-sergel-3-bekat-golden-haus-yigitlarga-oilaga-kizlarga-ID3ZQSo.html,600 у.е.,600.0,у.е,,,,,3ZQSo,19,sergeli
,https://www.olx.uz/d/obyavlenie/china-house-3-5-10-90-m-sergeli-6a-2-stantsiya-metro-sdaetsya-v-arendu-ID4dPYp.html,,,,,,,,4dPYp,19,sergeli
China House 3/5/10 90 м² Сергели 6А 2-станция Метро сдаётся в аренду,https://www.olx.uz/d/obyavlenie/china-house-3-5-10-90-m-sergeli-6a-2-stantsiya-metro-sdaetsya-v-arendu-ID4dPYp.html,800 у.е.,800.0,у.е,,,,,4dPYp,19,sergeli
,https://www.olx.uz/d/obyavlenie/sh-srochno-arenda-k-ra-v-sergeli-grin-haus-2-3-10-oiga-3-bekat-ID3bRjK.html,,,,,,,,3bRjK,19,sergeli
Ш.СРОЧНО аренда к-ра в сергели грин хаус 2/3/10 оига 3-бекат,https://www.olx.uz/d/obyavlenie/sh-srochno-arenda-k-ra-v-sergeli-grin-haus-2-3-10-oiga-3-bekat-ID3bRjK.html,500 у.е.,500.0,у.е,,,,,3bRjK,19,sergeli
,https://www.olx.uz/d/obyavlenie/arenda-komnat-sergeli-3-yarmarka-ID41tYT.html,,,,,,,,41tYT,19,sergeli
аренда комнат СЕРГЕЛИ 3 ЯРМАРКА,https://www.olx.uz/d/obyavlenie/arenda-komnat-sergeli-3-yarmarka-ID41tYT.html,300 у.е.,300.0,у.е,,,,,41tYT,19,sergeli
,https://www.olx.uz/d/obyavlenie/sergeli-tumani-moshena-bozori-yaqinida-ijaraga-kvartira-bor-bezmakler-ID4f2e3.html,,,,,,,,4f2e3,19,sergeli
Sergeli tumani Moshena bozori yaqinida ijaraga kvartira bor bezmakler,https://www.olx.uz/d/obyavlenie/sergeli-tumani-moshena-bozori-yaqinida-ijaraga-kvartira-bor-bezmakler-ID4f2e3.html,280 у.е.,280.0,у.е,,,,,4f2e3,19,sergeli
,https://www.olx.uz/d/obyavlenie/sergeli-tumani-sergeli-2-metro-bekati-yonida-kvartira-ID4f2ae.html,,,,,,,,4f2ae,19,sergeli
Sergeli tumani  Sergeli 2- Metro bekati yonida kvartira,https://www.olx.uz/d/obyavlenie/sergeli-tumani-sergeli-2-metro-bekati-yonida-kvartira-ID4f2ae.html,270 у.е.,270.0,у.е,,,,,4f2ae,19,sergeli
,https://www.olx.uz/d/obyavlenie/arenda-sergeli-yangi-darhon-2-3-2-16-ID4eeh4.html,,,,,,,,4eeh4,19,sergeli
Аренда Сергели Янги дархон-2     3/2/16,https://www.olx.uz/d/obyavlenie/arenda-sergeli-yangi-darhon-2-3-2-16-ID4eeh4.html,500 у.е.,500.0,у.е,,,,,4eeh4,19,sergeli
,https://www.olx.uz/d/obyavlenie/sergeli-metro-pdp-universiteti-5-daqiqa-yolda-arenda-ID4f236.html,,,,,,,,4f236,19,sergeli
Sergeli metro PDP universiteti 5 daqiqa yoʻlda arenda,https://www.olx.uz/d/obyavlenie/sergeli-metro-pdp-universiteti-5-daqiqa-yolda-arenda-ID4f236.html,250 у.е.,250.0,у.е,,,,,4f236,19,sergeli
,https://www.olx.uz/d/obyavlenie/sergeli-tuman-metro-200-metr-joyda-kvartira-ID4f20A.html,,,,,,,,4f20A,19,sergeli
Sergeli tuman metro 200 metr joyda kvartira,https://www.olx.uz/d/obyavlenie/sergeli-tuman-metro-200-metr-joyda-kvartira-ID4f20A.html,270 у.е.,270.0,у.е,,,,,4f20A,19,sergeli
,https://www.olx.uz/d/obyavlenie/arenda-sergeli-sputnik-3-derevyashka-dom-2-1-2-remont-toza-oilaga-beril-ID4eed9.html,,,,,,,,4eed9,19,sergeli
Аренда сергели спутник 3. Деревяшка дом 2/1/2 ремонт тоза оилага берил,https://www.olx.uz/d/obyavlenie/arenda-sergeli-sputnik-3-derevyashka-dom-2-1-2-remont-toza-oilaga-beril-ID4eed9.html,250 у.е.,250.0,у.е,,,,,4eed9,19,sergeli
,https://www.olx.uz/d/obyavlenie/zdaetsaya-3-komnatnaya-kvartira-sergili-ID4cV45.html,,,,,,,,4cV45,19,sergeli
Здаецая 3 комнатная квартира сэргили,https://www.olx.uz/d/obyavlenie/zdaetsaya-3-komnatnaya-kvartira-sergili-ID4cV45.html,420 у.е. Договорная,420.0,у.е,,,,,4cV45,19,sergeli
,https://www.olx.uz/d/obyavlenie/kvartira-arenda-qizlarga-ID4f1T4.html,,,,,,,,4f1T4,19,sergeli
kvartira arenda qizlarga,https://www.olx.uz/d/obyavlenie/kvartira-arenda-qizlarga-ID4f1T4.html,850 000 сум,850000.0,сум,,,,,4f1T4,19,sergeli
,https://www.olx.uz/d/obyavlenie/sh-srochno-arenda-k-ra-k-ra-v-sergeli-yangi-darhon-2-16-16-oilaga-izlaga-ID40C5f.html,,,,,,,,40C5f,19,sergeli
Ш.СРОЧНО аренда к-ра к-ра в сергели янги дархон 2/16/16 оилага қизлага,https://www.olx.uz/d/obyavlenie/sh-srochno-arenda-k-ra-k-ra-v-sergeli-yangi-darhon-2-16-16-oilaga-izlaga-ID40C5f.html,500 у.е.,500.0,у.е,,,,,40C5f,19,sergeli
,https://www.olx.uz/d/obyavlenie/arenda-komnata-s-obstanovkoy-podselenie-ulitsa-rayhon-bazar-indeks-ID4dPAU.html,,,,,,,,4dPAU,19,sergeli
Аренда. Комната с обстановкой. ПОДСЕЛЕНИЕ. Улица Райхон. Базар Индекс,https://www.olx.uz/d/obyavlenie/arenda-komnata-s-obstanovkoy-podselenie-ulitsa-rayhon-bazar-indeks-ID4dPAU.html,2 000 000 сум,2000000.0,сум,,,,,4dPAU,19,sergeli
,https://www.olx.uz/d/obyavlenie/srochna-ozgarish-metro-yonida-5-ta-qiz-olinadi-yevro-remont-850000-ID41tIu.html,,,,,,,,41tIu,19,sergeli
Srochna oʻzgarish metro yonida 5  ta qiz olinadi yevro remont 850000,https://www.olx.uz/d/obyavlenie/srochna-ozgarish-metro-yonida-5-ta-qiz-olinadi-yevro-remont-850000-ID41tIu.html,850 000 сум,850000.0,сум,,,,,41tIu,19,sergeli
,https://www.olx.uz/d/obyavlenie/sh-srochno-arenda-kv-sergili-6a-2-3-7-2-bekat-moshina-bozor-oilaga-ID35tvY.html,,,,,,,,35tvY,19,sergeli
Ш.СРОЧНО аренда кв Сергили-6а 2/3/7 2-бекат мошина бозор оилага,https://www.olx.uz/d/obyavlenie/sh-srochno-arenda-kv-sergili-6a-2-3-7-2-bekat-moshina-bozor-oilaga-ID35tvY.html,450 у.е.,450.0,у.е,,,,,35tvY,19,sergeli
,https://www.olx.uz/d/obyavlenie/srochno-sdaetsya-kvartira-sergeli-8-1-kom-zadi-5-kozon-ID4f1PQ.html,,,,,,,,4f1PQ,19,sergeli
Срочно  сдаётся  квартира сергели  8 1 ком зади  5 козон,https://www.olx.uz/d/obyavlenie/srochno-sdaetsya-kvartira-sergeli-8-1-kom-zadi-5-kozon-ID4f1PQ.html,300 у.е.,300.0,у.е,,,,,4f1PQ,19,sergeli
,https://www.olx.uz/d/obyavlenie/sh-srpochno-arenda-k-ra-v-9-hudud-3v4-6-7-oilaga-tartibli-ID40BBb.html,,,,,,,,40BBb,19,sergeli
Ш.СРПОЧНО аренда к-ра в 9-худуд 3в4/6/7 оилага тартибли,https://www.olx.uz/d/obyavlenie/sh-srpochno-arenda-k-ra-v-9-hudud-3v4-6-7-oilaga-tartibli-ID40BBb.html,500 у.е.,500.0,у.е,,,,,40BBb,19,sergeli
,https://www.olx.uz/d/obyavlenie/zhk-mirabad-avenyu-2h-komnatnaya-premium-klassa-ID40Dcz.html,,,,,,,,40Dcz,19,sergeli
ЖК Мирабад Авеню 2х комнатная ПРЕМИУМ КЛАССА!,https://www.olx.uz/d/obyavlenie/zhk-mirabad-avenyu-2h-komnatnaya-premium-klassa-ID40Dcz.html,1 000 у.е. Договорная,1000.0,у.е,,,,,40Dcz,19,sergeli
,https://www.olx.uz/d/obyavlenie/sdaetsya-kvartira-v-arendu-sergeli-metro-turon-2-4-9-ID4eD7d.html,,,,,,,,4eD7d,19,sergeli
Сдается квартира в аренду | Сергели | метро Турон | 2/4/9,https://www.olx.uz/d/obyavlenie/sdaetsya-kvartira-v-arendu-sergeli-metro-turon-2-4-9-ID4eD7d.html,500 у.е.,500.0,у.е,,,,,4eD7d,19,sergeli
,https://www.olx.uz/d/obyavlenie/srochna-arenda-sergeli-bobir-mahalla-ID4f1HF.html,,,,,,,,4f1HF,19,sergeli
Срочна аренда сергели бобир махалла,https://www.olx.uz/d/obyavlenie/srochna-arenda-sergeli-bobir-mahalla-ID4f1HF.html,420 у.е.,420.0,у.е,,,,,4f1HF,19,sergeli
,https://www.olx.uz/d/obyavlenie/sh-srochno-arenda-k-ra-v-sergeli-choshtepa-1-6-9-oilaga-1-bekat-ID34zYs.html,,,,,,,,34zYs,19,sergeli
Ш.СРОЧНО аренда к-ра в Сергели-чоштепа 1/6/9 оилага 1-бекат,https://www.olx.uz/d/obyavlenie/sh-srochno-arenda-k-ra-v-sergeli-choshtepa-1-6-9-oilaga-1-bekat-ID34zYs.html,350 у.е.,350.0,у.е,,,,,34zYs,19,sergeli
,https://www.olx.uz/d/obyavlenie/arenda-1-hona-62-m-kvartira-sergeli-china-haus-novastroyka-moshina-boz-ID4edOu.html,,,,,,,,4edOu,19,sergeli
Аренда 1 хона 62 м² квартира Сергели ЧИНА ХАУС новастройка (МОШИНА БОЗ,https://www.olx.uz/d/obyavlenie/arenda-1-hona-62-m-kvartira-sergeli-china-haus-novastroyka-moshina-boz-ID4edOu.html,500 у.е.,500.0,у.е,,,,,4edOu,19,sergeli
,https://www.olx.uz/d/obyavlenie/sh-srochno-arenda-k-ra-v-sergeli-3a-grin-haus-2-5-13-esh-oilaga-3-bekat-ID40BWe.html,,,,,,,,40BWe,19,sergeli
Ш.СРОЧНО аренда к-ра в сергели-3а грин хаус 2/5/13 ёш оилага 3-бекат,https://www.olx.uz/d/obyavlenie/sh-srochno-arenda-k-ra-v-sergeli-3a-grin-haus-2-5-13-esh-oilaga-3-bekat-ID40BWe.html,500 у.е.,500.0,у.е,,,,,40BWe,19,sergeli
,https://www.olx.uz/d/obyavlenie/sh-srochno-arenda-k-ra-v-sergeli-sputnik-5-2-9-10-esh-oila-eki-odinochkala-ID3tuGr.html,,,,,,,,3tuGr,19,sergeli
Ш.СРОЧНО аренда к-ра в сергели-спутник-5 2/9/10 ёш оила ёки одиночкала,https://www.olx.uz/d/obyavlenie/sh-srochno-arenda-k-ra-v-sergeli-sputnik-5-2-9-10-esh-oila-eki-odinochkala-ID3tuGr.html,400 у.е.,400.0,у.е,,,,,3tuGr,19,sergeli
,https://www.olx.uz/d/obyavlenie/sergeli-tuman-da-kvartira-2-honali-ID4f1kH.html,,,,,,,,4f1kH,19,sergeli
Sergeli tuman da kvartira 2 honali,https://www.olx.uz/d/obyavlenie/sergeli-tuman-da-kvartira-2-honali-ID4f1kH.html,300 у.е.,300.0,у.е,,,,,4f1kH,19,sergeli
,https://www.olx.uz/d/obyavlenie/golden-leaf-yaqnida-arenda-bezmakler-ID4f162.html,,,,,,,,4f162,19,sergeli
Golden leaf yaqnida arenda bezmakler,https://www.olx.uz/d/obyavlenie/golden-leaf-yaqnida-arenda-bezmakler-ID4f162.html,350 у.е.,350.0,у.е,,,,,4f162,19,sergeli
,https://www.olx.uz/d/obyavlenie/arenda-dolgosrochnaya-sergeli-zhk-tower-up-3-9-16-ID4edxt.html,,,,,,,,4edxt,19,sergeli
Аренда долгосрочная | Сергели |  ЖК Tower Up | 3/9/16,https://www.olx.uz/d/obyavlenie/arenda-dolgosrochnaya-sergeli-zhk-tower-up-3-9-16-ID4edxt.html,550 у.е.,550.0,у.е,,,,,4edxt,19,sergeli
,https://www.olx.uz/d/obyavlenie/sh-srochno-arenda-uchastka-sergeli-yangihaet-8-kom-8-sotka-erkin-most-ID3buFG.html,,,,,,,,3buFG,19,sergeli
Ш.СРОЧНО аренда участка сергели-янгихаёт 8-ком 8-сотка эркин мост,https://www.olx.uz/d/obyavlenie/sh-srochno-arenda-uchastka-sergeli-yangihaet-8-kom-8-sotka-erkin-most-ID3buFG.html,2 000 у.е.,2000.0,у.е,,,,,3buFG,19,sergeli
,https://www.olx.uz/d/obyavlenie/sergeli-golden-life-ID4ctV4.html,,,,,,,,4ctV4,19,sergeli
Sergeli Golden life,https://www.olx.uz/d/obyavlenie/sergeli-golden-life-ID4ctV4.html,500 у.е. Договорная,500.0,у.е,,,,,4ctV4,19,sergeli
,https://www.olx.uz/d/obyavlenie/2h-komnatnaya-sergeli-ID4aRvQ.html,,,,,,,,4aRvQ,19,sergeli
2х комнатная Сергели,https://www.olx.uz/d/obyavlenie/2h-komnatnaya-sergeli-ID4aRvQ.html,450 у.е.,450.0,у.е,,,,,4aRvQ,19,sergeli
,https://www.olx.uz/d/obyavlenie/2h-komnatnaya-sergeli-ID4aid6.html,,,,,,,,4aid6,19,sergeli
2х комнатная Сергели,https://www.olx.uz/d/obyavlenie/2h-komnatnaya-sergeli-ID4aid6.html,400 у.е.,400.0,у.е,,,,,4aid6,19,sergeli
,https://www.olx.uz/d/obyavlenie/2h-komnatnaya-sergeli-ID4aIA2.html,,,,,,,,4aIA2,19,sergeli
2х комнатная Сергели,https://www.olx.uz/d/obyavlenie/2h-komnatnaya-sergeli-ID4aIA2.html,400 у.е.,400.0,у.е,,,,,4aIA2,19,sergeli
,https://www.olx.uz/d/obyavlenie/2h-komnatnaya-sergeli-ID46Dyo.html,,,,,,,,46Dyo,19,sergeli
2х комнатная Сергели,https://www.olx.uz/d/obyavlenie/2h-komnatnaya-sergeli-ID46Dyo.html,350 у.е.,350.0,у.е,,,,,46Dyo,19,sergeli
,https://www.olx.uz/d/obyavlenie/3-honali-arenda-kvartira-sergeli-ID4eIvJ.html,,,,,,,,4eIvJ,19,sergeli
3 хонали аренда квартира Сергели,https://www.olx.uz/d/obyavlenie/3-honali-arenda-kvartira-sergeli-ID4eIvJ.html,400 у.е.,400.0,у.е,,,,,4eIvJ,19,sergeli
,https://www.olx.uz/d/obyavlenie/yangihaet-sergeli-arenda-ID4edjZ.html,,,,,,,,4edjZ,19,sergeli
"Янгихает, ( сергели ) аренда",https://www.olx.uz/d/obyavlenie/yangihaet-sergeli-arenda-ID4edjZ.html,400 у.е.,400.0,у.е,,,,,4edjZ,19,sergeli
,https://www.olx.uz/d/obyavlenie/sh-srochno-arenda-k-ra-v-sergeli-8-hudud-3v4-2-7-oilaga-ID34ADO.html,,,,,,,,34ADO,19,sergeli
Ш.СРОЧНО аренда к-ра в Сергели-8-худуд 3в4/2/7 оилага,https://www.olx.uz/d/obyavlenie/sh-srochno-arenda-k-ra-v-sergeli-8-hudud-3v4-2-7-oilaga-ID34ADO.html,600 у.е. Договорная,600.0,у.е,,,,,34ADO,19,sergeli
,https://www.olx.uz/d/obyavlenie/sergeli-yangi-hayota-bezmakler-kvartira-ID4f111.html,,,,,,,,4f111,19,sergeli
Sergeli yangi hayota bezmakler kvartira,https://www.olx.uz/d/obyavlenie/sergeli-yangi-hayota-bezmakler-kvartira-ID4f111.html,280 у.е.,280.0,у.е,,,,,4f111,19,sergeli
,https://www.olx.uz/d/obyavlenie/sergeli-metro-yonida-ID4f10f.html,,,,,,,,4f10f,19,sergeli
Sergeli metro yonida,https://www.olx.uz/d/obyavlenie/sergeli-metro-yonida-ID4f10f.html,240 у.е.,240.0,у.е,,,,,4f10f,19,sergeli
,https://www.olx.uz/d/obyavlenie/srochnoe-sdaetsya-kv-turan-stantsiya-metro-2-4-9-ro-n-sergeli-2-ID4f0Mi.html,,,,,,,,4f0Mi,19,sergeli
СРОЧНОЕ Сдаётся кв Туран станция метро 2/4/9 ро-н Сергели-2 !!,https://www.olx.uz/d/obyavlenie/srochnoe-sdaetsya-kv-turan-stantsiya-metro-2-4-9-ro-n-sergeli-2-ID4f0Mi.html,400 у.е.,400.0,у.е,,,,,4f0Mi,19,sergeli
,https://www.olx.uz/d/obyavlenie/sergeli-yangihaet-2h-komnatnaya-ID4f0Z7.html,,,,,,,,4f0Z7,19,sergeli
Сергели (янгихает) 2х  комнатная,https://www.olx.uz/d/obyavlenie/sergeli-yangihaet-2h-komnatnaya-ID4f0Z7.html,400 у.е.,400.0,у.е,,,,,4f0Z7,19,sergeli
,https://www.olx.uz/d/obyavlenie/yangi-xayot-chinor-metro-5-bekat-yoli-yuzi-ID4f0tx.html,,,,,,,,4f0tx,19,sergeli
Yangi xayot chinor Metro 5 bekat yoli yuzi,https://www.olx.uz/d/obyavlenie/yangi-xayot-chinor-metro-5-bekat-yoli-yuzi-ID4f0tx.html,400 у.е.,400.0,у.е,,,,,4f0tx,19,sergeli
,https://www.olx.uz/d/obyavlenie/sergeli-2-orientir-korzinka-yarmarka-ID4f0t5.html,,,,,,,,4f0t5,19,sergeli
Сергели 2  ориентир корзинка ярмарка,https://www.olx.uz/d/obyavlenie/sergeli-2-orientir-korzinka-yarmarka-ID4f0t5.html,300 у.е.,300.0,у.е,,,,,4f0t5,19,sergeli
,https://www.olx.uz/d/obyavlenie/sdaetsya-komnata-devushkam-ID44tAe.html,,,,,,,,44tAe,19,sergeli
Сдаётся комната девушкам,https://www.olx.uz/d/obyavlenie/sdaetsya-komnata-devushkam-ID44tAe.html,700 000 сум,700000.0,сум,,,,,44tAe,19,sergeli
,https://www.olx.uz/d/obyavlenie/arenda-3-komn-golden-house-evro-lyuks-ID3hYIj.html,,,,,,,,3hYIj,19,sergeli
Аренда 3 комн Golden House Евро Люкс,https://www.olx.uz/d/obyavlenie/arenda-3-komn-golden-house-evro-lyuks-ID3hYIj.html,1 300 у.е.,1300.0,у.е,,,,,3hYIj,19,sergeli
,https://www.olx.uz/d/obyavlenie/arenda-sergeli-sputnik-16-2hona350-ID4f0OL.html,,,,,,,,4f0OL,19,sergeli
Аренда Сергели Спутник 16 2хона350&,https://www.olx.uz/d/obyavlenie/arenda-sergeli-sputnik-16-2hona350-ID4f0OL.html,350 у.е.,350.0,у.е,,,,,4f0OL,19,sergeli
,https://www.olx.uz/d/obyavlenie/arenda-yunusabad-3-5-10-evro-remont-novastroyka-ID4dOmj.html,,,,,,,,4dOmj,19,sergeli
Аренда!!! Юнусабад 3/5/10 евро ремонт. Новастройка.,https://www.olx.uz/d/obyavlenie/arenda-yunusabad-3-5-10-evro-remont-novastroyka-ID4dOmj.html,1 000 у.е.,1000.0,у.е,,,,,4dOmj,19,sergeli
,https://www.olx.uz/d/obyavlenie/sh-srochno-arenda-k-ra-v-sergeli-6-3-2-5-oilaga-meros-tyhona-ID37JMg.html,,,,,,,,37JMg,19,sergeli
Ш.СРОЧНО аренда к-ра в сергели-6 3/2/5 оилага мерос тўйхона,https://www.olx.uz/d/obyavlenie/sh-srochno-arenda-k-ra-v-sergeli-6-3-2-5-oilaga-meros-tyhona-ID37JMg.html,500 у.е.,500.0,у.е,,,,,37JMg,19,sergeli
,https://www.olx.uz/d/obyavlenie/sh-srochno-arenda-k-ra-v-sergeli-sputnik-6-2-2-5-esh-oilga-5-bekat-300m-ID3h1mD.html,,,,,,,,3h1mD,19,sergeli
Ш.СРОЧНО аренда к-ра в сергели спутник-6 2/2/5 ёш оилга 5-бекат 300м,https://www.olx.uz/d/obyavlenie/sh-srochno-arenda-k-ra-v-sergeli-sputnik-6-2-2-5-esh-oilga-5-bekat-300m-ID3h1mD.html,400 у.е.,400.0,у.е,,,,,3h1mD,19,sergeli
,https://www.olx.uz/d/obyavlenie/eski-sergeli-uchaska-250-ID3SPJp.html,,,,,,,,3SPJp,19,sergeli
Eski sergeli uchaska 250$,https://www.olx.uz/d/obyavlenie/eski-sergeli-uchaska-250-ID3SPJp.html,250 у.е.,250.0,у.е,,,,,3SPJp,19,sergeli
,https://www.olx.uz/d/obyavlenie/sdayu-2-3-7-kv-v-sergeli-5-ryadom-s-metro-sergeli-887-ID4ePt4.html,,,,,,,,4ePt4,19,sergeli
"Сдаю 2/3/7 кв В Сергели-5, Рядом С Метро Сергели 887*",https://www.olx.uz/d/obyavlenie/sdayu-2-3-7-kv-v-sergeli-5-ryadom-s-metro-sergeli-887-ID4ePt4.html,450 у.е. Договорная,450.0,у.е,,,,,4ePt4,19,sergeli
,https://www.olx.uz/d/obyavlenie/arenda-sergeli-6-a-navastroyka-metro-2-chi-bekat-enida-ID4dOht.html,,,,,,,,4dOht,19,sergeli
Аренда сергели 6 А навастройка метро 2 чи бекат енида,https://www.olx.uz/d/obyavlenie/arenda-sergeli-6-a-navastroyka-metro-2-chi-bekat-enida-ID4dOht.html,400 у.е.,400.0,у.е,,,,,4dOht,19,sergeli
,https://www.olx.uz/d/obyavlenie/sh-srochno-arenda-k-ra-v-sergeli-8-hudud-2-3-7-oilaga-ID34sf5.html,,,,,,,,34sf5,19,sergeli
Ш.СРОЧНО аренда к-ра в сергели-8-худуд 2/3/7 оилага,https://www.olx.uz/d/obyavlenie/sh-srochno-arenda-k-ra-v-sergeli-8-hudud-2-3-7-oilaga-ID34sf5.html,500 у.е. Договорная,500.0,у.е,,,,,34sf5,19,sergeli
,https://www.olx.uz/d/obyavlenie/sergeli-3a-arenda-kvartiry-3-4-7-ID4e99I.html,,,,,,,,4e99I,19,sergeli
СЕРГЕЛИ 3А - аренда квартиры 3/4/7.,https://www.olx.uz/d/obyavlenie/sergeli-3a-arenda-kvartiry-3-4-7-ID4e99I.html,450 у.е.,450.0,у.е,,,,,4e99I,19,sergeli
,https://www.olx.uz/d/obyavlenie/sergeli-yangi-darxon-arenda-kvartira-ID4f0ks.html,,,,,,,,4f0ks,19,sergeli
Sergeli yangi darxon arenda kvartira,https://www.olx.uz/d/obyavlenie/sergeli-yangi-darxon-arenda-kvartira-ID4f0ks.html,350 у.е.,350.0,у.е,,,,,4f0ks,19,sergeli
,https://www.olx.uz/d/obyavlenie/arenda-fakat-va-fakat-talaba-kizlarga-oila-va-bollarga-emas-ID4f07Y.html,,,,,,,,4f07Y,19,sergeli
Аренда факат ва факат ТАЛАБА КИЗЛАРГА.Оила ва Болларга эмас.,https://www.olx.uz/d/obyavlenie/arenda-fakat-va-fakat-talaba-kizlarga-oila-va-bollarga-emas-ID4f07Y.html,500 у.е.,500.0,у.е,,,,,4f07Y,19,sergeli
,https://www.olx.uz/d/obyavlenie/bollarrga-ijaraga-kvartira-ID3RTMd.html,,,,,,,,3RTMd,19,sergeli
Bollarrga ijaraga kvartira,https://www.olx.uz/d/obyavlenie/bollarrga-ijaraga-kvartira-ID3RTMd.html,750 000 сум,750000.0,сум,,,,,3RTMd,19,sergeli
,https://www.olx.uz/d/obyavlenie/3-ta-bola-olamiz-1-honasiga-1-kishi-ham-yozishi-mumkin-choshtepa-metro-ID4diTL.html,,,,,,,,4diTL,19,sergeli
3 ta bola olamiz 1 honasiga 1 kishi ham yozishi mumkin choshtepa metro,https://www.olx.uz/d/obyavlenie/3-ta-bola-olamiz-1-honasiga-1-kishi-ham-yozishi-mumkin-choshtepa-metro-ID4diTL.html,900 000 сум,900000.0,сум,,,,,4diTL,19,sergeli
,https://www.olx.uz/d/obyavlenie/sdaetsya-kvartira-na-sergelyah-4-stantsiya-ID3sWrm.html,,,,,,,,3sWrm,19,sergeli
Сдаётся квартира на Сергелях 4-станция‼️,https://www.olx.uz/d/obyavlenie/sdaetsya-kvartira-na-sergelyah-4-stantsiya-ID3sWrm.html,700 у.е.,700.0,у.е,,,,,3sWrm,19,sergeli
,https://www.olx.uz/d/obyavlenie/arenda-sergili-dostlik-2-ID4cmBV.html,,,,,,,,4cmBV,19,sergeli
Аренда Сергили Достлик 2,https://www.olx.uz/d/obyavlenie/arenda-sergili-dostlik-2-ID4cmBV.html,350 у.е.,350.0,у.е,,,,,4cmBV,19,sergeli
,https://www.olx.uz/d/obyavlenie/uy-ijarag-beriladi-yangi-hayot-tumani-sputnik-5-dan-ID4f0qM.html,,,,,,,,4f0qM,19,sergeli
Uy ijarag beriladi. Yangi hayot tumani sputnik 5 dan,https://www.olx.uz/d/obyavlenie/uy-ijarag-beriladi-yangi-hayot-tumani-sputnik-5-dan-ID4f0qM.html,400 у.е. Договорная,400.0,у.е,,,,,4f0qM,19,sergeli
,https://www.olx.uz/d/obyavlenie/arenda-sergeli-7-23-4-5-remont-toza-oilaga-beriladi-holodilnik-kirm-ID4ecxa.html,,,,,,,,4ecxa,19,sergeli
Аренда сергели 7. 2*3/4/5 ремонт тоза оилага берилади холодильник кирм,https://www.olx.uz/d/obyavlenie/arenda-sergeli-7-23-4-5-remont-toza-oilaga-beriladi-holodilnik-kirm-ID4ecxa.html,350 у.е.,350.0,у.е,,,,,4ecxa,19,sergeli
,https://www.olx.uz/d/obyavlenie/sdaetsya-kvartira-sergeli-zhk-tower-up-2-5-16-ID4dNTk.html,,,,,,,,4dNTk,19,sergeli
Сдается квартира | Сергели | ЖК Tower up | 2/5/16,https://www.olx.uz/d/obyavlenie/sdaetsya-kvartira-sergeli-zhk-tower-up-2-5-16-ID4dNTk.html,400 у.е.,400.0,у.е,,,,,4dNTk,19,sergeli
,https://www.olx.uz/d/obyavlenie/sergeli-8a-ijaraga-uy-ID4f0ix.html,,,,,,,,4f0ix,19,sergeli
Sergeli 8A ijaraga uy,https://www.olx.uz/d/obyavlenie/sergeli-8a-ijaraga-uy-ID4f0ix.html,420 у.е.,420.0,у.е,,,,,4f0ix,19,sergeli
,https://www.olx.uz/d/obyavlenie/arenda-2-h-komnatnaya-kvartira-yangihaet-sputnik-5-ID4f0kA.html,,,,,,,,4f0kA,19,sergeli
Аренда 2-х комнатная квартира Янгихает Спутник 5.,https://www.olx.uz/d/obyavlenie/arenda-2-h-komnatnaya-kvartira-yangihaet-sputnik-5-ID4f0kA.html,400 у.е.,400.0,у.е,,,,,4f0kA,19,sergeli
,https://www.olx.uz/d/obyavlenie/sh-srochno-arenda-uchastka-v-sergeli-honabod-beruniy-4-hona-metro-1km-ID3ihpu.html,,,,,,,,3ihpu,19,sergeli
Ш.СРОЧНО аренда участка в Сергели хонабод беруний 4-хона метро 1км,https://www.olx.uz/d/obyavlenie/sh-srochno-arenda-uchastka-v-sergeli-honabod-beruniy-4-hona-metro-1km-ID3ihpu.html,1 200 у.е.,1200.0,у.е,,,,,3ihpu,19,sergeli
,https://www.olx.uz/d/obyavlenie/srochna-arenda-ser-8-4hona-87kv-1-etazh-salon-magazin-u-kuv-kurslari-u-n-ID4ecfz.html,,,,,,,,4ecfz,19,sergeli
"СРОЧНА АРЕНДА Сер-8 4хона 87кв 1-этаж салон,магазин,у""кув курслари у-н",https://www.olx.uz/d/obyavlenie/srochna-arenda-ser-8-4hona-87kv-1-etazh-salon-magazin-u-kuv-kurslari-u-n-ID4ecfz.html,1 000 у.е.,1000.0,у.е,,,,,4ecfz,19,sergeli
