title,url,price_raw,price_value,price_currency,location_text,posted_date_raw,posted_date,time_raw,card_id,district_id,district_name
,https://www.olx.uz/d/obyavlenie/srochno-sdaetsya-2-h-komnatnaya-kvartira-v-shayhantahurskom-r-750-usd-ID3UH5x.html,,,,,,,,3UH5x,24,shaykhantohur
Срочно!  Сдается 2-х комнатная квартира в Шайхантахурском р. 750 USD,https://www.olx.uz/d/obyavlenie/srochno-sdaetsya-2-h-komnatnaya-kvartira-v-shayhantahurskom-r-750-usd-ID3UH5x.html,750 у.е.,750.0,у.е,,,,,3UH5x,24,shaykhantohur
,https://www.olx.uz/d/obyavlenie/arenda-kvartira-shayhontohur-rayon-guncha-44-polkilinka-5-5-2-ID46zbv.html,,,,,,,,46zbv,24,shaykhantohur
Аренда  квартира!! Шайхонтохур Район!! Гунча!! 44 полькилинка 5/5/2,https://www.olx.uz/d/obyavlenie/arenda-kvartira-shayhontohur-rayon-guncha-44-polkilinka-5-5-2-ID46zbv.html,450 у.е.,450.0,у.е,,,,,46zbv,24,shaykhantohur
,https://www.olx.uz/d/obyavlenie/tashkent-city-boulevard-novaya-3h-komnatnaya-kvartira-vse-vklyucheno-ID47s54.html,,,,,,,,47s54,24,shaykhantohur
Tashkent city Boulevard! Новая 3х комнатная квартира! Все включено!,https://www.olx.uz/d/obyavlenie/tashkent-city-boulevard-novaya-3h-komnatnaya-kvartira-vse-vklyucheno-ID47s54.html,1 200 у.е. Договорная,1200.0,у.е,,,,,47s54,24,shaykhantohur
,https://www.olx.uz/d/obyavlenie/srochno-tolko-dlya-semey-sdaetsya-2h-kom-kvartira-na-shayhontohur-d-ID4fajG.html,,,,,,,,4fajG,24,shaykhantohur
СРОЧНО только для семей сдаётся 2Х ком. квартира на Шайхонтохур Д*,https://www.olx.uz/d/obyavlenie/srochno-tolko-dlya-semey-sdaetsya-2h-kom-kvartira-na-shayhontohur-d-ID4fajG.html,550 у.е.,550.0,у.е,,,,,4fajG,24,shaykhantohur
,https://www.olx.uz/d/obyavlenie/kvartira-arenda-2-komn-shayhantahur-139822-ID4fbGM.html,,,,,,,,4fbGM,24,shaykhantohur
Квартира аренда 2-комн. Шайхантахур 139822,https://www.olx.uz/d/obyavlenie/kvartira-arenda-2-komn-shayhantahur-139822-ID4fbGM.html,650 у.е.,650.0,у.е,,,,,4fbGM,24,shaykhantohur
,https://www.olx.uz/d/obyavlenie/kvartira-arenda-4-komn-shayhantahur-139823-ID4fbFt.html,,,,,,,,4fbFt,24,shaykhantohur
Квартира аренда 4-комн. Шайхантахур 139823,https://www.olx.uz/d/obyavlenie/kvartira-arenda-4-komn-shayhantahur-139823-ID4fbFt.html,800 у.е.,800.0,у.е,,,,,4fbFt,24,shaykhantohur
,https://www.olx.uz/d/obyavlenie/zhk-tashkent-siti-zhk-gardens-sdaetsya-novaya-2h-komnatnaya-ID3ImgX.html,,,,,,,,3ImgX,24,shaykhantohur
ЖК Ташкент Сити ЖК Gardens-Сдаётся новая 2х комнатная!,https://www.olx.uz/d/obyavlenie/zhk-tashkent-siti-zhk-gardens-sdaetsya-novaya-2h-komnatnaya-ID3ImgX.html,950 у.е. Договорная,950.0,у.е,,,,,3ImgX,24,shaykhantohur
,https://www.olx.uz/d/obyavlenie/sirochniy-arenda-kvartira-chilonzor-rayon-metro-novza-4-honaliy-900-ID4eNmb.html,,,,,,,,4eNmb,24,shaykhantohur
Сирочний аренда квартира чилонзор район метро новза 4 хоналий 900$,https://www.olx.uz/d/obyavlenie/sirochniy-arenda-kvartira-chilonzor-rayon-metro-novza-4-honaliy-900-ID4eNmb.html,900 у.е.,900.0,у.е,,,,,4eNmb,24,shaykhantohur
,https://www.olx.uz/d/obyavlenie/labzak-anhor-park-2-komn-5-iz-9-55-m2-b001-ID3TSqv.html,,,,,,,,3TSqv,24,shaykhantohur
Лабзак / Анхор Парк | 2-комн. 5 из 9 | 55 м2 [Б:001],https://www.olx.uz/d/obyavlenie/labzak-anhor-park-2-komn-5-iz-9-55-m2-b001-ID3TSqv.html,600 у.е.,600.0,у.е,,,,,3TSqv,24,shaykhantohur
,https://www.olx.uz/d/obyavlenie/karatash-2-komn-4-iz-9-58-m2-m0084-ID3TvKH.html,,,,,,,,3TvKH,24,shaykhantohur
Караташ | 2-комн. 4 из 9 | 58 м2 [M:0084],https://www.olx.uz/d/obyavlenie/karatash-2-komn-4-iz-9-58-m2-m0084-ID3TvKH.html,500 у.е.,500.0,у.е,,,,,3TvKH,24,shaykhantohur
,https://www.olx.uz/d/obyavlenie/labzak-2-komn-5-iz-10-63-m2-m0126-ID3TaVw.html,,,,,,,,3TaVw,24,shaykhantohur
Лабзак | 2-комн. 5 из 10 | 63 м2 [M:0126],https://www.olx.uz/d/obyavlenie/labzak-2-komn-5-iz-10-63-m2-m0126-ID3TaVw.html,450 у.е.,450.0,у.е,,,,,3TaVw,24,shaykhantohur
,https://www.olx.uz/d/obyavlenie/335-sdam-2-komn-3-iz-9-park-anhor-lokomotiv-ID2RMLl.html,,,,,,,,2RMLl,24,shaykhantohur
(335) Сдам 2-комн. 3 из 9 (парк Анхор Локомотив),https://www.olx.uz/d/obyavlenie/335-sdam-2-komn-3-iz-9-park-anhor-lokomotiv-ID2RMLl.html,500 у.е.,500.0,у.е,,,,,2RMLl,24,shaykhantohur
,https://www.olx.uz/d/obyavlenie/srochno-arenda-kvartira-toshken-siti-gardens-ID49JMB.html,,,,,,,,49JMB,24,shaykhantohur
Срочно аренда квартира тошкен сити гарденс,https://www.olx.uz/d/obyavlenie/srochno-arenda-kvartira-toshken-siti-gardens-ID49JMB.html,2 000 у.е.,2000.0,у.е,,,,,49JMB,24,shaykhantohur
,https://www.olx.uz/d/obyavlenie/tashkent-city-gardens-novaya-2h-komnatnaya-kvartira-vse-vklyucheno-ID45V19.html,,,,,,,,45V19,24,shaykhantohur
Tashkent city Gardens! Новая 2х комнатная квартира! Все включено!,https://www.olx.uz/d/obyavlenie/tashkent-city-gardens-novaya-2h-komnatnaya-kvartira-vse-vklyucheno-ID45V19.html,900 у.е. Договорная,900.0,у.е,,,,,45V19,24,shaykhantohur
,https://www.olx.uz/d/obyavlenie/zhk-tashkent-siti-bulvar-2-h-kom-ID4er8f.html,,,,,,,,4er8f,24,shaykhantohur
ЖК Ташкент Сити Бульвар! 2-х ком,https://www.olx.uz/d/obyavlenie/zhk-tashkent-siti-bulvar-2-h-kom-ID4er8f.html,1 000 у.е. Договорная,1000.0,у.е,,,,,4er8f,24,shaykhantohur
,https://www.olx.uz/d/obyavlenie/tashkent-siti-zhk-bulvar-sdaetsya-novaya-studiya-v-uyutnom-komplekse-ID44H7J.html,,,,,,,,44H7J,24,shaykhantohur
Ташкент Сити-Жк Бульвар! Сдается новая студия в уютном комплексе!,https://www.olx.uz/d/obyavlenie/tashkent-siti-zhk-bulvar-sdaetsya-novaya-studiya-v-uyutnom-komplekse-ID44H7J.html,900 у.е. Договорная,900.0,у.е,,,,,44H7J,24,shaykhantohur
,https://www.olx.uz/d/obyavlenie/sdaetsya-kvartira-v-nest-one-ID4fbD8.html,,,,,,,,4fbD8,24,shaykhantohur
Сдаётся квартира в Nest One,https://www.olx.uz/d/obyavlenie/sdaetsya-kvartira-v-nest-one-ID4fbD8.html,1 200 у.е.,1200.0,у.е,,,,,4fbD8,24,shaykhantohur
,https://www.olx.uz/d/obyavlenie/sdaetsya-kvartira-ID4fbCh.html,,,,,,,,4fbCh,24,shaykhantohur
Сдаётся квартира,https://www.olx.uz/d/obyavlenie/sdaetsya-kvartira-ID4fbCh.html,1 200 у.е.,1200.0,у.е,,,,,4fbCh,24,shaykhantohur
,https://www.olx.uz/d/obyavlenie/srochno-sdaetsya-kvartira-v-tashkent-siti-ID4fbBR.html,,,,,,,,4fbBR,24,shaykhantohur
Срочно сдаётся квартира в Ташкент сити,https://www.olx.uz/d/obyavlenie/srochno-sdaetsya-kvartira-v-tashkent-siti-ID4fbBR.html,1 300 у.е.,1300.0,у.е,,,,,4fbBR,24,shaykhantohur
,https://www.olx.uz/d/obyavlenie/premium-kv-na-gardense-2-komn-v-arendu-novosroyka-ID4eofV.html,,,,,,,,4eofV,24,shaykhantohur
ПРЕМИУМ кв на Гарденсе 2 комн в аренду Новосройка,https://www.olx.uz/d/obyavlenie/premium-kv-na-gardense-2-komn-v-arendu-novosroyka-ID4eofV.html,550 у.е. Договорная,550.0,у.е,,,,,4eofV,24,shaykhantohur
,https://www.olx.uz/d/obyavlenie/arenda-kvartira-nest-one-ID4fbBn.html,,,,,,,,4fbBn,24,shaykhantohur
Аренда квартира Nest One,https://www.olx.uz/d/obyavlenie/arenda-kvartira-nest-one-ID4fbBn.html,2 300 у.е.,2300.0,у.е,,,,,4fbBn,24,shaykhantohur
,https://www.olx.uz/d/obyavlenie/sdaetsya-v-arendu-kvartira-ID4fbAZ.html,,,,,,,,4fbAZ,24,shaykhantohur
Сдаётся в аренду квартира,https://www.olx.uz/d/obyavlenie/sdaetsya-v-arendu-kvartira-ID4fbAZ.html,1 700 у.е.,1700.0,у.е,,,,,4fbAZ,24,shaykhantohur
,https://www.olx.uz/d/obyavlenie/arenda-kvartira-v-tashkent-siti-ID4fbAS.html,,,,,,,,4fbAS,24,shaykhantohur
Аренда квартира в Ташкент сити,https://www.olx.uz/d/obyavlenie/arenda-kvartira-v-tashkent-siti-ID4fbAS.html,1 800 у.е.,1800.0,у.е,,,,,4fbAS,24,shaykhantohur
,https://www.olx.uz/d/obyavlenie/sebzor-revirada-3-xona-upokovka-ID48HJT.html,,,,,,,,48HJT,24,shaykhantohur
Sebzor revirada 3 xona upokovka,https://www.olx.uz/d/obyavlenie/sebzor-revirada-3-xona-upokovka-ID48HJT.html,900 у.е.,900.0,у.е,,,,,48HJT,24,shaykhantohur
,https://www.olx.uz/d/obyavlenie/4-h-komnatnaya-kvartira-v-tashkent-city-boulevard-ID3OhjA.html,,,,,,,,3OhjA,24,shaykhantohur
4-х комнатная квартира в Tashkent City Boulevard,https://www.olx.uz/d/obyavlenie/4-h-komnatnaya-kvartira-v-tashkent-city-boulevard-ID3OhjA.html,1 600 у.е.,1600.0,у.е,,,,,3OhjA,24,shaykhantohur
,https://www.olx.uz/d/obyavlenie/srochno-sdaetsya-kvartira-v-bulvar-ID4fbAe.html,,,,,,,,4fbAe,24,shaykhantohur
Срочно сдаётся квартира в Бульвар,https://www.olx.uz/d/obyavlenie/srochno-sdaetsya-kvartira-v-bulvar-ID4fbAe.html,1 500 у.е.,1500.0,у.е,,,,,4fbAe,24,shaykhantohur
,https://www.olx.uz/d/obyavlenie/bez-komissii-ts-12-prostornaya-kvartira-v-tsentre-3-komnaty-ID4eY3o.html,,,,,,,,4eY3o,24,shaykhantohur
БЕЗ КОМИССИИ! Ц-12 просторная квартира в центре 3 комнаты,https://www.olx.uz/d/obyavlenie/bez-komissii-ts-12-prostornaya-kvartira-v-tsentre-3-komnaty-ID4eY3o.html,800 у.е.,800.0,у.е,,,,,4eY3o,24,shaykhantohur
,https://www.olx.uz/d/obyavlenie/sdaetsya-arenda-v-odnokomnatnaya-kvartira-ID4eZRO.html,,,,,,,,4eZRO,24,shaykhantohur
Сдается аренда в однокомнатная квартира!,https://www.olx.uz/d/obyavlenie/sdaetsya-arenda-v-odnokomnatnaya-kvartira-ID4eZRO.html,620 у.е.,620.0,у.е,,,,,4eZRO,24,shaykhantohur
,https://www.olx.uz/d/obyavlenie/zhk-tashkent-siti-gardens-novaya-3-h-komnatnaya-ID4c8zn.html,,,,,,,,4c8zn,24,shaykhantohur
ЖК Ташкент Сити Гарденс! новая 3-х комнатная!,https://www.olx.uz/d/obyavlenie/zhk-tashkent-siti-gardens-novaya-3-h-komnatnaya-ID4c8zn.html,1 200 у.е. Договорная,1200.0,у.е,,,,,4c8zn,24,shaykhantohur
,https://www.olx.uz/d/obyavlenie/takaya-shikarnaya-kv-na-tashkent-siti-bulvard-s-vidom-na-park-ID4eoey.html,,,,,,,,4eoey,24,shaykhantohur
Такая ШИКАРНАЯ кв на Ташкент сити Бульвард с видом на Парк,https://www.olx.uz/d/obyavlenie/takaya-shikarnaya-kv-na-tashkent-siti-bulvard-s-vidom-na-park-ID4eoey.html,750 у.е. Договорная,750.0,у.е,,,,,4eoey,24,shaykhantohur
,https://www.olx.uz/d/obyavlenie/arenda-kvartira-v-gardense-ID4fbzH.html,,,,,,,,4fbzH,24,shaykhantohur
Аренда квартира в Гарденсе,https://www.olx.uz/d/obyavlenie/arenda-kvartira-v-gardense-ID4fbzH.html,1 200 у.е.,1200.0,у.е,,,,,4fbzH,24,shaykhantohur
,https://www.olx.uz/d/obyavlenie/sdaetsya-v-arendu-kvartira-ID4fbzq.html,,,,,,,,4fbzq,24,shaykhantohur
Сдаётся в аренду квартира,https://www.olx.uz/d/obyavlenie/sdaetsya-v-arendu-kvartira-ID4fbzq.html,2 000 у.е.,2000.0,у.е,,,,,4fbzq,24,shaykhantohur
,https://www.olx.uz/d/obyavlenie/tashkent-siti-zhk-gardens-sdaetsya-4h-komnatnaya-ID3F8D8.html,,,,,,,,3F8D8,24,shaykhantohur
Ташкент Сити ЖК Gardens! Сдается 4х комнатная!,https://www.olx.uz/d/obyavlenie/tashkent-siti-zhk-gardens-sdaetsya-4h-komnatnaya-ID3F8D8.html,1 700 у.е. Договорная,1700.0,у.е,,,,,3F8D8,24,shaykhantohur
,https://www.olx.uz/d/obyavlenie/arenda-kvartira-v-bulvar-ID4fbz7.html,,,,,,,,4fbz7,24,shaykhantohur
Аренда квартира в Бульвар,https://www.olx.uz/d/obyavlenie/arenda-kvartira-v-bulvar-ID4fbz7.html,1 400 у.е.,1400.0,у.е,,,,,4fbz7,24,shaykhantohur
,https://www.olx.uz/d/obyavlenie/sdaetsya-v-arendu-gardens-2-2-9-ID4fbyL.html,,,,,,,,4fbyL,24,shaykhantohur
Сдаётся в аренду Гарденс 2/2/9,https://www.olx.uz/d/obyavlenie/sdaetsya-v-arendu-gardens-2-2-9-ID4fbyL.html,1 500 у.е.,1500.0,у.е,,,,,4fbyL,24,shaykhantohur
,https://www.olx.uz/d/obyavlenie/sdaetsya-v-arendu-tashkent-siti-ID4fbys.html,,,,,,,,4fbys,24,shaykhantohur
Сдаётся в аренду Ташкент сити,https://www.olx.uz/d/obyavlenie/sdaetsya-v-arendu-tashkent-siti-ID4fbys.html,2 000 у.е.,2000.0,у.е,,,,,4fbys,24,shaykhantohur
,https://www.olx.uz/d/obyavlenie/arenda-kvartira-tashkent-siti-gardens-ID4fby9.html,,,,,,,,4fby9,24,shaykhantohur
Аренда квартира Ташкент сити Гарденс,https://www.olx.uz/d/obyavlenie/arenda-kvartira-tashkent-siti-gardens-ID4fby9.html,2 500 у.е.,2500.0,у.е,,,,,4fby9,24,shaykhantohur
,https://www.olx.uz/d/obyavlenie/arenda-gardens-residence-2-2-9-ID4fbxC.html,,,,,,,,4fbxC,24,shaykhantohur
Аренда Gardens Residence 2/2/9,https://www.olx.uz/d/obyavlenie/arenda-gardens-residence-2-2-9-ID4fbxC.html,1 300 у.е.,1300.0,у.е,,,,,4fbxC,24,shaykhantohur
,https://www.olx.uz/d/obyavlenie/arenda-tashkent-siti-novaya-3-h-komnatnaya-kvartira-ID4eobK.html,,,,,,,,4eobK,24,shaykhantohur
Аренда Ташкент Сити! Новая 3-х комнатная квартира,https://www.olx.uz/d/obyavlenie/arenda-tashkent-siti-novaya-3-h-komnatnaya-kvartira-ID4eobK.html,1 000 у.е.,1000.0,у.е,,,,,4eobK,24,shaykhantohur
,https://www.olx.uz/d/obyavlenie/zhk-nest-one-sdaetsya-novaya-studiya-v-elitnom-komplekse-tashkenta-ID4ehnB.html,,,,,,,,4ehnB,24,shaykhantohur
Жк Nest One-Сдается новая студия в элитном комплексе Ташкента!,https://www.olx.uz/d/obyavlenie/zhk-nest-one-sdaetsya-novaya-studiya-v-elitnom-komplekse-tashkenta-ID4ehnB.html,900 у.е.,900.0,у.е,,,,,4ehnB,24,shaykhantohur
,https://www.olx.uz/d/obyavlenie/zhk-tashkent-siti-sdaetsya-2h-kom-kvartira-v-elit-komplekse-ID4dlkM.html,,,,,,,,4dlkM,24,shaykhantohur
Жк Ташкент Сити! Сдается 2х-ком квартира! В элит комплексе!,https://www.olx.uz/d/obyavlenie/zhk-tashkent-siti-sdaetsya-2h-kom-kvartira-v-elit-komplekse-ID4dlkM.html,900 у.е. Договорная,900.0,у.е,,,,,4dlkM,24,shaykhantohur
,https://www.olx.uz/d/obyavlenie/sdaetsya-kvartira-ID4dYSh.html,,,,,,,,4dYSh,24,shaykhantohur
Сдается квартира,https://www.olx.uz/d/obyavlenie/sdaetsya-kvartira-ID4dYSh.html,1 000 у.е.,1000.0,у.е,,,,,4dYSh,24,shaykhantohur
,https://www.olx.uz/d/obyavlenie/srochno-sdaetsya-gardens-3-7-9-ID4fbvQ.html,,,,,,,,4fbvQ,24,shaykhantohur
Срочно сдаётся Гарденс 3/7/9,https://www.olx.uz/d/obyavlenie/srochno-sdaetsya-gardens-3-7-9-ID4fbvQ.html,1 800 у.е.,1800.0,у.е,,,,,4fbvQ,24,shaykhantohur
,https://www.olx.uz/d/obyavlenie/arenda-uzoq-muddatga-ID45iXD.html,,,,,,,,45iXD,24,shaykhantohur
Arenda uzoq muddatga,https://www.olx.uz/d/obyavlenie/arenda-uzoq-muddatga-ID45iXD.html,3 000 у.е. Договорная,3000.0,у.е,,,,,45iXD,24,shaykhantohur
,https://www.olx.uz/d/obyavlenie/sdaetsya-kvartira-v-tashkent-siti-ID4fbwR.html,,,,,,,,4fbwR,24,shaykhantohur
Сдается квартира в Ташкент сити,https://www.olx.uz/d/obyavlenie/sdaetsya-kvartira-v-tashkent-siti-ID4fbwR.html,1 000 у.е.,1000.0,у.е,,,,,4fbwR,24,shaykhantohur
,https://www.olx.uz/d/obyavlenie/sdaetsya-kvartira-v-tashkent-siti-gardens-2-7-8-ID4fbuO.html,,,,,,,,4fbuO,24,shaykhantohur
Сдается квартира в Ташкент сити Gardens  2/7/8,https://www.olx.uz/d/obyavlenie/sdaetsya-kvartira-v-tashkent-siti-gardens-2-7-8-ID4fbuO.html,1 600 у.е.,1600.0,у.е,,,,,4fbuO,24,shaykhantohur
,https://www.olx.uz/d/obyavlenie/srochnaya-arenda-3h-kom-110m2-zhk-gardens-residence-tashkent-city-ID4eNbO.html,,,,,,,,4eNbO,24,shaykhantohur
Срочная Аренда 3х ком 110м2 Жк GARDENS RESIDENCE TASHKENT CITY !!,https://www.olx.uz/d/obyavlenie/srochnaya-arenda-3h-kom-110m2-zhk-gardens-residence-tashkent-city-ID4eNbO.html,800 у.е. Договорная,800.0,у.е,,,,,4eNbO,24,shaykhantohur
,https://www.olx.uz/d/obyavlenie/sdaetsya-v-arendu-kvartira-bulvar-2-6-7-ID4fbrq.html,,,,,,,,4fbrq,24,shaykhantohur
Сдаётся в аренду квартира Бульвар 2/6/7,https://www.olx.uz/d/obyavlenie/sdaetsya-v-arendu-kvartira-bulvar-2-6-7-ID4fbrq.html,1 100 у.е.,1100.0,у.е,,,,,4fbrq,24,shaykhantohur
,https://www.olx.uz/d/obyavlenie/tashkent-siti-2h-komntnaya-b-sdaetsya-bezuprechnaya-kvartira-v-novostroyke-ID3V2tG.html,,,,,,,,3V2tG,24,shaykhantohur
Ташкент сити 2х комнтная б Сдаётся безупречная квартира в новостройке,https://www.olx.uz/d/obyavlenie/tashkent-siti-2h-komntnaya-b-sdaetsya-bezuprechnaya-kvartira-v-novostroyke-ID3V2tG.html,1 000 у.е. Договорная,1000.0,у.е,,,,,3V2tG,24,shaykhantohur
,https://www.olx.uz/d/obyavlenie/zhk-tashkent-siti-sdaetsya-2h-kom-kvartira-v-elit-komplekse-ID4eo3b.html,,,,,,,,4eo3b,24,shaykhantohur
Жк Ташкент Сити! Сдается 2х-ком квартира! В элит комплексе!,https://www.olx.uz/d/obyavlenie/zhk-tashkent-siti-sdaetsya-2h-kom-kvartira-v-elit-komplekse-ID4eo3b.html,900 у.е. Договорная,900.0,у.е,,,,,4eo3b,24,shaykhantohur
,https://www.olx.uz/d/obyavlenie/shayhantahur-srochni-arenda-3-2-9-ID4eN71.html,,,,,,,,4eN71,24,shaykhantohur
Шайхантахур срочни аренда 3/2/9,https://www.olx.uz/d/obyavlenie/shayhantahur-srochni-arenda-3-2-9-ID4eN71.html,550 у.е.,550.0,у.е,,,,,4eN71,24,shaykhantohur
,https://www.olx.uz/d/obyavlenie/zhk-nest-one-sdaetsya-novaya-3h-kom-kvartira-ID4d3xK.html,,,,,,,,4d3xK,24,shaykhantohur
ЖК Nest One!  Сдается новая 3х ком квартира,https://www.olx.uz/d/obyavlenie/zhk-nest-one-sdaetsya-novaya-3h-kom-kvartira-ID4d3xK.html,1 100 у.е. Договорная,1100.0,у.е,,,,,4d3xK,24,shaykhantohur
,https://www.olx.uz/d/obyavlenie/labzak-mts-shayhontoxur-ID4f5RR.html,,,,,,,,4f5RR,24,shaykhantohur
Labzak mts shayhontoxur,https://www.olx.uz/d/obyavlenie/labzak-mts-shayhontoxur-ID4f5RR.html,450 у.е.,450.0,у.е,,,,,4f5RR,24,shaykhantohur
,https://www.olx.uz/d/obyavlenie/zhk-nest-one-sdaetsya-novaya-kvartira-ID447TF.html,,,,,,,,447TF,24,shaykhantohur
ЖК NEST ONE! Сдается новая квартира!,https://www.olx.uz/d/obyavlenie/zhk-nest-one-sdaetsya-novaya-kvartira-ID447TF.html,1 000 у.е. Договорная,1000.0,у.е,,,,,447TF,24,shaykhantohur
,https://www.olx.uz/d/obyavlenie/tashkent-city-nest-one-novaya-2h-komnatnaya-kvartira-vse-vklyucheno-ID47s45.html,,,,,,,,47s45,24,shaykhantohur
Tashkent city Nest One! Новая 2х комнатная квартира! Все включено!,https://www.olx.uz/d/obyavlenie/tashkent-city-nest-one-novaya-2h-komnatnaya-kvartira-vse-vklyucheno-ID47s45.html,900 у.е. Договорная,900.0,у.е,,,,,47s45,24,shaykhantohur
,https://www.olx.uz/d/obyavlenie/v-shayhantahurskom-rayone-sdaetsya-v-arendu-novostroyka-zhk-charh-novza-ID4fbkC.html,,,,,,,,4fbkC,24,shaykhantohur
"В Шайхантахурском районе сдаётся в Аренду Новостройка ЖК ""Чарх Новза""",https://www.olx.uz/d/obyavlenie/v-shayhantahurskom-rayone-sdaetsya-v-arendu-novostroyka-zhk-charh-novza-ID4fbkC.html,750 у.е.,750.0,у.е,,,,,4fbkC,24,shaykhantohur
,https://www.olx.uz/d/obyavlenie/zhk-tashkent-city-boulevard-sdaetsya-stilnaya-3h-kom-kvartira-ID4d3Lo.html,,,,,,,,4d3Lo,24,shaykhantohur
ЖК Tashkent City Boulevard!  Сдается стильная 3х ком квартира,https://www.olx.uz/d/obyavlenie/zhk-tashkent-city-boulevard-sdaetsya-stilnaya-3h-kom-kvartira-ID4d3Lo.html,1 100 у.е. Договорная,1100.0,у.е,,,,,4d3Lo,24,shaykhantohur
,https://www.olx.uz/d/obyavlenie/zhk-tashkent-siti-penthaus-sdaetsya-5-ti-kom-kvartira-terassa-120m2-ID4enZ2.html,,,,,,,,4enZ2,24,shaykhantohur
Жк Ташкент Сити Пентхаус! Сдается 5-ти ком квартира! Терасса 120м2!,https://www.olx.uz/d/obyavlenie/zhk-tashkent-siti-penthaus-sdaetsya-5-ti-kom-kvartira-terassa-120m2-ID4enZ2.html,7 000 у.е. Договорная,7000.0,у.е,,,,,4enZ2,24,shaykhantohur
,https://www.olx.uz/d/obyavlenie/srochno-sdaetsya-kvartira-v-gardens-tashkent-siti-ID4fbiD.html,,,,,,,,4fbiD,24,shaykhantohur
Срочно сдаётся квартира в Гарденс. Ташкент сити,https://www.olx.uz/d/obyavlenie/srochno-sdaetsya-kvartira-v-gardens-tashkent-siti-ID4fbiD.html,2 200 у.е.,2200.0,у.е,,,,,4fbiD,24,shaykhantohur
,https://www.olx.uz/d/obyavlenie/sdaetsya-kvartira-v-arendu-3-3-9-r-n-shayhantahur-or-r-tashkent-siti-ID36aPA.html,,,,,,,,36aPA,24,shaykhantohur
Сдаётся Квартира в аренду 3/3/9 р-н Шайхантахур ор-р Ташкент сити,https://www.olx.uz/d/obyavlenie/sdaetsya-kvartira-v-arendu-3-3-9-r-n-shayhantahur-or-r-tashkent-siti-ID36aPA.html,700 у.е. Договорная,700.0,у.е,,,,,36aPA,24,shaykhantohur
,https://www.olx.uz/d/obyavlenie/toshkent-city-bulvard-kvartira-izharaga-beriladi-ID4f4Du.html,,,,,,,,4f4Du,24,shaykhantohur
Toshkent City Bulvard квартира ижарага берилади,https://www.olx.uz/d/obyavlenie/toshkent-city-bulvard-kvartira-izharaga-beriladi-ID4f4Du.html,1 300 у.е. Договорная,1300.0,у.е,,,,,4f4Du,24,shaykhantohur
,https://www.olx.uz/d/obyavlenie/tashkent-city-5-daqiqa-2xonali-ijara-gafur-gulom-metro-jangoh-labzak-ID4eN2K.html,,,,,,,,4eN2K,24,shaykhantohur
Tashkent City 5 daqiqa 2xonali ijara G‘afur G‘ulom metro Jangoh Labzak,https://www.olx.uz/d/obyavlenie/tashkent-city-5-daqiqa-2xonali-ijara-gafur-gulom-metro-jangoh-labzak-ID4eN2K.html,500 у.е. Договорная,500.0,у.е,,,,,4eN2K,24,shaykhantohur
,https://www.olx.uz/d/obyavlenie/sdaetsya-novaya-kvartira-v-tashkentskoy-oblasti-parkentsoy-ID4faVm.html,,,,,,,,4faVm,24,shaykhantohur
Сдаётся новая квартира в Ташкентской области Паркентсой,https://www.olx.uz/d/obyavlenie/sdaetsya-novaya-kvartira-v-tashkentskoy-oblasti-parkentsoy-ID4faVm.html,200 у.е. Договорная,200.0,у.е,,,,,4faVm,24,shaykhantohur
,https://www.olx.uz/d/obyavlenie/srochno-arenda-kvartiry-tashkent-siti-nestone-shikarnym-vidom-na-hilton-ID4f0Wj.html,,,,,,,,4f0Wj,24,shaykhantohur
СРОЧНО!! Аренда квартиры Ташкент Сити NESTONE шикарным видом на HILTON,https://www.olx.uz/d/obyavlenie/srochno-arenda-kvartiry-tashkent-siti-nestone-shikarnym-vidom-na-hilton-ID4f0Wj.html,700 у.е.,700.0,у.е,,,,,4f0Wj,24,shaykhantohur
,https://www.olx.uz/d/obyavlenie/arenda-zhk-nest-one-2-25-51-ID4eN0h.html,,,,,,,,4eN0h,24,shaykhantohur
Аренда Жк Nest One 2/25/51,https://www.olx.uz/d/obyavlenie/arenda-zhk-nest-one-2-25-51-ID4eN0h.html,1 800 у.е.,1800.0,у.е,,,,,4eN0h,24,shaykhantohur
,https://www.olx.uz/d/obyavlenie/arenda-tashkent-siti-novaya-3-h-komnatnaya-kvartira-ID4ed3a.html,,,,,,,,4ed3a,24,shaykhantohur
Аренда Ташкент Сити! Новая 3-х комнатная квартира,https://www.olx.uz/d/obyavlenie/arenda-tashkent-siti-novaya-3-h-komnatnaya-kvartira-ID4ed3a.html,1 100 у.е. Договорная,1100.0,у.е,,,,,4ed3a,24,shaykhantohur
,https://www.olx.uz/d/obyavlenie/tashkent-siti-zhk-gardens-premialnaya-3h-komnatnaya-kvartira-v-luchshem-zhk-ID44qbq.html,,,,,,,,44qbq,24,shaykhantohur
Ташкент Сити Жк Gardens! Премиальная 3х комнатная квартира в лучшем жк,https://www.olx.uz/d/obyavlenie/tashkent-siti-zhk-gardens-premialnaya-3h-komnatnaya-kvartira-v-luchshem-zhk-ID44qbq.html,1 200 у.е. Договорная,1200.0,у.е,,,,,44qbq,24,shaykhantohur
,https://www.olx.uz/d/obyavlenie/tashkent-city-boulevard-avtorskiy-novyy-remont-3komnaty-vse-vklyucheno-ID45V26.html,,,,,,,,45V26,24,shaykhantohur
Tashkent city Boulevard! Авторский новый ремонт! 3комнаты все включено,https://www.olx.uz/d/obyavlenie/tashkent-city-boulevard-avtorskiy-novyy-remont-3komnaty-vse-vklyucheno-ID45V26.html,1 200 у.е. Договорная,1200.0,у.е,,,,,45V26,24,shaykhantohur
,https://www.olx.uz/d/obyavlenie/sdayu-2-2-4-ts-13-ukrmplektovanaya-per-v3h-ID4ec5X.html,,,,,,,,4ec5X,24,shaykhantohur
Сдаю 2/2/4.Ц 13.укрмплектованая пер.в3х,https://www.olx.uz/d/obyavlenie/sdayu-2-2-4-ts-13-ukrmplektovanaya-per-v3h-ID4ec5X.html,600 у.е.,600.0,у.е,,,,,4ec5X,24,shaykhantohur
,https://www.olx.uz/d/obyavlenie/zhk-tashkent-siti-bulvar-3-h-komnatnaya-kvartira-ID4euAW.html,,,,,,,,4euAW,24,shaykhantohur
ЖК Ташкент Сити Бульвар! 3-х комнатная квартира,https://www.olx.uz/d/obyavlenie/zhk-tashkent-siti-bulvar-3-h-komnatnaya-kvartira-ID4euAW.html,1 500 у.е. Договорная,1500.0,у.е,,,,,4euAW,24,shaykhantohur
,https://www.olx.uz/d/obyavlenie/tashkent-siti-zhk-bulvar-sdaetsya-novaya-kvartira-v-elit-komplekse-ID3q6ZS.html,,,,,,,,3q6ZS,24,shaykhantohur
Ташкент Сити-Жк Бульвар! Сдается новая квартира в элит комплексе!,https://www.olx.uz/d/obyavlenie/tashkent-siti-zhk-bulvar-sdaetsya-novaya-kvartira-v-elit-komplekse-ID3q6ZS.html,900 у.е.,900.0,у.е,,,,,3q6ZS,24,shaykhantohur
,https://www.olx.uz/d/obyavlenie/tashkent-siti-zhk-gardens-sdaetsya-novaya-kvartira-v-elit-komplekse-ID3qGkP.html,,,,,,,,3qGkP,24,shaykhantohur
Ташкент Сити-Жк Gardens! Сдается новая квартира в элит комплексе!,https://www.olx.uz/d/obyavlenie/tashkent-siti-zhk-gardens-sdaetsya-novaya-kvartira-v-elit-komplekse-ID3qGkP.html,1 300 у.е. Договорная,1300.0,у.е,,,,,3qGkP,24,shaykhantohur
,https://www.olx.uz/d/obyavlenie/zhk-nrg-u-tower-sdaetsya-novaya-studiya-v-novom-elitnom-komplekse-ID42JvK.html,,,,,,,,42JvK,24,shaykhantohur
Жк NRG-U Tower! Сдается новая студия в новом элитном комплексе!,https://www.olx.uz/d/obyavlenie/zhk-nrg-u-tower-sdaetsya-novaya-studiya-v-novom-elitnom-komplekse-ID42JvK.html,900 у.е. Договорная,900.0,у.е,,,,,42JvK,24,shaykhantohur
,https://www.olx.uz/d/obyavlenie/labzak-lokomotiv-park-3-kom-7-etazh-9-etazhka-vse-est-foto-realno-ID4dZfv.html,,,,,,,,4dZfv,24,shaykhantohur
Лабзак Локомотив парк 3 ком 7 этаж 9 этажка все ест фото реално,https://www.olx.uz/d/obyavlenie/labzak-lokomotiv-park-3-kom-7-etazh-9-etazhka-vse-est-foto-realno-ID4dZfv.html,1 200 у.е.,1200.0,у.е,,,,,4dZfv,24,shaykhantohur
,https://www.olx.uz/d/obyavlenie/tashkent-siti-zhk-gardens-a-sdaetsya-bezuprechnaya-kvartira-v-novostroyke-ID3OlqS.html,,,,,,,,3OlqS,24,shaykhantohur
Ташкент сити ЖК Гарденс а Сдаётся безупречная квартира в новостройке,https://www.olx.uz/d/obyavlenie/tashkent-siti-zhk-gardens-a-sdaetsya-bezuprechnaya-kvartira-v-novostroyke-ID3OlqS.html,1 000 у.е. Договорная,1000.0,у.е,,,,,3OlqS,24,shaykhantohur
,https://www.olx.uz/d/obyavlenie/tashkent-siti-zhk-bulvar-sdaetsya-novaya-studiya-v-elit-komplekse-ID3i8N5.html,,,,,,,,3i8N5,24,shaykhantohur
Ташкент Сити-Жк Бульвар! Сдается новая студия в элит комплексе!,https://www.olx.uz/d/obyavlenie/tashkent-siti-zhk-bulvar-sdaetsya-novaya-studiya-v-elit-komplekse-ID3i8N5.html,900 у.е.,900.0,у.е,,,,,3i8N5,24,shaykhantohur
,https://www.olx.uz/d/obyavlenie/tashkent-siti-zhk-gardens-b-sdaetsya-bezuprechnaya-kvartira-v-novostroyke-ID3Ifmf.html,,,,,,,,3Ifmf,24,shaykhantohur
Ташкент сити жк Гарденс б Сдаётся безупречная квартира в новостройке,https://www.olx.uz/d/obyavlenie/tashkent-siti-zhk-gardens-b-sdaetsya-bezuprechnaya-kvartira-v-novostroyke-ID3Ifmf.html,2 000 у.е. Договорная,2000.0,у.е,,,,,3Ifmf,24,shaykhantohur
,https://www.olx.uz/d/obyavlenie/gardens-arenda-kvartira-3-5-8-tashkent-siti-ID4fbek.html,,,,,,,,4fbek,24,shaykhantohur
Гарденс аренда квартира 3/5/8 Ташкент сити,https://www.olx.uz/d/obyavlenie/gardens-arenda-kvartira-3-5-8-tashkent-siti-ID4fbek.html,2 000 у.е.,2000.0,у.е,,,,,4fbek,24,shaykhantohur
,https://www.olx.uz/d/obyavlenie/tashkent-siti-zhk-gardens-sdaetsya-novaya-3-h-komnatnaya-v-elit-komplekse-ID3EJcg.html,,,,,,,,3EJcg,24,shaykhantohur
Ташкент Сити-Жк Gardens! Сдается новая 3-х комнатная в элит комплексе!,https://www.olx.uz/d/obyavlenie/tashkent-siti-zhk-gardens-sdaetsya-novaya-3-h-komnatnaya-v-elit-komplekse-ID3EJcg.html,1 200 у.е. Договорная,1200.0,у.е,,,,,3EJcg,24,shaykhantohur
,https://www.olx.uz/d/obyavlenie/zhk-tashkent-siti-sdaetsya-3h-kom-kvartira-v-elit-komplekse-ID4dp6R.html,,,,,,,,4dp6R,24,shaykhantohur
Жк Ташкент Сити! Сдается 3х-ком квартира! В элит комплексе!,https://www.olx.uz/d/obyavlenie/zhk-tashkent-siti-sdaetsya-3h-kom-kvartira-v-elit-komplekse-ID4dp6R.html,1 200 у.е. Договорная,1200.0,у.е,,,,,4dp6R,24,shaykhantohur
,https://www.olx.uz/d/obyavlenie/zhk-tashkent-siti-bulvar-novaya-kvartira-3-h-ID46QGo.html,,,,,,,,46QGo,24,shaykhantohur
ЖК Ташкент Сити Бульвар новая квартира! 3-х,https://www.olx.uz/d/obyavlenie/zhk-tashkent-siti-bulvar-novaya-kvartira-3-h-ID46QGo.html,1 000 у.е. Договорная,1000.0,у.е,,,,,46QGo,24,shaykhantohur
,https://www.olx.uz/d/obyavlenie/sdaetsya-kvartira-na-zhk-bulivar-ID3KqLV.html,,,,,,,,3KqLV,24,shaykhantohur
Сдаётся квартира на ЖК Буливар‼️,https://www.olx.uz/d/obyavlenie/sdaetsya-kvartira-na-zhk-bulivar-ID3KqLV.html,1 500 у.е.,1500.0,у.е,,,,,3KqLV,24,shaykhantohur
,https://www.olx.uz/d/obyavlenie/sdaetsya-kvartira-na-zhk-gardens-tashkent-siti-ID3V6dv.html,,,,,,,,3V6dv,24,shaykhantohur
Сдаётся квартира на ЖК Гарденс Ташкент сити,https://www.olx.uz/d/obyavlenie/sdaetsya-kvartira-na-zhk-gardens-tashkent-siti-ID3V6dv.html,1 200 у.е.,1200.0,у.е,,,,,3V6dv,24,shaykhantohur
,https://www.olx.uz/d/obyavlenie/sdaetsya-novaya-kvartira-zhk-gardens-s-vidom-na-bulvard-ID3ugfI.html,,,,,,,,3ugfI,24,shaykhantohur
Сдается новая квартира ЖК Гарденс с видом на Бульвард .,https://www.olx.uz/d/obyavlenie/sdaetsya-novaya-kvartira-zhk-gardens-s-vidom-na-bulvard-ID3ugfI.html,1 400 у.е. Договорная,1400.0,у.е,,,,,3ugfI,24,shaykhantohur
,https://www.olx.uz/d/obyavlenie/sdaetsya-kvartira-na-zhk-bulvar-tashkent-siti-ID3VfhR.html,,,,,,,,3VfhR,24,shaykhantohur
Сдаётся квартира на ЖК Бульвар Ташкент сити,https://www.olx.uz/d/obyavlenie/sdaetsya-kvartira-na-zhk-bulvar-tashkent-siti-ID3VfhR.html,1 400 у.е.,1400.0,у.е,,,,,3VfhR,24,shaykhantohur
,https://www.olx.uz/d/obyavlenie/sdaetsya-prestizhnaya-kvartira-zhk-u-tower-druzhba-narodov-ID4f05B.html,,,,,,,,4f05B,24,shaykhantohur
Сдается престижная квартира ЖК U Tower Дружба Народов,https://www.olx.uz/d/obyavlenie/sdaetsya-prestizhnaya-kvartira-zhk-u-tower-druzhba-narodov-ID4f05B.html,2 300 у.е.,2300.0,у.е,,,,,4f05B,24,shaykhantohur
,https://www.olx.uz/d/obyavlenie/hozyaykali-kvartira-ID2UHjb.html,,,,,,,,2UHjb,24,shaykhantohur
Хозяйкали квартира,https://www.olx.uz/d/obyavlenie/hozyaykali-kvartira-ID2UHjb.html,1 500 000 сум,1500000.0,сум,,,,,2UHjb,24,shaykhantohur
,https://www.olx.uz/d/obyavlenie/zhk-gardens-tashkent-siti-sdaetsya-novaya-kvartira-premium-klassa-ID3FVtQ.html,,,,,,,,3FVtQ,24,shaykhantohur
ЖК Гарденс Ташкент Сити! Сдаётся новая квартира премиум класса!,https://www.olx.uz/d/obyavlenie/zhk-gardens-tashkent-siti-sdaetsya-novaya-kvartira-premium-klassa-ID3FVtQ.html,800 у.е. Договорная,800.0,у.е,,,,,3FVtQ,24,shaykhantohur
,https://www.olx.uz/d/obyavlenie/tashkent-siti-zhk-bulvar-sdaetsya-novaya-3-h-komnatnaya-v-elit-komplekse-ID3Fenn.html,,,,,,,,3Fenn,24,shaykhantohur
Ташкент Сити-Жк Бульвар! Сдается новая 3-х комнатная в элит комплексе!,https://www.olx.uz/d/obyavlenie/tashkent-siti-zhk-bulvar-sdaetsya-novaya-3-h-komnatnaya-v-elit-komplekse-ID3Fenn.html,1 300 у.е. Договорная,1300.0,у.е,,,,,3Fenn,24,shaykhantohur
,https://www.olx.uz/d/obyavlenie/arenda-kvartira-toshkent-sity-zhk-gardens-ID4eMUA.html,,,,,,,,4eMUA,24,shaykhantohur
Аренда квартира Тошкент ситй Жк Гарденс,https://www.olx.uz/d/obyavlenie/arenda-kvartira-toshkent-sity-zhk-gardens-ID4eMUA.html,2 000 у.е. Договорная,2000.0,у.е,,,,,4eMUA,24,shaykhantohur
,https://www.olx.uz/d/obyavlenie/tashkent-siti-gardens-sdaetsya-novaya-kvartira-v-elit-komplekse-ID3O4dB.html,,,,,,,,3O4dB,24,shaykhantohur
Ташкент Сити-Gardens! Сдается новая квартира в элит комплексе!,https://www.olx.uz/d/obyavlenie/tashkent-siti-gardens-sdaetsya-novaya-kvartira-v-elit-komplekse-ID3O4dB.html,1 000 у.е. Договорная,1000.0,у.е,,,,,3O4dB,24,shaykhantohur
,https://www.olx.uz/d/obyavlenie/zhk-tashkent-siti-bulvar-stil-neoklassika-3-h-kom-ID4c8Ay.html,,,,,,,,4c8Ay,24,shaykhantohur
ЖК Ташкент Сити Бульвар! Стиль неоклассика 3-х ком,https://www.olx.uz/d/obyavlenie/zhk-tashkent-siti-bulvar-stil-neoklassika-3-h-kom-ID4c8Ay.html,1 100 у.е.,1100.0,у.е,,,,,4c8Ay,24,shaykhantohur
,https://www.olx.uz/d/obyavlenie/sdaetsya-samarkand-darvoza-orentir-uch-chinor-restaran-tolka-semya-ID4f1zl.html,,,,,,,,4f1zl,24,shaykhantohur
Сдается Самарканд дарвоза орентир Уч Чинор рестаран толка семья,https://www.olx.uz/d/obyavlenie/sdaetsya-samarkand-darvoza-orentir-uch-chinor-restaran-tolka-semya-ID4f1zl.html,300 у.е.,300.0,у.е,,,,,4f1zl,24,shaykhantohur
,https://www.olx.uz/d/obyavlenie/gafur-gulom-metro-yonida-ijaraga-uzoq-mudatga-3-2-9-ID4eZlw.html,,,,,,,,4eZlw,24,shaykhantohur
Gafur gulom metro yonida ijaraga uzoq mudatga  3/2/9,https://www.olx.uz/d/obyavlenie/gafur-gulom-metro-yonida-ijaraga-uzoq-mudatga-3-2-9-ID4eZlw.html,600 у.е.,600.0,у.е,,,,,4eZlw,24,shaykhantohur
,https://www.olx.uz/d/obyavlenie/zhk-nest-one-sdaetsya-novaya-studiya-v-premialnom-komplekse-tashkenta-ID42WdH.html,,,,,,,,42WdH,24,shaykhantohur
Жк Nest One-Сдается новая студия в премиальном комплексе Ташкента!,https://www.olx.uz/d/obyavlenie/zhk-nest-one-sdaetsya-novaya-studiya-v-premialnom-komplekse-tashkenta-ID42WdH.html,1 000 у.е.,1000.0,у.е,,,,,42WdH,24,shaykhantohur
,https://www.olx.uz/d/obyavlenie/zhk-tashkent-siti-bulvar-novaya-kvartira-3-h-ID46QGo.html,,,,,,,,46QGo,24,shaykhantohur
ЖК Ташкент Сити Бульвар новая квартира! 3-х,https://www.olx.uz/d/obyavlenie/zhk-tashkent-siti-bulvar-novaya-kvartira-3-h-ID46QGo.html,1 000 у.е. Договорная,1000.0,у.е,,,,,46QGo,24,shaykhantohur
,https://www.olx.uz/d/obyavlenie/sdaetsya-kvartira-v-druzhba-narodov-2-2-4-55-kv-m-ID4dZ6Q.html,,,,,,,,4dZ6Q,24,shaykhantohur
"Сдаётся квартира в Дружба народов!!! 2/2/4, 55 КВ.м",https://www.olx.uz/d/obyavlenie/sdaetsya-kvartira-v-druzhba-narodov-2-2-4-55-kv-m-ID4dZ6Q.html,600 у.е.,600.0,у.е,,,,,4dZ6Q,24,shaykhantohur
,https://www.olx.uz/d/obyavlenie/zhk-nest-one-sdaetsya-novaya-kvartira-ID447TF.html,,,,,,,,447TF,24,shaykhantohur
ЖК NEST ONE! Сдается новая квартира!,https://www.olx.uz/d/obyavlenie/zhk-nest-one-sdaetsya-novaya-kvartira-ID447TF.html,1 000 у.е. Договорная,1000.0,у.е,,,,,447TF,24,shaykhantohur
,https://www.olx.uz/d/obyavlenie/bez-depozit-sdaetsya-2h-komn-kvartira-48m2-ts-13-or-korzinka-abay-bks-ID4dZ5N.html,,,,,,,,4dZ5N,24,shaykhantohur
"БЕЗ ДЕПОЗИТ!Сдается 2х комн. Квартира,48м2|Ц-13,ор Корзинка ABAY!  БКС",https://www.olx.uz/d/obyavlenie/bez-depozit-sdaetsya-2h-komn-kvartira-48m2-ts-13-or-korzinka-abay-bks-ID4dZ5N.html,750 у.е. Договорная,750.0,у.е,,,,,4dZ5N,24,shaykhantohur
,https://www.olx.uz/d/obyavlenie/arenda-oylaga-chorsu-450-bez-makler-ID42AaD.html,,,,,,,,42AaD,24,shaykhantohur
Arenda oylaga chorsu  450$ bez makler,https://www.olx.uz/d/obyavlenie/arenda-oylaga-chorsu-450-bez-makler-ID42AaD.html,450 у.е. Договорная,450.0,у.е,,,,,42AaD,24,shaykhantohur
,https://www.olx.uz/d/obyavlenie/arenda-3h-komnatnoy-kvartiry-ot-sobstvennika-ID4fb4o.html,,,,,,,,4fb4o,24,shaykhantohur
Аренда 3х комнатной квартиры от собственника,https://www.olx.uz/d/obyavlenie/arenda-3h-komnatnoy-kvartiry-ot-sobstvennika-ID4fb4o.html,650 у.е.,650.0,у.е,,,,,4fb4o,24,shaykhantohur
,https://www.olx.uz/d/obyavlenie/arenda-kvartira-kukcha-gulzor-ID49Mpu.html,,,,,,,,49Mpu,24,shaykhantohur
Аренда квартира Кукча Гулзор,https://www.olx.uz/d/obyavlenie/arenda-kvartira-kukcha-gulzor-ID49Mpu.html,400 у.е.,400.0,у.е,,,,,49Mpu,24,shaykhantohur
,https://www.olx.uz/d/obyavlenie/zhk-nest-one-2ka-s-vidom-na-park-tashkent-siti-novaya-kvartira-zhdet-vas-ID44vmU.html,,,,,,,,44vmU,24,shaykhantohur
Жк Nest One! 2ка с видом на парк Ташкент сити! Новая квартира ждет вас,https://www.olx.uz/d/obyavlenie/zhk-nest-one-2ka-s-vidom-na-park-tashkent-siti-novaya-kvartira-zhdet-vas-ID44vmU.html,1 000 у.е. Договорная,1000.0,у.е,,,,,44vmU,24,shaykhantohur
,https://www.olx.uz/d/obyavlenie/srochno-sdaetsya-2h-komn-77-kv-m-ul-samarkand-darvoza-shkola-85-bks-ID4dZ1u.html,,,,,,,,4dZ1u,24,shaykhantohur
"СРОЧНО СДАЕТСЯ!!2х комн,77 кв.м|ул Самарканд Дарвоза, школа-85. БКС",https://www.olx.uz/d/obyavlenie/srochno-sdaetsya-2h-komn-77-kv-m-ul-samarkand-darvoza-shkola-85-bks-ID4dZ1u.html,700 у.е. Договорная,700.0,у.е,,,,,4dZ1u,24,shaykhantohur
,https://www.olx.uz/d/obyavlenie/zhk-tashkent-siti-bulvar-3-h-komnatnaya-kvartira-ID4euAW.html,,,,,,,,4euAW,24,shaykhantohur
ЖК Ташкент Сити Бульвар! 3-х комнатная квартира,https://www.olx.uz/d/obyavlenie/zhk-tashkent-siti-bulvar-3-h-komnatnaya-kvartira-ID4euAW.html,1 500 у.е. Договорная,1500.0,у.е,,,,,4euAW,24,shaykhantohur
,https://www.olx.uz/d/obyavlenie/tashkent-siti-gardens-sdaetsya-novaya-kvartira-v-prestizhnom-komplekse-ID3CjU7.html,,,,,,,,3CjU7,24,shaykhantohur
Ташкент Сити-Gardens! Сдается новая квартира в престижном комплексе!,https://www.olx.uz/d/obyavlenie/tashkent-siti-gardens-sdaetsya-novaya-kvartira-v-prestizhnom-komplekse-ID3CjU7.html,900 у.е. Договорная,900.0,у.е,,,,,3CjU7,24,shaykhantohur
,https://www.olx.uz/d/obyavlenie/zhk-nest-one-sdaetsya-novaya-3-h-komnatnaya-kvartira-v-elit-komplekse-ID42Ky3.html,,,,,,,,42Ky3,24,shaykhantohur
Жк Nest One-Сдается новая 3-х комнатная квартира в элит комплексе!,https://www.olx.uz/d/obyavlenie/zhk-nest-one-sdaetsya-novaya-3-h-komnatnaya-kvartira-v-elit-komplekse-ID42Ky3.html,1 400 у.е.,1400.0,у.е,,,,,42Ky3,24,shaykhantohur
,https://www.olx.uz/d/obyavlenie/talaba-qizlar-uchun-ID3DPDM.html,,,,,,,,3DPDM,24,shaykhantohur
Talaba qizlar uchun,https://www.olx.uz/d/obyavlenie/talaba-qizlar-uchun-ID3DPDM.html,100 у.е.,100.0,у.е,,,,,3DPDM,24,shaykhantohur
,https://www.olx.uz/d/obyavlenie/sdaetsya-kvartira-ID4dYSh.html,,,,,,,,4dYSh,24,shaykhantohur
Сдается квартира,https://www.olx.uz/d/obyavlenie/sdaetsya-kvartira-ID4dYSh.html,1 000 у.е.,1000.0,у.е,,,,,4dYSh,24,shaykhantohur
,https://www.olx.uz/d/obyavlenie/gardens-toshkent-city-ijaraga-kvartira-sdaetsya-v-arendu-ID4f9SY.html,,,,,,,,4f9SY,24,shaykhantohur
Gardens Toshkent city Ijaraga kvartira/Сдается в аренду,https://www.olx.uz/d/obyavlenie/gardens-toshkent-city-ijaraga-kvartira-sdaetsya-v-arendu-ID4f9SY.html,1 400 у.е.,1400.0,у.е,,,,,4f9SY,24,shaykhantohur
,https://www.olx.uz/d/obyavlenie/boulevard-toshkent-city-kvartira-ijaraga-beriladi-ID4f9RH.html,,,,,,,,4f9RH,24,shaykhantohur
Boulevard Toshkent city kvartira ijaraga beriladi,https://www.olx.uz/d/obyavlenie/boulevard-toshkent-city-kvartira-ijaraga-beriladi-ID4f9RH.html,1 250 у.е.,1250.0,у.е,,,,,4f9RH,24,shaykhantohur
,https://www.olx.uz/d/obyavlenie/nrg-u-tower-ijaraga-kvartira-kvartira-v-arendu-ID4f9S2.html,,,,,,,,4f9S2,24,shaykhantohur
NRG U-TOWER ijaraga kvartira/Квартира в аренду,https://www.olx.uz/d/obyavlenie/nrg-u-tower-ijaraga-kvartira-kvartira-v-arendu-ID4f9S2.html,1 050 у.е. Договорная,1050.0,у.е,,,,,4f9S2,24,shaykhantohur
,https://www.olx.uz/d/obyavlenie/sdaetsya-kvartira-zhk-boulevard-ijaraga-kvartira-ID4f9Tb.html,,,,,,,,4f9Tb,24,shaykhantohur
Сдается квартира ЖК Boulevard/ijaraga kvartira,https://www.olx.uz/d/obyavlenie/sdaetsya-kvartira-zhk-boulevard-ijaraga-kvartira-ID4f9Tb.html,1 400 у.е.,1400.0,у.е,,,,,4f9Tb,24,shaykhantohur
,https://www.olx.uz/d/obyavlenie/samarqand-darvoza-kvartira-ijaraga-beriladi-uzoq-mudatga-ID4dOD3.html,,,,,,,,4dOD3,24,shaykhantohur
Samarqand darvoza Kvartira ijaraga beriladi uzoq mudatga,https://www.olx.uz/d/obyavlenie/samarqand-darvoza-kvartira-ijaraga-beriladi-uzoq-mudatga-ID4dOD3.html,650 у.е.,650.0,у.е,,,,,4dOD3,24,shaykhantohur
,https://www.olx.uz/d/obyavlenie/sdaetsya-v-arendu-gardens-toshkent-city-ijaraga-kvartira-ID4f9T2.html,,,,,,,,4f9T2,24,shaykhantohur
Сдается в аренду/Gardens Toshkent city Ijaraga kvartira,https://www.olx.uz/d/obyavlenie/sdaetsya-v-arendu-gardens-toshkent-city-ijaraga-kvartira-ID4f9T2.html,1 300 у.е. Договорная,1300.0,у.е,,,,,4f9T2,24,shaykhantohur
,https://www.olx.uz/d/obyavlenie/lux-full-boulevard-4x-ijaraga-kvartira-sdaetsya-v-arendu-ID4f9Tp.html,,,,,,,,4f9Tp,24,shaykhantohur
Lux full Boulevard 4x Ijaraga kvartira /Сдается в аренду,https://www.olx.uz/d/obyavlenie/lux-full-boulevard-4x-ijaraga-kvartira-sdaetsya-v-arendu-ID4f9Tp.html,3 300 у.е.,3300.0,у.е,,,,,4f9Tp,24,shaykhantohur
,https://www.olx.uz/d/obyavlenie/jk-ozbegim-3x-ijaraga-beriladi-sdaetsya-v-arendu-ID4f9Tt.html,,,,,,,,4f9Tt,24,shaykhantohur
JK O'zbegim 3x ijaraga beriladi /Сдается в аренду,https://www.olx.uz/d/obyavlenie/jk-ozbegim-3x-ijaraga-beriladi-sdaetsya-v-arendu-ID4f9Tt.html,1 100 у.е. Договорная,1100.0,у.е,,,,,4f9Tt,24,shaykhantohur
,https://www.olx.uz/d/obyavlenie/zhk-mirabad-avenyu-srochno-sdaetsya-ID4ed1Y.html,,,,,,,,4ed1Y,24,shaykhantohur
ЖК Мирабад Авеню! Срочно сдается,https://www.olx.uz/d/obyavlenie/zhk-mirabad-avenyu-srochno-sdaetsya-ID4ed1Y.html,1 000 у.е. Договорная,1000.0,у.е,,,,,4ed1Y,24,shaykhantohur
,https://www.olx.uz/d/obyavlenie/ibn-sino-1-3-2-5-uy-arendaga-ID4eNIv.html,,,,,,,,4eNIv,24,shaykhantohur
Ibn sino 1 3/2/5 uy arendaga,https://www.olx.uz/d/obyavlenie/ibn-sino-1-3-2-5-uy-arendaga-ID4eNIv.html,400 у.е. Договорная,400.0,у.е,,,,,4eNIv,24,shaykhantohur
,https://www.olx.uz/d/obyavlenie/tashkent-city-boulevard-novaya-3h-komnatnaya-kvartira-vse-vklyucheno-ID45M6S.html,,,,,,,,45M6S,24,shaykhantohur
Tashkent city Boulevard! Новая 3х комнатная квартира! Все включено!,https://www.olx.uz/d/obyavlenie/tashkent-city-boulevard-novaya-3h-komnatnaya-kvartira-vse-vklyucheno-ID45M6S.html,1 200 у.е. Договорная,1200.0,у.е,,,,,45M6S,24,shaykhantohur
,https://www.olx.uz/d/obyavlenie/boulevard-3x-kvartira-arenda-toshkent-city-ID4f9Tl.html,,,,,,,,4f9Tl,24,shaykhantohur
Boulevard 3x kvartira arenda Toshkent city,https://www.olx.uz/d/obyavlenie/boulevard-3x-kvartira-arenda-toshkent-city-ID4f9Tl.html,1 300 у.е. Договорная,1300.0,у.е,,,,,4f9Tl,24,shaykhantohur
,https://www.olx.uz/d/obyavlenie/3x-boulevard-jk-ijaraga-kvartira-kvartira-v-arendu-ID4f9Tx.html,,,,,,,,4f9Tx,24,shaykhantohur
3x  Boulevard JK ijaraga kvartira/Квартира в аренду,https://www.olx.uz/d/obyavlenie/3x-boulevard-jk-ijaraga-kvartira-kvartira-v-arendu-ID4f9Tx.html,1 400 у.е.,1400.0,у.е,,,,,4f9Tx,24,shaykhantohur
,https://www.olx.uz/d/obyavlenie/sdaetsya-2-komnatnaya-kvartira-shayhantahurskiy-sebzar-zhk-koh-ota-2-4-9-ID4f8mb.html,,,,,,,,4f8mb,24,shaykhantohur
Сдается 2-комнатная квартира Шайхантахурский Себзар ЖК Кох Ота 2/4/9,https://www.olx.uz/d/obyavlenie/sdaetsya-2-komnatnaya-kvartira-shayhantahurskiy-sebzar-zhk-koh-ota-2-4-9-ID4f8mb.html,700 у.е.,700.0,у.е,,,,,4f8mb,24,shaykhantohur
,https://www.olx.uz/d/obyavlenie/arenda-zhk-bulvar-prostornaya-kvartira-s-dizaynerskim-remontom-ID4eMK7.html,,,,,,,,4eMK7,24,shaykhantohur
Аренда ЖК «Бульвар» — просторная квартира с дизайнерским ремонтом,https://www.olx.uz/d/obyavlenie/arenda-zhk-bulvar-prostornaya-kvartira-s-dizaynerskim-remontom-ID4eMK7.html,2 000 у.е.,2000.0,у.е,,,,,4eMK7,24,shaykhantohur
,https://www.olx.uz/d/obyavlenie/arenda-kvartira-1-hona-kora-kamish-ID39aoK.html,,,,,,,,39aoK,24,shaykhantohur
Аренда Квартира 1 хона Кора камиш,https://www.olx.uz/d/obyavlenie/arenda-kvartira-1-hona-kora-kamish-ID39aoK.html,350 у.е.,350.0,у.е,,,,,39aoK,24,shaykhantohur
,https://www.olx.uz/d/obyavlenie/tashkent-siti-zhk-gardens-sdaetsya-novaya-kvartira-v-tsentre-goroda-ID4ek28.html,,,,,,,,4ek28,24,shaykhantohur
Ташкент Сити-Жк Gardens! Сдается новая квартира в центре города!,https://www.olx.uz/d/obyavlenie/tashkent-siti-zhk-gardens-sdaetsya-novaya-kvartira-v-tsentre-goroda-ID4ek28.html,1 300 у.е.,1300.0,у.е,,,,,4ek28,24,shaykhantohur
,https://www.olx.uz/d/obyavlenie/kvartira-bor-bollaga-chilonzorda-metroga-3min-peshkom-ID4faU6.html,,,,,,,,4faU6,24,shaykhantohur
Квартира бор боллага  чилонзорда метрога 3мин пешком,https://www.olx.uz/d/obyavlenie/kvartira-bor-bollaga-chilonzorda-metroga-3min-peshkom-ID4faU6.html,800 000 сум,800000.0,сум,,,,,4faU6,24,shaykhantohur
,https://www.olx.uz/d/obyavlenie/svoya-srochno-v-arendu-nest-one-ID4eEAy.html,,,,,,,,4eEAy,24,shaykhantohur
Своя Срочно в Аренду Nest one,https://www.olx.uz/d/obyavlenie/svoya-srochno-v-arendu-nest-one-ID4eEAy.html,1 300 у.е.,1300.0,у.е,,,,,4eEAy,24,shaykhantohur
,https://www.olx.uz/d/obyavlenie/metro-gafur-gulyam-sdam-2-komnat-chorsu-sebzor-ganga-dzhangoh-foto-real-ID4eMGt.html,,,,,,,,4eMGt,24,shaykhantohur
метро ГАФУР ГУЛЯМ сдам 2 комнат Чорсу Себзор ганга джангох ФОТО РЕАЛ,https://www.olx.uz/d/obyavlenie/metro-gafur-gulyam-sdam-2-komnat-chorsu-sebzor-ganga-dzhangoh-foto-real-ID4eMGt.html,500 у.е. Договорная,500.0,у.е,,,,,4eMGt,24,shaykhantohur
,https://www.olx.uz/d/obyavlenie/ts-15-zhangoh-kozogiston-posolstvo-elitnye-kvartiry-v-tsentre-goroda-ID3Xoua.html,,,,,,,,3Xoua,24,shaykhantohur
Ц-15 Жангох Козогистон посольство Элитные квартиры в центре города,https://www.olx.uz/d/obyavlenie/ts-15-zhangoh-kozogiston-posolstvo-elitnye-kvartiry-v-tsentre-goroda-ID3Xoua.html,650 у.е.,650.0,у.е,,,,,3Xoua,24,shaykhantohur
,https://www.olx.uz/d/obyavlenie/zhk-nrg-u-tower-sdaetsya-novaya-studiya-v-elitnom-komplekse-ID429Sl.html,,,,,,,,429Sl,24,shaykhantohur
Жк NRG-U Tower! Сдается новая студия в элитном комплексе!,https://www.olx.uz/d/obyavlenie/zhk-nrg-u-tower-sdaetsya-novaya-studiya-v-elitnom-komplekse-ID429Sl.html,1 000 у.е.,1000.0,у.е,,,,,429Sl,24,shaykhantohur
,https://www.olx.uz/d/obyavlenie/tashkent-siti-zhk-bulvar-sdaetsya-novaya-3-h-komnatnaya-v-elit-komplekse-ID3P4v4.html,,,,,,,,3P4v4,24,shaykhantohur
Ташкент Сити-Жк Бульвар! Сдается новая 3-х комнатная в элит комплексе!,https://www.olx.uz/d/obyavlenie/tashkent-siti-zhk-bulvar-sdaetsya-novaya-3-h-komnatnaya-v-elit-komplekse-ID3P4v4.html,1 400 у.е. Договорная,1400.0,у.е,,,,,3P4v4,24,shaykhantohur
,https://www.olx.uz/d/obyavlenie/arenda-kvartiry-v-zhk-nrg-u-tower-ID4cpBn.html,,,,,,,,4cpBn,24,shaykhantohur
Аренда квартиры в ЖК NRG U-Tower,https://www.olx.uz/d/obyavlenie/arenda-kvartiry-v-zhk-nrg-u-tower-ID4cpBn.html,1 300 у.е. Договорная,1300.0,у.е,,,,,4cpBn,24,shaykhantohur
,https://www.olx.uz/d/obyavlenie/tinchlek-metro-3-honali-guncha-kinoteatr-elitnye-kvartiry-v-tsentre-gorod-ID3XbAP.html,,,,,,,,3XbAP,24,shaykhantohur
Тинчлек Метро 3.хонали Гунча кинотеатр Элитные квартиры в центре город,https://www.olx.uz/d/obyavlenie/tinchlek-metro-3-honali-guncha-kinoteatr-elitnye-kvartiry-v-tsentre-gorod-ID3XbAP.html,500 у.е.,500.0,у.е,,,,,3XbAP,24,shaykhantohur
,https://www.olx.uz/d/obyavlenie/tinchlek-metro-6-honali-guncha-kinoteatr-elitnye-kvartiry-v-tsentre-gorod-ID49YZv.html,,,,,,,,49YZv,24,shaykhantohur
Тинчлек Метро 6.хонали Гунча Кинотеатр Элитные квартиры в центре город,https://www.olx.uz/d/obyavlenie/tinchlek-metro-6-honali-guncha-kinoteatr-elitnye-kvartiry-v-tsentre-gorod-ID49YZv.html,700 у.е.,700.0,у.е,,,,,49YZv,24,shaykhantohur
,https://www.olx.uz/d/obyavlenie/sdaetsya-kvartira-v-tashkent-siti-zhk-gardens-po-ochen-nizkoy-tsene-ID4faRg.html,,,,,,,,4faRg,24,shaykhantohur
Сдаётся квартира в Ташкент сити ЖК Gardens по очень низкой цене!,https://www.olx.uz/d/obyavlenie/sdaetsya-kvartira-v-tashkent-siti-zhk-gardens-po-ochen-nizkoy-tsene-ID4faRg.html,1 800 у.е. Договорная,1800.0,у.е,,,,,4faRg,24,shaykhantohur
,https://www.olx.uz/d/obyavlenie/tashkent-siti-gardens-sdaetsya-novaya-3-h-komnatnaya-v-novostroyke-ID3de2q.html,,,,,,,,3de2q,24,shaykhantohur
Ташкент Сити-Gardens! Сдается новая 3-х комнатная в новостройке!,https://www.olx.uz/d/obyavlenie/tashkent-siti-gardens-sdaetsya-novaya-3-h-komnatnaya-v-novostroyke-ID3de2q.html,1 200 у.е. Договорная,1200.0,у.е,,,,,3de2q,24,shaykhantohur
,https://www.olx.uz/d/obyavlenie/sdaetsya-kvartira-v-tashkent-siti-zhk-bulvar-ID3oTRU.html,,,,,,,,3oTRU,24,shaykhantohur
Сдается квартира в Ташкент Сити! ЖК Бульвар!,https://www.olx.uz/d/obyavlenie/sdaetsya-kvartira-v-tashkent-siti-zhk-bulvar-ID3oTRU.html,1 000 у.е. Договорная,1000.0,у.е,,,,,3oTRU,24,shaykhantohur
,https://www.olx.uz/d/obyavlenie/zhk-tashkent-siti-gardens-sdaetsya-3-h-komnatnaya-kvartira-ID3tiJr.html,,,,,,,,3tiJr,24,shaykhantohur
ЖК Ташкент Сити Гарденс! Сдается 3-х комнатная квартира!,https://www.olx.uz/d/obyavlenie/zhk-tashkent-siti-gardens-sdaetsya-3-h-komnatnaya-kvartira-ID3tiJr.html,1 000 у.е. Договорная,1000.0,у.е,,,,,3tiJr,24,shaykhantohur
,https://www.olx.uz/d/obyavlenie/zhk-tashkent-siti-sdaetsya-4-h-komnatnaya-shikarnaya-kvartira-ID431Mf.html,,,,,,,,431Mf,24,shaykhantohur
ЖК Ташкент Сити! Сдается 4-х комнатная шикарная квартира!,https://www.olx.uz/d/obyavlenie/zhk-tashkent-siti-sdaetsya-4-h-komnatnaya-shikarnaya-kvartira-ID431Mf.html,1 700 у.е.,1700.0,у.е,,,,,431Mf,24,shaykhantohur
,https://www.olx.uz/d/obyavlenie/tashkent-siti-gardens-sdaetsya-novaya-kvartira-v-elitnom-komplekse-ID4ehpI.html,,,,,,,,4ehpI,24,shaykhantohur
Ташкент Сити-Gardens! Сдается новая квартира в элитном комплексе!,https://www.olx.uz/d/obyavlenie/tashkent-siti-gardens-sdaetsya-novaya-kvartira-v-elitnom-komplekse-ID4ehpI.html,1 200 у.е.,1200.0,у.е,,,,,4ehpI,24,shaykhantohur
,https://www.olx.uz/d/obyavlenie/novostroyka-g-tashkent-siti-gardens-2-komnt-prekrasniy-vid-ID3THTB.html,,,,,,,,3THTB,24,shaykhantohur
"Новостройка г Ташкент Сити ""Гарденс"" 2 комнт прекрасний вид",https://www.olx.uz/d/obyavlenie/novostroyka-g-tashkent-siti-gardens-2-komnt-prekrasniy-vid-ID3THTB.html,1 000 у.е. Договорная,1000.0,у.е,,,,,3THTB,24,shaykhantohur
,https://www.olx.uz/d/obyavlenie/sdaetsya-v-arendu-ts-13-labzak-ID4dYMo.html,,,,,,,,4dYMo,24,shaykhantohur
Сдаётся в аренду  ц 13 лабзак,https://www.olx.uz/d/obyavlenie/sdaetsya-v-arendu-ts-13-labzak-ID4dYMo.html,700 у.е.,700.0,у.е,,,,,4dYMo,24,shaykhantohur
,https://www.olx.uz/d/obyavlenie/zhk-tashkent-siti-sdaetsya-3h-kom-kvartira-v-elit-komplekse-ID4dDLv.html,,,,,,,,4dDLv,24,shaykhantohur
Жк Ташкент Сити! Сдается 3х-ком квартира! В элит комплексе!,https://www.olx.uz/d/obyavlenie/zhk-tashkent-siti-sdaetsya-3h-kom-kvartira-v-elit-komplekse-ID4dDLv.html,1 200 у.е. Договорная,1200.0,у.е,,,,,4dDLv,24,shaykhantohur
,https://www.olx.uz/d/obyavlenie/arenda-kvartira-sitqi-ochniy-zaochniy-bollarga-ID3DIdj.html,,,,,,,,3DIdj,24,shaykhantohur
"ARENDA KVARTIRA!sitqi,ochniy,zaochniy bollarga",https://www.olx.uz/d/obyavlenie/arenda-kvartira-sitqi-ochniy-zaochniy-bollarga-ID3DIdj.html,600 000 сум,600000.0,сум,,,,,3DIdj,24,shaykhantohur
,https://www.olx.uz/d/obyavlenie/arenda-kvartira-oylik-kunlik-kvartira-ogil-bollarga-ID44S8I.html,,,,,,,,44S8I,24,shaykhantohur
"ARENDA KVARTIRA! Oylik,kunlik kvartira og'il bollarga",https://www.olx.uz/d/obyavlenie/arenda-kvartira-oylik-kunlik-kvartira-ogil-bollarga-ID44S8I.html,700 000 сум,700000.0,сум,,,,,44S8I,24,shaykhantohur
,https://www.olx.uz/d/obyavlenie/arenda-chorsu-samarkand-darvoza-1-honali-oilaga-beriladi-pustoy-uy-remo-ID3FXyn.html,,,,,,,,3FXyn,24,shaykhantohur
Аренда чорсу самарканд дарвоза 1.хонали оилага берилади пустой уй ремо,https://www.olx.uz/d/obyavlenie/arenda-chorsu-samarkand-darvoza-1-honali-oilaga-beriladi-pustoy-uy-remo-ID3FXyn.html,280 у.е.,280.0,у.е,,,,,3FXyn,24,shaykhantohur
,https://www.olx.uz/d/obyavlenie/arenda-2-4-9-ts-13-labzak-ID3rAMD.html,,,,,,,,3rAMD,24,shaykhantohur
"Аренда 2/4/9 Ц-13 , Лабзак",https://www.olx.uz/d/obyavlenie/arenda-2-4-9-ts-13-labzak-ID3rAMD.html,600 у.е.,600.0,у.е,,,,,3rAMD,24,shaykhantohur
,https://www.olx.uz/d/obyavlenie/tashkent-siti-3h-komn-novaya-ID3giwp.html,,,,,,,,3giwp,24,shaykhantohur
Ташкент сити 3х комн новая,https://www.olx.uz/d/obyavlenie/tashkent-siti-3h-komn-novaya-ID3giwp.html,2 000 у.е.,2000.0,у.е,,,,,3giwp,24,shaykhantohur
,https://www.olx.uz/d/obyavlenie/srochno-sdaetsya-kv-or-r-halklar-dostligi-2-6-9-r-n-shayhantahurskiy-ID4faIq.html,,,,,,,,4faIq,24,shaykhantohur
СРОЧНО Сдаётся кв ор-р Халклар Достлиги 2/6/9 р-н Шайхантахурский,https://www.olx.uz/d/obyavlenie/srochno-sdaetsya-kv-or-r-halklar-dostligi-2-6-9-r-n-shayhantahurskiy-ID4faIq.html,550 у.е.,550.0,у.е,,,,,4faIq,24,shaykhantohur
,https://www.olx.uz/d/obyavlenie/tashkent-siti-zhk-gardens-sdaetsya-novaya-3-h-komnatnaya-v-elit-komplekse-ID3DuBk.html,,,,,,,,3DuBk,24,shaykhantohur
Ташкент Сити-Жк Gardens! Сдается новая 3-х комнатная в элит комплексе!,https://www.olx.uz/d/obyavlenie/tashkent-siti-zhk-gardens-sdaetsya-novaya-3-h-komnatnaya-v-elit-komplekse-ID3DuBk.html,1 200 у.е. Договорная,1200.0,у.е,,,,,3DuBk,24,shaykhantohur
,https://www.olx.uz/d/obyavlenie/arenda-navastroyka-1-honali-samarkand-darvoza-oilaga-beriladi-ID48q3j.html,,,,,,,,48q3j,24,shaykhantohur
Аренда навастройка 1.хонали самарканд дарвоза оилага берилади,https://www.olx.uz/d/obyavlenie/arenda-navastroyka-1-honali-samarkand-darvoza-oilaga-beriladi-ID48q3j.html,350 у.е. Договорная,350.0,у.е,,,,,48q3j,24,shaykhantohur
,https://www.olx.uz/d/obyavlenie/tashkent-siti-bulvar-sdaetsya-novaya-studiya-v-tsentre-ID3f0Hq.html,,,,,,,,3f0Hq,24,shaykhantohur
Ташкент Сити-Бульвар! Сдается новая студия в центре!,https://www.olx.uz/d/obyavlenie/tashkent-siti-bulvar-sdaetsya-novaya-studiya-v-tsentre-ID3f0Hq.html,1 000 у.е. Договорная,1000.0,у.е,,,,,3f0Hq,24,shaykhantohur
,https://www.olx.uz/d/obyavlenie/sdaetsya-2-kom-zhk-nest-one-city-mall-tashkent-siti-ID4faGZ.html,,,,,,,,4faGZ,24,shaykhantohur
Сдается 2 ком ЖК Nest One. City Mall. Ташкент Сити,https://www.olx.uz/d/obyavlenie/sdaetsya-2-kom-zhk-nest-one-city-mall-tashkent-siti-ID4faGZ.html,1 100 у.е.,1100.0,у.е,,,,,4faGZ,24,shaykhantohur
,https://www.olx.uz/d/obyavlenie/arenda-novostroyka-tashkent-siti-ID4dYEz.html,,,,,,,,4dYEz,24,shaykhantohur
Аренда новостройка Ташкент сити,https://www.olx.uz/d/obyavlenie/arenda-novostroyka-tashkent-siti-ID4dYEz.html,1 200 у.е.,1200.0,у.е,,,,,4dYEz,24,shaykhantohur
,https://www.olx.uz/d/obyavlenie/arenda-novostroyka-ul-novoi-tashkent-siti-ID4dYDX.html,,,,,,,,4dYDX,24,shaykhantohur
Аренда новостройка Ул. Новои Ташкент сити,https://www.olx.uz/d/obyavlenie/arenda-novostroyka-ul-novoi-tashkent-siti-ID4dYDX.html,800 у.е.,800.0,у.е,,,,,4dYDX,24,shaykhantohur
,https://www.olx.uz/d/obyavlenie/zhk-tashkent-siti-sdaetsya-3h-kom-kvartira-v-elit-komplekse-ID4dmnd.html,,,,,,,,4dmnd,24,shaykhantohur
Жк Ташкент Сити! Сдается 3х-ком квартира! В элит комплексе!,https://www.olx.uz/d/obyavlenie/zhk-tashkent-siti-sdaetsya-3h-kom-kvartira-v-elit-komplekse-ID4dmnd.html,1 400 у.е. Договорная,1400.0,у.е,,,,,4dmnd,24,shaykhantohur
,https://www.olx.uz/d/obyavlenie/tashkent-siti-gardens-sdaetsya-novaya-kvartira-v-elitnom-komplekse-ID4ehpI.html,,,,,,,,4ehpI,24,shaykhantohur
Ташкент Сити-Gardens! Сдается новая квартира в элитном комплексе!,https://www.olx.uz/d/obyavlenie/tashkent-siti-gardens-sdaetsya-novaya-kvartira-v-elitnom-komplekse-ID4ehpI.html,1 200 у.е.,1200.0,у.е,,,,,4ehpI,24,shaykhantohur
,https://www.olx.uz/d/obyavlenie/tashkent-siti-zhk-gardens-sdaetsya-novaya-studiya-v-tsentre-vse-vklyucheno-ID3o6F6.html,,,,,,,,3o6F6,24,shaykhantohur
Ташкент Сити-Жк Gardens! Сдается новая студия в центре-все включено,https://www.olx.uz/d/obyavlenie/tashkent-siti-zhk-gardens-sdaetsya-novaya-studiya-v-tsentre-vse-vklyucheno-ID3o6F6.html,900 у.е.,900.0,у.е,,,,,3o6F6,24,shaykhantohur
,https://www.olx.uz/d/obyavlenie/tashkent-city-nest-one-novaya-2h-komnatnaya-kvartira-vse-vklyucheno-ID47s45.html,,,,,,,,47s45,24,shaykhantohur
Tashkent city Nest One! Новая 2х комнатная квартира! Все включено!,https://www.olx.uz/d/obyavlenie/tashkent-city-nest-one-novaya-2h-komnatnaya-kvartira-vse-vklyucheno-ID47s45.html,900 у.е. Договорная,900.0,у.е,,,,,47s45,24,shaykhantohur
,https://www.olx.uz/d/obyavlenie/tashkent-siti-gardens-terassa-sdaetsya-4h-komnatnayadubleks-ID3FW0z.html,,,,,,,,3FW0z,24,shaykhantohur
Ташкент Сити Гарденс ТЕРАССА! Сдаётся 4х комнатнаяДУБЛЕКС!,https://www.olx.uz/d/obyavlenie/tashkent-siti-gardens-terassa-sdaetsya-4h-komnatnayadubleks-ID3FW0z.html,2 000 у.е. Договорная,2000.0,у.е,,,,,3FW0z,24,shaykhantohur
,https://www.olx.uz/d/obyavlenie/ts-14-ganga-3-4-9-ID4dYBr.html,,,,,,,,4dYBr,24,shaykhantohur
Ц-14 Ганга 3/4/9,https://www.olx.uz/d/obyavlenie/ts-14-ganga-3-4-9-ID4dYBr.html,600 у.е.,600.0,у.е,,,,,4dYBr,24,shaykhantohur
,https://www.olx.uz/d/obyavlenie/zhk-nest-one-sdaetsya-novaya-studiya-v-elit-komplekse-vse-vklyucheno-ID4585m.html,,,,,,,,4585m,24,shaykhantohur
Жк Nest One-Сдается новая студия в элит комплексе-все включено!,https://www.olx.uz/d/obyavlenie/zhk-nest-one-sdaetsya-novaya-studiya-v-elit-komplekse-vse-vklyucheno-ID4585m.html,1 000 у.е.,1000.0,у.е,,,,,4585m,24,shaykhantohur
,https://www.olx.uz/d/obyavlenie/tashkent-siti-zhk-bulvar-sdaetsya-novaya-3-h-komnatnaya-v-tsentre-goroda-ID3OOKB.html,,,,,,,,3OOKB,24,shaykhantohur
Ташкент Сити-Жк Бульвар! Сдается новая 3-х комнатная в центре города!,https://www.olx.uz/d/obyavlenie/tashkent-siti-zhk-bulvar-sdaetsya-novaya-3-h-komnatnaya-v-tsentre-goroda-ID3OOKB.html,1 200 у.е. Договорная,1200.0,у.е,,,,,3OOKB,24,shaykhantohur
,https://www.olx.uz/d/obyavlenie/arenda-pod-ofis-nest-one-a-blok-tashkent-city-ID4faCn.html,,,,,,,,4faCn,24,shaykhantohur
"Аренда под офис ""Nest One"" A blok . Tashkent City",https://www.olx.uz/d/obyavlenie/arenda-pod-ofis-nest-one-a-blok-tashkent-city-ID4faCn.html,1 700 у.е.,1700.0,у.е,,,,,4faCn,24,shaykhantohur
,https://www.olx.uz/d/obyavlenie/sdam-2-komnatnuyu-metro-novza-ID4fazG.html,,,,,,,,4fazG,24,shaykhantohur
Сдам 2 комнатную  Метро Новза,https://www.olx.uz/d/obyavlenie/sdam-2-komnatnuyu-metro-novza-ID4fazG.html,600 у.е.,600.0,у.е,,,,,4fazG,24,shaykhantohur
,https://www.olx.uz/d/obyavlenie/sdaetsya-kvartira-na-na-sebzare-shayhontohurskom-rayone-ID3wuRu.html,,,,,,,,3wuRu,24,shaykhantohur
Сдаётся квартира на на Себзаре Шайхонтохурском районе‼️,https://www.olx.uz/d/obyavlenie/sdaetsya-kvartira-na-na-sebzare-shayhontohurskom-rayone-ID3wuRu.html,500 у.е.,500.0,у.е,,,,,3wuRu,24,shaykhantohur
,https://www.olx.uz/d/obyavlenie/tashkent-siti-bulvar-sdaetsya-novaya-3-h-komnatnaya-v-elit-komplekse-ID3duk7.html,,,,,,,,3duk7,24,shaykhantohur
Ташкент Сити-Бульвар! Сдается новая 3-х комнатная в элит комплексе’,https://www.olx.uz/d/obyavlenie/tashkent-siti-bulvar-sdaetsya-novaya-3-h-komnatnaya-v-elit-komplekse-ID3duk7.html,1 200 у.е. Договорная,1200.0,у.е,,,,,3duk7,24,shaykhantohur
,https://www.olx.uz/d/obyavlenie/sdaetsya-kvartira-v-tashkent-siti-ID2BYDr.html,,,,,,,,2BYDr,24,shaykhantohur
Сдается квартира в Ташкент Сити,https://www.olx.uz/d/obyavlenie/sdaetsya-kvartira-v-tashkent-siti-ID2BYDr.html,1 500 у.е.,1500.0,у.е,,,,,2BYDr,24,shaykhantohur
,https://www.olx.uz/d/obyavlenie/chilonzor-7-kavartal-oqtepa-krug-lux-kvartira-ID4f5Cy.html,,,,,,,,4f5Cy,24,shaykhantohur
Chilonzor 7 kavartal oqtepa krug LUX kvartira,https://www.olx.uz/d/obyavlenie/chilonzor-7-kavartal-oqtepa-krug-lux-kvartira-ID4f5Cy.html,500 у.е.,500.0,у.е,,,,,4f5Cy,24,shaykhantohur
,https://www.olx.uz/d/obyavlenie/tashkent-sity-gardens-3ka-s-avtorskim-remontom-i-vidom-na-park-novaya-ID44LHi.html,,,,,,,,44LHi,24,shaykhantohur
Tashkent sity Gardens! 3ка с Авторским ремонтом и видом на парк!Новая!,https://www.olx.uz/d/obyavlenie/tashkent-sity-gardens-3ka-s-avtorskim-remontom-i-vidom-na-park-novaya-ID44LHi.html,1 200 у.е. Договорная,1200.0,у.е,,,,,44LHi,24,shaykhantohur
,https://www.olx.uz/d/obyavlenie/arenda-parkentiskoy-bazar-metro-evro-rem-kizlarga-oilaga-yigitlarga-ID4dWmG.html,,,,,,,,4dWmG,24,shaykhantohur
Аренда Паркентиской базар метро евро рем Кизларга оилага йигитларга,https://www.olx.uz/d/obyavlenie/arenda-parkentiskoy-bazar-metro-evro-rem-kizlarga-oilaga-yigitlarga-ID4dWmG.html,550 у.е.,550.0,у.е,,,,,4dWmG,24,shaykhantohur
,https://www.olx.uz/d/obyavlenie/sdaetsya-evro-kvartira-tashkent-siti-ID2HJzd.html,,,,,,,,2HJzd,24,shaykhantohur
Сдается Евро Квартира Ташкент Сити,https://www.olx.uz/d/obyavlenie/sdaetsya-evro-kvartira-tashkent-siti-ID2HJzd.html,1 200 у.е.,1200.0,у.е,,,,,2HJzd,24,shaykhantohur
,https://www.olx.uz/d/obyavlenie/tashkent-siti-zhk-gardens-sdaetsya-novaya-3-h-komnatnaya-v-tsentre-goroda-ID3q6sK.html,,,,,,,,3q6sK,24,shaykhantohur
Ташкент Сити-Жк Gardens! Сдается новая 3-х комнатная в центре города!,https://www.olx.uz/d/obyavlenie/tashkent-siti-zhk-gardens-sdaetsya-novaya-3-h-komnatnaya-v-tsentre-goroda-ID3q6sK.html,1 300 у.е.,1300.0,у.е,,,,,3q6sK,24,shaykhantohur
,https://www.olx.uz/d/obyavlenie/tashkent-siti-zhk-bulvar-sdaetsya-novaya-studiya-v-tsentre-ID3qnyk.html,,,,,,,,3qnyk,24,shaykhantohur
Ташкент Сити-Жк Бульвар! Сдается новая студия в центре!,https://www.olx.uz/d/obyavlenie/tashkent-siti-zhk-bulvar-sdaetsya-novaya-studiya-v-tsentre-ID3qnyk.html,1 000 у.е.,1000.0,у.е,,,,,3qnyk,24,shaykhantohur
,https://www.olx.uz/d/obyavlenie/tashkent-siti-gardens-sdaetsya-3-h-komnatnaya-v-elit-komplekse-ID3edBV.html,,,,,,,,3edBV,24,shaykhantohur
Ташкент Сити-Gardens! Сдается 3-х комнатная в элит комплексе!,https://www.olx.uz/d/obyavlenie/tashkent-siti-gardens-sdaetsya-3-h-komnatnaya-v-elit-komplekse-ID3edBV.html,1 300 у.е. Договорная,1300.0,у.е,,,,,3edBV,24,shaykhantohur
,https://www.olx.uz/d/obyavlenie/arenda-kvartiry-zhk-nest-1-ID4en7Y.html,,,,,,,,4en7Y,24,shaykhantohur
Аренда Квартиры ЖК Нест 1,https://www.olx.uz/d/obyavlenie/arenda-kvartiry-zhk-nest-1-ID4en7Y.html,1 700 у.е.,1700.0,у.е,,,,,4en7Y,24,shaykhantohur
,https://www.olx.uz/d/obyavlenie/arenda-3-honali-metro-tinchlik-oilaga-beriladi-ID48t9i.html,,,,,,,,48t9i,24,shaykhantohur
Аренда 3.хонали метро тинчлик оилага берилади,https://www.olx.uz/d/obyavlenie/arenda-3-honali-metro-tinchlik-oilaga-beriladi-ID48t9i.html,500 у.е.,500.0,у.е,,,,,48t9i,24,shaykhantohur
,https://www.olx.uz/d/obyavlenie/srochno-2-kom-evro-kvartira-v-shayhantahurskom-r-n-or-druzhba-878-ID4fawD.html,,,,,,,,4fawD,24,shaykhantohur
СРОЧНО!!! 2-ком евро квартира в Шайхантахурском р-н ОР: Дружба 878*,https://www.olx.uz/d/obyavlenie/srochno-2-kom-evro-kvartira-v-shayhantahurskom-r-n-or-druzhba-878-ID4fawD.html,550 у.е. Договорная,550.0,у.е,,,,,4fawD,24,shaykhantohur
,https://www.olx.uz/d/obyavlenie/tashkent-siti-sdaetsya-gg-3-h-komnatnaya-kvartira-v-novastroyke-orrayhon-ID4b4dC.html,,,,,,,,4b4dC,24,shaykhantohur
Ташкент сити Сдается гг 3-х комнатная квартира в новастройке ор:Райхон,https://www.olx.uz/d/obyavlenie/tashkent-siti-sdaetsya-gg-3-h-komnatnaya-kvartira-v-novastroyke-orrayhon-ID4b4dC.html,1 000 у.е. Договорная,1000.0,у.е,,,,,4b4dC,24,shaykhantohur
,https://www.olx.uz/d/obyavlenie/dupleks-kvartira-v-tashkent-siti-zhk-bulvar-ID4fawA.html,,,,,,,,4fawA,24,shaykhantohur
Дуплекс квартира в Ташкент Сити . ЖК: Бульвар,https://www.olx.uz/d/obyavlenie/dupleks-kvartira-v-tashkent-siti-zhk-bulvar-ID4fawA.html,1 600 у.е.,1600.0,у.е,,,,,4fawA,24,shaykhantohur
,https://www.olx.uz/d/obyavlenie/novyy-kvartira-tashkent-siti-ID495qL.html,,,,,,,,495qL,24,shaykhantohur
Новый квартира Ташкент сити,https://www.olx.uz/d/obyavlenie/novyy-kvartira-tashkent-siti-ID495qL.html,3 000 у.е. Договорная,3000.0,у.е,,,,,495qL,24,shaykhantohur
,https://www.olx.uz/d/obyavlenie/tashkent-siti-zhk-gardens-sdaetsya-novaya-kvartira-v-elit-komplekse-ID4eJoj.html,,,,,,,,4eJoj,24,shaykhantohur
Ташкент Сити-Жк Gardens! Сдается новая квартира в элит комплексе!,https://www.olx.uz/d/obyavlenie/tashkent-siti-zhk-gardens-sdaetsya-novaya-kvartira-v-elit-komplekse-ID4eJoj.html,1 000 у.е. Договорная,1000.0,у.е,,,,,4eJoj,24,shaykhantohur
,https://www.olx.uz/d/obyavlenie/tashkent-siti-zhk-gardens-sdaetsya-novaya-kvartira-v-elit-komplekse-ID3qGnL.html,,,,,,,,3qGnL,24,shaykhantohur
Ташкент Сити-Жк Gardens! Сдается новая квартира в элит комплексе!,https://www.olx.uz/d/obyavlenie/tashkent-siti-zhk-gardens-sdaetsya-novaya-kvartira-v-elit-komplekse-ID3qGnL.html,1 200 у.е.,1200.0,у.е,,,,,3qGnL,24,shaykhantohur
,https://www.olx.uz/d/obyavlenie/tashkent-siti-gardens-sdaetsya-novaya-evrodvushka-v-elit-komplekse-ID3dCy1.html,,,,,,,,3dCy1,24,shaykhantohur
Ташкент Сити-Gardens! Сдается новая Евродвушка в элит комплексе!,https://www.olx.uz/d/obyavlenie/tashkent-siti-gardens-sdaetsya-novaya-evrodvushka-v-elit-komplekse-ID3dCy1.html,1 000 у.е. Договорная,1000.0,у.е,,,,,3dCy1,24,shaykhantohur
,https://www.olx.uz/d/obyavlenie/tashkent-siti-zhk-gardens-sdaetsya-novaya-3-h-komnatnaya-v-elit-komplekse-ID42WAg.html,,,,,,,,42WAg,24,shaykhantohur
Ташкент Сити Жк Gardens! Сдается новая 3-х комнатная в элит комплексе!,https://www.olx.uz/d/obyavlenie/tashkent-siti-zhk-gardens-sdaetsya-novaya-3-h-komnatnaya-v-elit-komplekse-ID42WAg.html,1 400 у.е. Договорная,1400.0,у.е,,,,,42WAg,24,shaykhantohur
,https://www.olx.uz/d/obyavlenie/tashkent-siti-gardens-sdaetsya-novaya-3-h-komnatnaya-v-elit-komplekse-ID3dyK4.html,,,,,,,,3dyK4,24,shaykhantohur
Ташкент Сити-Gardens! Сдается новая 3-х комнатная в элит комплексе!,https://www.olx.uz/d/obyavlenie/tashkent-siti-gardens-sdaetsya-novaya-3-h-komnatnaya-v-elit-komplekse-ID3dyK4.html,1 400 у.е. Договорная,1400.0,у.е,,,,,3dyK4,24,shaykhantohur
,https://www.olx.uz/d/obyavlenie/tashkent-siti-boulevard-sdaetsya-novaya-evro-dvushka-v-tsentre-ID3de5W.html,,,,,,,,3de5W,24,shaykhantohur
Ташкент Сити-Boulevard! Сдается новая Евро-двушка в центре!,https://www.olx.uz/d/obyavlenie/tashkent-siti-boulevard-sdaetsya-novaya-evro-dvushka-v-tsentre-ID3de5W.html,1 000 у.е. Договорная,1000.0,у.е,,,,,3de5W,24,shaykhantohur
,https://www.olx.uz/d/obyavlenie/tashkent-siti-bulvar-sdaetsya-2-h-komnatnaya-v-elit-komplekse-ID3drPp.html,,,,,,,,3drPp,24,shaykhantohur
Ташкент Сити-Бульвар! Сдается 2-х комнатная в элит комплексе!,https://www.olx.uz/d/obyavlenie/tashkent-siti-bulvar-sdaetsya-2-h-komnatnaya-v-elit-komplekse-ID3drPp.html,1 000 у.е. Договорная,1000.0,у.е,,,,,3drPp,24,shaykhantohur
,https://www.olx.uz/d/obyavlenie/tashkent-siti-gardens-sdaetsya-novaya-4-h-komnatnaya-posle-remonta-ID3z49l.html,,,,,,,,3z49l,24,shaykhantohur
Ташкент Сити-Gardens! Сдается новая 4-х комнатная после ремонта!,https://www.olx.uz/d/obyavlenie/tashkent-siti-gardens-sdaetsya-novaya-4-h-komnatnaya-posle-remonta-ID3z49l.html,1 600 у.е.,1600.0,у.е,,,,,3z49l,24,shaykhantohur
,https://www.olx.uz/d/obyavlenie/arenda-srochni-hadra-2-komnat-ID4eMjS.html,,,,,,,,4eMjS,24,shaykhantohur
Аренда срочни хадра 2 комнат,https://www.olx.uz/d/obyavlenie/arenda-srochni-hadra-2-komnat-ID4eMjS.html,500 у.е.,500.0,у.е,,,,,4eMjS,24,shaykhantohur
,https://www.olx.uz/d/obyavlenie/zhk-nest-one-sdaetsya-2h-kom-kvartira-v-elit-komplekse-ID4dsWI.html,,,,,,,,4dsWI,24,shaykhantohur
Жк Nest one! Сдается 2х-ком квартира! В элит комплексе!,https://www.olx.uz/d/obyavlenie/zhk-nest-one-sdaetsya-2h-kom-kvartira-v-elit-komplekse-ID4dsWI.html,800 у.е. Договорная,800.0,у.е,,,,,4dsWI,24,shaykhantohur
,https://www.olx.uz/d/obyavlenie/sdaetsya-v-arendu-2-komnatnaya-kvartira-v-novostroyke-nrg-u-tower-ID4en42.html,,,,,,,,4en42,24,shaykhantohur
Сдаётся в аренду 2 комнатная  квартира в новостройке  NRG U-Tower,https://www.olx.uz/d/obyavlenie/sdaetsya-v-arendu-2-komnatnaya-kvartira-v-novostroyke-nrg-u-tower-ID4en42.html,1 300 у.е.,1300.0,у.е,,,,,4en42,24,shaykhantohur
,https://www.olx.uz/d/obyavlenie/arenda-kvartira-v-nrg-u-tower-tashkent-siti-ID4fasE.html,,,,,,,,4fasE,24,shaykhantohur
Аренда квартира в NRG U-Tower . Ташкент сити,https://www.olx.uz/d/obyavlenie/arenda-kvartira-v-nrg-u-tower-tashkent-siti-ID4fasE.html,1 800 у.е.,1800.0,у.е,,,,,4fasE,24,shaykhantohur
,https://www.olx.uz/d/obyavlenie/zhk-nest-one-sdaetsya-2h-kom-kvartira-v-elit-komplekse-ID4dsUZ.html,,,,,,,,4dsUZ,24,shaykhantohur
Жк Nest one! Сдается 2х-ком квартира! В элит комплексе!,https://www.olx.uz/d/obyavlenie/zhk-nest-one-sdaetsya-2h-kom-kvartira-v-elit-komplekse-ID4dsUZ.html,800 у.е. Договорная,800.0,у.е,,,,,4dsUZ,24,shaykhantohur
,https://www.olx.uz/d/obyavlenie/sdaetsya-v-arendu-2-kom-kvartira-labzak-shayhontohur-vse-est-ID4eIjz.html,,,,,,,,4eIjz,24,shaykhantohur
"Сдается в аренду 2 ком квартира, Лабзак, Шайхонтохур, все есть",https://www.olx.uz/d/obyavlenie/sdaetsya-v-arendu-2-kom-kvartira-labzak-shayhontohur-vse-est-ID4eIjz.html,450 у.е.,450.0,у.е,,,,,4eIjz,24,shaykhantohur
,https://www.olx.uz/d/obyavlenie/tashkent-siti-gardens-sdaetsya-novaya-3-h-komnatnaya-v-novostroyke-ID3de2q.html,,,,,,,,3de2q,24,shaykhantohur
Ташкент Сити-Gardens! Сдается новая 3-х комнатная в новостройке!,https://www.olx.uz/d/obyavlenie/tashkent-siti-gardens-sdaetsya-novaya-3-h-komnatnaya-v-novostroyke-ID3de2q.html,1 200 у.е. Договорная,1200.0,у.е,,,,,3de2q,24,shaykhantohur
,https://www.olx.uz/d/obyavlenie/sdaetsya-2-kom-ya-kvartira-zhk-nest-one-tashkent-siti-tashkent-sity-ID4cc1l.html,,,,,,,,4cc1l,24,shaykhantohur
Сдаётся 2 ком-я квартира ЖК Nest One Ташкент сити (Tashkent sity),https://www.olx.uz/d/obyavlenie/sdaetsya-2-kom-ya-kvartira-zhk-nest-one-tashkent-siti-tashkent-sity-ID4cc1l.html,1 000 у.е.,1000.0,у.е,,,,,4cc1l,24,shaykhantohur
,https://www.olx.uz/d/obyavlenie/sdaetsya-kvartira-na-karatashe-ID3OOT4.html,,,,,,,,3OOT4,24,shaykhantohur
Сдаётся квартира на Караташе‼️,https://www.olx.uz/d/obyavlenie/sdaetsya-kvartira-na-karatashe-ID3OOT4.html,650 у.е.,650.0,у.е,,,,,3OOT4,24,shaykhantohur
,https://www.olx.uz/d/obyavlenie/sdaetsya-3-7-9-74kv-tashkent-sity-gardens-ID4eju1.html,,,,,,,,4eju1,24,shaykhantohur
Сдается 3/7/9 74кв Tashkent sity Gardens,https://www.olx.uz/d/obyavlenie/sdaetsya-3-7-9-74kv-tashkent-sity-gardens-ID4eju1.html,1 500 у.е.,1500.0,у.е,,,,,4eju1,24,shaykhantohur
,https://www.olx.uz/d/obyavlenie/tashkent-siti-zhk-gardens-dvuhurovnevyy-sdaetsya-4h-komnatnaya-ID3FVGK.html,,,,,,,,3FVGK,24,shaykhantohur
Ташкент Сити ЖК Гарденс ДВУХУРОВНЕВЫЙ! Сдаётся 4х комнатная!,https://www.olx.uz/d/obyavlenie/tashkent-siti-zhk-gardens-dvuhurovnevyy-sdaetsya-4h-komnatnaya-ID3FVGK.html,1 600 у.е.,1600.0,у.е,,,,,3FVGK,24,shaykhantohur
,https://www.olx.uz/d/obyavlenie/u-tower-druzhba-sdaetsya-2h-komnatnaya-shikarnaya-kvartira-foto-real-ID4dsH0.html,,,,,,,,4dsH0,24,shaykhantohur
U Tower Дружба Сдаётся 2х комнатная Шикарная квартира! Фото реал!,https://www.olx.uz/d/obyavlenie/u-tower-druzhba-sdaetsya-2h-komnatnaya-shikarnaya-kvartira-foto-real-ID4dsH0.html,1 500 у.е.,1500.0,у.е,,,,,4dsH0,24,shaykhantohur
,https://www.olx.uz/d/obyavlenie/dupleks-kvartira-v-tashkent-siti-bulvar-ID4fari.html,,,,,,,,4fari,24,shaykhantohur
Дуплекс квартира в Ташкент Сити . Бульвар,https://www.olx.uz/d/obyavlenie/dupleks-kvartira-v-tashkent-siti-bulvar-ID4fari.html,2 000 у.е.,2000.0,у.е,,,,,4fari,24,shaykhantohur
,https://www.olx.uz/d/obyavlenie/tashkent-siti-bulvar-sdaetsya-novaya-3-h-komnatnaya-v-elit-komplekse-ID3O3TX.html,,,,,,,,3O3TX,24,shaykhantohur
Ташкент Сити-Бульвар! Сдается новая 3-х комнатная в элит комплексе!,https://www.olx.uz/d/obyavlenie/tashkent-siti-bulvar-sdaetsya-novaya-3-h-komnatnaya-v-elit-komplekse-ID3O3TX.html,1 500 у.е. Договорная,1500.0,у.е,,,,,3O3TX,24,shaykhantohur
,https://www.olx.uz/d/obyavlenie/tashkent-siti-gardens-sdaetsya-shikarnaya-2-h-komnatnaya-v-tsentre-goroda-ID3guvj.html,,,,,,,,3guvj,24,shaykhantohur
Ташкент Сити-Gardens! Сдается шикарная 2-х комнатная в центре города!,https://www.olx.uz/d/obyavlenie/tashkent-siti-gardens-sdaetsya-shikarnaya-2-h-komnatnaya-v-tsentre-goroda-ID3guvj.html,900 у.е. Договорная,900.0,у.е,,,,,3guvj,24,shaykhantohur
,https://www.olx.uz/d/obyavlenie/arenda-3-5-8-125m2-v-zhk-gardens-tashkent-city-ID4en14.html,,,,,,,,4en14,24,shaykhantohur
"Аренда 3/5/8 125м2 в ЖК Гарденс, Tashkent city",https://www.olx.uz/d/obyavlenie/arenda-3-5-8-125m2-v-zhk-gardens-tashkent-city-ID4en14.html,2 500 у.е.,2500.0,у.е,,,,,4en14,24,shaykhantohur
,https://www.olx.uz/d/obyavlenie/zhk-tashkent-siti-sdaetsya-3h-kom-kvartira-v-elit-komplekse-ID4dsSF.html,,,,,,,,4dsSF,24,shaykhantohur
Жк Ташкент Сити! Сдается 3х-ком квартира! В элит комплексе!,https://www.olx.uz/d/obyavlenie/zhk-tashkent-siti-sdaetsya-3h-kom-kvartira-v-elit-komplekse-ID4dsSF.html,1 200 у.е. Договорная,1200.0,у.е,,,,,4dsSF,24,shaykhantohur
,https://www.olx.uz/d/obyavlenie/arenda-kvartira-tashkent-siti-zhk-bulvar-ID4fapS.html,,,,,,,,4fapS,24,shaykhantohur
Аренда квартира Ташкент Сити . ЖК Бульвар,https://www.olx.uz/d/obyavlenie/arenda-kvartira-tashkent-siti-zhk-bulvar-ID4fapS.html,1 500 у.е.,1500.0,у.е,,,,,4fapS,24,shaykhantohur
,https://www.olx.uz/d/obyavlenie/toshkent-city-bulvard-kvartira-izharaga-beriladi-ID4f4Du.html,,,,,,,,4f4Du,24,shaykhantohur
Toshkent City Bulvard квартира ижарага берилади,https://www.olx.uz/d/obyavlenie/toshkent-city-bulvard-kvartira-izharaga-beriladi-ID4f4Du.html,1 300 у.е. Договорная,1300.0,у.е,,,,,4f4Du,24,shaykhantohur
,https://www.olx.uz/d/obyavlenie/arenda-uzoq-muddatga-ID45iXD.html,,,,,,,,45iXD,24,shaykhantohur
Arenda uzoq muddatga,https://www.olx.uz/d/obyavlenie/arenda-uzoq-muddatga-ID45iXD.html,3 000 у.е. Договорная,3000.0,у.е,,,,,45iXD,24,shaykhantohur
,https://www.olx.uz/d/obyavlenie/tashkent-city-boulvard-stilnaya-2ka-s-avtorskim-remontom-76m2-novaya-ID44DEN.html,,,,,,,,44DEN,24,shaykhantohur
Tashkent city Boulvard! Стильная 2ка с Авторским ремонтом 76м2! Новая!,https://www.olx.uz/d/obyavlenie/tashkent-city-boulvard-stilnaya-2ka-s-avtorskim-remontom-76m2-novaya-ID44DEN.html,1 000 у.е. Договорная,1000.0,у.е,,,,,44DEN,24,shaykhantohur
,https://www.olx.uz/d/obyavlenie/tashkent-siti-gardens-sdaetsya-novaya-kvartira-v-elit-komplekse-ID3nYke.html,,,,,,,,3nYke,24,shaykhantohur
Ташкент Сити-Gardens! Сдается новая квартира в элит комплексе!,https://www.olx.uz/d/obyavlenie/tashkent-siti-gardens-sdaetsya-novaya-kvartira-v-elit-komplekse-ID3nYke.html,1 600 у.е. Договорная,1600.0,у.е,,,,,3nYke,24,shaykhantohur
,https://www.olx.uz/d/obyavlenie/sdaetsya-v-arendu-uyatnaya-kvartira-v-shayhantahurskom-rayone-2-15-16-ID4dYov.html,,,,,,,,4dYov,24,shaykhantohur
Сдается в аренду уятная квартира в Шайхантахурском районе 2/15/16,https://www.olx.uz/d/obyavlenie/sdaetsya-v-arendu-uyatnaya-kvartira-v-shayhantahurskom-rayone-2-15-16-ID4dYov.html,750 у.е.,750.0,у.е,,,,,4dYov,24,shaykhantohur
,https://www.olx.uz/d/obyavlenie/arenda-2-1-5-samarkand-darvaza-ID3mDZh.html,,,,,,,,3mDZh,24,shaykhantohur
Аренда 2/1/5 Самарканд Дарваза,https://www.olx.uz/d/obyavlenie/arenda-2-1-5-samarkand-darvaza-ID3mDZh.html,500 у.е.,500.0,у.е,,,,,3mDZh,24,shaykhantohur
,https://www.olx.uz/d/obyavlenie/sdaetsya-kvartira-na-ts14-metro-ganga-ID3wk8e.html,,,,,,,,3wk8e,24,shaykhantohur
Сдаётся квартира на Ц14 метро Ганга‼️,https://www.olx.uz/d/obyavlenie/sdaetsya-kvartira-na-ts14-metro-ganga-ID3wk8e.html,900 у.е.,900.0,у.е,,,,,3wk8e,24,shaykhantohur
,https://www.olx.uz/d/obyavlenie/sdaetsya-kvartira-na-ts-15-ID37Bng.html,,,,,,,,37Bng,24,shaykhantohur
Сдается квартира на Ц-15,https://www.olx.uz/d/obyavlenie/sdaetsya-kvartira-na-ts-15-ID37Bng.html,1 200 у.е.,1200.0,у.е,,,,,37Bng,24,shaykhantohur
,https://www.olx.uz/d/obyavlenie/tashkent-siti-zhk-gardens-sdaetsya-novaya-kvartira-v-elit-komplekse-ID3qn41.html,,,,,,,,3qn41,24,shaykhantohur
Ташкент Сити-Жк Gardens! Сдается новая квартира в элит комплексе!,https://www.olx.uz/d/obyavlenie/tashkent-siti-zhk-gardens-sdaetsya-novaya-kvartira-v-elit-komplekse-ID3qn41.html,1 200 у.е.,1200.0,у.е,,,,,3qn41,24,shaykhantohur
,https://www.olx.uz/d/obyavlenie/tashkent-siti-zhk-gardens-sdaetsya-novaya-4-h-komnatnaya-v-elit-komplekse-ID3VnIO.html,,,,,,,,3VnIO,24,shaykhantohur
Ташкент Сити-Жк Gardens! Сдается новая 4-х комнатная в элит комплексе!,https://www.olx.uz/d/obyavlenie/tashkent-siti-zhk-gardens-sdaetsya-novaya-4-h-komnatnaya-v-elit-komplekse-ID3VnIO.html,1 600 у.е. Договорная,1600.0,у.е,,,,,3VnIO,24,shaykhantohur
,https://www.olx.uz/d/obyavlenie/arenda-kvartira-jangoh-ID3Obxd.html,,,,,,,,3Obxd,24,shaykhantohur
Arenda kvartira jangoh,https://www.olx.uz/d/obyavlenie/arenda-kvartira-jangoh-ID3Obxd.html,800 у.е. Договорная,800.0,у.е,,,,,3Obxd,24,shaykhantohur
,https://www.olx.uz/d/obyavlenie/zhk-tashkent-siti-bulvar-sdaetsya-shikarnaya-3-h-komnatnaya-kvartira-ID3sDoG.html,,,,,,,,3sDoG,24,shaykhantohur
ЖК Ташкент Сити Бульвар! Сдается шикарная 3-х комнатная квартира!,https://www.olx.uz/d/obyavlenie/zhk-tashkent-siti-bulvar-sdaetsya-shikarnaya-3-h-komnatnaya-kvartira-ID3sDoG.html,1 000 у.е. Договорная,1000.0,у.е,,,,,3sDoG,24,shaykhantohur
,https://www.olx.uz/d/obyavlenie/zhk-nest-one-sdaetsya-novaya-evrodvushka-v-tsentre-tashkenta-ID42JHO.html,,,,,,,,42JHO,24,shaykhantohur
Жк Nest One-Сдается новая евродвушка в центре Ташкента!,https://www.olx.uz/d/obyavlenie/zhk-nest-one-sdaetsya-novaya-evrodvushka-v-tsentre-tashkenta-ID42JHO.html,1 000 у.е.,1000.0,у.е,,,,,42JHO,24,shaykhantohur
,https://www.olx.uz/d/obyavlenie/zhk-nest-one-sdaetsya-2-h-komnatnaya-kvartira-ID4er9C.html,,,,,,,,4er9C,24,shaykhantohur
ЖК Nest One! Сдается 2-х комнатная квартира,https://www.olx.uz/d/obyavlenie/zhk-nest-one-sdaetsya-2-h-komnatnaya-kvartira-ID4er9C.html,1 000 у.е. Договорная,1000.0,у.е,,,,,4er9C,24,shaykhantohur
,https://www.olx.uz/d/obyavlenie/arenda-ganga-3h-komnatnaya-ID3Rn2F.html,,,,,,,,3Rn2F,24,shaykhantohur
Аренда Ганга 3х комнатная!,https://www.olx.uz/d/obyavlenie/arenda-ganga-3h-komnatnaya-ID3Rn2F.html,800 у.е. Договорная,800.0,у.е,,,,,3Rn2F,24,shaykhantohur
,https://www.olx.uz/d/obyavlenie/tashkent-siti-gardens-sdaetsya-novaya-3-h-komnatnaya-kvartira-vse-vklyucheno-ID453Vc.html,,,,,,,,453Vc,24,shaykhantohur
Ташкент Сити-Gardens!Сдается новая 3-х комнатная квартира-все включено,https://www.olx.uz/d/obyavlenie/tashkent-siti-gardens-sdaetsya-novaya-3-h-komnatnaya-kvartira-vse-vklyucheno-ID453Vc.html,1 300 у.е.,1300.0,у.е,,,,,453Vc,24,shaykhantohur
,https://www.olx.uz/d/obyavlenie/srochno-sdaetsya-3-h-komnatnaya-ulitsa-navoi-tashkent-siti-ID4bCU9.html,,,,,,,,4bCU9,24,shaykhantohur
"Срочно Сдаётся 3-х комнатная, Улица Навои! Ташкент сити",https://www.olx.uz/d/obyavlenie/srochno-sdaetsya-3-h-komnatnaya-ulitsa-navoi-tashkent-siti-ID4bCU9.html,900 у.е. Договорная,900.0,у.е,,,,,4bCU9,24,shaykhantohur
,https://www.olx.uz/d/obyavlenie/tashkent-siti-arenda-a-shikarnaya-kvartira-v-novostroyke-4-6-8-ID3nKya.html,,,,,,,,3nKya,24,shaykhantohur
Ташкент сити Аренда а Шикарная квартира в новостройке 4/6/8,https://www.olx.uz/d/obyavlenie/tashkent-siti-arenda-a-shikarnaya-kvartira-v-novostroyke-4-6-8-ID3nKya.html,2 000 у.е. Договорная,2000.0,у.е,,,,,3nKya,24,shaykhantohur
,https://www.olx.uz/d/obyavlenie/tashkent-siti-zhk-gardens-sdaetsya-novaya-kvartira-ID3FSNy.html,,,,,,,,3FSNy,24,shaykhantohur
Ташкент Сити ЖК Гарденс! Сдаётся новая квартира!,https://www.olx.uz/d/obyavlenie/tashkent-siti-zhk-gardens-sdaetsya-novaya-kvartira-ID3FSNy.html,900 у.е. Договорная,900.0,у.е,,,,,3FSNy,24,shaykhantohur
,https://www.olx.uz/d/obyavlenie/sdaetsya-kvartira-v-zhk-gardens-residenceorientir-tashkent-siti-ID3s5je.html,,,,,,,,3s5je,24,shaykhantohur
"Сдается квартира. в ЖК Gardens Residence
Ориентир - Ташкент Сити",https://www.olx.uz/d/obyavlenie/sdaetsya-kvartira-v-zhk-gardens-residenceorientir-tashkent-siti-ID3s5je.html,1 450 у.е.,1450.0,у.е,,,,,3s5je,24,shaykhantohur
,https://www.olx.uz/d/obyavlenie/sdaetsya-kvartira-na-zhk-gardens-ID3WbDi.html,,,,,,,,3WbDi,24,shaykhantohur
Сдаётся квартира на ЖК Гарденс‼️,https://www.olx.uz/d/obyavlenie/sdaetsya-kvartira-na-zhk-gardens-ID3WbDi.html,1 200 у.е.,1200.0,у.е,,,,,3WbDi,24,shaykhantohur
,https://www.olx.uz/d/obyavlenie/sdaetsya-kvartira-ID3ysSW.html,,,,,,,,3ysSW,24,shaykhantohur
Сдаётся квартира,https://www.olx.uz/d/obyavlenie/sdaetsya-kvartira-ID3ysSW.html,700 у.е.,700.0,у.е,,,,,3ysSW,24,shaykhantohur
,https://www.olx.uz/d/obyavlenie/zhk-gardens-tashkent-siti-sdaetsya-3h-komnatnaya-s-evro-remontom-ID3FVOR.html,,,,,,,,3FVOR,24,shaykhantohur
ЖК Gardens Ташкент Сити! Сдаётся 3х комнатная с Евро ремонтом!,https://www.olx.uz/d/obyavlenie/zhk-gardens-tashkent-siti-sdaetsya-3h-komnatnaya-s-evro-remontom-ID3FVOR.html,1 199 у.е. Договорная,1199.0,у.е,,,,,3FVOR,24,shaykhantohur
,https://www.olx.uz/d/obyavlenie/tashkent-city-boulevard-avtorskiy-novyy-remont-3komnaty-vse-vklyucheno-ID45V26.html,,,,,,,,45V26,24,shaykhantohur
Tashkent city Boulevard! Авторский новый ремонт! 3комнаты все включено,https://www.olx.uz/d/obyavlenie/tashkent-city-boulevard-avtorskiy-novyy-remont-3komnaty-vse-vklyucheno-ID45V26.html,1 200 у.е. Договорная,1200.0,у.е,,,,,45V26,24,shaykhantohur
,https://www.olx.uz/d/obyavlenie/sdaetsya-novaya-2h-komnatnaya-kvartira-v-elit-zhk-tashkent-siti-boulevard-ID4dyno.html,,,,,,,,4dyno,24,shaykhantohur
Сдаётся новая 2х комнатная квартира в элит ЖК/Ташкент Сити Boulevard,https://www.olx.uz/d/obyavlenie/sdaetsya-novaya-2h-komnatnaya-kvartira-v-elit-zhk-tashkent-siti-boulevard-ID4dyno.html,900 у.е.,900.0,у.е,,,,,4dyno,24,shaykhantohur
,https://www.olx.uz/d/obyavlenie/tashkent-siti-zhk-bulvar-sdaetsya-novaya-3h-komnatnaya-ID3GIBS.html,,,,,,,,3GIBS,24,shaykhantohur
Ташкент Сити ЖК Бульвар-Сдаётся новая 3х комнатная!,https://www.olx.uz/d/obyavlenie/tashkent-siti-zhk-bulvar-sdaetsya-novaya-3h-komnatnaya-ID3GIBS.html,1 250 у.е. Договорная,1250.0,у.е,,,,,3GIBS,24,shaykhantohur
,https://www.olx.uz/d/obyavlenie/zhk-nest-one-sdaetsya-novaya-3-h-komnatnaya-kvartira-v-elit-komplekse-ID42OGB.html,,,,,,,,42OGB,24,shaykhantohur
Жк Nest One-Сдается новая 3-х комнатная квартира в элит комплексе!,https://www.olx.uz/d/obyavlenie/zhk-nest-one-sdaetsya-novaya-3-h-komnatnaya-kvartira-v-elit-komplekse-ID42OGB.html,1 400 у.е.,1400.0,у.е,,,,,42OGB,24,shaykhantohur
,https://www.olx.uz/d/obyavlenie/tashkent-siti-zhk-gardens-sdaetsya-novaya-kvartira-v-tsentre-goroda-ID4ek28.html,,,,,,,,4ek28,24,shaykhantohur
Ташкент Сити-Жк Gardens! Сдается новая квартира в центре города!,https://www.olx.uz/d/obyavlenie/tashkent-siti-zhk-gardens-sdaetsya-novaya-kvartira-v-tsentre-goroda-ID4ek28.html,1 300 у.е.,1300.0,у.е,,,,,4ek28,24,shaykhantohur
,https://www.olx.uz/d/obyavlenie/sdaetsya-roskoshnaya-kvartira-v-tashkent-siti-bulvar-ID3qPKr.html,,,,,,,,3qPKr,24,shaykhantohur
Сдается роскошная квартира в Ташкент Сити Бульвар!,https://www.olx.uz/d/obyavlenie/sdaetsya-roskoshnaya-kvartira-v-tashkent-siti-bulvar-ID3qPKr.html,800 у.е. Договорная,800.0,у.е,,,,,3qPKr,24,shaykhantohur
,https://www.olx.uz/d/obyavlenie/zhk-tashkent-siti-gardens-novaya-3-h-komnatnaya-ID4c8zn.html,,,,,,,,4c8zn,24,shaykhantohur
ЖК Ташкент Сити Гарденс! новая 3-х комнатная!,https://www.olx.uz/d/obyavlenie/zhk-tashkent-siti-gardens-novaya-3-h-komnatnaya-ID4c8zn.html,1 200 у.е. Договорная,1200.0,у.е,,,,,4c8zn,24,shaykhantohur
,https://www.olx.uz/d/obyavlenie/sdayu-kvartiru-3-5-9-ts-15-metrog-gulyama-ganga-ID4f3fv.html,,,,,,,,4f3fv,24,shaykhantohur
Сдаю квартиру 3/5/9 Ц-15 метроГ.Гуляма Ганга,https://www.olx.uz/d/obyavlenie/sdayu-kvartiru-3-5-9-ts-15-metrog-gulyama-ganga-ID4f3fv.html,600 у.е.,600.0,у.е,,,,,4f3fv,24,shaykhantohur
,https://www.olx.uz/d/obyavlenie/tashkent-siti-gardens-sdaetsya-novaya-kvartira-v-elit-komplekse-ID3hRAT.html,,,,,,,,3hRAT,24,shaykhantohur
Ташкент Сити-Gardens! Сдается новая квартира в элит комплексе!,https://www.olx.uz/d/obyavlenie/tashkent-siti-gardens-sdaetsya-novaya-kvartira-v-elit-komplekse-ID3hRAT.html,900 у.е. Договорная,900.0,у.е,,,,,3hRAT,24,shaykhantohur
,https://www.olx.uz/d/obyavlenie/shikarnaya-2-3-12-zhk-nrg-oybek-2-min-ot-grand-mir-oybek-nukusskaya-ID4eM6S.html,,,,,,,,4eM6S,24,shaykhantohur
ШИКАРНАЯ 2/3/12 ЖК NRG OYBEK 2 мин от Гранд Мир/Ойбек/ Нукусская,https://www.olx.uz/d/obyavlenie/shikarnaya-2-3-12-zhk-nrg-oybek-2-min-ot-grand-mir-oybek-nukusskaya-ID4eM6S.html,550 у.е. Договорная,550.0,у.е,,,,,4eM6S,24,shaykhantohur
,https://www.olx.uz/d/obyavlenie/labzak-anhor-lokomativ-park-ID3WOIh.html,,,,,,,,3WOIh,24,shaykhantohur
"Labzak, Anhor Lokomativ park",https://www.olx.uz/d/obyavlenie/labzak-anhor-lokomativ-park-ID3WOIh.html,125 у.е.,125.0,у.е,,,,,3WOIh,24,shaykhantohur
,https://www.olx.uz/d/obyavlenie/tashkent-siti-zhk-bulvar-sdaetsya-novaya-kvartira-premium-klassa-ID3FUZ3.html,,,,,,,,3FUZ3,24,shaykhantohur
Ташкент Сити ЖК Бульвар Сдаётся новая квартира Премиум класса!,https://www.olx.uz/d/obyavlenie/tashkent-siti-zhk-bulvar-sdaetsya-novaya-kvartira-premium-klassa-ID3FUZ3.html,1 400 у.е. Договорная,1400.0,у.е,,,,,3FUZ3,24,shaykhantohur
,https://www.olx.uz/d/obyavlenie/arenda-shayhantahurskiy-r-n-1v2-4-12-ID4bYk1.html,,,,,,,,4bYk1,24,shaykhantohur
Аренда Шайхантахурский р-н 1в2/4/12,https://www.olx.uz/d/obyavlenie/arenda-shayhantahurskiy-r-n-1v2-4-12-ID4bYk1.html,350 у.е.,350.0,у.е,,,,,4bYk1,24,shaykhantohur
,https://www.olx.uz/d/obyavlenie/zhk-u-tower-druzhba-m-tashkent-siti-nest-one-2-komn-srochno-ID4ezsz.html,,,,,,,,4ezsz,24,shaykhantohur
ЖК U TOWER Дружба м. Ташкент сити Нест Оне 2 комн СРОЧНО,https://www.olx.uz/d/obyavlenie/zhk-u-tower-druzhba-m-tashkent-siti-nest-one-2-komn-srochno-ID4ezsz.html,650 у.е. Договорная,650.0,у.е,,,,,4ezsz,24,shaykhantohur
,https://www.olx.uz/d/obyavlenie/samarkand-darvoza-2-hona-urtacha-remont-hona-alohida-sharoitlari-bor-ID4emMl.html,,,,,,,,4emMl,24,shaykhantohur
САМАРКАНД ДАРВОЗА 2 ХОНА Уртача Ремонт хона Алохида Шароитлари бор,https://www.olx.uz/d/obyavlenie/samarkand-darvoza-2-hona-urtacha-remont-hona-alohida-sharoitlari-bor-ID4emMl.html,330 у.е.,330.0,у.е,,,,,4emMl,24,shaykhantohur
,https://www.olx.uz/d/obyavlenie/izharaga-uy-2-hona-chorsuda-mahala-pahta-kocha-da-fakat-aeollar-va-kiz-ID4bZcI.html,,,,,,,,4bZcI,24,shaykhantohur
ИЖАРАГА  УЙ  2 ХОНА чорсуда махала пахта коча да факат Аеоллар ва  киз,https://www.olx.uz/d/obyavlenie/izharaga-uy-2-hona-chorsuda-mahala-pahta-kocha-da-fakat-aeollar-va-kiz-ID4bZcI.html,800 000 сум,800000.0,сум,,,,,4bZcI,24,shaykhantohur
,https://www.olx.uz/d/obyavlenie/arenda-huvaydo-residance-ID4esyu.html,,,,,,,,4esyu,24,shaykhantohur
Аренда Huvaydo Residance,https://www.olx.uz/d/obyavlenie/arenda-huvaydo-residance-ID4esyu.html,800 у.е.,800.0,у.е,,,,,4esyu,24,shaykhantohur
,https://www.olx.uz/d/obyavlenie/sdaetsya-shikarnaya-2h-komnatnaya-zhk-bulvard-ID39pgq.html,,,,,,,,39pgq,24,shaykhantohur
Сдается шикарная 2х комнатная ! Жк Бульвард !,https://www.olx.uz/d/obyavlenie/sdaetsya-shikarnaya-2h-komnatnaya-zhk-bulvard-ID39pgq.html,900 у.е. Договорная,900.0,у.е,,,,,39pgq,24,shaykhantohur
,https://www.olx.uz/d/obyavlenie/zhk-parisien-novaya-2h-komnatnaya-kvartira-avtorskiy-remont-vse-vklyucheno-ID45TQX.html,,,,,,,,45TQX,24,shaykhantohur
Жк Parisien! Новая 2х комнатная квартира!Авторский ремонт все включено,https://www.olx.uz/d/obyavlenie/zhk-parisien-novaya-2h-komnatnaya-kvartira-avtorskiy-remont-vse-vklyucheno-ID45TQX.html,800 у.е. Договорная,800.0,у.е,,,,,45TQX,24,shaykhantohur
,https://www.olx.uz/d/obyavlenie/arenda-kvartira-shayhontohur-tumani-guncha-nurafshon-yuldagi-5-5-2-ID3FSEy.html,,,,,,,,3FSEy,24,shaykhantohur
Аренда Квартира! Шайхонтохур тумани!  Гунча нурафшон йулдаги  5/5/2,https://www.olx.uz/d/obyavlenie/arenda-kvartira-shayhontohur-tumani-guncha-nurafshon-yuldagi-5-5-2-ID3FSEy.html,450 у.е. Договорная,450.0,у.е,,,,,3FSEy,24,shaykhantohur
,https://www.olx.uz/d/obyavlenie/arenda-labzak-3-kom-ID4dYbD.html,,,,,,,,4dYbD,24,shaykhantohur
Аренда Лабзак 3 ком,https://www.olx.uz/d/obyavlenie/arenda-labzak-3-kom-ID4dYbD.html,700 у.е.,700.0,у.е,,,,,4dYbD,24,shaykhantohur
,https://www.olx.uz/d/obyavlenie/sdaetsya-kv-zhk-nrg-u-tower-3-kom-or-r-halklar-dostligi-ID40qcR.html,,,,,,,,40qcR,24,shaykhantohur
Сдаётся кв ЖК NRG U-Tower 3-ком ор-р Халклар Достлиги,https://www.olx.uz/d/obyavlenie/sdaetsya-kv-zhk-nrg-u-tower-3-kom-or-r-halklar-dostligi-ID40qcR.html,1 200 у.е.,1200.0,у.е,,,,,40qcR,24,shaykhantohur
,https://www.olx.uz/d/obyavlenie/tashkent-siti-arenda-2-h-komnatnaya-a-shikarnaya-kvartira-v-novostroyke-ID3TMqr.html,,,,,,,,3TMqr,24,shaykhantohur
Ташкент сити Аренда 2-х комнатная а Шикарная квартира в новостройке,https://www.olx.uz/d/obyavlenie/tashkent-siti-arenda-2-h-komnatnaya-a-shikarnaya-kvartira-v-novostroyke-ID3TMqr.html,1 000 у.е. Договорная,1000.0,у.е,,,,,3TMqr,24,shaykhantohur
,https://www.olx.uz/d/obyavlenie/tashkent-siti-arenda-zhkbulvar-a-shikarnaya-kvartira-v-novostroyke-ID3JZAk.html,,,,,,,,3JZAk,24,shaykhantohur
Ташкент Сити Аренда Жк:Бульвар а Шикарная квартира в новостройке,https://www.olx.uz/d/obyavlenie/tashkent-siti-arenda-zhkbulvar-a-shikarnaya-kvartira-v-novostroyke-ID3JZAk.html,1 000 у.е. Договорная,1000.0,у.е,,,,,3JZAk,24,shaykhantohur
,https://www.olx.uz/d/obyavlenie/srochno-sdaetsya-kvartira-tashkent-siti-gardens-vid-na-park-ID33Hbe.html,,,,,,,,33Hbe,24,shaykhantohur
Срочно сдается квартира Ташкент сити Гарденс вид на парк!!!,https://www.olx.uz/d/obyavlenie/srochno-sdaetsya-kvartira-tashkent-siti-gardens-vid-na-park-ID33Hbe.html,900 у.е.,900.0,у.е,,,,,33Hbe,24,shaykhantohur
,https://www.olx.uz/d/obyavlenie/srochno-sdaetsya-2h-komnatnaya-v-tashkent-siti-ID39HgA.html,,,,,,,,39HgA,24,shaykhantohur
Срочно сдаётся 2х комнатная в Ташкент сити!,https://www.olx.uz/d/obyavlenie/srochno-sdaetsya-2h-komnatnaya-v-tashkent-siti-ID39HgA.html,900 у.е. Договорная,900.0,у.е,,,,,39HgA,24,shaykhantohur
,https://www.olx.uz/d/obyavlenie/2-kom-ganga-hadra-m-gafura-gulyama-arenda-ID4fa5m.html,,,,,,,,4fa5m,24,shaykhantohur
2 ком. Ганга. Хадра. м. Гафура Гуляма. Аренда,https://www.olx.uz/d/obyavlenie/2-kom-ganga-hadra-m-gafura-gulyama-arenda-ID4fa5m.html,500 у.е.,500.0,у.е,,,,,4fa5m,24,shaykhantohur
,https://www.olx.uz/d/obyavlenie/nest-one-2-19-51-ID4dY4O.html,,,,,,,,4dY4O,24,shaykhantohur
Nest One 2/19/51,https://www.olx.uz/d/obyavlenie/nest-one-2-19-51-ID4dY4O.html,1 300 у.е.,1300.0,у.е,,,,,4dY4O,24,shaykhantohur
,https://www.olx.uz/d/obyavlenie/arenda-kvartiry-v-zhk-nrg-u-tower-ID4cpBn.html,,,,,,,,4cpBn,24,shaykhantohur
Аренда квартиры в ЖК NRG U-Tower,https://www.olx.uz/d/obyavlenie/arenda-kvartiry-v-zhk-nrg-u-tower-ID4cpBn.html,1 300 у.е. Договорная,1300.0,у.е,,,,,4cpBn,24,shaykhantohur
,https://www.olx.uz/d/obyavlenie/zhk-nest-one-sdaetsya-novaya-studiya-v-elitnom-komplekse-ID42MQA.html,,,,,,,,42MQA,24,shaykhantohur
Жк Nest One-Сдается новая студия в элитном комплексе!,https://www.olx.uz/d/obyavlenie/zhk-nest-one-sdaetsya-novaya-studiya-v-elitnom-komplekse-ID42MQA.html,900 у.е.,900.0,у.е,,,,,42MQA,24,shaykhantohur
,https://www.olx.uz/d/obyavlenie/novaya-3h-komnatnaya-kvartira-na-tashkent-city-gardens-vse-vklyucheno-ID45XuT.html,,,,,,,,45XuT,24,shaykhantohur
Новая 3х комнатная квартира на Tashkent city Gardens! Все включено!,https://www.olx.uz/d/obyavlenie/novaya-3h-komnatnaya-kvartira-na-tashkent-city-gardens-vse-vklyucheno-ID45XuT.html,1 200 у.е. Договорная,1200.0,у.е,,,,,45XuT,24,shaykhantohur
,https://www.olx.uz/d/obyavlenie/zhk-bulvar-tashkent-siti-sdaetsya-novaya-kvartira-v-elitnom-komplekse-ID4dvhC.html,,,,,,,,4dvhC,24,shaykhantohur
Жк Бульвар-Ташкент Сити! Сдается новая квартира в элитном комплексе!,https://www.olx.uz/d/obyavlenie/zhk-bulvar-tashkent-siti-sdaetsya-novaya-kvartira-v-elitnom-komplekse-ID4dvhC.html,1 300 у.е.,1300.0,у.е,,,,,4dvhC,24,shaykhantohur
,https://www.olx.uz/d/obyavlenie/srochno-sdaetsya-2-kom-kv-druzhba-narodov-tashkent-city-ID40MGG.html,,,,,,,,40MGG,24,shaykhantohur
СРОЧНО СДАЕТСЯ! 2-ком кв Дружба Народов / Tashkent City !!!,https://www.olx.uz/d/obyavlenie/srochno-sdaetsya-2-kom-kv-druzhba-narodov-tashkent-city-ID40MGG.html,500 у.е.,500.0,у.е,,,,,40MGG,24,shaykhantohur
,https://www.olx.uz/d/obyavlenie/svoya-na-ts13-3h-komnatnaya-kvartira-naprotiv-islamskogo-universmteta-ID4bJE5.html,,,,,,,,4bJE5,24,shaykhantohur
"СВОЯ, на Ц13, 3х комнатная квартира, напротив Исламского универсмтета",https://www.olx.uz/d/obyavlenie/svoya-na-ts13-3h-komnatnaya-kvartira-naprotiv-islamskogo-universmteta-ID4bJE5.html,600 у.е.,600.0,у.е,,,,,4bJE5,24,shaykhantohur
,https://www.olx.uz/d/obyavlenie/arenda-kvartiry-v-shayhantahurskom-rayone-zhk-u-tower-ID4fa1g.html,,,,,,,,4fa1g,24,shaykhantohur
Аренда квартиры в Шайхантахурском  районе ЖК U-Tower,https://www.olx.uz/d/obyavlenie/arenda-kvartiry-v-shayhantahurskom-rayone-zhk-u-tower-ID4fa1g.html,1 500 у.е.,1500.0,у.е,,,,,4fa1g,24,shaykhantohur
,https://www.olx.uz/d/obyavlenie/sdaetsya-kv-ts-15-zhangoh-3-kom-2-9-ro-n-shayhantahurskiy-ID40qoX.html,,,,,,,,40qoX,24,shaykhantohur
Сдаётся кв Ц-15 Жангох 3-ком/2/9 ро-н Шайхантахурский,https://www.olx.uz/d/obyavlenie/sdaetsya-kv-ts-15-zhangoh-3-kom-2-9-ro-n-shayhantahurskiy-ID40qoX.html,550 у.е.,550.0,у.е,,,,,40qoX,24,shaykhantohur
,https://www.olx.uz/d/obyavlenie/srochno-sdaetsya-lux-2-kom-kv-v-tashkent-city-s-novym-remontom-ID41CqL.html,,,,,,,,41CqL,24,shaykhantohur
"СРОЧНО! Сдается LUX 2-ком кв в Tashkent City, с новым ремонтом",https://www.olx.uz/d/obyavlenie/srochno-sdaetsya-lux-2-kom-kv-v-tashkent-city-s-novym-remontom-ID41CqL.html,700 у.е.,700.0,у.е,,,,,41CqL,24,shaykhantohur
,https://www.olx.uz/d/obyavlenie/kivartira-bor-oy-ID4f9ZM.html,,,,,,,,4f9ZM,24,shaykhantohur
Kivartira bor oy,https://www.olx.uz/d/obyavlenie/kivartira-bor-oy-ID4f9ZM.html,400 у.е. Договорная,400.0,у.е,,,,,4f9ZM,24,shaykhantohur
,https://www.olx.uz/d/obyavlenie/ts-12-labzak-ums-ofis-3-4-9-ID3Uru5.html,,,,,,,,3Uru5,24,shaykhantohur
Ц-12 Лабзак Умс Офис 3/4/9,https://www.olx.uz/d/obyavlenie/ts-12-labzak-ums-ofis-3-4-9-ID3Uru5.html,650 у.е. Договорная,650.0,у.е,,,,,3Uru5,24,shaykhantohur
,https://www.olx.uz/d/obyavlenie/kora-tosh-binkof-3-honali-novostroyka-v-tsentre-goroda-ID4az5r.html,,,,,,,,4az5r,24,shaykhantohur
Кора-тош Бинкоф 3.хонали Новостройка в центре города,https://www.olx.uz/d/obyavlenie/kora-tosh-binkof-3-honali-novostroyka-v-tsentre-goroda-ID4az5r.html,750 у.е.,750.0,у.е,,,,,4az5r,24,shaykhantohur
,https://www.olx.uz/d/obyavlenie/zhk-tashkent-siti-sdaetsya-3h-kom-kvartira-v-elit-komplekse-ID4dsd9.html,,,,,,,,4dsd9,24,shaykhantohur
Жк Ташкент Сити! Сдается 3х-ком квартира! В элит комплексе!,https://www.olx.uz/d/obyavlenie/zhk-tashkent-siti-sdaetsya-3h-kom-kvartira-v-elit-komplekse-ID4dsd9.html,1 300 у.е. Договорная,1300.0,у.е,,,,,4dsd9,24,shaykhantohur
,https://www.olx.uz/d/obyavlenie/tashkent-siti-nest-one-arenda-ID4f9T7.html,,,,,,,,4f9T7,24,shaykhantohur
Ташкент Сити Nest One аренда,https://www.olx.uz/d/obyavlenie/tashkent-siti-nest-one-arenda-ID4f9T7.html,1 000 у.е. Договорная,1000.0,у.е,,,,,4f9T7,24,shaykhantohur
,https://www.olx.uz/d/obyavlenie/talaba-qizlar-uchun-ID3DPDM.html,,,,,,,,3DPDM,24,shaykhantohur
Talaba qizlar uchun,https://www.olx.uz/d/obyavlenie/talaba-qizlar-uchun-ID3DPDM.html,100 у.е.,100.0,у.е,,,,,3DPDM,24,shaykhantohur
,https://www.olx.uz/d/obyavlenie/ibn-sino-stroy-mart-arenda-kanikuly-ID475ew.html,,,,,,,,475ew,24,shaykhantohur
IBN SINO Stroy mart аренда (каникулы),https://www.olx.uz/d/obyavlenie/ibn-sino-stroy-mart-arenda-kanikuly-ID475ew.html,100 у.е. Договорная,100.0,у.е,,,,,475ew,24,shaykhantohur
,https://www.olx.uz/d/obyavlenie/sdaetsya-arenda-ts-13-kazakistan-posolstva-3-komnatnaya-kvartira-ID4eLB6.html,,,,,,,,4eLB6,24,shaykhantohur
Сдаётся аренда Ц 13 Казакистан посольства 3 комнатная квартира,https://www.olx.uz/d/obyavlenie/sdaetsya-arenda-ts-13-kazakistan-posolstva-3-komnatnaya-kvartira-ID4eLB6.html,700 у.е.,700.0,у.е,,,,,4eLB6,24,shaykhantohur
,https://www.olx.uz/d/obyavlenie/ijara-kvartira-metro-tinchlik-2-3-xona-qilingan-shayxontohur-ID4emfx.html,,,,,,,,4emfx,24,shaykhantohur
IJARA Kvartira Metro Tinchlik 2-3 xona qilingan Shayxontohur,https://www.olx.uz/d/obyavlenie/ijara-kvartira-metro-tinchlik-2-3-xona-qilingan-shayxontohur-ID4emfx.html,500 у.е.,500.0,у.е,,,,,4emfx,24,shaykhantohur
,https://www.olx.uz/d/obyavlenie/arenda-3-kom-durizhba-narodov-ID4f9Hh.html,,,,,,,,4f9Hh,24,shaykhantohur
Аренда 3 ком Дурижба Народов,https://www.olx.uz/d/obyavlenie/arenda-3-kom-durizhba-narodov-ID4f9Hh.html,750 у.е.,750.0,у.е,,,,,4f9Hh,24,shaykhantohur
,https://www.olx.uz/d/obyavlenie/sdaetsya-absolyutno-novaya-kvartira-v-nrg-u-tower-business-class-ID4emaA.html,,,,,,,,4emaA,24,shaykhantohur
Сдается абсолютно НОВАЯ квартира в NRG U TOWER Business class!!!,https://www.olx.uz/d/obyavlenie/sdaetsya-absolyutno-novaya-kvartira-v-nrg-u-tower-business-class-ID4emaA.html,1 200 у.е.,1200.0,у.е,,,,,4emaA,24,shaykhantohur
,https://www.olx.uz/d/obyavlenie/arenda-ts-14-ganga-3-4-9-ID4eLrl.html,,,,,,,,4eLrl,24,shaykhantohur
Аренда ц-14 Ганга 3/4/9,https://www.olx.uz/d/obyavlenie/arenda-ts-14-ganga-3-4-9-ID4eLrl.html,650 у.е.,650.0,у.е,,,,,4eLrl,24,shaykhantohur
,https://www.olx.uz/d/obyavlenie/arenda-dlya-elity-i-inostrantsam-rental-for-the-elite-and-foreigners-ID4d3Ny.html,,,,,,,,4d3Ny,24,shaykhantohur
Аренда для элиты и иностранцам! / Rental for the elite and foreigners!,https://www.olx.uz/d/obyavlenie/arenda-dlya-elity-i-inostrantsam-rental-for-the-elite-and-foreigners-ID4d3Ny.html,2 200 у.е.,2200.0,у.е,,,,,4d3Ny,24,shaykhantohur
,https://www.olx.uz/d/obyavlenie/u-tower-sdaetsya-2h-kom-kvartira-25-etazh-nays-vid-iz-okna-foto-real-ID4c8yy.html,,,,,,,,4c8yy,24,shaykhantohur
U-Tower Сдаётся 2х ком. квартира 25 Этаж .Найс вид из окна.Фото Реал!,https://www.olx.uz/d/obyavlenie/u-tower-sdaetsya-2h-kom-kvartira-25-etazh-nays-vid-iz-okna-foto-real-ID4c8yy.html,1 500 у.е. Договорная,1500.0,у.е,,,,,4c8yy,24,shaykhantohur
,https://www.olx.uz/d/obyavlenie/gofur-gulom-metro-5-6-minut-ID4f9zF.html,,,,,,,,4f9zF,24,shaykhantohur
Гофур Гулом метро 5-6 минут,https://www.olx.uz/d/obyavlenie/gofur-gulom-metro-5-6-minut-ID4f9zF.html,340 у.е.,340.0,у.е,,,,,4f9zF,24,shaykhantohur
,https://www.olx.uz/d/obyavlenie/kvartira-arenda-1-2-3-4-ID4f9AH.html,,,,,,,,4f9AH,24,shaykhantohur
Kvartira arenda 1-2/3/4,https://www.olx.uz/d/obyavlenie/kvartira-arenda-1-2-3-4-ID4f9AH.html,400 у.е.,400.0,у.е,,,,,4f9AH,24,shaykhantohur
,https://www.olx.uz/d/obyavlenie/shayxontohur-gafur-gulom-metrosi-yaqinida-maklersiz-kvartira-ID4f9tN.html,,,,,,,,4f9tN,24,shaykhantohur
Shayxontohur Gʻafur Gʻulom metrosi yaqinida maklersiz kvartira,https://www.olx.uz/d/obyavlenie/shayxontohur-gafur-gulom-metrosi-yaqinida-maklersiz-kvartira-ID4f9tN.html,280 у.е.,280.0,у.е,,,,,4f9tN,24,shaykhantohur
,https://www.olx.uz/d/obyavlenie/shayxontohur-drujba-metroga-5-minutlik-yol-ID4f9rR.html,,,,,,,,4f9rR,24,shaykhantohur
Shayxontohur Drujba metroga 5 minutlik yo'l,https://www.olx.uz/d/obyavlenie/shayxontohur-drujba-metroga-5-minutlik-yol-ID4f9rR.html,175 у.е.,175.0,у.е,,,,,4f9rR,24,shaykhantohur
,https://www.olx.uz/d/obyavlenie/shayxontohur-tumani-srochna-kvartira-ID4f9pU.html,,,,,,,,4f9pU,24,shaykhantohur
Shayxontohur tumani srochna kvartira,https://www.olx.uz/d/obyavlenie/shayxontohur-tumani-srochna-kvartira-ID4f9pU.html,280 у.е.,280.0,у.е,,,,,4f9pU,24,shaykhantohur
,https://www.olx.uz/d/obyavlenie/sdaetsya-3h-komnatnaya-kvartira-v-tsentre-goroda-zhk-tashkent-siti-gardens-ID3E6EK.html,,,,,,,,3E6EK,24,shaykhantohur
Сдаётся 3х комнатная квартира в центре города жк Ташкент сити гарденс,https://www.olx.uz/d/obyavlenie/sdaetsya-3h-komnatnaya-kvartira-v-tsentre-goroda-zhk-tashkent-siti-gardens-ID3E6EK.html,1 300 у.е.,1300.0,у.е,,,,,3E6EK,24,shaykhantohur
,https://www.olx.uz/d/obyavlenie/tashkent-siti-gardens-4h-komnatnaya-kvartira-v-tsentre-goroda-ID3IHiS.html,,,,,,,,3IHiS,24,shaykhantohur
Ташкент сити гарденс 4х комнатная квартира в центре города,https://www.olx.uz/d/obyavlenie/tashkent-siti-gardens-4h-komnatnaya-kvartira-v-tsentre-goroda-ID3IHiS.html,1 800 у.е.,1800.0,у.е,,,,,3IHiS,24,shaykhantohur
,https://www.olx.uz/d/obyavlenie/sdaetsya-kvartira-v-tsentre-goroda-v-tashkent-siti-bulvar-ID3E6rQ.html,,,,,,,,3E6rQ,24,shaykhantohur
Сдаётся квартира в центре города в Ташкент сити бульвар,https://www.olx.uz/d/obyavlenie/sdaetsya-kvartira-v-tsentre-goroda-v-tashkent-siti-bulvar-ID3E6rQ.html,1 400 у.е. Договорная,1400.0,у.е,,,,,3E6rQ,24,shaykhantohur
,https://www.olx.uz/d/obyavlenie/chorsu-bozori-roparasi-ID4f9nk.html,,,,,,,,4f9nk,24,shaykhantohur
Chorsu bozori ro'parasi,https://www.olx.uz/d/obyavlenie/chorsu-bozori-roparasi-ID4f9nk.html,250 у.е.,250.0,у.е,,,,,4f9nk,24,shaykhantohur
,https://www.olx.uz/d/obyavlenie/sdaetsya-3h-komnatnaya-kvartira-v-tashkent-siti-bulvar-ID3Eklp.html,,,,,,,,3Eklp,24,shaykhantohur
Сдаётся 3х комнатная квартира в Ташкент сити бульвар,https://www.olx.uz/d/obyavlenie/sdaetsya-3h-komnatnaya-kvartira-v-tashkent-siti-bulvar-ID3Eklp.html,1 300 у.е.,1300.0,у.е,,,,,3Eklp,24,shaykhantohur
,https://www.olx.uz/d/obyavlenie/sdaetsya-2h-komnatnaya-kvartira-v-tashkent-siti-gardens-ID3LDvp.html,,,,,,,,3LDvp,24,shaykhantohur
Сдаётся 2х комнатная квартира в ташкент сити гарденс,https://www.olx.uz/d/obyavlenie/sdaetsya-2h-komnatnaya-kvartira-v-tashkent-siti-gardens-ID3LDvp.html,1 000 у.е.,1000.0,у.е,,,,,3LDvp,24,shaykhantohur
,https://www.olx.uz/d/obyavlenie/kvartira-tashkent-siti-gardens-ID4f9mp.html,,,,,,,,4f9mp,24,shaykhantohur
Квартира. Ташкент сити Гарденс,https://www.olx.uz/d/obyavlenie/kvartira-tashkent-siti-gardens-ID4f9mp.html,30 000 000 сум Договорная,30000000.0,сум,,,,,4f9mp,24,shaykhantohur
,https://www.olx.uz/d/obyavlenie/shayxontohur-tumani-srochna-kvartira-ID4f9l8.html,,,,,,,,4f9l8,24,shaykhantohur
Shayxontohur tumani srochna kvartira,https://www.olx.uz/d/obyavlenie/shayxontohur-tumani-srochna-kvartira-ID4f9l8.html,270 у.е.,270.0,у.е,,,,,4f9l8,24,shaykhantohur
,https://www.olx.uz/d/obyavlenie/arenda-kvartira-humo-arena-ID45xiw.html,,,,,,,,45xiw,24,shaykhantohur
Аренда квартира Хумо Арена,https://www.olx.uz/d/obyavlenie/arenda-kvartira-humo-arena-ID45xiw.html,900 у.е.,900.0,у.е,,,,,45xiw,24,shaykhantohur
,https://www.olx.uz/d/obyavlenie/arendaga-2xona-qoraqamish-ID4f9hR.html,,,,,,,,4f9hR,24,shaykhantohur
Arendaga 2xona Qoraqamish,https://www.olx.uz/d/obyavlenie/arendaga-2xona-qoraqamish-ID4f9hR.html,550 у.е.,550.0,у.е,,,,,4f9hR,24,shaykhantohur
,https://www.olx.uz/d/obyavlenie/arenda-1-1-4-mikrorayon-oktepa-38-kvm-oilaga-ID4eL1Q.html,,,,,,,,4eL1Q,24,shaykhantohur
"Аренда  1/1/4 микрорайон Октепа,  38 квм, ОИЛАГА",https://www.olx.uz/d/obyavlenie/arenda-1-1-4-mikrorayon-oktepa-38-kvm-oilaga-ID4eL1Q.html,300 у.е.,300.0,у.е,,,,,4eL1Q,24,shaykhantohur
,https://www.olx.uz/d/obyavlenie/shayxontoxurda-kvartira-ijaraga-beriladi-ID4f92N.html,,,,,,,,4f92N,24,shaykhantohur
Shayxontoxurda kvartira ijaraga beriladi,https://www.olx.uz/d/obyavlenie/shayxontoxurda-kvartira-ijaraga-beriladi-ID4f92N.html,250 у.е.,250.0,у.е,,,,,4f92N,24,shaykhantohur
,https://www.olx.uz/d/obyavlenie/shayxontohur-tumani-srochna-kvartira-ID4f8Zy.html,,,,,,,,4f8Zy,24,shaykhantohur
Shayxontohur tumani srochna kvartira,https://www.olx.uz/d/obyavlenie/shayxontohur-tumani-srochna-kvartira-ID4f8Zy.html,300 у.е.,300.0,у.е,,,,,4f8Zy,24,shaykhantohur
,https://www.olx.uz/d/obyavlenie/srochno-arenda-kvartira-milliy-bog-duruzhba-ID4eKTt.html,,,,,,,,4eKTt,24,shaykhantohur
Срочно аренда квартира миллий бог дуружба,https://www.olx.uz/d/obyavlenie/srochno-arenda-kvartira-milliy-bog-duruzhba-ID4eKTt.html,1 000 у.е.,1000.0,у.е,,,,,4eKTt,24,shaykhantohur
,https://www.olx.uz/d/obyavlenie/sdaetsya-dvuhkomnatnaya-kvartira-v-tashkent-city-boulevard-ID4dVZv.html,,,,,,,,4dVZv,24,shaykhantohur
"Сдаётся двухкомнатная квартира в Tashkent City, Boulevard",https://www.olx.uz/d/obyavlenie/sdaetsya-dvuhkomnatnaya-kvartira-v-tashkent-city-boulevard-ID4dVZv.html,1 250 у.е.,1250.0,у.е,,,,,4dVZv,24,shaykhantohur
,https://www.olx.uz/d/obyavlenie/tashkent-siti-zhk-gardens-sdaetsya-2h-komnatnaya-ID3FP3o.html,,,,,,,,3FP3o,24,shaykhantohur
Ташкент Сити ЖК Gardens! Сдаётся 2х комнатная!,https://www.olx.uz/d/obyavlenie/tashkent-siti-zhk-gardens-sdaetsya-2h-komnatnaya-ID3FP3o.html,900 у.е. Договорная,900.0,у.е,,,,,3FP3o,24,shaykhantohur
,https://www.olx.uz/d/obyavlenie/sdaetsya-kvartira-v-tashkent-city-gardens-ID4dVXI.html,,,,,,,,4dVXI,24,shaykhantohur
Сдаётся квартира в Tashkent City Gardens,https://www.olx.uz/d/obyavlenie/sdaetsya-kvartira-v-tashkent-city-gardens-ID4dVXI.html,1 100 у.е.,1100.0,у.е,,,,,4dVXI,24,shaykhantohur
,https://www.olx.uz/d/obyavlenie/ts-13-labzak-2h-kom-s-krasivym-remontom-posolstvo-kazahstana-ID44zvM.html,,,,,,,,44zvM,24,shaykhantohur
"Ц-13 ЛАБЗАК ! 2х ком с красивым ремонтом, Посольство Казахстана !",https://www.olx.uz/d/obyavlenie/ts-13-labzak-2h-kom-s-krasivym-remontom-posolstvo-kazahstana-ID44zvM.html,650 у.е. Договорная,650.0,у.е,,,,,44zvM,24,shaykhantohur
,https://www.olx.uz/d/obyavlenie/shayhontohur-2-komnitniy-ID4eZDN.html,,,,,,,,4eZDN,24,shaykhantohur
Шайхонтохур 2 комнитний,https://www.olx.uz/d/obyavlenie/shayhontohur-2-komnitniy-ID4eZDN.html,555 у.е. Договорная,555.0,у.е,,,,,4eZDN,24,shaykhantohur
,https://www.olx.uz/d/obyavlenie/tashkent-siti-zhk-boulevard-sdaetsya-novaya-3h-komnatnaya-ID3IA5p.html,,,,,,,,3IA5p,24,shaykhantohur
Ташкент Сити ЖК Boulevard-Сдаётся новая 3х комнатная!,https://www.olx.uz/d/obyavlenie/tashkent-siti-zhk-boulevard-sdaetsya-novaya-3h-komnatnaya-ID3IA5p.html,1 300 у.е. Договорная,1300.0,у.е,,,,,3IA5p,24,shaykhantohur
,https://www.olx.uz/d/obyavlenie/sdaetsya-kvartira-na-ul-gulhaniy-ID3KPdw.html,,,,,,,,3KPdw,24,shaykhantohur
Сдаётся квартира на ул.Гулханий‼️,https://www.olx.uz/d/obyavlenie/sdaetsya-kvartira-na-ul-gulhaniy-ID3KPdw.html,700 у.е.,700.0,у.е,,,,,3KPdw,24,shaykhantohur
,https://www.olx.uz/d/obyavlenie/bez-makler-3-komnata-druzhba-ID3SC3C.html,,,,,,,,3SC3C,24,shaykhantohur
Без маклер 3 комната Дружба,https://www.olx.uz/d/obyavlenie/bez-makler-3-komnata-druzhba-ID3SC3C.html,900 у.е. Договорная,900.0,у.е,,,,,3SC3C,24,shaykhantohur
,https://www.olx.uz/d/obyavlenie/srochno-arenda-2kom-kvartira-zhk-nest-one-12-etazh-40m2-roskosh-i-status-ID49Gom.html,,,,,,,,49Gom,24,shaykhantohur
СРОЧНО АРЕНДА 2ком квартира ЖК Nest one 12-этаж 40м2 Роскошь и статус,https://www.olx.uz/d/obyavlenie/srochno-arenda-2kom-kvartira-zhk-nest-one-12-etazh-40m2-roskosh-i-status-ID49Gom.html,1 200 у.е. Договорная,1200.0,у.е,,,,,49Gom,24,shaykhantohur
,https://www.olx.uz/d/obyavlenie/tashkent-sity-arenda-s-mebel-tehnikoy-ID4eKIj.html,,,,,,,,4eKIj,24,shaykhantohur
Ташкент ситй аренда с мебел техникой,https://www.olx.uz/d/obyavlenie/tashkent-sity-arenda-s-mebel-tehnikoy-ID4eKIj.html,1 000 у.е.,1000.0,у.е,,,,,4eKIj,24,shaykhantohur
,https://www.olx.uz/d/obyavlenie/tashkent-siti-zhk-gardens-sdaetsya-3h-komnatnaya-novaya-kvartira-ID3FRnD.html,,,,,,,,3FRnD,24,shaykhantohur
Ташкент Сити ЖК Gardens! Сдаётся 3х комнатная новая квартира!,https://www.olx.uz/d/obyavlenie/tashkent-siti-zhk-gardens-sdaetsya-3h-komnatnaya-novaya-kvartira-ID3FRnD.html,1 300 у.е. Договорная,1300.0,у.е,,,,,3FRnD,24,shaykhantohur
,https://www.olx.uz/d/obyavlenie/sdaetsya-v-novostroyke-1-kom-kvartira-ID3ThN5.html,,,,,,,,3ThN5,24,shaykhantohur
"Сдаеться в Новостройке 1 ком,квартира.",https://www.olx.uz/d/obyavlenie/sdaetsya-v-novostroyke-1-kom-kvartira-ID3ThN5.html,350 у.е.,350.0,у.е,,,,,3ThN5,24,shaykhantohur
,https://www.olx.uz/d/obyavlenie/yu-polnotsennaya-3h-komn-kvartira-v-zhk-u-tower-biznes-klassa-ID45dEV.html,,,,,,,,45dEV,24,shaykhantohur
Yu  Полноценная 3х комн квартира в ЖК U-Tower бизнес класса,https://www.olx.uz/d/obyavlenie/yu-polnotsennaya-3h-komn-kvartira-v-zhk-u-tower-biznes-klassa-ID45dEV.html,1 600 у.е.,1600.0,у.е,,,,,45dEV,24,shaykhantohur
,https://www.olx.uz/d/obyavlenie/sdaetsya-2-kom-ya-kvartira-zhk-nest-one-tashkent-siti-tashkent-sity-ID4cc1l.html,,,,,,,,4cc1l,24,shaykhantohur
Сдаётся 2 ком-я квартира ЖК Nest One Ташкент сити (Tashkent sity),https://www.olx.uz/d/obyavlenie/sdaetsya-2-kom-ya-kvartira-zhk-nest-one-tashkent-siti-tashkent-sity-ID4cc1l.html,1 000 у.е.,1000.0,у.е,,,,,4cc1l,24,shaykhantohur
,https://www.olx.uz/d/obyavlenie/tashkent-siti-zhk-gardens-sdaetsya-2h-komnatnaya-ID3FVES.html,,,,,,,,3FVES,24,shaykhantohur
Ташкент Сити ЖК Gardens! Сдаётся 2х комнатная!,https://www.olx.uz/d/obyavlenie/tashkent-siti-zhk-gardens-sdaetsya-2h-komnatnaya-ID3FVES.html,900 у.е. Договорная,900.0,у.е,,,,,3FVES,24,shaykhantohur
,https://www.olx.uz/d/obyavlenie/srochno-3h-kom-kv-shayhantahur-tashkent-siti-tts-samarkand-darvoza-ID4dVne.html,,,,,,,,4dVne,24,shaykhantohur
Срочно! 3х ком кв Шайхантахур/Ташкент Сити/ТЦ Самарканд Дарвоза,https://www.olx.uz/d/obyavlenie/srochno-3h-kom-kv-shayhantahur-tashkent-siti-tts-samarkand-darvoza-ID4dVne.html,650 у.е. Договорная,650.0,у.е,,,,,4dVne,24,shaykhantohur
,https://www.olx.uz/d/obyavlenie/sdaetsya-kvartira-na-charh-novza-3-8-12-parkovka-srochno-ID4eljY.html,,,,,,,,4eljY,24,shaykhantohur
Сдается квартира на Чарх Новза 3/8/12 + парковка) Срочно!!!,https://www.olx.uz/d/obyavlenie/sdaetsya-kvartira-na-charh-novza-3-8-12-parkovka-srochno-ID4eljY.html,500 у.е. Договорная,500.0,у.е,,,,,4eljY,24,shaykhantohur
,https://www.olx.uz/d/obyavlenie/samarqand-darvoza-2-xonali-kvartira-bor-ID4f8GG.html,,,,,,,,4f8GG,24,shaykhantohur
Samarqand darvoza 2 xonali kvartira bor,https://www.olx.uz/d/obyavlenie/samarqand-darvoza-2-xonali-kvartira-bor-ID4f8GG.html,300 у.е.,300.0,у.е,,,,,4f8GG,24,shaykhantohur
,https://www.olx.uz/d/obyavlenie/sdaetsya-kvartira-zhk-gardens-ID35h2S.html,,,,,,,,35h2S,24,shaykhantohur
Сдается квартира ЖК Гарденс‼️,https://www.olx.uz/d/obyavlenie/sdaetsya-kvartira-zhk-gardens-ID35h2S.html,1 600 у.е.,1600.0,у.е,,,,,35h2S,24,shaykhantohur
,https://www.olx.uz/d/obyavlenie/ibn-sino-1-3-2-5-uy-arendaga-ID4eNIv.html,,,,,,,,4eNIv,24,shaykhantohur
Ibn sino 1 3/2/5 uy arendaga,https://www.olx.uz/d/obyavlenie/ibn-sino-1-3-2-5-uy-arendaga-ID4eNIv.html,400 у.е. Договорная,400.0,у.е,,,,,4eNIv,24,shaykhantohur
,https://www.olx.uz/d/obyavlenie/sdaetsya-kv-zhk-chakar-or-r-druzhba-narodov-2-6-16-ro-n-shayhantahurskiy-ID4f8Rd.html,,,,,,,,4f8Rd,24,shaykhantohur
Сдаётся кв ЖК Чакар ор-р Дружба Народов 2/6/16 ро-н Шайхантахурский,https://www.olx.uz/d/obyavlenie/sdaetsya-kv-zhk-chakar-or-r-druzhba-narodov-2-6-16-ro-n-shayhantahurskiy-ID4f8Rd.html,700 у.е.,700.0,у.е,,,,,4f8Rd,24,shaykhantohur
,https://www.olx.uz/d/obyavlenie/srochno-sdaetsya-kv-or-r-druzhba-narodov-2-5-16-ro-n-shayhantahurskiy-062-ID4f8QR.html,,,,,,,,4f8QR,24,shaykhantohur
СРОЧНО Сдаётся кв ор-р Дружба Народов 2/5/16 ро-н Шайхантахурский 062*,https://www.olx.uz/d/obyavlenie/srochno-sdaetsya-kv-or-r-druzhba-narodov-2-5-16-ro-n-shayhantahurskiy-062-ID4f8QR.html,600 у.е.,600.0,у.е,,,,,4f8QR,24,shaykhantohur
,https://www.olx.uz/d/obyavlenie/arenda-kuartira-zhangoh-ID45Tny.html,,,,,,,,45Tny,24,shaykhantohur
Аренда куартира Жангох,https://www.olx.uz/d/obyavlenie/arenda-kuartira-zhangoh-ID45Tny.html,500 у.е.,500.0,у.е,,,,,45Tny,24,shaykhantohur
,https://www.olx.uz/d/obyavlenie/3-komnat-118kv-arenda-tashkent-siti-5minut-shayhantahur-sebzor-nurofshon-ID4eled.html,,,,,,,,4eled,24,shaykhantohur
3 комнат 118кв аренда ТАШКЕНТ СИТИ 5минут Шайхантахур Себзор Нурофшон,https://www.olx.uz/d/obyavlenie/3-komnat-118kv-arenda-tashkent-siti-5minut-shayhantahur-sebzor-nurofshon-ID4eled.html,600 у.е. Договорная,600.0,у.е,,,,,4eled,24,shaykhantohur
,https://www.olx.uz/d/obyavlenie/srochno-srochno-sdaetsya-shikarnyy-kvartira-samom-tsentre-goroda-tashkentsit-ID4dVD5.html,,,,,,,,4dVD5,24,shaykhantohur
Срочно срочно сдаётся шикарный квартира самом центре города ТашкентСит,https://www.olx.uz/d/obyavlenie/srochno-srochno-sdaetsya-shikarnyy-kvartira-samom-tsentre-goroda-tashkentsit-ID4dVD5.html,3 000 у.е.,3000.0,у.е,,,,,4dVD5,24,shaykhantohur
,https://www.olx.uz/d/obyavlenie/arenda-mamarkand-darvoza-oilaga-yigitlarga-yoki-kizlarga-ID4d2Jb.html,,,,,,,,4d2Jb,24,shaykhantohur
Аренда Мамарканд Дарвоза   оилага Йигитларга йоки кизларга,https://www.olx.uz/d/obyavlenie/arenda-mamarkand-darvoza-oilaga-yigitlarga-yoki-kizlarga-ID4d2Jb.html,650 у.е.,650.0,у.е,,,,,4d2Jb,24,shaykhantohur
,https://www.olx.uz/d/obyavlenie/srochno-sdaetsya-kv-or-r-druzhba-narodov-1-7-16-ro-n-shayhantahurskiy-ID4f8ME.html,,,,,,,,4f8ME,24,shaykhantohur
СРОЧНО Сдаётся кв ор-р Дружба Народов 1/7/16 ро-н Шайхантахурский,https://www.olx.uz/d/obyavlenie/srochno-sdaetsya-kv-or-r-druzhba-narodov-1-7-16-ro-n-shayhantahurskiy-ID4f8ME.html,550 у.е.,550.0,у.е,,,,,4f8ME,24,shaykhantohur
,https://www.olx.uz/d/obyavlenie/sdaetsya-kv-ts-15-zhangoh-2-kom-3-4-ro-n-shayhantahurskiy-ID4f8M7.html,,,,,,,,4f8M7,24,shaykhantohur
Сдаётся кв Ц-15 Жангох 2-ком/3/4 ро-н Шайхантахурский,https://www.olx.uz/d/obyavlenie/sdaetsya-kv-ts-15-zhangoh-2-kom-3-4-ro-n-shayhantahurskiy-ID4f8M7.html,500 у.е.,500.0,у.е,,,,,4f8M7,24,shaykhantohur
,https://www.olx.uz/d/obyavlenie/sdaetsya-kv-or-r-metro-druzhba-narodov-1-7-16-ro-n-shayhantahurskiy-ID4f8Lo.html,,,,,,,,4f8Lo,24,shaykhantohur
Сдаётся кв ор-р Метро Дружба Народов 1/7/16 ро-н Шайхантахурский,https://www.olx.uz/d/obyavlenie/sdaetsya-kv-or-r-metro-druzhba-narodov-1-7-16-ro-n-shayhantahurskiy-ID4f8Lo.html,550 у.е.,550.0,у.е,,,,,4f8Lo,24,shaykhantohur
,https://www.olx.uz/d/obyavlenie/sdaetsya-kvartira-1-6-16-na-or-r-shayhantahurskiy-zhk-chakar-ID4f8Kl.html,,,,,,,,4f8Kl,24,shaykhantohur
Сдаётся квартира 1/6/16 на ор-р Шайхантахурский ЖК Чакар,https://www.olx.uz/d/obyavlenie/sdaetsya-kvartira-1-6-16-na-or-r-shayhantahurskiy-zhk-chakar-ID4f8Kl.html,550 у.е. Договорная,550.0,у.е,,,,,4f8Kl,24,shaykhantohur
,https://www.olx.uz/d/obyavlenie/sdaetsya-kvartira-3-6-8-na-tashkent-city-gardens-residence-ID4f8Kh.html,,,,,,,,4f8Kh,24,shaykhantohur
Сдается квартира 3/6/8 на | Tashkent city | Gardens Residence |,https://www.olx.uz/d/obyavlenie/sdaetsya-kvartira-3-6-8-na-tashkent-city-gardens-residence-ID4f8Kh.html,1 300 у.е. Договорная,1300.0,у.е,,,,,4f8Kh,24,shaykhantohur
,https://www.olx.uz/d/obyavlenie/tashkent-siti-zhk-bulvar-sdaetsya-novaya-4h-komnatnaya-ID3GX0E.html,,,,,,,,3GX0E,24,shaykhantohur
Ташкент Сити ЖК Бульвар-Сдаётся новая 4х комнатная!,https://www.olx.uz/d/obyavlenie/tashkent-siti-zhk-bulvar-sdaetsya-novaya-4h-komnatnaya-ID3GX0E.html,1 500 у.е. Договорная,1500.0,у.е,,,,,3GX0E,24,shaykhantohur
,https://www.olx.uz/d/obyavlenie/srochnyy-arenda-ganga-orientir-ankara-kebab-ID3Z8f2.html,,,,,,,,3Z8f2,24,shaykhantohur
Срочный аренда ганга ориентир анкара кебаб,https://www.olx.uz/d/obyavlenie/srochnyy-arenda-ganga-orientir-ankara-kebab-ID3Z8f2.html,600 у.е.,600.0,у.е,,,,,3Z8f2,24,shaykhantohur
,https://www.olx.uz/d/obyavlenie/srochnyy-arenda-kvartira-shayhontohur-rayon-matsiv-ganga-ya-rieltor-ID3ZbcU.html,,,,,,,,3ZbcU,24,shaykhantohur
Срочный аренда квартира шайхонтохур район МАЦИВ Ганга Я РИЕЛТОРЬ,https://www.olx.uz/d/obyavlenie/srochnyy-arenda-kvartira-shayhontohur-rayon-matsiv-ganga-ya-rieltor-ID3ZbcU.html,650 у.е. Договорная,650.0,у.е,,,,,3ZbcU,24,shaykhantohur
,https://www.olx.uz/d/obyavlenie/srochnyy-arenda-kvartira-sebzor-ID3LaQH.html,,,,,,,,3LaQH,24,shaykhantohur
Срочный аренда квартира себзор,https://www.olx.uz/d/obyavlenie/srochnyy-arenda-kvartira-sebzor-ID3LaQH.html,550 у.е. Договорная,550.0,у.е,,,,,3LaQH,24,shaykhantohur
,https://www.olx.uz/d/obyavlenie/zhk-gardens-sdaetsya-4h-komnatnaya-kvartira-s-evro-remontom-ID3EBY6.html,,,,,,,,3EBY6,24,shaykhantohur
ЖК Gardens сдается 4х комнатная квартира с Евро ремонтом!,https://www.olx.uz/d/obyavlenie/zhk-gardens-sdaetsya-4h-komnatnaya-kvartira-s-evro-remontom-ID3EBY6.html,1 450 у.е. Договорная,1450.0,у.е,,,,,3EBY6,24,shaykhantohur
,https://www.olx.uz/d/obyavlenie/srochniy-arenda-kivartira-shayhontohur-rayon-ts-13-abay-korzinka-ID3Dmbm.html,,,,,,,,3Dmbm,24,shaykhantohur
Срочний аренда кивартира шайхонтохур район ц 13 Абай корзинка,https://www.olx.uz/d/obyavlenie/srochniy-arenda-kivartira-shayhontohur-rayon-ts-13-abay-korzinka-ID3Dmbm.html,550 у.е.,550.0,у.е,,,,,3Dmbm,24,shaykhantohur
,https://www.olx.uz/d/obyavlenie/arenda-novastroyka-ts-13-srochno-3-3-8-ID4el8d.html,,,,,,,,4el8d,24,shaykhantohur
Аренда Новастройка Ц-13 срочно 3/3/8,https://www.olx.uz/d/obyavlenie/arenda-novastroyka-ts-13-srochno-3-3-8-ID4el8d.html,1 000 у.е.,1000.0,у.е,,,,,4el8d,24,shaykhantohur
,https://www.olx.uz/d/obyavlenie/sdaetsya-v-arendu-2-kom-kv-druzhby-narodov-ID40L9u.html,,,,,,,,40L9u,24,shaykhantohur
СДАЕТСЯ В АРЕНДУ!!! 2-ком кв / Дружбы Народов,https://www.olx.uz/d/obyavlenie/sdaetsya-v-arendu-2-kom-kv-druzhby-narodov-ID40L9u.html,500 у.е. Договорная,500.0,у.е,,,,,40L9u,24,shaykhantohur
,https://www.olx.uz/d/obyavlenie/tashkent-siti-zhk-boulevard-sdaetsya-novaya-2h-komnatnaya-ID3GDvq.html,,,,,,,,3GDvq,24,shaykhantohur
Ташкент Сити ЖК Boulevard-Сдаётся новая 2х комнатная!,https://www.olx.uz/d/obyavlenie/tashkent-siti-zhk-boulevard-sdaetsya-novaya-2h-komnatnaya-ID3GDvq.html,900 у.е. Договорная,900.0,у.е,,,,,3GDvq,24,shaykhantohur
,https://www.olx.uz/d/obyavlenie/sdaetsya-kvartira-na-novostroyke-ID3LCKW.html,,,,,,,,3LCKW,24,shaykhantohur
Сдаётся квартира на Новостройке,https://www.olx.uz/d/obyavlenie/sdaetsya-kvartira-na-novostroyke-ID3LCKW.html,1 800 у.е.,1800.0,у.е,,,,,3LCKW,24,shaykhantohur
,https://www.olx.uz/d/obyavlenie/sdaetsya-kvartira-na-zhk-gardens-ID3zz4d.html,,,,,,,,3zz4d,24,shaykhantohur
Сдается квартира на ЖК Гарденс,https://www.olx.uz/d/obyavlenie/sdaetsya-kvartira-na-zhk-gardens-ID3zz4d.html,1 300 у.е.,1300.0,у.е,,,,,3zz4d,24,shaykhantohur
,https://www.olx.uz/d/obyavlenie/sdaetsya-kvartira-v-zhk-gardens-orientir-tashkent-city-ID3tW9Q.html,,,,,,,,3tW9Q,24,shaykhantohur
"Сдается квартира.. в ЖК Gardens 
Ориентир - Tashkent City",https://www.olx.uz/d/obyavlenie/sdaetsya-kvartira-v-zhk-gardens-orientir-tashkent-city-ID3tW9Q.html,1 500 у.е.,1500.0,у.е,,,,,3tW9Q,24,shaykhantohur
,https://www.olx.uz/d/obyavlenie/sdaetsya-kvartira-na-tashkent-siti-ID3t09V.html,,,,,,,,3t09V,24,shaykhantohur
Сдаётся квартира на Ташкент сити...,https://www.olx.uz/d/obyavlenie/sdaetsya-kvartira-na-tashkent-siti-ID3t09V.html,1 200 у.е.,1200.0,у.е,,,,,3t09V,24,shaykhantohur
,https://www.olx.uz/d/obyavlenie/sdaetsya-kv-or-r-zhk-chakar-halklar-dostligi-3-7-16-shayhantahurskiy-ID4f8HC.html,,,,,,,,4f8HC,24,shaykhantohur
Сдаётся кв ор-р ЖК Чакар Халклар Достлиги 3/7/16 Шайхантахурский,https://www.olx.uz/d/obyavlenie/sdaetsya-kv-or-r-zhk-chakar-halklar-dostligi-3-7-16-shayhantahurskiy-ID4f8HC.html,800 у.е.,800.0,у.е,,,,,4f8HC,24,shaykhantohur
,https://www.olx.uz/d/obyavlenie/sdaetsya-kvartira-na-ts-15-ID34DPR.html,,,,,,,,34DPR,24,shaykhantohur
Сдается квартира на Ц-15,https://www.olx.uz/d/obyavlenie/sdaetsya-kvartira-na-ts-15-ID34DPR.html,2 500 у.е.,2500.0,у.е,,,,,34DPR,24,shaykhantohur
,https://www.olx.uz/d/obyavlenie/hadra-tsirk-3-2-7-ID3PEjV.html,,,,,,,,3PEjV,24,shaykhantohur
Хадра Цирк 3/2/7,https://www.olx.uz/d/obyavlenie/hadra-tsirk-3-2-7-ID3PEjV.html,1 400 у.е.,1400.0,у.е,,,,,3PEjV,24,shaykhantohur
,https://www.olx.uz/d/obyavlenie/zhk-parisien-novaya-2h-komnatnaya-kvartira-avtorskiy-remont-vse-vklyucheno-ID45TQX.html,,,,,,,,45TQX,24,shaykhantohur
Жк Parisien! Новая 2х комнатная квартира!Авторский ремонт все включено,https://www.olx.uz/d/obyavlenie/zhk-parisien-novaya-2h-komnatnaya-kvartira-avtorskiy-remont-vse-vklyucheno-ID45TQX.html,800 у.е. Договорная,800.0,у.е,,,,,45TQX,24,shaykhantohur
,https://www.olx.uz/d/obyavlenie/sdaetsya-kvartira-na-druzhbe-narodov-ID3rigj.html,,,,,,,,3rigj,24,shaykhantohur
Сдается квартира на Дружбе Народов,https://www.olx.uz/d/obyavlenie/sdaetsya-kvartira-na-druzhbe-narodov-ID3rigj.html,950 у.е.,950.0,у.е,,,,,3rigj,24,shaykhantohur
,https://www.olx.uz/d/obyavlenie/sdaetsya-kvartira-na-nest-one-avtorskim-remontam-ID44OG0.html,,,,,,,,44OG0,24,shaykhantohur
Сдаётся квартира на Nest One Авторским ремонтам‼️,https://www.olx.uz/d/obyavlenie/sdaetsya-kvartira-na-nest-one-avtorskim-remontam-ID44OG0.html,2 000 у.е.,2000.0,у.е,,,,,44OG0,24,shaykhantohur
,https://www.olx.uz/d/obyavlenie/arenda-chilonzor-7-kv-1-3-4-ID3SGIc.html,,,,,,,,3SGIc,24,shaykhantohur
Arenda chilonzor 7 kv. 1/3/4,https://www.olx.uz/d/obyavlenie/arenda-chilonzor-7-kv-1-3-4-ID3SGIc.html,250 у.е.,250.0,у.е,,,,,3SGIc,24,shaykhantohur
,https://www.olx.uz/d/obyavlenie/tashkent-siti-zhk-gardens-sdaetsya-shikarnyy-penthaus-v-tsentre-goroda-ID3E6EI.html,,,,,,,,3E6EI,24,shaykhantohur
Ташкент Сити-Жк Gardens! Сдается шикарный ПЕНТХАУС в центре города!,https://www.olx.uz/d/obyavlenie/tashkent-siti-zhk-gardens-sdaetsya-shikarnyy-penthaus-v-tsentre-goroda-ID3E6EI.html,2 000 у.е. Договорная,2000.0,у.е,,,,,3E6EI,24,shaykhantohur
,https://www.olx.uz/d/obyavlenie/arenda-3-h-komnatnaya-kvartira-gafur-gulyam-metro-srochno-ID4eKo7.html,,,,,,,,4eKo7,24,shaykhantohur
Аренда 3-х комнатная квартира Гафур Гулям Метро ! СРОЧНО!,https://www.olx.uz/d/obyavlenie/arenda-3-h-komnatnaya-kvartira-gafur-gulyam-metro-srochno-ID4eKo7.html,500 у.е. Договорная,500.0,у.е,,,,,4eKo7,24,shaykhantohur
,https://www.olx.uz/d/obyavlenie/arenda-premium-kv-na-tashkent-siti-bulvard-svezhaya-3-komn-ID4eKns.html,,,,,,,,4eKns,24,shaykhantohur
АРЕНДА Премиум Кв на Ташкент сити Бульвард свежая 3 комн,https://www.olx.uz/d/obyavlenie/arenda-premium-kv-na-tashkent-siti-bulvard-svezhaya-3-komn-ID4eKns.html,1 200 у.е. Договорная,1200.0,у.е,,,,,4eKns,24,shaykhantohur
,https://www.olx.uz/d/obyavlenie/sdaetsya-2-h-kvartiru-po-nizkoy-tsene-adres-sebzor-1-ID4f8C3.html,,,,,,,,4f8C3,24,shaykhantohur
Сдаётся 2-х Квартиру по Низкой Цене адрес Себзор! 1*,https://www.olx.uz/d/obyavlenie/sdaetsya-2-h-kvartiru-po-nizkoy-tsene-adres-sebzor-1-ID4f8C3.html,500 у.е. Договорная,500.0,у.е,,,,,4f8C3,24,shaykhantohur
,https://www.olx.uz/d/obyavlenie/sdaetsya-kvartira-1-12-27-na-or-r-shayhantahurskiy-zhk-u-tower-ID4f8DR.html,,,,,,,,4f8DR,24,shaykhantohur
Сдаётся квартира 1/12/27 на ор-р Шайхантахурский ЖК U-Tower,https://www.olx.uz/d/obyavlenie/sdaetsya-kvartira-1-12-27-na-or-r-shayhantahurskiy-zhk-u-tower-ID4f8DR.html,750 у.е. Договорная,750.0,у.е,,,,,4f8DR,24,shaykhantohur
,https://www.olx.uz/d/obyavlenie/zhk-gardens-tashkent-siti-sdaetsya-novaya-4h-komnatnaya-ID3FRwl.html,,,,,,,,3FRwl,24,shaykhantohur
ЖК Gardens Ташкент Сити! Сдаётся новая 4х комнатная !,https://www.olx.uz/d/obyavlenie/zhk-gardens-tashkent-siti-sdaetsya-novaya-4h-komnatnaya-ID3FRwl.html,1 700 у.е. Договорная,1700.0,у.е,,,,,3FRwl,24,shaykhantohur
,https://www.olx.uz/d/obyavlenie/ganga-da-2hona-2-9-arendaga-kv-bor-halklar-dustligi-druzhba-ID4f8uv.html,,,,,,,,4f8uv,24,shaykhantohur
Ганга да 2хона 2/9 Арендага кв бор/Халклар Дустлиги/Дружба,https://www.olx.uz/d/obyavlenie/ganga-da-2hona-2-9-arendaga-kv-bor-halklar-dustligi-druzhba-ID4f8uv.html,500 у.е. Договорная,500.0,у.е,,,,,4f8uv,24,shaykhantohur
,https://www.olx.uz/d/obyavlenie/arenda-kvartiry-3-komnatnyy-v-tashkent-siti-zhk-boulevard-residence-ID4dVq2.html,,,,,,,,4dVq2,24,shaykhantohur
Аренда квартиры 3 комнатный в Ташкент сити ЖК  Boulevard Residence,https://www.olx.uz/d/obyavlenie/arenda-kvartiry-3-komnatnyy-v-tashkent-siti-zhk-boulevard-residence-ID4dVq2.html,1 800 у.е.,1800.0,у.е,,,,,4dVq2,24,shaykhantohur
,https://www.olx.uz/d/obyavlenie/sdaetsya-novaya-kvartira-v-tsentre-goroda-ID4f8AX.html,,,,,,,,4f8AX,24,shaykhantohur
Сдаётся новая квартира в центре города,https://www.olx.uz/d/obyavlenie/sdaetsya-novaya-kvartira-v-tsentre-goroda-ID4f8AX.html,1 000 у.е.,1000.0,у.е,,,,,4f8AX,24,shaykhantohur
,https://www.olx.uz/d/obyavlenie/nrg-u-tower-sdaetsya-kvartira-2-kom-novaya-ne-kto-ne-zhil-ID4dVoz.html,,,,,,,,4dVoz,24,shaykhantohur
NRG U Tower Сдаётся квартира 2 ком Новая не кто не жил,https://www.olx.uz/d/obyavlenie/nrg-u-tower-sdaetsya-kvartira-2-kom-novaya-ne-kto-ne-zhil-ID4dVoz.html,1 500 у.е.,1500.0,у.е,,,,,4dVoz,24,shaykhantohur
,https://www.olx.uz/d/obyavlenie/sdaetsya-kvartira-v-tsentre-ID35QJR.html,,,,,,,,35QJR,24,shaykhantohur
Сдается Квартира в Центре,https://www.olx.uz/d/obyavlenie/sdaetsya-kvartira-v-tsentre-ID35QJR.html,700 у.е.,700.0,у.е,,,,,35QJR,24,shaykhantohur
,https://www.olx.uz/d/obyavlenie/srochno-sdaetsya-kv-or-r-druzhba-narodov-2-7-16-ro-n-shayhantahurskiy-ID4f8zq.html,,,,,,,,4f8zq,24,shaykhantohur
СРОЧНО Сдаётся кв ор-р Дружба Народов 2/7/16 ро-н Шайхантахурский,https://www.olx.uz/d/obyavlenie/srochno-sdaetsya-kv-or-r-druzhba-narodov-2-7-16-ro-n-shayhantahurskiy-ID4f8zq.html,600 у.е.,600.0,у.е,,,,,4f8zq,24,shaykhantohur
,https://www.olx.uz/d/obyavlenie/sdaetsya-v-arendu-3-5-8-v-tashkent-siti-gardens-lyuks-kvartira-ID4ekY5.html,,,,,,,,4ekY5,24,shaykhantohur
Сдается в аренду 3/5/8 в Ташкент сити Гарденс люкс квартира,https://www.olx.uz/d/obyavlenie/sdaetsya-v-arendu-3-5-8-v-tashkent-siti-gardens-lyuks-kvartira-ID4ekY5.html,2 500 у.е.,2500.0,у.е,,,,,4ekY5,24,shaykhantohur
,https://www.olx.uz/d/obyavlenie/sdaetsya-v-arendu-tashkent-siti-gardens-ID4dVn5.html,,,,,,,,4dVn5,24,shaykhantohur
"Сдаётся в аренду  Ташкент сити  "" Gardens """,https://www.olx.uz/d/obyavlenie/sdaetsya-v-arendu-tashkent-siti-gardens-ID4dVn5.html,1 100 у.е.,1100.0,у.е,,,,,4dVn5,24,shaykhantohur
,https://www.olx.uz/d/obyavlenie/sdaetsya-kvartira-v-tashkent-siti-zhk-gardens-residence-ID4dVn3.html,,,,,,,,4dVn3,24,shaykhantohur
Сдается квартира в Ташкент сити ЖК Gardens Residence,https://www.olx.uz/d/obyavlenie/sdaetsya-kvartira-v-tashkent-siti-zhk-gardens-residence-ID4dVn3.html,1 000 у.е.,1000.0,у.е,,,,,4dVn3,24,shaykhantohur
,https://www.olx.uz/d/obyavlenie/qizllarga-sheriklika-bez-makler-kivartira-ID4f8xV.html,,,,,,,,4f8xV,24,shaykhantohur
Qizllarga sheriklika bez makler kivartira,https://www.olx.uz/d/obyavlenie/qizllarga-sheriklika-bez-makler-kivartira-ID4f8xV.html,600 000 сум,600000.0,сум,,,,,4f8xV,24,shaykhantohur
,https://www.olx.uz/d/obyavlenie/sdaetsya-2-komnatnaya-kvartira-v-tashkent-siti-l-zhk-nest-one-ID4eKei.html,,,,,,,,4eKei,24,shaykhantohur
Сдается 2-комнатная квартира в Ташкент Сити l ЖК Nest One,https://www.olx.uz/d/obyavlenie/sdaetsya-2-komnatnaya-kvartira-v-tashkent-siti-l-zhk-nest-one-ID4eKei.html,1 500 у.е.,1500.0,у.е,,,,,4eKei,24,shaykhantohur
,https://www.olx.uz/d/obyavlenie/arenda-toshkent-site-garden-a4-2-hona-2-etazh-ID4f8wx.html,,,,,,,,4f8wx,24,shaykhantohur
Аренда тошкент сите Гарден А4  2 хона 2 этаж,https://www.olx.uz/d/obyavlenie/arenda-toshkent-site-garden-a4-2-hona-2-etazh-ID4f8wx.html,1 300 у.е. Договорная,1300.0,у.е,,,,,4f8wx,24,shaykhantohur
,https://www.olx.uz/d/obyavlenie/sdaetsya-kv-ts-15-zhangoh-2-kom-2-4-ro-n-shayhantahurskiy-ID4f8uy.html,,,,,,,,4f8uy,24,shaykhantohur
Сдаётся кв Ц-15 Жангох 2-ком/2/4 ро-н Шайхантахурский,https://www.olx.uz/d/obyavlenie/sdaetsya-kv-ts-15-zhangoh-2-kom-2-4-ro-n-shayhantahurskiy-ID4f8uy.html,450 у.е.,450.0,у.е,,,,,4f8uy,24,shaykhantohur
,https://www.olx.uz/d/obyavlenie/sdaetsya-kvartira-v-druzhba-narodov-ID3rrfN.html,,,,,,,,3rrfN,24,shaykhantohur
Сдается квартира в Дружба Народов,https://www.olx.uz/d/obyavlenie/sdaetsya-kvartira-v-druzhba-narodov-ID3rrfN.html,800 у.е.,800.0,у.е,,,,,3rrfN,24,shaykhantohur
,https://www.olx.uz/d/obyavlenie/sdaetsya-kvartira-na-metro-tinchlik-ID3NOyN.html,,,,,,,,3NOyN,24,shaykhantohur
Сдаётся квартира на Метро Тинчлик‼️,https://www.olx.uz/d/obyavlenie/sdaetsya-kvartira-na-metro-tinchlik-ID3NOyN.html,700 у.е.,700.0,у.е,,,,,3NOyN,24,shaykhantohur
,https://www.olx.uz/d/obyavlenie/sdaetsya-kvartira-tashkent-siti-gardens-ID2YP3O.html,,,,,,,,2YP3O,24,shaykhantohur
Сдаётся  Квартира Ташкент сити Гарденс,https://www.olx.uz/d/obyavlenie/sdaetsya-kvartira-tashkent-siti-gardens-ID2YP3O.html,1 250 у.е.,1250.0,у.е,,,,,2YP3O,24,shaykhantohur
,https://www.olx.uz/d/obyavlenie/sdaetsya-kvartira-v-tashkent-siti-ID3dWsp.html,,,,,,,,3dWsp,24,shaykhantohur
Сдаётся квартира в Ташкент сити,https://www.olx.uz/d/obyavlenie/sdaetsya-kvartira-v-tashkent-siti-ID3dWsp.html,1 500 у.е.,1500.0,у.е,,,,,3dWsp,24,shaykhantohur
,https://www.olx.uz/d/obyavlenie/sdaetsya-kvartira-na-gange-ID3G6qR.html,,,,,,,,3G6qR,24,shaykhantohur
Сдается квартира на Ганге,https://www.olx.uz/d/obyavlenie/sdaetsya-kvartira-na-gange-ID3G6qR.html,800 у.е.,800.0,у.е,,,,,3G6qR,24,shaykhantohur
,https://www.olx.uz/d/obyavlenie/tashkent-city-boulevard-novaya-3h-komnatnaya-kvartira-vse-vklyucheno-ID47s54.html,,,,,,,,47s54,24,shaykhantohur
Tashkent city Boulevard! Новая 3х комнатная квартира! Все включено!,https://www.olx.uz/d/obyavlenie/tashkent-city-boulevard-novaya-3h-komnatnaya-kvartira-vse-vklyucheno-ID47s54.html,1 200 у.е. Договорная,1200.0,у.е,,,,,47s54,24,shaykhantohur
,https://www.olx.uz/d/obyavlenie/tashkent-city-5-daqiqa-3xonali-ijara-gafur-gulom-metro-jangoh-labzak-ID4eK7Z.html,,,,,,,,4eK7Z,24,shaykhantohur
Tashkent City 5 daqiqa 3xonali ijara G‘afur G‘ulom metro Jangoh Labzak,https://www.olx.uz/d/obyavlenie/tashkent-city-5-daqiqa-3xonali-ijara-gafur-gulom-metro-jangoh-labzak-ID4eK7Z.html,550 у.е. Договорная,550.0,у.е,,,,,4eK7Z,24,shaykhantohur
,https://www.olx.uz/d/obyavlenie/komfortnaya-kvartira-so-vsemi-udobstvami-v-tsentre-chorsu-ID4f8rB.html,,,,,,,,4f8rB,24,shaykhantohur
Комфортная квартира Со всеми удобствами в центре.     Чорсу,https://www.olx.uz/d/obyavlenie/komfortnaya-kvartira-so-vsemi-udobstvami-v-tsentre-chorsu-ID4f8rB.html,500 у.е.,500.0,у.е,,,,,4f8rB,24,shaykhantohur
,https://www.olx.uz/d/obyavlenie/shayhontohur-uy-arenda-ID4f8r6.html,,,,,,,,4f8r6,24,shaykhantohur
Shayhontohur uy arenda,https://www.olx.uz/d/obyavlenie/shayhontohur-uy-arenda-ID4f8r6.html,900 у.е.,900.0,у.е,,,,,4f8r6,24,shaykhantohur
,https://www.olx.uz/d/obyavlenie/kvartira-ijaraga-u-tower-da-odinochka-yoki-oyila-ID4eK4v.html,,,,,,,,4eK4v,24,shaykhantohur
Kvartira Ijaraga U Tower da Odinochka yoki Oyila,https://www.olx.uz/d/obyavlenie/kvartira-ijaraga-u-tower-da-odinochka-yoki-oyila-ID4eK4v.html,900 у.е.,900.0,у.е,,,,,4eK4v,24,shaykhantohur
,https://www.olx.uz/d/obyavlenie/arenda-bi-group-botanika-saroyi-ID4f8mo.html,,,,,,,,4f8mo,24,shaykhantohur
Arenda BI Group Botanika Saroyi,https://www.olx.uz/d/obyavlenie/arenda-bi-group-botanika-saroyi-ID4f8mo.html,750 у.е. Договорная,750.0,у.е,,,,,4f8mo,24,shaykhantohur
,https://www.olx.uz/d/obyavlenie/tashkent-siti-zhk-boulevard-penthaus-sdaetsya-novaya-4h-komnatnaya-ID3GlYI.html,,,,,,,,3GlYI,24,shaykhantohur
Ташкент Сити ЖК Boulevard ПЕНТХАУС! Сдаётся новая 4х комнатная!,https://www.olx.uz/d/obyavlenie/tashkent-siti-zhk-boulevard-penthaus-sdaetsya-novaya-4h-komnatnaya-ID3GlYI.html,1 500 у.е. Договорная,1500.0,у.е,,,,,3GlYI,24,shaykhantohur
,https://www.olx.uz/d/obyavlenie/srochno-arenda-zhk-nrg-u-tower-druzhba-narodov-2h-kom-avtorskiy-remont-ID4ekNo.html,,,,,,,,4ekNo,24,shaykhantohur
Срочно аренда ЖК NRG U-Tower Дружба Народов 2х ком авторский ремонт,https://www.olx.uz/d/obyavlenie/srochno-arenda-zhk-nrg-u-tower-druzhba-narodov-2h-kom-avtorskiy-remont-ID4ekNo.html,1 200 у.е.,1200.0,у.е,,,,,4ekNo,24,shaykhantohur
,https://www.olx.uz/d/obyavlenie/sdaetsya-kvartira-v-shayhantahurskom-rayone-ID3zjiP.html,,,,,,,,3zjiP,24,shaykhantohur
Сдаётся квартира в Шайхантахурском районе**,https://www.olx.uz/d/obyavlenie/sdaetsya-kvartira-v-shayhantahurskom-rayone-ID3zjiP.html,600 у.е.,600.0,у.е,,,,,3zjiP,24,shaykhantohur
,https://www.olx.uz/d/obyavlenie/tashkent-siti-zhk-gardens-sdaetsya-novaya-3-h-komnatnaya-v-elit-komplekse-ID3VdRk.html,,,,,,,,3VdRk,24,shaykhantohur
Ташкент Сити-Жк Gardens! Сдаётся новая 3-х комнатная в элит комплексе!,https://www.olx.uz/d/obyavlenie/tashkent-siti-zhk-gardens-sdaetsya-novaya-3-h-komnatnaya-v-elit-komplekse-ID3VdRk.html,1 300 у.е. Договорная,1300.0,у.е,,,,,3VdRk,24,shaykhantohur
,https://www.olx.uz/d/obyavlenie/tashkent-siti-zhk-gardens-sdaetsya-novaya-3-h-komnatnaya-v-elit-komplekse-ID3DbnD.html,,,,,,,,3DbnD,24,shaykhantohur
Ташкент Сити-Жк Gardens! Сдается новая 3-х комнатная в элит комплексе!,https://www.olx.uz/d/obyavlenie/tashkent-siti-zhk-gardens-sdaetsya-novaya-3-h-komnatnaya-v-elit-komplekse-ID3DbnD.html,1 400 у.е. Договорная,1400.0,у.е,,,,,3DbnD,24,shaykhantohur
,https://www.olx.uz/d/obyavlenie/nest-one-sdaetsya-novyy-avtorskiy-proekt-3-h-komnatnaya-v-tsentre-goroda-ID3dBgl.html,,,,,,,,3dBgl,24,shaykhantohur
Nest One-Сдается новый Авторский проект! 3-х комнатная в центре города,https://www.olx.uz/d/obyavlenie/nest-one-sdaetsya-novyy-avtorskiy-proekt-3-h-komnatnaya-v-tsentre-goroda-ID3dBgl.html,1 400 у.е. Договорная,1400.0,у.е,,,,,3dBgl,24,shaykhantohur
,https://www.olx.uz/d/obyavlenie/sdaetsya-v-arendu-kvartira-110-kvadratov-ID4bNIO.html,,,,,,,,4bNIO,24,shaykhantohur
Сдается в аренду квартира 110 квадратов,https://www.olx.uz/d/obyavlenie/sdaetsya-v-arendu-kvartira-110-kvadratov-ID4bNIO.html,950 у.е. Договорная,950.0,у.е,,,,,4bNIO,24,shaykhantohur
,https://www.olx.uz/d/obyavlenie/arenda-premium-kvartira-v-zhk-tashkent-siti-bulvar-ID3pzqH.html,,,,,,,,3pzqH,24,shaykhantohur
Аренда Премиум квартира в ЖК Ташкент Сити Бульвар!,https://www.olx.uz/d/obyavlenie/arenda-premium-kvartira-v-zhk-tashkent-siti-bulvar-ID3pzqH.html,1 500 у.е. Договорная,1500.0,у.е,,,,,3pzqH,24,shaykhantohur
,https://www.olx.uz/d/obyavlenie/sdaetsya-kvartira-v-tashkent-siti-2-h-komn-ID3oZcR.html,,,,,,,,3oZcR,24,shaykhantohur
Сдается квартира в Ташкент Сити! 2-х комн,https://www.olx.uz/d/obyavlenie/sdaetsya-kvartira-v-tashkent-siti-2-h-komn-ID3oZcR.html,800 у.е. Договорная,800.0,у.е,,,,,3oZcR,24,shaykhantohur
,https://www.olx.uz/d/obyavlenie/arenda-kvartiry-v-tashkente-3-9-10-shayhantahurskiy-r-n-zhk-labzak-ID4bij5.html,,,,,,,,4bij5,24,shaykhantohur
"Аренда квартиры в Ташкенте 3/9/10! Шайхантахурский р-н, ЖК Лабзак",https://www.olx.uz/d/obyavlenie/arenda-kvartiry-v-tashkente-3-9-10-shayhantahurskiy-r-n-zhk-labzak-ID4bij5.html,650 у.е.,650.0,у.е,,,,,4bij5,24,shaykhantohur
,https://www.olx.uz/d/obyavlenie/arenda-2-komnatnoy-kvartiry-druzhba-narodov-koratosh-zhk-chaqar-ID4eJZY.html,,,,,,,,4eJZY,24,shaykhantohur
Аренда 2 комнатной квартиры Дружба Народов/Коратош ЖК Chaqar,https://www.olx.uz/d/obyavlenie/arenda-2-komnatnoy-kvartiry-druzhba-narodov-koratosh-zhk-chaqar-ID4eJZY.html,650 у.е.,650.0,у.е,,,,,4eJZY,24,shaykhantohur
,https://www.olx.uz/d/obyavlenie/tashkent-siti-bulvar-sdaetsya-2-komnatnaya-kvartira-v-arendu-ID3GRpS.html,,,,,,,,3GRpS,24,shaykhantohur
Ташкент сити Бульвар  - сдаётся 2 комнатная квартира в аренду,https://www.olx.uz/d/obyavlenie/tashkent-siti-bulvar-sdaetsya-2-komnatnaya-kvartira-v-arendu-ID3GRpS.html,1 300 у.е.,1300.0,у.е,,,,,3GRpS,24,shaykhantohur
,https://www.olx.uz/d/obyavlenie/arenda-evro-kvartiry-v-nest-one-or-r-druzhba-narodov-ID4ekKi.html,,,,,,,,4ekKi,24,shaykhantohur
"Аренда Евро квартиры  в ""NEST ONE"" Ор-р Дружба Народов",https://www.olx.uz/d/obyavlenie/arenda-evro-kvartiry-v-nest-one-or-r-druzhba-narodov-ID4ekKi.html,1 700 у.е.,1700.0,у.е,,,,,4ekKi,24,shaykhantohur
,https://www.olx.uz/d/obyavlenie/sdaetsya-kvartira-v-tashkent-siti-v-premialnom-zhk-boulvard-ID4eJYL.html,,,,,,,,4eJYL,24,shaykhantohur
Сдается квартира  в  Ташкент Сити  в премиальном ЖК Boulvard,https://www.olx.uz/d/obyavlenie/sdaetsya-kvartira-v-tashkent-siti-v-premialnom-zhk-boulvard-ID4eJYL.html,1 100 у.е.,1100.0,у.е,,,,,4eJYL,24,shaykhantohur
,https://www.olx.uz/d/obyavlenie/tashkent-siti-zhk-gardens-sdaetsya-novaya-kvartira-studiya-ID3GeJX.html,,,,,,,,3GeJX,24,shaykhantohur
Ташкент Сити ЖК Гарденс-Сдаётся новая квартира студия!,https://www.olx.uz/d/obyavlenie/tashkent-siti-zhk-gardens-sdaetsya-novaya-kvartira-studiya-ID3GeJX.html,900 у.е. Договорная,900.0,у.е,,,,,3GeJX,24,shaykhantohur
,https://www.olx.uz/d/obyavlenie/tashkent-siti-gardens-5-komnt-g-petnhaus-sdaetsya-bezuprechnaya-kvartira-ID3V2Bd.html,,,,,,,,3V2Bd,24,shaykhantohur
Ташкент сити Гарденс 5 комнт г Петнхаус Сдаётся безупречная квартира,https://www.olx.uz/d/obyavlenie/tashkent-siti-gardens-5-komnt-g-petnhaus-sdaetsya-bezuprechnaya-kvartira-ID3V2Bd.html,4 000 у.е. Договорная,4000.0,у.е,,,,,3V2Bd,24,shaykhantohur
,https://www.olx.uz/d/obyavlenie/tashkent-siti-a-sdaetsya-3h-komnatnaya-bezuprechnaya-kvartira-novastroyke-ID3IcXa.html,,,,,,,,3IcXa,24,shaykhantohur
Ташкент сити а Сдаётся 3х комнатная безупречная квартира новастройке,https://www.olx.uz/d/obyavlenie/tashkent-siti-a-sdaetsya-3h-komnatnaya-bezuprechnaya-kvartira-novastroyke-ID3IcXa.html,1 500 у.е. Договорная,1500.0,у.е,,,,,3IcXa,24,shaykhantohur
,https://www.olx.uz/d/obyavlenie/arenda-kvartiry-s-novym-remontom-v-tashkent-siti-zhk-bulvar-3-3-7-ID4eJXx.html,,,,,,,,4eJXx,24,shaykhantohur
Аренда квартиры с новым ремонтом в Ташкент Сити - ЖК Бульвар 3/3/7,https://www.olx.uz/d/obyavlenie/arenda-kvartiry-s-novym-remontom-v-tashkent-siti-zhk-bulvar-3-3-7-ID4eJXx.html,2 500 у.е.,2500.0,у.е,,,,,4eJXx,24,shaykhantohur
,https://www.olx.uz/d/obyavlenie/tashkent-siti-zhk-boulevard-sdaetsya-shikarnaya-3-kom-kvartira-na-park-ID3Ratr.html,,,,,,,,3Ratr,24,shaykhantohur
Ташкент сити! Жк Boulevard! Сдаётся шикарная 3 ком квартира  на парк,https://www.olx.uz/d/obyavlenie/tashkent-siti-zhk-boulevard-sdaetsya-shikarnaya-3-kom-kvartira-na-park-ID3Ratr.html,1 300 у.е. Договорная,1300.0,у.е,,,,,3Ratr,24,shaykhantohur
,https://www.olx.uz/d/obyavlenie/tashkent-siti-bulvar-sdaetsya-3-h-komnatnaya-kvartira-ID3xOei.html,,,,,,,,3xOei,24,shaykhantohur
Ташкент Сити-Бульвар!Сдается 3-х комнатная квартира,https://www.olx.uz/d/obyavlenie/tashkent-siti-bulvar-sdaetsya-3-h-komnatnaya-kvartira-ID3xOei.html,1 600 у.е.,1600.0,у.е,,,,,3xOei,24,shaykhantohur
,https://www.olx.uz/d/obyavlenie/shayxontohur-2-9-11-55-m2-tashkent-city-ID4f8i6.html,,,,,,,,4f8i6,24,shaykhantohur
Shayxontohur 2/9/11 55 m2 Tashkent City!,https://www.olx.uz/d/obyavlenie/shayxontohur-2-9-11-55-m2-tashkent-city-ID4f8i6.html,700 у.е.,700.0,у.е,,,,,4f8i6,24,shaykhantohur
,https://www.olx.uz/d/obyavlenie/tashkent-siti-bulvar-sdaetsya-novaya-3-h-komnatnaya-v-elit-komplekse-ID3vFcc.html,,,,,,,,3vFcc,24,shaykhantohur
Ташкент Сити-Бульвар! Сдается новая 3-х комнатная в элит комплексе,https://www.olx.uz/d/obyavlenie/tashkent-siti-bulvar-sdaetsya-novaya-3-h-komnatnaya-v-elit-komplekse-ID3vFcc.html,1 300 у.е.,1300.0,у.е,,,,,3vFcc,24,shaykhantohur
,https://www.olx.uz/d/obyavlenie/tashkent-city-gardens-sdaetsya-4-h-komnatnaya-shikarnaya-kvartira-ID3xzeW.html,,,,,,,,3xzeW,24,shaykhantohur
Tashkent City-Gardens!Сдается 4-х комнатная шикарная квартира,https://www.olx.uz/d/obyavlenie/tashkent-city-gardens-sdaetsya-4-h-komnatnaya-shikarnaya-kvartira-ID3xzeW.html,2 200 у.е.,2200.0,у.е,,,,,3xzeW,24,shaykhantohur
,https://www.olx.uz/d/obyavlenie/arenda-kvartiry-2h-komnatn-55-m2-ul-samarkand-darvoza-bks-ID4dV3J.html,,,,,,,,4dV3J,24,shaykhantohur
"АРЕНДА КВАРТИРЫ! 2х комнатн,55 м2|ул Самарканд Дарвоза. БКС",https://www.olx.uz/d/obyavlenie/arenda-kvartiry-2h-komnatn-55-m2-ul-samarkand-darvoza-bks-ID4dV3J.html,800 у.е. Договорная,800.0,у.е,,,,,4dV3J,24,shaykhantohur
,https://www.olx.uz/d/obyavlenie/shayxontohur-1-4-12-40-m2-samarqand-darvoza-ID4f8ep.html,,,,,,,,4f8ep,24,shaykhantohur
Shayxontohur 1/4/12 40 m2 Samarqand Darvoza!,https://www.olx.uz/d/obyavlenie/shayxontohur-1-4-12-40-m2-samarqand-darvoza-ID4f8ep.html,400 у.е.,400.0,у.е,,,,,4f8ep,24,shaykhantohur
,https://www.olx.uz/d/obyavlenie/sdam-kvartiru-na-novostroyke-orientir-tashkent-siti-ID1YV87.html,,,,,,,,1YV87,24,shaykhantohur
Сдам квартиру на Новостройке Ориентир Ташкент сити,https://www.olx.uz/d/obyavlenie/sdam-kvartiru-na-novostroyke-orientir-tashkent-siti-ID1YV87.html,1 200 у.е.,1200.0,у.е,,,,,1YV87,24,shaykhantohur
,https://www.olx.uz/d/obyavlenie/zhk-boulevard-sdaetsya-novaya-2h-komnatnaya-s-evro-remontom-ID3ECSt.html,,,,,,,,3ECSt,24,shaykhantohur
ЖК Boulevard сдается новая 2х комнатная с Евро ремонтом!,https://www.olx.uz/d/obyavlenie/zhk-boulevard-sdaetsya-novaya-2h-komnatnaya-s-evro-remontom-ID3ECSt.html,800 у.е. Договорная,800.0,у.е,,,,,3ECSt,24,shaykhantohur
,https://www.olx.uz/d/obyavlenie/sdam-2-komatnuyu-tashkent-siti-g-arenda-novaya-kvartira-v-novostroyke-ID3Oe0j.html,,,,,,,,3Oe0j,24,shaykhantohur
Сдам 2 коматную Ташкент Сити г Аренда новая квартира в новостройке,https://www.olx.uz/d/obyavlenie/sdam-2-komatnuyu-tashkent-siti-g-arenda-novaya-kvartira-v-novostroyke-ID3Oe0j.html,1 000 у.е. Договорная,1000.0,у.е,,,,,3Oe0j,24,shaykhantohur
,https://www.olx.uz/d/obyavlenie/arenda-4-4-5-metro-tinchlik-ID49SUe.html,,,,,,,,49SUe,24,shaykhantohur
Аренда 4/4/5 Метро Тинчлик,https://www.olx.uz/d/obyavlenie/arenda-4-4-5-metro-tinchlik-ID49SUe.html,600 у.е.,600.0,у.е,,,,,49SUe,24,shaykhantohur
,https://www.olx.uz/d/obyavlenie/novaya-3h-komnatnaya-kvartira-na-tashkent-city-gardens-vse-vklyucheno-ID45XuT.html,,,,,,,,45XuT,24,shaykhantohur
Новая 3х комнатная квартира на Tashkent city Gardens! Все включено!,https://www.olx.uz/d/obyavlenie/novaya-3h-komnatnaya-kvartira-na-tashkent-city-gardens-vse-vklyucheno-ID45XuT.html,1 200 у.е. Договорная,1200.0,у.е,,,,,45XuT,24,shaykhantohur
,https://www.olx.uz/d/obyavlenie/tashkent-city-boulvard-stilnaya-2ka-s-avtorskim-remontom-76m2-novaya-ID44DEN.html,,,,,,,,44DEN,24,shaykhantohur
Tashkent city Boulvard! Стильная 2ка с Авторским ремонтом 76м2! Новая!,https://www.olx.uz/d/obyavlenie/tashkent-city-boulvard-stilnaya-2ka-s-avtorskim-remontom-76m2-novaya-ID44DEN.html,1 000 у.е. Договорная,1000.0,у.е,,,,,44DEN,24,shaykhantohur
,https://www.olx.uz/d/obyavlenie/sdaetsya-v-arendu-2-komnatnaya-kvartira-v-chilanzare-novza-ID4dWSZ.html,,,,,,,,4dWSZ,24,shaykhantohur
"Сдаётся в аренду 2 комнатная квартира в Чиланзаре,Новза",https://www.olx.uz/d/obyavlenie/sdaetsya-v-arendu-2-komnatnaya-kvartira-v-chilanzare-novza-ID4dWSZ.html,600 у.е.,600.0,у.е,,,,,4dWSZ,24,shaykhantohur
,https://www.olx.uz/d/obyavlenie/arenda-kvartiry-1-etazh-3-komnatnaya-chorsu-ID4eJIP.html,,,,,,,,4eJIP,24,shaykhantohur
Аренда квартиры.     1 этаж.    3-комнатная.    Чорсу,https://www.olx.uz/d/obyavlenie/arenda-kvartiry-1-etazh-3-komnatnaya-chorsu-ID4eJIP.html,499 у.е.,499.0,у.е,,,,,4eJIP,24,shaykhantohur
,https://www.olx.uz/d/obyavlenie/tashkent-siti-3h-komnatnaya-kvartira-105m2-novaya-avtorskiy-remont-ID45gv2.html,,,,,,,,45gv2,24,shaykhantohur
Ташкент сити! 3х комнатная квартира 105м2! Новая! Авторский ремонт!,https://www.olx.uz/d/obyavlenie/tashkent-siti-3h-komnatnaya-kvartira-105m2-novaya-avtorskiy-remont-ID45gv2.html,1 200 у.е. Договорная,1200.0,у.е,,,,,45gv2,24,shaykhantohur
,https://www.olx.uz/d/obyavlenie/tashkent-city-boulevard-novaya-stilnaya-2h-komnatnaya-kvartira-ID45kGB.html,,,,,,,,45kGB,24,shaykhantohur
Tashkent city Boulevard! Новая стильная 2х комнатная квартира!,https://www.olx.uz/d/obyavlenie/tashkent-city-boulevard-novaya-stilnaya-2h-komnatnaya-kvartira-ID45kGB.html,900 у.е. Договорная,900.0,у.е,,,,,45kGB,24,shaykhantohur
,https://www.olx.uz/d/obyavlenie/tashkent-siti-zhk-gardens-sdaetsya-novaya-2h-komnatnaya-ID3FSHO.html,,,,,,,,3FSHO,24,shaykhantohur
Ташкент Сити ЖК Gardens! Сдаётся новая 2х комнатная!,https://www.olx.uz/d/obyavlenie/tashkent-siti-zhk-gardens-sdaetsya-novaya-2h-komnatnaya-ID3FSHO.html,900 у.е. Договорная,900.0,у.е,,,,,3FSHO,24,shaykhantohur
,https://www.olx.uz/d/obyavlenie/sdaetsya-uyutnaya-2h-kom-na-tashkent-siti-gardens-gardens-2-4-9-ID4dWR8.html,,,,,,,,4dWR8,24,shaykhantohur
Сдается Уютная 2х ком на Ташкент сити Гарденс Gardens 2/4/9,https://www.olx.uz/d/obyavlenie/sdaetsya-uyutnaya-2h-kom-na-tashkent-siti-gardens-gardens-2-4-9-ID4dWR8.html,1 100 у.е.,1100.0,у.е,,,,,4dWR8,24,shaykhantohur
,https://www.olx.uz/d/obyavlenie/3-honali-druzhba-narodov-rayhon-oldi-ID4f7Yv.html,,,,,,,,4f7Yv,24,shaykhantohur
3 хонали Дружба Народов  Райхон олди,https://www.olx.uz/d/obyavlenie/3-honali-druzhba-narodov-rayhon-oldi-ID4f7Yv.html,580 у.е.,580.0,у.е,,,,,4f7Yv,24,shaykhantohur
,https://www.olx.uz/d/obyavlenie/shayxontohur-tumani-gofur-gulom-metro-yonida-ID4f7Uu.html,,,,,,,,4f7Uu,24,shaykhantohur
Shayxontohur tumani Gʻofur Gʻulom metro yonida,https://www.olx.uz/d/obyavlenie/shayxontohur-tumani-gofur-gulom-metro-yonida-ID4f7Uu.html,280 у.е.,280.0,у.е,,,,,4f7Uu,24,shaykhantohur
,https://www.olx.uz/d/obyavlenie/sdaetsya-2h-komnatnaya-kvartira-v-zhk-nrg-u-tower-shayhantohurskiy-r-n-ID4eJEd.html,,,,,,,,4eJEd,24,shaykhantohur
"Сдаётся 2х комнатная квартира в ЖК NRG U-Tower, Шайхантохурский р-н",https://www.olx.uz/d/obyavlenie/sdaetsya-2h-komnatnaya-kvartira-v-zhk-nrg-u-tower-shayhantohurskiy-r-n-ID4eJEd.html,1 200 у.е. Договорная,1200.0,у.е,,,,,4eJEd,24,shaykhantohur
,https://www.olx.uz/d/obyavlenie/sdaetsya-2h-kom-v-tashkent-siti-bulvar-s-novym-evroremontom-2-3-7-ID4dWOi.html,,,,,,,,4dWOi,24,shaykhantohur
Сдается 2х ком в Ташкент сити Бульвар с новым евроремонтом ! 2/3/7,https://www.olx.uz/d/obyavlenie/sdaetsya-2h-kom-v-tashkent-siti-bulvar-s-novym-evroremontom-2-3-7-ID4dWOi.html,1 100 у.е.,1100.0,у.е,,,,,4dWOi,24,shaykhantohur
,https://www.olx.uz/d/obyavlenie/kvartira-ijaraka-2-xona-pustoy-ID4f7Pg.html,,,,,,,,4f7Pg,24,shaykhantohur
Kvartira ijaraka 2 xona pustoy,https://www.olx.uz/d/obyavlenie/kvartira-ijaraka-2-xona-pustoy-ID4f7Pg.html,500 у.е.,500.0,у.е,,,,,4f7Pg,24,shaykhantohur
,https://www.olx.uz/d/obyavlenie/srochno-sdaetsya-2-h-komnatnaya-kvartira-v-shayhantahurskom-r-750-usd-ID3UH5x.html,,,,,,,,3UH5x,24,shaykhantohur
Срочно!  Сдается 2-х комнатная квартира в Шайхантахурском р. 750 USD,https://www.olx.uz/d/obyavlenie/srochno-sdaetsya-2-h-komnatnaya-kvartira-v-shayhantahurskom-r-750-usd-ID3UH5x.html,750 у.е.,750.0,у.е,,,,,3UH5x,24,shaykhantohur
,https://www.olx.uz/d/obyavlenie/zhk-tashkent-siti-bulvar-stil-neoklassika-3-h-kom-ID4c8Ay.html,,,,,,,,4c8Ay,24,shaykhantohur
ЖК Ташкент Сити Бульвар! Стиль неоклассика 3-х ком,https://www.olx.uz/d/obyavlenie/zhk-tashkent-siti-bulvar-stil-neoklassika-3-h-kom-ID4c8Ay.html,1 100 у.е.,1100.0,у.е,,,,,4c8Ay,24,shaykhantohur
,https://www.olx.uz/d/obyavlenie/arenda-abay-korzinka-2-kom-4-etazh-9-etazhka-vse-est-foto-realno-ID4dWLa.html,,,,,,,,4dWLa,24,shaykhantohur
Аренда Абай корзинка 2 ком 4 этаж 9 этажка все ест фото реално,https://www.olx.uz/d/obyavlenie/arenda-abay-korzinka-2-kom-4-etazh-9-etazhka-vse-est-foto-realno-ID4dWLa.html,650 у.е.,650.0,у.е,,,,,4dWLa,24,shaykhantohur
,https://www.olx.uz/d/obyavlenie/chorsu-samarqand-darvoza-qizlarga-kvartira-maklersiz-bezmakler-ID48bWv.html,,,,,,,,48bWv,24,shaykhantohur
Chorsu Samarqand darvoza qizlarga kvartira maklersiz bezmakler,https://www.olx.uz/d/obyavlenie/chorsu-samarqand-darvoza-qizlarga-kvartira-maklersiz-bezmakler-ID48bWv.html,115 у.е.,115.0,у.е,,,,,48bWv,24,shaykhantohur
,https://www.olx.uz/d/obyavlenie/3h-komnatnaya-kvartira-v-nest-one-tashkent-city-ID4eJyy.html,,,,,,,,4eJyy,24,shaykhantohur
3х комнатная квартира в Nest One . Tashkent City,https://www.olx.uz/d/obyavlenie/3h-komnatnaya-kvartira-v-nest-one-tashkent-city-ID4eJyy.html,1 400 у.е.,1400.0,у.е,,,,,4eJyy,24,shaykhantohur
,https://www.olx.uz/d/obyavlenie/zhk-nest-one-sdaetsya-2-h-komnatnaya-kvartira-ID4er9C.html,,,,,,,,4er9C,24,shaykhantohur
ЖК Nest One! Сдается 2-х комнатная квартира,https://www.olx.uz/d/obyavlenie/zhk-nest-one-sdaetsya-2-h-komnatnaya-kvartira-ID4er9C.html,1 000 у.е. Договорная,1000.0,у.е,,,,,4er9C,24,shaykhantohur
,https://www.olx.uz/d/obyavlenie/sdaetsya-kvartira-na-ganga-ID3Jddz.html,,,,,,,,3Jddz,24,shaykhantohur
Сдаётся квартира на Ганга‼️,https://www.olx.uz/d/obyavlenie/sdaetsya-kvartira-na-ganga-ID3Jddz.html,600 у.е.,600.0,у.е,,,,,3Jddz,24,shaykhantohur
,https://www.olx.uz/d/obyavlenie/sdaetsya-kvartira-na-zhk-u-tower-ID3UzeH.html,,,,,,,,3UzeH,24,shaykhantohur
Сдаётся квартира на ЖК U-Tower‼️,https://www.olx.uz/d/obyavlenie/sdaetsya-kvartira-na-zhk-u-tower-ID3UzeH.html,1 200 у.е.,1200.0,у.е,,,,,3UzeH,24,shaykhantohur
,https://www.olx.uz/d/obyavlenie/zhk-tashkent-siti-bulvar-2-h-kom-ID4er8f.html,,,,,,,,4er8f,24,shaykhantohur
ЖК Ташкент Сити Бульвар! 2-х ком,https://www.olx.uz/d/obyavlenie/zhk-tashkent-siti-bulvar-2-h-kom-ID4er8f.html,1 000 у.е. Договорная,1000.0,у.е,,,,,4er8f,24,shaykhantohur
,https://www.olx.uz/d/obyavlenie/sdaetsya-kvartira-v-tashkent-siti-gardens-ID2ZzxG.html,,,,,,,,2ZzxG,24,shaykhantohur
Сдается квартира в Ташкент сити Гарденс,https://www.olx.uz/d/obyavlenie/sdaetsya-kvartira-v-tashkent-siti-gardens-ID2ZzxG.html,1 200 у.е.,1200.0,у.е,,,,,2ZzxG,24,shaykhantohur
,https://www.olx.uz/d/obyavlenie/sdaetsya-kvartira-na-tashkent-siti-ID3PJak.html,,,,,,,,3PJak,24,shaykhantohur
Сдаётся квартира на Ташкент сити‼️,https://www.olx.uz/d/obyavlenie/sdaetsya-kvartira-na-tashkent-siti-ID3PJak.html,1 000 у.е.,1000.0,у.е,,,,,3PJak,24,shaykhantohur
,https://www.olx.uz/d/obyavlenie/sdaetsya-kvartira-2-kom-na-shayhantahurskom-r-n-guncha-tinchlik-metro-ID4f0zJ.html,,,,,,,,4f0zJ,24,shaykhantohur
Сдаётся квартира 2 ком на Шайхантахурском р-н Гунча Тинчлик метро,https://www.olx.uz/d/obyavlenie/sdaetsya-kvartira-2-kom-na-shayhantahurskom-r-n-guncha-tinchlik-metro-ID4f0zJ.html,500 у.е.,500.0,у.е,,,,,4f0zJ,24,shaykhantohur
,https://www.olx.uz/d/obyavlenie/arenda-nest-one-1-14-25-tashkent-siti-ID4a76H.html,,,,,,,,4a76H,24,shaykhantohur
Аренда Nest one 1/14/25 Ташкент сити,https://www.olx.uz/d/obyavlenie/arenda-nest-one-1-14-25-tashkent-siti-ID4a76H.html,1 000 у.е.,1000.0,у.е,,,,,4a76H,24,shaykhantohur
,https://www.olx.uz/d/obyavlenie/sdaetsya-kvartira-v-arendu-ID4dmnV.html,,,,,,,,4dmnV,24,shaykhantohur
Сдается квартира в аренду,https://www.olx.uz/d/obyavlenie/sdaetsya-kvartira-v-arendu-ID4dmnV.html,1 300 000 сум Договорная,1300000.0,сум,,,,,4dmnV,24,shaykhantohur
,https://www.olx.uz/d/obyavlenie/3h-komnatnaya-kvartira-gardens-tashkent-siti-ID4eJtW.html,,,,,,,,4eJtW,24,shaykhantohur
3х комнатная квартира Гарденс . Ташкент Сити,https://www.olx.uz/d/obyavlenie/3h-komnatnaya-kvartira-gardens-tashkent-siti-ID4eJtW.html,1 800 у.е.,1800.0,у.е,,,,,4eJtW,24,shaykhantohur
,https://www.olx.uz/d/obyavlenie/arenda-kvartiry-sebzor-abay-ts-13-shayhantahurskiy-rayon-evro-remont-ID4dWER.html,,,,,,,,4dWER,24,shaykhantohur
Аренда квартиры Себзор Абай Ц-13 Шайхантахурский район евро ремонт,https://www.olx.uz/d/obyavlenie/arenda-kvartiry-sebzor-abay-ts-13-shayhantahurskiy-rayon-evro-remont-ID4dWER.html,500 у.е.,500.0,у.е,,,,,4dWER,24,shaykhantohur
,https://www.olx.uz/d/obyavlenie/tashkent-siti-gardens-sdaetsya-novaya-kvartira-v-prestizhnom-komplekse-ID3CjU7.html,,,,,,,,3CjU7,24,shaykhantohur
Ташкент Сити-Gardens! Сдается новая квартира в престижном комплексе!,https://www.olx.uz/d/obyavlenie/tashkent-siti-gardens-sdaetsya-novaya-kvartira-v-prestizhnom-komplekse-ID3CjU7.html,900 у.е. Договорная,900.0,у.е,,,,,3CjU7,24,shaykhantohur
,https://www.olx.uz/d/obyavlenie/zhk-nest-one-sdaetsya-novaya-3-h-komnatnaya-kvartira-v-elit-komplekse-ID42OGB.html,,,,,,,,42OGB,24,shaykhantohur
Жк Nest One-Сдается новая 3-х комнатная квартира в элит комплексе!,https://www.olx.uz/d/obyavlenie/zhk-nest-one-sdaetsya-novaya-3-h-komnatnaya-kvartira-v-elit-komplekse-ID42OGB.html,1 400 у.е.,1400.0,у.е,,,,,42OGB,24,shaykhantohur
,https://www.olx.uz/d/obyavlenie/tashkent-siti-zhk-bulvar-sdaetsya-novaya-3-h-komnatnaya-v-elit-komplekse-ID3P4v4.html,,,,,,,,3P4v4,24,shaykhantohur
Ташкент Сити-Жк Бульвар! Сдается новая 3-х комнатная в элит комплексе!,https://www.olx.uz/d/obyavlenie/tashkent-siti-zhk-bulvar-sdaetsya-novaya-3-h-komnatnaya-v-elit-komplekse-ID3P4v4.html,1 400 у.е. Договорная,1400.0,у.е,,,,,3P4v4,24,shaykhantohur
,https://www.olx.uz/d/obyavlenie/sdaetsya-kvartira-2-kom-na-shayhantahurskom-r-n-ganga-sebzor-ID4f3Ok.html,,,,,,,,4f3Ok,24,shaykhantohur
Сдаётся квартира 2 ком на Шайхантахурском р-н Ганга Себзор,https://www.olx.uz/d/obyavlenie/sdaetsya-kvartira-2-kom-na-shayhantahurskom-r-n-ganga-sebzor-ID4f3Ok.html,380 у.е.,380.0,у.е,,,,,4f3Ok,24,shaykhantohur
,https://www.olx.uz/d/obyavlenie/sdaetsya-kvartira-2-kom-na-shayhantahurskom-r-n-abay-korzinka-ID4f4Ri.html,,,,,,,,4f4Ri,24,shaykhantohur
Сдаётся квартира 2 ком на Шайхантахурском р-н Абай корзинка,https://www.olx.uz/d/obyavlenie/sdaetsya-kvartira-2-kom-na-shayhantahurskom-r-n-abay-korzinka-ID4f4Ri.html,400 у.е.,400.0,у.е,,,,,4f4Ri,24,shaykhantohur
,https://www.olx.uz/d/obyavlenie/srochniy-arenda-kivartira-shayhontohur-rayon-ts-15-ID3FkNn.html,,,,,,,,3FkNn,24,shaykhantohur
Срочний аренда кивартира шайхонтохур район ц 15,https://www.olx.uz/d/obyavlenie/srochniy-arenda-kivartira-shayhontohur-rayon-ts-15-ID3FkNn.html,1 300 у.е. Договорная,1300.0,у.е,,,,,3FkNn,24,shaykhantohur
,https://www.olx.uz/d/obyavlenie/srochnyy-sdaetsya-kvartira-bel-tepa-navastiroyka-est-video-ya-rieltor-ID42PIe.html,,,,,,,,42PIe,24,shaykhantohur
Срочный сдаётся квартира Бел тепа навастиройка есть видео Я РИЕЛТОРЬ,https://www.olx.uz/d/obyavlenie/srochnyy-sdaetsya-kvartira-bel-tepa-navastiroyka-est-video-ya-rieltor-ID42PIe.html,700 у.е.,700.0,у.е,,,,,42PIe,24,shaykhantohur
,https://www.olx.uz/d/obyavlenie/arenda-kvartiry-v-nrg-u-tower-vid-na-tashkent-siti-3-19-26-ID4ekd0.html,,,,,,,,4ekd0,24,shaykhantohur
"Аренда квартиры в ""NRG U-TOWER"" вид на ташкент сити 3/19/26",https://www.olx.uz/d/obyavlenie/arenda-kvartiry-v-nrg-u-tower-vid-na-tashkent-siti-3-19-26-ID4ekd0.html,1 999 у.е.,1999.0,у.е,,,,,4ekd0,24,shaykhantohur
,https://www.olx.uz/d/obyavlenie/evrodvushka-sdaetsya-2h-komnatnaya-55-kv-m-tashkent-city-bks-ID4ekcv.html,,,,,,,,4ekcv,24,shaykhantohur
"ЕВРОДВУШКА СДАЕТСЯ!2х комнатная,55 кв.м|Tashkent City. БКС",https://www.olx.uz/d/obyavlenie/evrodvushka-sdaetsya-2h-komnatnaya-55-kv-m-tashkent-city-bks-ID4ekcv.html,1 000 у.е. Договорная,1000.0,у.е,,,,,4ekcv,24,shaykhantohur
,https://www.olx.uz/d/obyavlenie/toshkent-sitiga-yakin-2-3hona-1-9-druzhba-metro-izharaga-kvartira-bor-ID4f7tj.html,,,,,,,,4f7tj,24,shaykhantohur
Тошкент ситига якин 2/3хона 1/9 Дружба метро Ижарага квартира Бор,https://www.olx.uz/d/obyavlenie/toshkent-sitiga-yakin-2-3hona-1-9-druzhba-metro-izharaga-kvartira-bor-ID4f7tj.html,500 у.е. Договорная,500.0,у.е,,,,,4f7tj,24,shaykhantohur
,https://www.olx.uz/d/obyavlenie/shayhantahurskiy-rayon-ts-14-ganga-ID4f7RG.html,,,,,,,,4f7RG,24,shaykhantohur
Шайхантахурский район ц-14 Ганга,https://www.olx.uz/d/obyavlenie/shayhantahurskiy-rayon-ts-14-ganga-ID4f7RG.html,600 у.е.,600.0,у.е,,,,,4f7RG,24,shaykhantohur
,https://www.olx.uz/d/obyavlenie/shayhontohurda-2hona-arendaga-beriladi-druzhba-metroga-yakin-ID4f7sa.html,,,,,,,,4f7sa,24,shaykhantohur
Шайхонтохурда 2хона Арендага берилади Дружба метрога якин,https://www.olx.uz/d/obyavlenie/shayhontohurda-2hona-arendaga-beriladi-druzhba-metroga-yakin-ID4f7sa.html,500 у.е. Договорная,500.0,у.е,,,,,4f7sa,24,shaykhantohur
,https://www.olx.uz/d/obyavlenie/arenda-2komnatnaya-kvartira-samarkand-darvoza-ID4f7Q2.html,,,,,,,,4f7Q2,24,shaykhantohur
Аренда 2комнатная квартира.Самарканд Дарвоза!,https://www.olx.uz/d/obyavlenie/arenda-2komnatnaya-kvartira-samarkand-darvoza-ID4f7Q2.html,600 у.е. Договорная,600.0,у.е,,,,,4f7Q2,24,shaykhantohur
,https://www.olx.uz/d/obyavlenie/evro-2shka-2-4-druzhba-narodov-magic-sity-ID3EiTS.html,,,,,,,,3EiTS,24,shaykhantohur
Евро 2шка /2/4/Дружба Народов/Magic Sity,https://www.olx.uz/d/obyavlenie/evro-2shka-2-4-druzhba-narodov-magic-sity-ID3EiTS.html,550 у.е. Договорная,550.0,у.е,,,,,3EiTS,24,shaykhantohur
,https://www.olx.uz/d/obyavlenie/tashkent-siti-zhk-gardens-sdaetsya-novaya-kvartira-v-elit-komplekse-ID4eJoj.html,,,,,,,,4eJoj,24,shaykhantohur
Ташкент Сити-Жк Gardens! Сдается новая квартира в элит комплексе!,https://www.olx.uz/d/obyavlenie/tashkent-siti-zhk-gardens-sdaetsya-novaya-kvartira-v-elit-komplekse-ID4eJoj.html,1 000 у.е. Договорная,1000.0,у.е,,,,,4eJoj,24,shaykhantohur
,https://www.olx.uz/d/obyavlenie/bez-makler-kvartira-ijaraga-beriladi-ID4f7j0.html,,,,,,,,4f7j0,24,shaykhantohur
Bez makler kvartira ijaraga beriladi,https://www.olx.uz/d/obyavlenie/bez-makler-kvartira-ijaraga-beriladi-ID4f7j0.html,300 у.е.,300.0,у.е,,,,,4f7j0,24,shaykhantohur
,https://www.olx.uz/d/obyavlenie/sdaetsya-kvartira-2-kom-na-shayhantahurskom-r-n-druzhba-koratosh-ID4f1jb.html,,,,,,,,4f1jb,24,shaykhantohur
Сдаётся квартира 2 ком на Шайхантахурском р-н Дружба Коратош,https://www.olx.uz/d/obyavlenie/sdaetsya-kvartira-2-kom-na-shayhantahurskom-r-n-druzhba-koratosh-ID4f1jb.html,500 у.е.,500.0,у.е,,,,,4f1jb,24,shaykhantohur
,https://www.olx.uz/d/obyavlenie/sdaetsya-kvartira-2-kom-na-shayhantahurskom-r-n-ganga-sebzor-ID4f12J.html,,,,,,,,4f12J,24,shaykhantohur
Сдаётся квартира 2 ком на Шайхантахурском р-н Ганга Себзор,https://www.olx.uz/d/obyavlenie/sdaetsya-kvartira-2-kom-na-shayhantahurskom-r-n-ganga-sebzor-ID4f12J.html,500 у.е.,500.0,у.е,,,,,4f12J,24,shaykhantohur
,https://www.olx.uz/d/obyavlenie/srochno-sdaetsya-2-h-kom-zhk-samarkand-darvaza-ID2KtpJ.html,,,,,,,,2KtpJ,24,shaykhantohur
"Срочно сдается 2-х ком ЖК ""САМАРКАНД ДАРВАЗА""",https://www.olx.uz/d/obyavlenie/srochno-sdaetsya-2-h-kom-zhk-samarkand-darvaza-ID2KtpJ.html,600 у.е.,600.0,у.е,,,,,2KtpJ,24,shaykhantohur
,https://www.olx.uz/d/obyavlenie/ts-2-novostroyka-sdaetsya-shikarnaya-3-h-komnatnaya-kvartira-ID3qur2.html,,,,,,,,3qur2,24,shaykhantohur
Ц-2 Новостройка! Сдается шикарная 3-х комнатная квартира!,https://www.olx.uz/d/obyavlenie/ts-2-novostroyka-sdaetsya-shikarnaya-3-h-komnatnaya-kvartira-ID3qur2.html,1 000 у.е. Договорная,1000.0,у.е,,,,,3qur2,24,shaykhantohur
,https://www.olx.uz/d/obyavlenie/arenda-appartament-v-tashkent-siti-ID3ptyi.html,,,,,,,,3ptyi,24,shaykhantohur
Аренда аппартамент в Ташкент Сити!,https://www.olx.uz/d/obyavlenie/arenda-appartament-v-tashkent-siti-ID3ptyi.html,1 200 у.е. Договорная,1200.0,у.е,,,,,3ptyi,24,shaykhantohur
,https://www.olx.uz/d/obyavlenie/zhk-tashkent-siti-sdaetsya-lyuks-kvartira-posle-remonta-ID3pu6d.html,,,,,,,,3pu6d,24,shaykhantohur
ЖК Ташкент Сити! Сдается люкс квартира после ремонта!,https://www.olx.uz/d/obyavlenie/zhk-tashkent-siti-sdaetsya-lyuks-kvartira-posle-remonta-ID3pu6d.html,1 200 у.е. Договорная,1200.0,у.е,,,,,3pu6d,24,shaykhantohur
,https://www.olx.uz/d/obyavlenie/tashkent-siti-3h-kom-kvartira-zhk-boulevard-ID44ADn.html,,,,,,,,44ADn,24,shaykhantohur
Ташкент сити 3х-ком квартира ЖК Boulevard,https://www.olx.uz/d/obyavlenie/tashkent-siti-3h-kom-kvartira-zhk-boulevard-ID44ADn.html,1 400 у.е. Договорная,1400.0,у.е,,,,,44ADn,24,shaykhantohur
,https://www.olx.uz/d/obyavlenie/arenda-zhararik-2-5-9-uzumzor-tuyhonasi-ID4eQ6G.html,,,,,,,,4eQ6G,24,shaykhantohur
Аренда Жарарик 2/5/9 Узумзор туйхонаси,https://www.olx.uz/d/obyavlenie/arenda-zhararik-2-5-9-uzumzor-tuyhonasi-ID4eQ6G.html,500 у.е.,500.0,у.е,,,,,4eQ6G,24,shaykhantohur
