title,url,price_raw,price_value,price_currency,location_text,posted_date_raw,posted_date,time_raw,card_id,district_id,district_name
,https://www.olx.uz/d/obyavlenie/ts-1-2-4-4-inostrantsam-novyy-remont-ID4f9jM.html,,,,,,,,4f9jM,21,uchtepa
"Ц 1  2/4/4 иностранцам, новый ремонт",https://www.olx.uz/d/obyavlenie/ts-1-2-4-4-inostrantsam-novyy-remont-ID4f9jM.html,750 у.е.,750.0,у.е,,,,,4f9jM,21,uchtepa
,https://www.olx.uz/d/obyavlenie/arendaga-1-xonali-kvartira-qoyiladi-ID4fa4j.html,,,,,,,,4fa4j,21,uchtepa
Arendaga 1+ xonali kvartira qoyiladi,https://www.olx.uz/d/obyavlenie/arendaga-1-xonali-kvartira-qoyiladi-ID4fa4j.html,500 у.е.,500.0,у.е,,,,,4fa4j,21,uchtepa
,https://www.olx.uz/d/obyavlenie/2-honali-yangi-honadon-izharaga-beriladi-ID4eW6I.html,,,,,,,,4eW6I,21,uchtepa
2 хонали янги хонадон ижарага берилади.,https://www.olx.uz/d/obyavlenie/2-honali-yangi-honadon-izharaga-beriladi-ID4eW6I.html,550 у.е.,550.0,у.е,,,,,4eW6I,21,uchtepa
,https://www.olx.uz/d/obyavlenie/kvartira-2-komnatnaya-ID4eNhX.html,,,,,,,,4eNhX,21,uchtepa
Квартира 2 комнатная,https://www.olx.uz/d/obyavlenie/kvartira-2-komnatnaya-ID4eNhX.html,5 000 000 сум,5000000.0,сум,,,,,4eNhX,21,uchtepa
,https://www.olx.uz/d/obyavlenie/arenda-beltepa-4-xona-goldhasu-ID3LNkX.html,,,,,,,,3LNkX,21,uchtepa
Arenda beltepa 4 xona goldhasu,https://www.olx.uz/d/obyavlenie/arenda-beltepa-4-xona-goldhasu-ID3LNkX.html,700 у.е. Договорная,700.0,у.е,,,,,3LNkX,21,uchtepa
,https://www.olx.uz/d/obyavlenie/arenda-chilanzar-g9a-12-1-7-ID4enBI.html,,,,,,,,4enBI,21,uchtepa
Аренда: Чиланзар г9а 1*2/1/7,https://www.olx.uz/d/obyavlenie/arenda-chilanzar-g9a-12-1-7-ID4enBI.html,350 у.е.,350.0,у.е,,,,,4enBI,21,uchtepa
,https://www.olx.uz/d/obyavlenie/chilonzor-13-kvartl-plow-city-oldida-kvartira-sheriklikka-ID4fa5q.html,,,,,,,,4fa5q,21,uchtepa
Chilonzor 13 kvartl plow city oldida kvartira sheriklikka,https://www.olx.uz/d/obyavlenie/chilonzor-13-kvartl-plow-city-oldida-kvartira-sheriklikka-ID4fa5q.html,1 000 000 сум Договорная,1000000.0,сум,,,,,4fa5q,21,uchtepa
,https://www.olx.uz/d/obyavlenie/vrenda-kvartiry-chilanzar-19-ID4en46.html,,,,,,,,4en46,21,uchtepa
Вренда квартиры Чиланзар 19,https://www.olx.uz/d/obyavlenie/vrenda-kvartiry-chilanzar-19-ID4en46.html,400 у.е.,400.0,у.е,,,,,4en46,21,uchtepa
,https://www.olx.uz/d/obyavlenie/chilanzar-22-kv-2-xona-tozza-remont-xonalar-aloxida-sharoitlar-bor-ID4aumP.html,,,,,,,,4aumP,21,uchtepa
CHILANZAR 22 Kv 2 Xona Tozza RemonT Xonalar Aloxida SHaroitlar Bor,https://www.olx.uz/d/obyavlenie/chilanzar-22-kv-2-xona-tozza-remont-xonalar-aloxida-sharoitlar-bor-ID4aumP.html,350 у.е.,350.0,у.е,,,,,4aumP,21,uchtepa
,https://www.olx.uz/d/obyavlenie/arenda-kvartiry-chilanzar-26-ID4emUy.html,,,,,,,,4emUy,21,uchtepa
Аренда квартиры Чиланзар 26,https://www.olx.uz/d/obyavlenie/arenda-kvartiry-chilanzar-26-ID4emUy.html,450 у.е.,450.0,у.е,,,,,4emUy,21,uchtepa
,https://www.olx.uz/d/obyavlenie/qizlaga-kv-bor-shirin-24da-haqiqiy-rasm-uyniki-tepadaki-ID3HUK1.html,,,,,,,,3HUK1,21,uchtepa
#qizlaga kv bor Shirin 24da haqiqiy rasm uyniki tepadaki,https://www.olx.uz/d/obyavlenie/qizlaga-kv-bor-shirin-24da-haqiqiy-rasm-uyniki-tepadaki-ID3HUK1.html,75 у.е.,75.0,у.е,,,,,3HUK1,21,uchtepa
,https://www.olx.uz/d/obyavlenie/arerda-kvartiry-chilanzar-19-ID4eM3f.html,,,,,,,,4eM3f,21,uchtepa
Арерда квартиры Чиланзар 19,https://www.olx.uz/d/obyavlenie/arerda-kvartiry-chilanzar-19-ID4eM3f.html,350 у.е.,350.0,у.е,,,,,4eM3f,21,uchtepa
,https://www.olx.uz/d/obyavlenie/srochna-hostel-foydada-iwlab-turgan-arendaga-beriladi-ID3XT6O.html,,,,,,,,3XT6O,21,uchtepa
Srochna Hostel foydada iwlab turgan arendaga beriladi,https://www.olx.uz/d/obyavlenie/srochna-hostel-foydada-iwlab-turgan-arendaga-beriladi-ID3XT6O.html,1 650 у.е. Договорная,1650.0,у.е,,,,,3XT6O,21,uchtepa
,https://www.olx.uz/d/obyavlenie/yunsobod-11-kvartal-16-dom-32-xonadon-ID4eQ5m.html,,,,,,,,4eQ5m,21,uchtepa
Yunsobod 11-kvartal 16-dom 32 xonadon,https://www.olx.uz/d/obyavlenie/yunsobod-11-kvartal-16-dom-32-xonadon-ID4eQ5m.html,6 600 000 сум,6600000.0,сум,,,,,4eQ5m,21,uchtepa
,https://www.olx.uz/d/obyavlenie/arzongastinsa-chilonzor-21-mavze-ID4dtDJ.html,,,,,,,,4dtDJ,21,uchtepa
Arzongastinsa chilonzor 21 -mavze,https://www.olx.uz/d/obyavlenie/arzongastinsa-chilonzor-21-mavze-ID4dtDJ.html,200 000 сум Договорная,200000.0,сум,,,,,4dtDJ,21,uchtepa
,https://www.olx.uz/d/obyavlenie/sdaetsya-kvartira-ID4fa0n.html,,,,,,,,4fa0n,21,uchtepa
Сдаётся квартира,https://www.olx.uz/d/obyavlenie/sdaetsya-kvartira-ID4fa0n.html,500 у.е.,500.0,у.е,,,,,4fa0n,21,uchtepa
,https://www.olx.uz/d/obyavlenie/faqat-ayol-va-qizlarga-jahon-tillariga-yaqin-kvartira-bor-ID3VWmO.html,,,,,,,,3VWmO,21,uchtepa
Faqat ayol va qizlarga jahon tillariga yaqin kvartira bor,https://www.olx.uz/d/obyavlenie/faqat-ayol-va-qizlarga-jahon-tillariga-yaqin-kvartira-bor-ID3VWmO.html,900 000 сум,900000.0,сум,,,,,3VWmO,21,uchtepa
,https://www.olx.uz/d/obyavlenie/2-honali-yangi-honadon-izharaga-beriladi-ID4eW6I.html,,,,,,,,4eW6I,21,uchtepa
2 хонали янги хонадон ижарага берилади.,https://www.olx.uz/d/obyavlenie/2-honali-yangi-honadon-izharaga-beriladi-ID4eW6I.html,550 у.е.,550.0,у.е,,,,,4eW6I,21,uchtepa
,https://www.olx.uz/d/obyavlenie/ts-1-2-4-4-inostrantsam-novyy-remont-ID4f9jM.html,,,,,,,,4f9jM,21,uchtepa
"Ц 1  2/4/4 иностранцам, новый ремонт",https://www.olx.uz/d/obyavlenie/ts-1-2-4-4-inostrantsam-novyy-remont-ID4f9jM.html,750 у.е.,750.0,у.е,,,,,4f9jM,21,uchtepa
,https://www.olx.uz/d/obyavlenie/arenda-orzu-choraxa-3-xona-2-etaj-ID4f8z0.html,,,,,,,,4f8z0,21,uchtepa
Arenda orzu choraxa 3 xona 2 etaj,https://www.olx.uz/d/obyavlenie/arenda-orzu-choraxa-3-xona-2-etaj-ID4f8z0.html,450 у.е.,450.0,у.е,,,,,4f8z0,21,uchtepa
,https://www.olx.uz/d/obyavlenie/arenda-chilanzar-13-kvartal-12-3-9-ID4eK4l.html,,,,,,,,4eK4l,21,uchtepa
Аренда Чиланзар 13 квартал 1*2/3/9,https://www.olx.uz/d/obyavlenie/arenda-chilanzar-13-kvartal-12-3-9-ID4eK4l.html,350 у.е.,350.0,у.е,,,,,4eK4l,21,uchtepa
,https://www.olx.uz/d/obyavlenie/chilonzor-11-kvartal-al-xorazimiy-maydoni-ID3XPeY.html,,,,,,,,3XPeY,21,uchtepa
Chilonzor 11-kvartal .Al- xorazimiy maydoni,https://www.olx.uz/d/obyavlenie/chilonzor-11-kvartal-al-xorazimiy-maydoni-ID3XPeY.html,70 у.е.,70.0,у.е,,,,,3XPeY,21,uchtepa
,https://www.olx.uz/d/obyavlenie/arenda-qorasaroy-4-xona-novstroyka-ID4f8o8.html,,,,,,,,4f8o8,21,uchtepa
Arenda qorasaroy 4 xona novstroyka,https://www.olx.uz/d/obyavlenie/arenda-qorasaroy-4-xona-novstroyka-ID4f8o8.html,1 200 у.е.,1200.0,у.е,,,,,4f8o8,21,uchtepa
,https://www.olx.uz/d/obyavlenie/chilonzor-21-kvartalda-kiz-va-aellarga-yangi-evro-kvartira-bez-maklera-ID4czAM.html,,,,,,,,4czAM,21,uchtepa
Чилонзор 21-кварталда киз ва аёлларга янги евро квартира без маклера,https://www.olx.uz/d/obyavlenie/chilonzor-21-kvartalda-kiz-va-aellarga-yangi-evro-kvartira-bez-maklera-ID4czAM.html,100 у.е.,100.0,у.е,,,,,4czAM,21,uchtepa
,https://www.olx.uz/d/obyavlenie/arenda-zhararik-ipakchi-penthuse-ID4bg30.html,,,,,,,,4bg30,21,uchtepa
Аренда жарарик ипакчи PENTHUSE,https://www.olx.uz/d/obyavlenie/arenda-zhararik-ipakchi-penthuse-ID4bg30.html,1 500 у.е. Договорная,1500.0,у.е,,,,,4bg30,21,uchtepa
,https://www.olx.uz/d/obyavlenie/beltera-arenda-prnthavus-4-hona-ID3JKD7.html,,,,,,,,3JKD7,21,uchtepa
Белтера аренда PRNTHAVUS 4 хона,https://www.olx.uz/d/obyavlenie/beltera-arenda-prnthavus-4-hona-ID3JKD7.html,1 300 у.е. Договорная,1300.0,у.е,,,,,3JKD7,21,uchtepa
,https://www.olx.uz/d/obyavlenie/arenda-bel-tepa-100-kv-3-xona-ID3K0t5.html,,,,,,,,3K0t5,21,uchtepa
Arenda bel tepa 100 kv 3 xona,https://www.olx.uz/d/obyavlenie/arenda-bel-tepa-100-kv-3-xona-ID3K0t5.html,800 у.е. Договорная,800.0,у.е,,,,,3K0t5,21,uchtepa
,https://www.olx.uz/d/obyavlenie/arenda-uchtepa-23-kv-ID4f7Zr.html,,,,,,,,4f7Zr,21,uchtepa
Arenda uchtepa 23 kv,https://www.olx.uz/d/obyavlenie/arenda-uchtepa-23-kv-ID4f7Zr.html,650 у.е.,650.0,у.е,,,,,4f7Zr,21,uchtepa
,https://www.olx.uz/d/obyavlenie/arenda-qorasaroy-3-xona-novstroyka-ID4f7Y9.html,,,,,,,,4f7Y9,21,uchtepa
Arenda Qorasaroy 3 xona Novstroyka,https://www.olx.uz/d/obyavlenie/arenda-qorasaroy-3-xona-novstroyka-ID4f7Y9.html,800 у.е. Договорная,800.0,у.е,,,,,4f7Y9,21,uchtepa
,https://www.olx.uz/d/obyavlenie/sdaetsya-kvartira-chilanzar-23-kvartal-2-2-5-ID4ekhV.html,,,,,,,,4ekhV,21,uchtepa
Сдаётся квартира Чиланзар 23 квартал 2/2/5,https://www.olx.uz/d/obyavlenie/sdaetsya-kvartira-chilanzar-23-kvartal-2-2-5-ID4ekhV.html,450 у.е.,450.0,у.е,,,,,4ekhV,21,uchtepa
,https://www.olx.uz/d/obyavlenie/arenda-olmazor-siti-4-xona-ID4f7Rd.html,,,,,,,,4f7Rd,21,uchtepa
Arenda Оlmazor siti 4 xona,https://www.olx.uz/d/obyavlenie/arenda-olmazor-siti-4-xona-ID4f7Rd.html,1 000 у.е. Договорная,1000.0,у.е,,,,,4f7Rd,21,uchtepa
,https://www.olx.uz/d/obyavlenie/arenda-kvartira-algoritm-31-dahasi-3-honaliy-500-dolar-oyilaga-ID4ejLc.html,,,,,,,,4ejLc,21,uchtepa
Аренда квартира алгоритм 31 дахаси 3 хоналий 500 долар ойилага,https://www.olx.uz/d/obyavlenie/arenda-kvartira-algoritm-31-dahasi-3-honaliy-500-dolar-oyilaga-ID4ejLc.html,500 у.е.,500.0,у.е,,,,,4ejLc,21,uchtepa
,https://www.olx.uz/d/obyavlenie/sdaetsya-kvartira-chilanzar-21-kvartal-1v2-1-4-ID4ejIN.html,,,,,,,,4ejIN,21,uchtepa
Сдаётся квартира Чиланзар 21 квартал 1в2/1/4,https://www.olx.uz/d/obyavlenie/sdaetsya-kvartira-chilanzar-21-kvartal-1v2-1-4-ID4ejIN.html,400 у.е.,400.0,у.е,,,,,4ejIN,21,uchtepa
,https://www.olx.uz/d/obyavlenie/srochnyy-sdaetsya-kvartira-algoritm-31-kivartil-3-honaliy-500-okanchatel-ID4ejHp.html,,,,,,,,4ejHp,21,uchtepa
Срочный сдаётся квартира алгоритм 31 кивартил 3 хоналий 500$ оканчател,https://www.olx.uz/d/obyavlenie/srochnyy-sdaetsya-kvartira-algoritm-31-kivartil-3-honaliy-500-okanchatel-ID4ejHp.html,500 у.е.,500.0,у.е,,,,,4ejHp,21,uchtepa
,https://www.olx.uz/d/obyavlenie/arenda-bitonka-zamona-toyxonani-togrsida-5-xona-ID4f7j6.html,,,,,,,,4f7j6,21,uchtepa
Arenda bitonka Zamona toyxonani togrsida 5 xona,https://www.olx.uz/d/obyavlenie/arenda-bitonka-zamona-toyxonani-togrsida-5-xona-ID4f7j6.html,1 000 у.е.,1000.0,у.е,,,,,4f7j6,21,uchtepa
,https://www.olx.uz/d/obyavlenie/kvartira-arenda-eshonguzar-raysentr-ID4f786.html,,,,,,,,4f786,21,uchtepa
"Kvartira arenda Eshonguzar, Raysentr",https://www.olx.uz/d/obyavlenie/kvartira-arenda-eshonguzar-raysentr-ID4f786.html,500 у.е.,500.0,у.е,,,,,4f786,21,uchtepa
,https://www.olx.uz/d/obyavlenie/arenda-chilanzar-21-kvartal-12-1-5-ID4eIvj.html,,,,,,,,4eIvj,21,uchtepa
Аренда Чиланзар 21 квартал 1*2/1/5,https://www.olx.uz/d/obyavlenie/arenda-chilanzar-21-kvartal-12-1-5-ID4eIvj.html,400 у.е.,400.0,у.е,,,,,4eIvj,21,uchtepa
,https://www.olx.uz/d/obyavlenie/arenda-kvartiry-chilanzar-21-ID4eIwU.html,,,,,,,,4eIwU,21,uchtepa
Аренда квартиры Чиланзар 21,https://www.olx.uz/d/obyavlenie/arenda-kvartiry-chilanzar-21-ID4eIwU.html,400 у.е.,400.0,у.е,,,,,4eIwU,21,uchtepa
,https://www.olx.uz/d/obyavlenie/arenda-1-4-5-chilonzor-25-balkon-26-oilaga-ID4ei9f.html,,,,,,,,4ei9f,21,uchtepa
"Аренда  1/4/5 Чилонзор -25  балкон 2×6, ОИЛАГА",https://www.olx.uz/d/obyavlenie/arenda-1-4-5-chilonzor-25-balkon-26-oilaga-ID4ei9f.html,330 у.е.,330.0,у.е,,,,,4ei9f,21,uchtepa
,https://www.olx.uz/d/obyavlenie/arenda-kvartira-uchtepa-21-kvartal-2-2-4-semya-ili-studenty-ID4eLbM.html,,,,,,,,4eLbM,21,uchtepa
Аренда квартира учтепа 21 квартал 2/2/4 семья или студенты,https://www.olx.uz/d/obyavlenie/arenda-kvartira-uchtepa-21-kvartal-2-2-4-semya-ili-studenty-ID4eLbM.html,350 у.е.,350.0,у.е,,,,,4eLbM,21,uchtepa
,https://www.olx.uz/d/obyavlenie/izharaga-kvartira-hovli-ID4f5SA.html,,,,,,,,4f5SA,21,uchtepa
Ижарага квартира ховли,https://www.olx.uz/d/obyavlenie/izharaga-kvartira-hovli-ID4f5SA.html,350 у.е. Договорная,350.0,у.е,,,,,4f5SA,21,uchtepa
,https://www.olx.uz/d/obyavlenie/uchtepa-tumani-24-kvartal-yangi-navastroyka-ID4f5Hj.html,,,,,,,,4f5Hj,21,uchtepa
Uchtepa tumani 24- kvartal yangi navastroyka,https://www.olx.uz/d/obyavlenie/uchtepa-tumani-24-kvartal-yangi-navastroyka-ID4f5Hj.html,280 у.е.,280.0,у.е,,,,,4f5Hj,21,uchtepa
,https://www.olx.uz/d/obyavlenie/v-uchtepinskom-rayone-sdaetsya-v-zhk-art-house-2-3-10-ID4f5Cw.html,,,,,,,,4f5Cw,21,uchtepa
"В  Учтепинском районе сдаётся в ЖК ""Art House"" 2/3/10",https://www.olx.uz/d/obyavlenie/v-uchtepinskom-rayone-sdaetsya-v-zhk-art-house-2-3-10-ID4f5Cw.html,500 у.е.,500.0,у.е,,,,,4f5Cw,21,uchtepa
,https://www.olx.uz/d/obyavlenie/arenda-kvartiry-chilanzar-24-kafe-moskva-ID4dT0j.html,,,,,,,,4dT0j,21,uchtepa
Аренда квартиры Чиланзар 24 Кафе Москва,https://www.olx.uz/d/obyavlenie/arenda-kvartiry-chilanzar-24-kafe-moskva-ID4dT0j.html,448 у.е.,448.0,у.е,,,,,4dT0j,21,uchtepa
,https://www.olx.uz/d/obyavlenie/orikzorda-arendaga-beriladi-yaxshi-uy-ID4aIWh.html,,,,,,,,4aIWh,21,uchtepa
Orikzorda  arendaga beriladi yaxshi uy,https://www.olx.uz/d/obyavlenie/orikzorda-arendaga-beriladi-yaxshi-uy-ID4aIWh.html,400 у.е.,400.0,у.е,,,,,4aIWh,21,uchtepa
,https://www.olx.uz/d/obyavlenie/arenda-kvartiry-chilanzar-19-odnokomnatnaya-ID4eFqa.html,,,,,,,,4eFqa,21,uchtepa
Аренда квартиры Чиланзар 19 однокомнатная,https://www.olx.uz/d/obyavlenie/arenda-kvartiry-chilanzar-19-odnokomnatnaya-ID4eFqa.html,380 у.е.,380.0,у.е,,,,,4eFqa,21,uchtepa
,https://www.olx.uz/d/obyavlenie/arenda-1-komnatnaya-peredelannaya-v-2h-chilanzar-13-kvartal-ID4eg6s.html,,,,,,,,4eg6s,21,uchtepa
Аренда: 1 комнатная переделанная в 2х Чиланзар 13 квартал,https://www.olx.uz/d/obyavlenie/arenda-1-komnatnaya-peredelannaya-v-2h-chilanzar-13-kvartal-ID4eg6s.html,350 у.е.,350.0,у.е,,,,,4eg6s,21,uchtepa
,https://www.olx.uz/d/obyavlenie/3-komn-novostroyka-zhk-art-house-ID4eFaf.html,,,,,,,,4eFaf,21,uchtepa
3 комн Новостройка ЖК Art House,https://www.olx.uz/d/obyavlenie/3-komn-novostroyka-zhk-art-house-ID4eFaf.html,1 000 у.е.,1000.0,у.е,,,,,4eFaf,21,uchtepa
,https://www.olx.uz/d/obyavlenie/sdayu-3h-komnatnuyu-kvartiru-ID3iW1A.html,,,,,,,,3iW1A,21,uchtepa
Сдаю 3х комнатную квартиру,https://www.olx.uz/d/obyavlenie/sdayu-3h-komnatnuyu-kvartiru-ID3iW1A.html,600 у.е.,600.0,у.е,,,,,3iW1A,21,uchtepa
,https://www.olx.uz/d/obyavlenie/sdaetsya-kvartira-chilanzar-14-kvartal-1-3-4-ID4eEV7.html,,,,,,,,4eEV7,21,uchtepa
Сдаётся квартира Чиланзар 14 квартал 1/3/4,https://www.olx.uz/d/obyavlenie/sdaetsya-kvartira-chilanzar-14-kvartal-1-3-4-ID4eEV7.html,300 у.е.,300.0,у.е,,,,,4eEV7,21,uchtepa
,https://www.olx.uz/d/obyavlenie/uy-arendaga-beriladi-2-xonali-srochna-ID4f3vx.html,,,,,,,,4f3vx,21,uchtepa
Uy arendaga beriladi 2 xonali srochna,https://www.olx.uz/d/obyavlenie/uy-arendaga-beriladi-2-xonali-srochna-ID4f3vx.html,500 у.е.,500.0,у.е,,,,,4f3vx,21,uchtepa
,https://www.olx.uz/d/obyavlenie/arenda-chilanzar-g9a-12-2-4-ID4eEHz.html,,,,,,,,4eEHz,21,uchtepa
Аренда Чиланзар Г9а 1*2/2/4,https://www.olx.uz/d/obyavlenie/arenda-chilanzar-g9a-12-2-4-ID4eEHz.html,350 у.е.,350.0,у.е,,,,,4eEHz,21,uchtepa
,https://www.olx.uz/d/obyavlenie/arenda-4-komnatnaya-kvartira-dupleks-algoritm-roison-ID38zzs.html,,,,,,,,38zzs,21,uchtepa
Аренда 4 комнатная квартира Дуплекс Алгоритм Роисон,https://www.olx.uz/d/obyavlenie/arenda-4-komnatnaya-kvartira-dupleks-algoritm-roison-ID38zzs.html,750 у.е.,750.0,у.е,,,,,38zzs,21,uchtepa
,https://www.olx.uz/d/obyavlenie/arenda-faqat-qizlar-uchun-xazaykali-kvartira-700000-mingdan-24-kvartld-ID44TGS.html,,,,,,,,44TGS,21,uchtepa
Arenda faqat qizlar uchun xazaykali kvartira 700000 mingdan 24 kvartld,https://www.olx.uz/d/obyavlenie/arenda-faqat-qizlar-uchun-xazaykali-kvartira-700000-mingdan-24-kvartld-ID44TGS.html,700 000 сум,700000.0,сум,,,,,44TGS,21,uchtepa
,https://www.olx.uz/d/obyavlenie/kvartira-v-arendu-dlya-semi-ili-4-devushkam-ID4f2G5.html,,,,,,,,4f2G5,21,uchtepa
Квартира в аренду для семьи или 4 девушкам,https://www.olx.uz/d/obyavlenie/kvartira-v-arendu-dlya-semi-ili-4-devushkam-ID4f2G5.html,500 у.е.,500.0,у.е,,,,,4f2G5,21,uchtepa
,https://www.olx.uz/d/obyavlenie/uy-arenda-kvartira-berladi-ID3KFTf.html,,,,,,,,3KFTf,21,uchtepa
Uy arenda kvartira berladi,https://www.olx.uz/d/obyavlenie/uy-arenda-kvartira-berladi-ID3KFTf.html,800 у.е.,800.0,у.е,,,,,3KFTf,21,uchtepa
,https://www.olx.uz/d/obyavlenie/arenda-izharaga-kvartira-3-4-5-toshkent-chilonzor-15-ID3Me9c.html,,,,,,,,3Me9c,21,uchtepa
Аренда (ижара)га квартира 3/4/5 Тошкент Чилонзор 15.,https://www.olx.uz/d/obyavlenie/arenda-izharaga-kvartira-3-4-5-toshkent-chilonzor-15-ID3Me9c.html,400 у.е.,400.0,у.е,,,,,3Me9c,21,uchtepa
,https://www.olx.uz/d/obyavlenie/izharaga-kvartira-student-kizlar-va-ayolar-uchun-vatan-uchtepa-ID4cDZ2.html,,,,,,,,4cDZ2,21,uchtepa
Ижарага квартира Студент кизлар ва айолар учун (Ватан-Учтепа),https://www.olx.uz/d/obyavlenie/izharaga-kvartira-student-kizlar-va-ayolar-uchun-vatan-uchtepa-ID4cDZ2.html,1 000 000 сум,1000000.0,сум,,,,,4cDZ2,21,uchtepa
,https://www.olx.uz/d/obyavlenie/sdaetsya-kv-shirin-perekrestok-3-kom-4-7-ro-n-uchtepa-24-kv-ID4eCFZ.html,,,,,,,,4eCFZ,21,uchtepa
Сдаётся кв Ширин Перекрёсток 3-ком/4/7 ро-н Учтепа-24 кв,https://www.olx.uz/d/obyavlenie/sdaetsya-kv-shirin-perekrestok-3-kom-4-7-ro-n-uchtepa-24-kv-ID4eCFZ.html,500 у.е.,500.0,у.е,,,,,4eCFZ,21,uchtepa
,https://www.olx.uz/d/obyavlenie/chilonzor-21-or-karomat-restoran-ID4eCAn.html,,,,,,,,4eCAn,21,uchtepa
Чилонзор 21 ор: каромат ресторан,https://www.olx.uz/d/obyavlenie/chilonzor-21-or-karomat-restoran-ID4eCAn.html,400 у.е.,400.0,у.е,,,,,4eCAn,21,uchtepa
,https://www.olx.uz/d/obyavlenie/2h-komnatnaya-urikzor-ID4cgDS.html,,,,,,,,4cgDS,21,uchtepa
2х комнатная Урикзор,https://www.olx.uz/d/obyavlenie/2h-komnatnaya-urikzor-ID4cgDS.html,400 у.е.,400.0,у.е,,,,,4cgDS,21,uchtepa
,https://www.olx.uz/d/obyavlenie/srochno-sdaetsya-kv-shirin-perekrestok-2-kom-4-5-ro-n-uchtepa-24-kv-ID4eCnU.html,,,,,,,,4eCnU,21,uchtepa
СРОЧНО Сдаётся кв Ширин Перекрёсток 2-ком/4/5 ро-н Учтепа-24 кв,https://www.olx.uz/d/obyavlenie/srochno-sdaetsya-kv-shirin-perekrestok-2-kom-4-5-ro-n-uchtepa-24-kv-ID4eCnU.html,450 у.е.,450.0,у.е,,,,,4eCnU,21,uchtepa
,https://www.olx.uz/d/obyavlenie/sdayu-2-komnatnaya-uchtepinskom-rayone-bazovyy-remont-441-ID4eQUJ.html,,,,,,,,4eQUJ,21,uchtepa
"Сдаю, 2-комнатная, Учтепинском районе, Базовый ремонт 441*",https://www.olx.uz/d/obyavlenie/sdayu-2-komnatnaya-uchtepinskom-rayone-bazovyy-remont-441-ID4eQUJ.html,500 у.е. Договорная,500.0,у.е,,,,,4eQUJ,21,uchtepa
,https://www.olx.uz/d/obyavlenie/novostroyka-art-house-ID44FHX.html,,,,,,,,44FHX,21,uchtepa
новостройка Art House,https://www.olx.uz/d/obyavlenie/novostroyka-art-house-ID44FHX.html,550 у.е. Договорная,550.0,у.е,,,,,44FHX,21,uchtepa
,https://www.olx.uz/d/obyavlenie/uch-tepa-tumani-taqachi-novastroyka-arenda-ID4bGTQ.html,,,,,,,,4bGTQ,21,uchtepa
Uch tepa tumani Taqachi novastroyka arenda,https://www.olx.uz/d/obyavlenie/uch-tepa-tumani-taqachi-novastroyka-arenda-ID4bGTQ.html,600 у.е.,600.0,у.е,,,,,4bGTQ,21,uchtepa
,https://www.olx.uz/d/obyavlenie/arenda-chilanzar-12-kvartal-23-1-8-ID4eZSG.html,,,,,,,,4eZSG,21,uchtepa
Аренда: Чиланзар 12 квартал 2*3/1/8,https://www.olx.uz/d/obyavlenie/arenda-chilanzar-12-kvartal-23-1-8-ID4eZSG.html,350 у.е.,350.0,у.е,,,,,4eZSG,21,uchtepa
,https://www.olx.uz/d/obyavlenie/arenda-kvartira-novostroyka-2-hona-urikzor-rezident-ID4eB4o.html,,,,,,,,4eB4o,21,uchtepa
Аренда квартира Новостройка 2 хона Урикзор Резидент,https://www.olx.uz/d/obyavlenie/arenda-kvartira-novostroyka-2-hona-urikzor-rezident-ID4eB4o.html,500 у.е.,500.0,у.е,,,,,4eB4o,21,uchtepa
,https://www.olx.uz/d/obyavlenie/chilanzar-15-1-2-5-vse-neobhodimoe-est-ID4ebMs.html,,,,,,,,4ebMs,21,uchtepa
Чиланзар 15  1/2/5.  Все необходимое есть,https://www.olx.uz/d/obyavlenie/chilanzar-15-1-2-5-vse-neobhodimoe-est-ID4ebMs.html,350 у.е.,350.0,у.е,,,,,4ebMs,21,uchtepa
,https://www.olx.uz/d/obyavlenie/arenda-chilanzar-13-kvartal-12-1-4-kirpich-ID4ebGd.html,,,,,,,,4ebGd,21,uchtepa
Аренда Чиланзар 13 квартал 1*2/1/4 Кирпич,https://www.olx.uz/d/obyavlenie/arenda-chilanzar-13-kvartal-12-1-4-kirpich-ID4ebGd.html,350 у.е.,350.0,у.е,,,,,4ebGd,21,uchtepa
,https://www.olx.uz/d/obyavlenie/kvartira-arenda-uchtepa-25-kvartal-ID4eZxk.html,,,,,,,,4eZxk,21,uchtepa
Kvartira arenda Uchtepa 25 kvartal,https://www.olx.uz/d/obyavlenie/kvartira-arenda-uchtepa-25-kvartal-ID4eZxk.html,300 у.е.,300.0,у.е,,,,,4eZxk,21,uchtepa
,https://www.olx.uz/d/obyavlenie/yaakkkasaroy-tumani-3-hona-ID4eAnm.html,,,,,,,,4eAnm,21,uchtepa
Яакккасарой тумани 3 хона,https://www.olx.uz/d/obyavlenie/yaakkkasaroy-tumani-3-hona-ID4eAnm.html,500 у.е.,500.0,у.е,,,,,4eAnm,21,uchtepa
,https://www.olx.uz/d/obyavlenie/urikzor-rezdesin-2-hona-oilaga-ID4eAmU.html,,,,,,,,4eAmU,21,uchtepa
Урикзор Rezdesin 2 хона оилага,https://www.olx.uz/d/obyavlenie/urikzor-rezdesin-2-hona-oilaga-ID4eAmU.html,600 у.е.,600.0,у.е,,,,,4eAmU,21,uchtepa
,https://www.olx.uz/d/obyavlenie/urikzor-rezdesin-2-hona-oilaga-ID4eAkz.html,,,,,,,,4eAkz,21,uchtepa
Урикзор Rezdesin 2 хона оилага,https://www.olx.uz/d/obyavlenie/urikzor-rezdesin-2-hona-oilaga-ID4eAkz.html,500 у.е.,500.0,у.е,,,,,4eAkz,21,uchtepa
,https://www.olx.uz/d/obyavlenie/chilanzar-14-2-hona-uy-oilaga-izhara-arendaga-uzo-muddatga-beriladi-ID4eZ8X.html,,,,,,,,4eZ8X,21,uchtepa
Чиланзар 14. 2 хона уй ОИЛАга ижара (аренда)га узоқ муддатга берилади.,https://www.olx.uz/d/obyavlenie/chilanzar-14-2-hona-uy-oilaga-izhara-arendaga-uzo-muddatga-beriladi-ID4eZ8X.html,450 у.е.,450.0,у.е,,,,,4eZ8X,21,uchtepa
,https://www.olx.uz/d/obyavlenie/arendaga-kvartira-ID4eYZo.html,,,,,,,,4eYZo,21,uchtepa
Arendaga kvartira,https://www.olx.uz/d/obyavlenie/arendaga-kvartira-ID4eYZo.html,1 000 000 сум,1000000.0,сум,,,,,4eYZo,21,uchtepa
,https://www.olx.uz/d/obyavlenie/uy-arendaga-beriladi-orikzor-residence-2-xonalik-ID4cQQ1.html,,,,,,,,4cQQ1,21,uchtepa
Uy arendaga beriladi Orikzor Residence 2 xonalik,https://www.olx.uz/d/obyavlenie/uy-arendaga-beriladi-orikzor-residence-2-xonalik-ID4cQQ1.html,500 у.е.,500.0,у.е,,,,,4cQQ1,21,uchtepa
,https://www.olx.uz/d/obyavlenie/arenda-kvartiry-chilanschar-14-ID4eaMS.html,,,,,,,,4eaMS,21,uchtepa
Аренда квартиры Чиланщар 14,https://www.olx.uz/d/obyavlenie/arenda-kvartiry-chilanschar-14-ID4eaMS.html,450 у.е.,450.0,у.е,,,,,4eaMS,21,uchtepa
,https://www.olx.uz/d/obyavlenie/srochnyy-sdaetsya-kvartira-sebzor-orientir-korzinka-4-komnita-ya-rieltor-ID42IbB.html,,,,,,,,42IbB,21,uchtepa
Срочный сдаётся квартира себзор ориентир корзинка 4 комнита Я РИЕЛТОРЬ,https://www.olx.uz/d/obyavlenie/srochnyy-sdaetsya-kvartira-sebzor-orientir-korzinka-4-komnita-ya-rieltor-ID42IbB.html,700 у.е.,700.0,у.е,,,,,42IbB,21,uchtepa
,https://www.olx.uz/d/obyavlenie/sdaetsya-kvartira-ID4cHZD.html,,,,,,,,4cHZD,21,uchtepa
Сдается квартира,https://www.olx.uz/d/obyavlenie/sdaetsya-kvartira-ID4cHZD.html,150 у.е. Договорная,150.0,у.е,,,,,4cHZD,21,uchtepa
,https://www.olx.uz/d/obyavlenie/sdaetsya-v-arendu-kvartira-ID4bEUM.html,,,,,,,,4bEUM,21,uchtepa
Сдается в аренду квартира,https://www.olx.uz/d/obyavlenie/sdaetsya-v-arendu-kvartira-ID4bEUM.html,1 200 у.е. Договорная,1200.0,у.е,,,,,4bEUM,21,uchtepa
,https://www.olx.uz/d/obyavlenie/talaba-qizlarni-ijaraga-qoyaman-ID48f2J.html,,,,,,,,48f2J,21,uchtepa
Talaba qizlarni ijaraga qoyaman,https://www.olx.uz/d/obyavlenie/talaba-qizlarni-ijaraga-qoyaman-ID48f2J.html,800 000 сум,800000.0,сум,,,,,48f2J,21,uchtepa
,https://www.olx.uz/d/obyavlenie/arenda-kvartira-zhararik-ibinsino-ID4czjS.html,,,,,,,,4czjS,21,uchtepa
Аренда квартира. .   ЖарАрик..Ибинсино.,https://www.olx.uz/d/obyavlenie/arenda-kvartira-zhararik-ibinsino-ID4czjS.html,500 у.е.,500.0,у.е,,,,,4czjS,21,uchtepa
,https://www.olx.uz/d/obyavlenie/sdaetsya-arenda-2-etazh-ID3ZAVC.html,,,,,,,,3ZAVC,21,uchtepa
Сдаётся Аренда 2 этаж,https://www.olx.uz/d/obyavlenie/sdaetsya-arenda-2-etazh-ID3ZAVC.html,3 000 000 сум,3000000.0,сум,,,,,3ZAVC,21,uchtepa
,https://www.olx.uz/d/obyavlenie/arenda-sdaetsya-chilanzar-15-kv-1-2-4-balkon-1-5h6-chistaya-ID4eVkB.html,,,,,,,,4eVkB,21,uchtepa
"Аренда! Сдаётся Чиланзар-15 кв,1²/2/4-балкон 1.5х6,чистая",https://www.olx.uz/d/obyavlenie/arenda-sdaetsya-chilanzar-15-kv-1-2-4-balkon-1-5h6-chistaya-ID4eVkB.html,300 у.е.,300.0,у.е,,,,,4eVkB,21,uchtepa
,https://www.olx.uz/d/obyavlenie/kvartira-arenda-uchtepa-urikzor-navastroyka-oylaga-ID4eVAp.html,,,,,,,,4eVAp,21,uchtepa
Kvartira arenda Uchtepa urikzor navastroyka oylaga,https://www.olx.uz/d/obyavlenie/kvartira-arenda-uchtepa-urikzor-navastroyka-oylaga-ID4eVAp.html,451 у.е.,451.0,у.е,,,,,4eVAp,21,uchtepa
,https://www.olx.uz/d/obyavlenie/sdaetsya-kvartira-3-3-3-yakassarayskiy-rayon-bosch-ukomplektovannaya-ID4bawm.html,,,,,,,,4bawm,21,uchtepa
"Сдаётся квартира 3/3/3 Якассарайский район,BOSCH!Укомплектованная !",https://www.olx.uz/d/obyavlenie/sdaetsya-kvartira-3-3-3-yakassarayskiy-rayon-bosch-ukomplektovannaya-ID4bawm.html,800 у.е.,800.0,у.е,,,,,4bawm,21,uchtepa
,https://www.olx.uz/d/obyavlenie/arenda-kvartira-2-hona-chilanzar-14-zhukovskiy-bolnitsa-ID4e8x3.html,,,,,,,,4e8x3,21,uchtepa
Аренда квартира 2 хона Чиланзар-14 Жуковский больница,https://www.olx.uz/d/obyavlenie/arenda-kvartira-2-hona-chilanzar-14-zhukovskiy-bolnitsa-ID4e8x3.html,450 у.е.,450.0,у.е,,,,,4e8x3,21,uchtepa
,https://www.olx.uz/d/obyavlenie/arenda-chilanzar-12-kvartal-2-1-9-ID4eVjQ.html,,,,,,,,4eVjQ,21,uchtepa
Аренда Чиланзар 12 квартал 2/1/9,https://www.olx.uz/d/obyavlenie/arenda-chilanzar-12-kvartal-2-1-9-ID4eVjQ.html,350 у.е.,350.0,у.е,,,,,4eVjQ,21,uchtepa
,https://www.olx.uz/d/obyavlenie/ijaraga-ikki-xonali-kv-bor-sheriklika-bitta-bola-olamiz-ID45pj3.html,,,,,,,,45pj3,21,uchtepa
Ijaraga ikki xonali kv bor sheriklika bitta bola olamiz.,https://www.olx.uz/d/obyavlenie/ijaraga-ikki-xonali-kv-bor-sheriklika-bitta-bola-olamiz-ID45pj3.html,100 у.е. Договорная,100.0,у.е,,,,,45pj3,21,uchtepa
,https://www.olx.uz/d/obyavlenie/urikzor-rezdesin-2-hona-ID4e8iP.html,,,,,,,,4e8iP,21,uchtepa
Урикзор Rezdesin 2 хона,https://www.olx.uz/d/obyavlenie/urikzor-rezdesin-2-hona-ID4e8iP.html,450 у.е.,450.0,у.е,,,,,4e8iP,21,uchtepa
,https://www.olx.uz/d/obyavlenie/kvartira-arenda-orikzor-rezidens-ID4eV8n.html,,,,,,,,4eV8n,21,uchtepa
Kvartira arenda O'rikzor Rezidens,https://www.olx.uz/d/obyavlenie/kvartira-arenda-orikzor-rezidens-ID4eV8n.html,450 у.е.,450.0,у.е,,,,,4eV8n,21,uchtepa
,https://www.olx.uz/d/obyavlenie/sdaetsya-uchtepa-21-1v2-1-etazh-panel-balkon-1-5-6-ID4evL0.html,,,,,,,,4evL0,21,uchtepa
"Сдаётся Учтепа 21 1в2 1 этаж. Панель балкон 1,5 *6.",https://www.olx.uz/d/obyavlenie/sdaetsya-uchtepa-21-1v2-1-etazh-panel-balkon-1-5-6-ID4evL0.html,400 у.е.,400.0,у.е,,,,,4evL0,21,uchtepa
,https://www.olx.uz/d/obyavlenie/arenda-uchtepa-26-1komn-1etazh-kirpich-ID4dIIk.html,,,,,,,,4dIIk,21,uchtepa
Аренда Учтепа 26 1комн.1этаж. Кирпич.,https://www.olx.uz/d/obyavlenie/arenda-uchtepa-26-1komn-1etazh-kirpich-ID4dIIk.html,450 у.е.,450.0,у.е,,,,,4dIIk,21,uchtepa
,https://www.olx.uz/d/obyavlenie/arenda-chilanzar-21-odna-peredelannaya-na-dvuh-ID4ewQO.html,,,,,,,,4ewQO,21,uchtepa
Аренда чиланзар 21.  Одна переделанная на двух,https://www.olx.uz/d/obyavlenie/arenda-chilanzar-21-odna-peredelannaya-na-dvuh-ID4ewQO.html,400 у.е.,400.0,у.е,,,,,4ewQO,21,uchtepa
,https://www.olx.uz/d/obyavlenie/arenda-kvartira-urikzor-rezidens-2-12-16-oila-va-student-kizlarga-ID4e6Ou.html,,,,,,,,4e6Ou,21,uchtepa
"Аренда Квартира Урикзор резиденс, 2/12/16. Оила ва студент Кизларга.",https://www.olx.uz/d/obyavlenie/arenda-kvartira-urikzor-rezidens-2-12-16-oila-va-student-kizlarga-ID4e6Ou.html,450 у.е.,450.0,у.е,,,,,4e6Ou,21,uchtepa
,https://www.olx.uz/d/obyavlenie/algartim-qizil-sharq-ID4ewt9.html,,,,,,,,4ewt9,21,uchtepa
Algartim qizil sharq,https://www.olx.uz/d/obyavlenie/algartim-qizil-sharq-ID4ewt9.html,500 у.е.,500.0,у.е,,,,,4ewt9,21,uchtepa
,https://www.olx.uz/d/obyavlenie/orikzor-navastiroyka-ID4ewqt.html,,,,,,,,4ewqt,21,uchtepa
O'rikzor Navastiroyka,https://www.olx.uz/d/obyavlenie/orikzor-navastiroyka-ID4ewqt.html,500 у.е.,500.0,у.е,,,,,4ewqt,21,uchtepa
,https://www.olx.uz/d/obyavlenie/arenda-chilanzar-g9a-12-2-5-ID4e6eW.html,,,,,,,,4e6eW,21,uchtepa
Аренда Чиланзар Г9а 1*2/2/5,https://www.olx.uz/d/obyavlenie/arenda-chilanzar-g9a-12-2-5-ID4e6eW.html,350 у.е.,350.0,у.е,,,,,4e6eW,21,uchtepa
,https://www.olx.uz/d/obyavlenie/arenda-chilanzar-13-kvartal-12-1-5-ID4e5I9.html,,,,,,,,4e5I9,21,uchtepa
Аренда Чиланзар 13 квартал 1*2/1/5,https://www.olx.uz/d/obyavlenie/arenda-chilanzar-13-kvartal-12-1-5-ID4e5I9.html,350 у.е.,350.0,у.е,,,,,4e5I9,21,uchtepa
,https://www.olx.uz/d/obyavlenie/arenda-chilanzar-12-kvartal-23-1-9-ID4etTm.html,,,,,,,,4etTm,21,uchtepa
Аренда Чиланзар 12 квартал 2*3/1/9,https://www.olx.uz/d/obyavlenie/arenda-chilanzar-12-kvartal-23-1-9-ID4etTm.html,360 у.е.,360.0,у.е,,,,,4etTm,21,uchtepa
,https://www.olx.uz/d/obyavlenie/5honali-kvartira-120-kvadrat-spalni-bor-uchtepa-takachi-ID44I76.html,,,,,,,,44I76,21,uchtepa
5хонали квартира 120 квадрат спальни бор Учтепа Такачи,https://www.olx.uz/d/obyavlenie/5honali-kvartira-120-kvadrat-spalni-bor-uchtepa-takachi-ID44I76.html,600 у.е.,600.0,у.е,,,,,44I76,21,uchtepa
,https://www.olx.uz/d/obyavlenie/arenda-zhukovskaya-bolnitsa-chilanzar-14-kvartal-2-h-komnatnaya-ID4etQC.html,,,,,,,,4etQC,21,uchtepa
Аренда: Жуковская больница Чиланзар 14 квартал 2 х комнатная,https://www.olx.uz/d/obyavlenie/arenda-zhukovskaya-bolnitsa-chilanzar-14-kvartal-2-h-komnatnaya-ID4etQC.html,400 у.е.,400.0,у.е,,,,,4etQC,21,uchtepa
,https://www.olx.uz/d/obyavlenie/urikzor-iz-za-bozor-oldida-2-hona-350-u-e-realtorskiy-ID4eSw7.html,,,,,,,,4eSw7,21,uchtepa
Урикзор Из-за бозор олдида 2 хона. 350.у.е+реалторский,https://www.olx.uz/d/obyavlenie/urikzor-iz-za-bozor-oldida-2-hona-350-u-e-realtorskiy-ID4eSw7.html,350 у.е.,350.0,у.е,,,,,4eSw7,21,uchtepa
,https://www.olx.uz/d/obyavlenie/chilonzor-26-mavze-3-xona-remont-noviy-ID48EhF.html,,,,,,,,48EhF,21,uchtepa
Chilonzor 26 mavze 3 xona remont noviy,https://www.olx.uz/d/obyavlenie/chilonzor-26-mavze-3-xona-remont-noviy-ID48EhF.html,600 у.е.,600.0,у.е,,,,,48EhF,21,uchtepa
,https://www.olx.uz/d/obyavlenie/sdaetsya-12-uomnatnaya-chilanzar-26-kafe-moskva-ID4e4wX.html,,,,,,,,4e4wX,21,uchtepa
Сдается 1*2  уомнатная Чиланзар 26 кафе Москва,https://www.olx.uz/d/obyavlenie/sdaetsya-12-uomnatnaya-chilanzar-26-kafe-moskva-ID4e4wX.html,401 у.е.,401.0,у.е,,,,,4e4wX,21,uchtepa
,https://www.olx.uz/d/obyavlenie/sdayu-svoyu-3-komnatnaya-kvartiru-v-arendu-110-kvadratnyh-metrov-ID3x33l.html,,,,,,,,3x33l,21,uchtepa
Сдаю свою 3 комнатная квартиру в аренду 110 квадратных метров,https://www.olx.uz/d/obyavlenie/sdayu-svoyu-3-komnatnaya-kvartiru-v-arendu-110-kvadratnyh-metrov-ID3x33l.html,800 у.е. Договорная,800.0,у.е,,,,,3x33l,21,uchtepa
,https://www.olx.uz/d/obyavlenie/arenda-izza-uch-tepa-aaa1393-ID4eSj7.html,,,,,,,,4eSj7,21,uchtepa
Arenda Izza Uch Tepa AAA1393,https://www.olx.uz/d/obyavlenie/arenda-izza-uch-tepa-aaa1393-ID4eSj7.html,500 у.е.,500.0,у.е,,,,,4eSj7,21,uchtepa
,https://www.olx.uz/d/obyavlenie/arenda-dlya-semi-ili-odinochki-chilanschar-26-ID4e4ku.html,,,,,,,,4e4ku,21,uchtepa
Аренда для семьи или одиночки Чиланщар 26,https://www.olx.uz/d/obyavlenie/arenda-dlya-semi-ili-odinochki-chilanschar-26-ID4e4ku.html,399 у.е.,399.0,у.е,,,,,4e4ku,21,uchtepa
,https://www.olx.uz/d/obyavlenie/arenda-2-1-5-chilonzor-23-esh-oilaga-ID4e3Nk.html,,,,,,,,4e3Nk,21,uchtepa
Аренда  2/1/5 Чилонзор 23 еш оилага,https://www.olx.uz/d/obyavlenie/arenda-2-1-5-chilonzor-23-esh-oilaga-ID4e3Nk.html,400 у.е.,400.0,у.е,,,,,4e3Nk,21,uchtepa
,https://www.olx.uz/d/obyavlenie/student-laga-arendaga-hona-ID4cjmH.html,,,,,,,,4cjmH,21,uchtepa
Студент лага арендага хона,https://www.olx.uz/d/obyavlenie/student-laga-arendaga-hona-ID4cjmH.html,900 000 сум,900000.0,сум,,,,,4cjmH,21,uchtepa
,https://www.olx.uz/d/obyavlenie/chilanzar-15-kvartal-2h-komnatnaya-ID4eRuK.html,,,,,,,,4eRuK,21,uchtepa
Чиланзар  15 квартал.  2х  комнатная.,https://www.olx.uz/d/obyavlenie/chilanzar-15-kvartal-2h-komnatnaya-ID4eRuK.html,350 у.е.,350.0,у.е,,,,,4eRuK,21,uchtepa
,https://www.olx.uz/d/obyavlenie/arenda-kvartira-chilonzor-8-bollarga-ID4eRsv.html,,,,,,,,4eRsv,21,uchtepa
Аренда квартира чилонзор 8 болларга,https://www.olx.uz/d/obyavlenie/arenda-kvartira-chilonzor-8-bollarga-ID4eRsv.html,350 у.е.,350.0,у.е,,,,,4eRsv,21,uchtepa
,https://www.olx.uz/d/obyavlenie/beshqayragochda-qizlar-uchun-ijara-ID4eRpj.html,,,,,,,,4eRpj,21,uchtepa
Beshqayragʻochda qizlar uchun Ijara,https://www.olx.uz/d/obyavlenie/beshqayragochda-qizlar-uchun-ijara-ID4eRpj.html,600 000 сум,600000.0,сум,,,,,4eRpj,21,uchtepa
,https://www.olx.uz/d/obyavlenie/chilonzor-15-kvartalda-kizlarga-bezhozyayka-kvartira-bez-makler-ID3Xe44.html,,,,,,,,3Xe44,21,uchtepa
Чилонзор-15 кварталда кизларга безхозяйка квартира без маклер,https://www.olx.uz/d/obyavlenie/chilonzor-15-kvartalda-kizlarga-bezhozyayka-kvartira-bez-makler-ID3Xe44.html,90 у.е.,90.0,у.е,,,,,3Xe44,21,uchtepa
,https://www.olx.uz/d/obyavlenie/arenda-uch-tepa-taqachi-aaa1333-ID4e3g0.html,,,,,,,,4e3g0,21,uchtepa
Arenda Uch Tepa Taqachi #AAA1333,https://www.olx.uz/d/obyavlenie/arenda-uch-tepa-taqachi-aaa1333-ID4e3g0.html,400 у.е.,400.0,у.е,,,,,4e3g0,21,uchtepa
,https://www.olx.uz/d/obyavlenie/arenda-uchtepa-tumani-urikzor-bozor-enida-ID4dEC6.html,,,,,,,,4dEC6,21,uchtepa
Аренда учтепа тумани урикзор бозор енида,https://www.olx.uz/d/obyavlenie/arenda-uchtepa-tumani-urikzor-bozor-enida-ID4dEC6.html,350 у.е.,350.0,у.е,,,,,4dEC6,21,uchtepa
,https://www.olx.uz/d/obyavlenie/beruniy-metro-tarafda-oqikon-qizlar-uchun-kvartira-ID4ceRe.html,,,,,,,,4ceRe,21,uchtepa
Beruniy metro tarafda oʻqikon qizlar uchun kvartira,https://www.olx.uz/d/obyavlenie/beruniy-metro-tarafda-oqikon-qizlar-uchun-kvartira-ID4ceRe.html,750 000 сум,750000.0,сум,,,,,4ceRe,21,uchtepa
,https://www.olx.uz/d/obyavlenie/arenda-kvartira-chilanzor-15-4-hona-or-r-farhod-bozor-ID4415f.html,,,,,,,,4415f,21,uchtepa
Аренда квартира Чиланзор-15         4 хона Ор-р Фарход Бозор,https://www.olx.uz/d/obyavlenie/arenda-kvartira-chilanzor-15-4-hona-or-r-farhod-bozor-ID4415f.html,550 у.е.,550.0,у.е,,,,,4415f,21,uchtepa
,https://www.olx.uz/d/obyavlenie/4-kom-chilonzor-15-kv-arenda-evro-kvartira-ID4eQuH.html,,,,,,,,4eQuH,21,uchtepa
4 ком Чилонзор 15 кв аренда евро квартира,https://www.olx.uz/d/obyavlenie/4-kom-chilonzor-15-kv-arenda-evro-kvartira-ID4eQuH.html,600 у.е.,600.0,у.е,,,,,4eQuH,21,uchtepa
,https://www.olx.uz/d/obyavlenie/yunsobod-11-kvartal-16-dom-32-xonadon-ID4eQ5m.html,,,,,,,,4eQ5m,21,uchtepa
Yunsobod 11-kvartal 16-dom 32 xonadon,https://www.olx.uz/d/obyavlenie/yunsobod-11-kvartal-16-dom-32-xonadon-ID4eQ5m.html,6 600 000 сум,6600000.0,сум,,,,,4eQ5m,21,uchtepa
,https://www.olx.uz/d/obyavlenie/sdaetsya-uchtepa-23-2komn-ID4dDBP.html,,,,,,,,4dDBP,21,uchtepa
Сдаётся Учтепа 23 2комн.,https://www.olx.uz/d/obyavlenie/sdaetsya-uchtepa-23-2komn-ID4dDBP.html,500 у.е.,500.0,у.е,,,,,4dDBP,21,uchtepa
,https://www.olx.uz/d/obyavlenie/sheriklikka-yosh-oila-yoki-qizlar-kerak-maklersiz-ID3MCmK.html,,,,,,,,3MCmK,21,uchtepa
Sheriklikka yosh oila yoki qizlar kerak. Maklersiz,https://www.olx.uz/d/obyavlenie/sheriklikka-yosh-oila-yoki-qizlar-kerak-maklersiz-ID3MCmK.html,180 у.е.,180.0,у.е,,,,,3MCmK,21,uchtepa
,https://www.olx.uz/d/obyavlenie/algartim-31-bozorcha-ID4eqOc.html,,,,,,,,4eqOc,21,uchtepa
Algartim 31 bozorcha,https://www.olx.uz/d/obyavlenie/algartim-31-bozorcha-ID4eqOc.html,500 у.е.,500.0,у.е,,,,,4eqOc,21,uchtepa
,https://www.olx.uz/d/obyavlenie/sdaetsya-kv-v-zhk-urikzar-rezident-2-5-16-uchtepinskiy-rayon-ID4ePHZ.html,,,,,,,,4ePHZ,21,uchtepa
Сдаётся кв в ЖК Урикзар Резидент 2/5/16 Учтепинский район,https://www.olx.uz/d/obyavlenie/sdaetsya-kv-v-zhk-urikzar-rezident-2-5-16-uchtepinskiy-rayon-ID4ePHZ.html,500 у.е.,500.0,у.е,,,,,4ePHZ,21,uchtepa
,https://www.olx.uz/d/obyavlenie/arenda-kvartira-uchtepa-12-2-kom-semya-devushki-ID4c0p9.html,,,,,,,,4c0p9,21,uchtepa
Аренда квартира учтепа 12 2 ком семя девушки,https://www.olx.uz/d/obyavlenie/arenda-kvartira-uchtepa-12-2-kom-semya-devushki-ID4c0p9.html,500 у.е.,500.0,у.е,,,,,4c0p9,21,uchtepa
,https://www.olx.uz/d/obyavlenie/arenda-kvartira-urikzor-2-komnata-ID4aLTL.html,,,,,,,,4aLTL,21,uchtepa
Аренда квартира Урикзор 2 комната,https://www.olx.uz/d/obyavlenie/arenda-kvartira-urikzor-2-komnata-ID4aLTL.html,500 у.е.,500.0,у.е,,,,,4aLTL,21,uchtepa
,https://www.olx.uz/d/obyavlenie/arenda-chilanzar-13-kvartal-12-2-9-ID4ePyj.html,,,,,,,,4ePyj,21,uchtepa
Аренда Чиланзар 13 квартал 1*2/2/9,https://www.olx.uz/d/obyavlenie/arenda-chilanzar-13-kvartal-12-2-9-ID4ePyj.html,300 у.е.,300.0,у.е,,,,,4ePyj,21,uchtepa
,https://www.olx.uz/d/obyavlenie/arenda-srochno-2-3-4-chilanzar-12-farhadskiy-ID4ePqI.html,,,,,,,,4ePqI,21,uchtepa
Аренда срочно 2³/3/4 Чиланзар 12 фархадский,https://www.olx.uz/d/obyavlenie/arenda-srochno-2-3-4-chilanzar-12-farhadskiy-ID4ePqI.html,600 у.е.,600.0,у.е,,,,,4ePqI,21,uchtepa
,https://www.olx.uz/d/obyavlenie/arenda-kvartira-uch-tepa-orikzor-bozor-oila-300-ID4e1Ic.html,,,,,,,,4e1Ic,21,uchtepa
Аренда Квартира Уч Тепа Орикзор Бозор Оила 300$,https://www.olx.uz/d/obyavlenie/arenda-kvartira-uch-tepa-orikzor-bozor-oila-300-ID4e1Ic.html,300 у.е.,300.0,у.е,,,,,4e1Ic,21,uchtepa
,https://www.olx.uz/d/obyavlenie/arenda-kvartira-chilonzor-19-kvartal-ID4eOGb.html,,,,,,,,4eOGb,21,uchtepa
Аренда квартира Чилонзор 19 квартал,https://www.olx.uz/d/obyavlenie/arenda-kvartira-chilonzor-19-kvartal-ID4eOGb.html,450 у.е.,450.0,у.е,,,,,4eOGb,21,uchtepa
,https://www.olx.uz/d/obyavlenie/yangi-kvartira-3-yotoq-xonasi-2-sanuzel-144-m-yangi-uy-ID485Kt.html,,,,,,,,485Kt,21,uchtepa
"Yangi kvartira – 3 yotoq xonasi, 2 sanuzel, 144 m², yangi uy",https://www.olx.uz/d/obyavlenie/yangi-kvartira-3-yotoq-xonasi-2-sanuzel-144-m-yangi-uy-ID485Kt.html,1 200 у.е.,1200.0,у.е,,,,,485Kt,21,uchtepa
,https://www.olx.uz/d/obyavlenie/ijaraga-uy-novastroyka-ID4eOnS.html,,,,,,,,4eOnS,21,uchtepa
Ijaraga uy novastroyka,https://www.olx.uz/d/obyavlenie/ijaraga-uy-novastroyka-ID4eOnS.html,450 у.е.,450.0,у.е,,,,,4eOnS,21,uchtepa
,https://www.olx.uz/d/obyavlenie/kvartira-kizla-uchun-ID3KoW5.html,,,,,,,,3KoW5,21,uchtepa
Квартира кизла учун,https://www.olx.uz/d/obyavlenie/kvartira-kizla-uchun-ID3KoW5.html,800 000 сум,800000.0,сум,,,,,3KoW5,21,uchtepa
,https://www.olx.uz/d/obyavlenie/arenda-kvariiry-odnokomnatnaya-chilanzar-26-ID4e0xD.html,,,,,,,,4e0xD,21,uchtepa
Аренда кварииры однокомнатная Чиланзар 26,https://www.olx.uz/d/obyavlenie/arenda-kvariiry-odnokomnatnaya-chilanzar-26-ID4e0xD.html,400 у.е.,400.0,у.е,,,,,4e0xD,21,uchtepa
,https://www.olx.uz/d/obyavlenie/kvartira-sheriklikka-ogil-bollar-kerak-ID44EgE.html,,,,,,,,44EgE,21,uchtepa
Kvartira sheriklikka o'g'il bollar kerak,https://www.olx.uz/d/obyavlenie/kvartira-sheriklikka-ogil-bollar-kerak-ID44EgE.html,800 000 сум Договорная,800000.0,сум,,,,,44EgE,21,uchtepa
,https://www.olx.uz/d/obyavlenie/2-honali-kvartira-izharaga-beriladi-rikzor-bozor-enida-bez-makler-ID4eMMq.html,,,,,,,,4eMMq,21,uchtepa
"2 хонали квартира ижарага берилади. Ўрикзор бозор ёнида, Без маклер!",https://www.olx.uz/d/obyavlenie/2-honali-kvartira-izharaga-beriladi-rikzor-bozor-enida-bez-makler-ID4eMMq.html,400 у.е.,400.0,у.е,,,,,4eMMq,21,uchtepa
,https://www.olx.uz/d/obyavlenie/uchtepa-art-house-1-xonali-yangi-uy-oilaga-ID4eMEQ.html,,,,,,,,4eMEQ,21,uchtepa
"Uchtepa, Art house 1 xonali yangi uy, Oilaga",https://www.olx.uz/d/obyavlenie/uchtepa-art-house-1-xonali-yangi-uy-oilaga-ID4eMEQ.html,400 у.е. Договорная,400.0,у.е,,,,,4eMEQ,21,uchtepa
,https://www.olx.uz/d/obyavlenie/chilanzar-12-2-2-4-dolgosrochnaya-arenda-ID452Vo.html,,,,,,,,452Vo,21,uchtepa
Чиланзар 12 2/2/4 долгосрочная аренда.,https://www.olx.uz/d/obyavlenie/chilanzar-12-2-2-4-dolgosrochnaya-arenda-ID452Vo.html,300 у.е.,300.0,у.е,,,,,452Vo,21,uchtepa
,https://www.olx.uz/d/obyavlenie/arenda-kvartir-bez-posrednika-mesyats-850000-sum-za-odnogo-cheloveka-ID4aG02.html,,,,,,,,4aG02,21,uchtepa
Аренда квартир.Без посредника. Месяц 850000 сум За одного человека,https://www.olx.uz/d/obyavlenie/arenda-kvartir-bez-posrednika-mesyats-850000-sum-za-odnogo-cheloveka-ID4aG02.html,850 000 сум,850000.0,сум,,,,,4aG02,21,uchtepa
,https://www.olx.uz/d/obyavlenie/arenda-chilanzar-14-odna-peredelannaya-na-dvuh-ID4dzVu.html,,,,,,,,4dzVu,21,uchtepa
Аренда чиланзар 14.  Одна переделанная на двух,https://www.olx.uz/d/obyavlenie/arenda-chilanzar-14-odna-peredelannaya-na-dvuh-ID4dzVu.html,400 у.е.,400.0,у.е,,,,,4dzVu,21,uchtepa
,https://www.olx.uz/d/obyavlenie/kvartira-arenda-ewonguzar-bekbaraka-siti-navastroyka-ID4eMm1.html,,,,,,,,4eMm1,21,uchtepa
Kvartira arenda ewonguzar bekbaraka siti navastroyka,https://www.olx.uz/d/obyavlenie/kvartira-arenda-ewonguzar-bekbaraka-siti-navastroyka-ID4eMm1.html,498 у.е.,498.0,у.е,,,,,4eMm1,21,uchtepa
,https://www.olx.uz/d/obyavlenie/arenda-uch-tepa-takachida-12-3-5-ID4eMje.html,,,,,,,,4eMje,21,uchtepa
Аренда Уч Тепа Такачида 1^2/3/5,https://www.olx.uz/d/obyavlenie/arenda-uch-tepa-takachida-12-3-5-ID4eMje.html,380 у.е.,380.0,у.е,,,,,4eMje,21,uchtepa
,https://www.olx.uz/d/obyavlenie/kvartira-srochna-ID48NZx.html,,,,,,,,48NZx,21,uchtepa
Kvartira Srochna,https://www.olx.uz/d/obyavlenie/kvartira-srochna-ID48NZx.html,65 у.е.,65.0,у.е,,,,,48NZx,21,uchtepa
,https://www.olx.uz/d/obyavlenie/ijaraga-uy-bezmakler-bollarga-ID4eKWn.html,,,,,,,,4eKWn,21,uchtepa
Ijaraga uy Bezmakler Bollarga,https://www.olx.uz/d/obyavlenie/ijaraga-uy-bezmakler-bollarga-ID4eKWn.html,900 000 сум,900000.0,сум,,,,,4eKWn,21,uchtepa
,https://www.olx.uz/d/obyavlenie/uchtepa-faziltepa-17-safiya-qandolat-sehi-ID4eKtH.html,,,,,,,,4eKtH,21,uchtepa
Uchtepa Faziltepa 17 Safiya qandolat sehi,https://www.olx.uz/d/obyavlenie/uchtepa-faziltepa-17-safiya-qandolat-sehi-ID4eKtH.html,170 у.е.,170.0,у.е,,,,,4eKtH,21,uchtepa
,https://www.olx.uz/d/obyavlenie/arenda-kvartiry-chilanzar-26-ID4dy3r.html,,,,,,,,4dy3r,21,uchtepa
Аренда квартиры Чиланзар 26,https://www.olx.uz/d/obyavlenie/arenda-kvartiry-chilanzar-26-ID4dy3r.html,500 у.е.,500.0,у.е,,,,,4dy3r,21,uchtepa
,https://www.olx.uz/d/obyavlenie/kvartira-dlya-semi-bez-maklera-svoya-ID478a5.html,,,,,,,,478a5,21,uchtepa
Квартира для семьи без маклера своя,https://www.olx.uz/d/obyavlenie/kvartira-dlya-semi-bez-maklera-svoya-ID478a5.html,400 у.е.,400.0,у.е,,,,,478a5,21,uchtepa
,https://www.olx.uz/d/obyavlenie/ijaraga-uy-3-xonali-ID46sPf.html,,,,,,,,46sPf,21,uchtepa
Ijaraga uy 3 xonali,https://www.olx.uz/d/obyavlenie/ijaraga-uy-3-xonali-ID46sPf.html,600 у.е.,600.0,у.е,,,,,46sPf,21,uchtepa
,https://www.olx.uz/d/obyavlenie/arenda-eshanguzal-500-akuratniy-insonlarga-ID4eJSU.html,,,,,,,,4eJSU,21,uchtepa
Arenda eshanguzal 500 akuratniy insonlarga,https://www.olx.uz/d/obyavlenie/arenda-eshanguzal-500-akuratniy-insonlarga-ID4eJSU.html,500 у.е.,500.0,у.е,,,,,4eJSU,21,uchtepa
,https://www.olx.uz/d/obyavlenie/arenda-uchtepa-taqachi-akuratniy-odamlarga-aaa1290-ID4dvXx.html,,,,,,,,4dvXx,21,uchtepa
Arenda Uchtepa Taqachi Akuratniy Odamlarga #AAA1290,https://www.olx.uz/d/obyavlenie/arenda-uchtepa-taqachi-akuratniy-odamlarga-aaa1290-ID4dvXx.html,350 у.е.,350.0,у.е,,,,,4dvXx,21,uchtepa
,https://www.olx.uz/d/obyavlenie/srochni-sheriklika-1ta-bola-kerak-ID4eAs6.html,,,,,,,,4eAs6,21,uchtepa
SROCHNI sheriklika 1ta bola kerak,https://www.olx.uz/d/obyavlenie/srochni-sheriklika-1ta-bola-kerak-ID4eAs6.html,700 000 сум,700000.0,сум,,,,,4eAs6,21,uchtepa
,https://www.olx.uz/d/obyavlenie/oilaga-kvartira-chilonzor-ID3InJc.html,,,,,,,,3InJc,21,uchtepa
Oilaga Kvartira Chilonzor,https://www.olx.uz/d/obyavlenie/oilaga-kvartira-chilonzor-ID3InJc.html,125 у.е.,125.0,у.е,,,,,3InJc,21,uchtepa
,https://www.olx.uz/d/obyavlenie/oilaga-2-2-4-chilonzor-24-ID4eIt3.html,,,,,,,,4eIt3,21,uchtepa
Оилага  2/2/4 Чилонзор 24,https://www.olx.uz/d/obyavlenie/oilaga-2-2-4-chilonzor-24-ID4eIt3.html,350 у.е.,350.0,у.е,,,,,4eIt3,21,uchtepa
,https://www.olx.uz/d/obyavlenie/urikzor-3-kom-evro-kvartira-arenda-srochno-ID4eHT0.html,,,,,,,,4eHT0,21,uchtepa
Урикзор 3 ком евро квартира аренда срочно,https://www.olx.uz/d/obyavlenie/urikzor-3-kom-evro-kvartira-arenda-srochno-ID4eHT0.html,550 у.е.,550.0,у.е,,,,,4eHT0,21,uchtepa
,https://www.olx.uz/d/obyavlenie/yangi-uy-ijaraga-beriladi-oyla-uchun-ID4eHzO.html,,,,,,,,4eHzO,21,uchtepa
Yangi uy ijaraga beriladi oyla uchun,https://www.olx.uz/d/obyavlenie/yangi-uy-ijaraga-beriladi-oyla-uchun-ID4eHzO.html,600 у.е.,600.0,у.е,,,,,4eHzO,21,uchtepa
,https://www.olx.uz/d/obyavlenie/prodazha-ili-arenda-kvartiry-2-komnat-ID4cZTO.html,,,,,,,,4cZTO,21,uchtepa
Продажа или Аренда Квартиры 2 комнат,https://www.olx.uz/d/obyavlenie/prodazha-ili-arenda-kvartiry-2-komnat-ID4cZTO.html,500 у.е.,500.0,у.е,,,,,4cZTO,21,uchtepa
,https://www.olx.uz/d/obyavlenie/uchtepa-tumani-srochna-kvartira-ijaraga-ID4eGq4.html,,,,,,,,4eGq4,21,uchtepa
Uchtepa tumani srochna kvartira ijaraga,https://www.olx.uz/d/obyavlenie/uchtepa-tumani-srochna-kvartira-ijaraga-ID4eGq4.html,290 у.е.,290.0,у.е,,,,,4eGq4,21,uchtepa
,https://www.olx.uz/d/obyavlenie/kvartira-arenda-chilonzor-21-evro-uy-oylaga-ID4eF40.html,,,,,,,,4eF40,21,uchtepa
Kvartira arenda chilonzor-21 evro uy oylaga,https://www.olx.uz/d/obyavlenie/kvartira-arenda-chilonzor-21-evro-uy-oylaga-ID4eF40.html,500 у.е.,500.0,у.е,,,,,4eF40,21,uchtepa
,https://www.olx.uz/d/obyavlenie/ijaraga-beriladi-ID4eEiA.html,,,,,,,,4eEiA,21,uchtepa
Ijaraga beriladi,https://www.olx.uz/d/obyavlenie/ijaraga-beriladi-ID4eEiA.html,4 000 000 сум,4000000.0,сум,,,,,4eEiA,21,uchtepa
,https://www.olx.uz/d/obyavlenie/orikzor-residencedan-3-xonali-novostroyka-uy-arendaga-beriladi-ID4eEhM.html,,,,,,,,4eEhM,21,uchtepa
Orikzor residencedan 3 xonali novostroyka uy arendaga beriladi,https://www.olx.uz/d/obyavlenie/orikzor-residencedan-3-xonali-novostroyka-uy-arendaga-beriladi-ID4eEhM.html,800 у.е.,800.0,у.е,,,,,4eEhM,21,uchtepa
,https://www.olx.uz/d/obyavlenie/kvartira-izhara-uchun-ID4bkDu.html,,,,,,,,4bkDu,21,uchtepa
Квартира ижара учун,https://www.olx.uz/d/obyavlenie/kvartira-izhara-uchun-ID4bkDu.html,350 у.е.,350.0,у.е,,,,,4bkDu,21,uchtepa
,https://www.olx.uz/d/obyavlenie/chilonzor-15-kvartal-ID4148D.html,,,,,,,,4148D,21,uchtepa
Chilonzor 15 kvartal,https://www.olx.uz/d/obyavlenie/chilonzor-15-kvartal-ID4148D.html,450 у.е. Договорная,450.0,у.е,,,,,4148D,21,uchtepa
,https://www.olx.uz/d/obyavlenie/arenda-chilonzor-21-kvartal-2-4-4-ID4eD0w.html,,,,,,,,4eD0w,21,uchtepa
Аренда Чилонзор 21 квартал 2/4/4,https://www.olx.uz/d/obyavlenie/arenda-chilonzor-21-kvartal-2-4-4-ID4eD0w.html,400 у.е.,400.0,у.е,,,,,4eD0w,21,uchtepa
,https://www.olx.uz/d/obyavlenie/talaba-qizlar-uchun-kvartira-ID3Rx8e.html,,,,,,,,3Rx8e,21,uchtepa
Talaba qizlar uchun kvartira,https://www.olx.uz/d/obyavlenie/talaba-qizlar-uchun-kvartira-ID3Rx8e.html,1 000 000 сум Договорная,1000000.0,сум,,,,,3Rx8e,21,uchtepa
,https://www.olx.uz/d/obyavlenie/kvartira-arenda-chilonzor-algaritm-gulistan-oylaga-ID4eBmo.html,,,,,,,,4eBmo,21,uchtepa
Квартира аренда чилонзор Алгаритм Гулистан ойлага,https://www.olx.uz/d/obyavlenie/kvartira-arenda-chilonzor-algaritm-gulistan-oylaga-ID4eBmo.html,401 у.е.,401.0,у.е,,,,,4eBmo,21,uchtepa
,https://www.olx.uz/d/obyavlenie/arenda-chilanzar-7-2-3-4-ID4eB7l.html,,,,,,,,4eB7l,21,uchtepa
"Аренда Чиланзар 7, 2/3/4",https://www.olx.uz/d/obyavlenie/arenda-chilanzar-7-2-3-4-ID4eB7l.html,500 у.е.,500.0,у.е,,,,,4eB7l,21,uchtepa
,https://www.olx.uz/d/obyavlenie/uchtepa-tumani-orikzor-bozori-ID4ezvi.html,,,,,,,,4ezvi,21,uchtepa
Uchtepa tumani O'rikzor bozori,https://www.olx.uz/d/obyavlenie/uchtepa-tumani-orikzor-bozori-ID4ezvi.html,235 у.е.,235.0,у.е,,,,,4ezvi,21,uchtepa
,https://www.olx.uz/d/obyavlenie/sheriklikka-kvartira-bez-makler-ID49yVa.html,,,,,,,,49yVa,21,uchtepa
Sheriklikka kvartira bez makler,https://www.olx.uz/d/obyavlenie/sheriklikka-kvartira-bez-makler-ID49yVa.html,650 000 сум,650000.0,сум,,,,,49yVa,21,uchtepa
,https://www.olx.uz/d/obyavlenie/bez-makler-kvartira-ayollar-va-qizlaga-ID4eyco.html,,,,,,,,4eyco,21,uchtepa
Bez Makler kvartira Ayollar va qizlaga,https://www.olx.uz/d/obyavlenie/bez-makler-kvartira-ayollar-va-qizlaga-ID4eyco.html,800 000 сум,800000.0,сум,,,,,4eyco,21,uchtepa
,https://www.olx.uz/d/obyavlenie/sdam-1-komnatu-v-2-h-komnatnoy-kvartire-ID3UPoZ.html,,,,,,,,3UPoZ,21,uchtepa
Сдам 1 комнату в 2-х комнатной квартире,https://www.olx.uz/d/obyavlenie/sdam-1-komnatu-v-2-h-komnatnoy-kvartire-ID3UPoZ.html,700 000 сум Договорная,700000.0,сум,,,,,3UPoZ,21,uchtepa
,https://www.olx.uz/d/obyavlenie/ijaraga-qizlar-va-ayollar-qoyiladi-yotoqxona-ID3W466.html,,,,,,,,3W466,21,uchtepa
Ijaraga qizlar va ayollar qoʻyiladi. Yotoqxona,https://www.olx.uz/d/obyavlenie/ijaraga-qizlar-va-ayollar-qoyiladi-yotoqxona-ID3W466.html,850 000 сум Договорная,850000.0,сум,,,,,3W466,21,uchtepa
,https://www.olx.uz/d/obyavlenie/arenda-kvartira-algoritm-ahmad-ID4evUm.html,,,,,,,,4evUm,21,uchtepa
Аренда квартира алгоритм ахмад,https://www.olx.uz/d/obyavlenie/arenda-kvartira-algoritm-ahmad-ID4evUm.html,400 у.е.,400.0,у.е,,,,,4evUm,21,uchtepa
,https://www.olx.uz/d/obyavlenie/talaba-qizlar-uchun-uy-ID465nd.html,,,,,,,,465nd,21,uchtepa
Talaba qizlar uchun uy,https://www.olx.uz/d/obyavlenie/talaba-qizlar-uchun-uy-ID465nd.html,850 000 сум,850000.0,сум,,,,,465nd,21,uchtepa
,https://www.olx.uz/d/obyavlenie/kvartira-arenda-chilonzor-26-karzinka-navastroyka-ID4etWi.html,,,,,,,,4etWi,21,uchtepa
Kvartira arenda Chilonzor 26 karzinka navastroyka,https://www.olx.uz/d/obyavlenie/kvartira-arenda-chilonzor-26-karzinka-navastroyka-ID4etWi.html,503 у.е.,503.0,у.е,,,,,4etWi,21,uchtepa
,https://www.olx.uz/d/obyavlenie/ijaraga-uy-kokcha-ID42Gi5.html,,,,,,,,42Gi5,21,uchtepa
Ijaraga uy Ko'kcha,https://www.olx.uz/d/obyavlenie/ijaraga-uy-kokcha-ID42Gi5.html,80 у.е. Договорная,80.0,у.е,,,,,42Gi5,21,uchtepa
,https://www.olx.uz/d/obyavlenie/kvartira-arenda-chilonzor-algaritm-31-navastroyka-oylaga-ID4etZz.html,,,,,,,,4etZz,21,uchtepa
Квартира аренда чилонзор Алгаритм 31 навастройка ойлага,https://www.olx.uz/d/obyavlenie/kvartira-arenda-chilonzor-algaritm-31-navastroyka-oylaga-ID4etZz.html,501 у.е.,501.0,у.е,,,,,4etZz,21,uchtepa
,https://www.olx.uz/d/obyavlenie/sdaetsya-absolyutno-novaya-kvartira-v-nrg-qorasuv-business-class-ID4eugu.html,,,,,,,,4eugu,21,uchtepa
Сдается абсолютно новая квартира в NRG Qorasuv Business Class!,https://www.olx.uz/d/obyavlenie/sdaetsya-absolyutno-novaya-kvartira-v-nrg-qorasuv-business-class-ID4eugu.html,850 у.е. Договорная,850.0,у.е,,,,,4eugu,21,uchtepa
,https://www.olx.uz/d/obyavlenie/arenda-urikzor-rezidens-2-8-16-ID4euc1.html,,,,,,,,4euc1,21,uchtepa
Аренда Урикзор Резиденс 2/8/16,https://www.olx.uz/d/obyavlenie/arenda-urikzor-rezidens-2-8-16-ID4euc1.html,500 у.е.,500.0,у.е,,,,,4euc1,21,uchtepa
,https://www.olx.uz/d/obyavlenie/arenda-qorasaroy-1-xona-34kv-ID4eu27.html,,,,,,,,4eu27,21,uchtepa
Arenda Qorasaroy 1 xona  34kv,https://www.olx.uz/d/obyavlenie/arenda-qorasaroy-1-xona-34kv-ID4eu27.html,500 у.е.,500.0,у.е,,,,,4eu27,21,uchtepa
,https://www.olx.uz/d/obyavlenie/kvartira-arenda-nazarbek-da-uchastka-ID4etYE.html,,,,,,,,4etYE,21,uchtepa
Kvartira arenda Nazarbek da uchastka,https://www.olx.uz/d/obyavlenie/kvartira-arenda-nazarbek-da-uchastka-ID4etYE.html,595 у.е.,595.0,у.е,,,,,4etYE,21,uchtepa
,https://www.olx.uz/d/obyavlenie/uchtepa-tumani-paxtakor-mahallasi-letiraturni-jahon-tillariga-oqishin-ID4etDJ.html,,,,,,,,4etDJ,21,uchtepa
Uchtepa tumani paxtakor mahallasi Letiraturni Jahon tillariga o'qishin,https://www.olx.uz/d/obyavlenie/uchtepa-tumani-paxtakor-mahallasi-letiraturni-jahon-tillariga-oqishin-ID4etDJ.html,240 у.е.,240.0,у.е,,,,,4etDJ,21,uchtepa
,https://www.olx.uz/d/obyavlenie/qorasaroy-arenda-3-xona-nvsotroyka-ID4ety7.html,,,,,,,,4ety7,21,uchtepa
Qorasaroy arenda 3 xona nvsotroyka,https://www.olx.uz/d/obyavlenie/qorasaroy-arenda-3-xona-nvsotroyka-ID4ety7.html,800 у.е.,800.0,у.е,,,,,4ety7,21,uchtepa
,https://www.olx.uz/d/obyavlenie/arenda-izharaga-kvartira-3-4-5-toshkent-sh-uchtepa-chilonzor-15-kvartal-ID3xk5u.html,,,,,,,,3xk5u,21,uchtepa
Аренда (ижара)га квартира 3/4/5 Тошкент ш Учтепа. Чилонзор 15 квартал,https://www.olx.uz/d/obyavlenie/arenda-izharaga-kvartira-3-4-5-toshkent-sh-uchtepa-chilonzor-15-kvartal-ID3xk5u.html,400 у.е.,400.0,у.е,,,,,3xk5u,21,uchtepa
,https://www.olx.uz/d/obyavlenie/sdam-kvartiru-1-komnatnuyu-ID4e65k.html,,,,,,,,4e65k,21,uchtepa
Сдам квартиру 1 комнатную,https://www.olx.uz/d/obyavlenie/sdam-kvartiru-1-komnatnuyu-ID4e65k.html,6 000 000 сум,6000000.0,сум,,,,,4e65k,21,uchtepa
,https://www.olx.uz/d/obyavlenie/kizlar-uchun-kvartira-800000-uchtepa-tumani-beshkayragoch-korzinkasi-ol-ID4esno.html,,,,,,,,4esno,21,uchtepa
"Кизлар учун квартира , 800000 Учтепа тумани, бешкайрагоч корзинкаси ол",https://www.olx.uz/d/obyavlenie/kizlar-uchun-kvartira-800000-uchtepa-tumani-beshkayragoch-korzinkasi-ol-ID4esno.html,800 000 сум,800000.0,сум,,,,,4esno,21,uchtepa
,https://www.olx.uz/d/obyavlenie/arenda-kvartira-korakamish-1-2-ID4erhl.html,,,,,,,,4erhl,21,uchtepa
Аренда квартира Коракамиш 1/2,https://www.olx.uz/d/obyavlenie/arenda-kvartira-korakamish-1-2-ID4erhl.html,500 у.е.,500.0,у.е,,,,,4erhl,21,uchtepa
,https://www.olx.uz/d/obyavlenie/chilonzor-21-sdayutsya-arenda-ID4ercf.html,,,,,,,,4ercf,21,uchtepa
Чилонзор-21. Сдаются аренда,https://www.olx.uz/d/obyavlenie/chilonzor-21-sdayutsya-arenda-ID4ercf.html,350 у.е.,350.0,у.е,,,,,4ercf,21,uchtepa
,https://www.olx.uz/d/obyavlenie/1-5-9-chilonzor-24-s-remontim-mebel-tehnikoy-ID4eqK2.html,,,,,,,,4eqK2,21,uchtepa
1/5/9. Чилонзор 24. С ремонтим мебель техникой,https://www.olx.uz/d/obyavlenie/1-5-9-chilonzor-24-s-remontim-mebel-tehnikoy-ID4eqK2.html,400 у.е.,400.0,у.е,,,,,4eqK2,21,uchtepa
,https://www.olx.uz/d/obyavlenie/uch-tepa-tumani-2-xonali-60-kv-uy-ijaraga-beriladi-ID3YXoV.html,,,,,,,,3YXoV,21,uchtepa
Uch tepa tumani 2 xonali 60 kv uy ijaraga beriladi,https://www.olx.uz/d/obyavlenie/uch-tepa-tumani-2-xonali-60-kv-uy-ijaraga-beriladi-ID3YXoV.html,500 у.е.,500.0,у.е,,,,,3YXoV,21,uchtepa
,https://www.olx.uz/d/obyavlenie/kvartira-arenda-algaritm-ID4epqS.html,,,,,,,,4epqS,21,uchtepa
Kvartira arenda Algaritm,https://www.olx.uz/d/obyavlenie/kvartira-arenda-algaritm-ID4epqS.html,400 у.е.,400.0,у.е,,,,,4epqS,21,uchtepa
,https://www.olx.uz/d/obyavlenie/arenda-kvartiry-2-9-9-uchtepinskiy-rayon-ul-takachi-temir-bozor-ID4eoP7.html,,,,,,,,4eoP7,21,uchtepa
Аренда квартиры 2/9/9 Учтепинский район ул Такачи . Темир  бозор,https://www.olx.uz/d/obyavlenie/arenda-kvartiry-2-9-9-uchtepinskiy-rayon-ul-takachi-temir-bozor-ID4eoP7.html,370 у.е.,370.0,у.е,,,,,4eoP7,21,uchtepa
,https://www.olx.uz/d/obyavlenie/kvartira-arenda-uchtepa-ID4eonx.html,,,,,,,,4eonx,21,uchtepa
Kvartira arenda Uchtepa,https://www.olx.uz/d/obyavlenie/kvartira-arenda-uchtepa-ID4eonx.html,450 у.е.,450.0,у.е,,,,,4eonx,21,uchtepa
,https://www.olx.uz/d/obyavlenie/uchtepa-xokimiyatni-oldida-3-8-9-qizlarni-quyamiz-2ta-ID2Xu0T.html,,,,,,,,2Xu0T,21,uchtepa
Uchtepa xokimiyatni oldida 3/8/9 qizlarni quyamiz 2ta,https://www.olx.uz/d/obyavlenie/uchtepa-xokimiyatni-oldida-3-8-9-qizlarni-quyamiz-2ta-ID2Xu0T.html,600 000 сум Договорная,600000.0,сум,,,,,2Xu0T,21,uchtepa
,https://www.olx.uz/d/obyavlenie/srochna-arenda-250-y-e-2-xona-ID3UUW7.html,,,,,,,,3UUW7,21,uchtepa
Srochna Arenda 250 y.e 2 xona,https://www.olx.uz/d/obyavlenie/srochna-arenda-250-y-e-2-xona-ID3UUW7.html,250 у.е.,250.0,у.е,,,,,3UUW7,21,uchtepa
,https://www.olx.uz/d/obyavlenie/farxadski-jahon-tillariga-yaqin-qizlar-uchun-ijaraga-uy-bor-ID49w5a.html,,,,,,,,49w5a,21,uchtepa
Farxadski Jahon tillariga yaqin qizlar uchun ijaraga uy bor,https://www.olx.uz/d/obyavlenie/farxadski-jahon-tillariga-yaqin-qizlar-uchun-ijaraga-uy-bor-ID49w5a.html,900 000 сум,900000.0,сум,,,,,49w5a,21,uchtepa
,https://www.olx.uz/d/obyavlenie/uchtepa-12-kv-dom-2a-ID4elvH.html,,,,,,,,4elvH,21,uchtepa
Учтепа 12 кв дом 2а,https://www.olx.uz/d/obyavlenie/uchtepa-12-kv-dom-2a-ID4elvH.html,300 у.е.,300.0,у.е,,,,,4elvH,21,uchtepa
,https://www.olx.uz/d/obyavlenie/ijaraga-qizlar-qoyamiz-ibn-sino-1-ID49odA.html,,,,,,,,49odA,21,uchtepa
Ijaraga qizlar qoʻyamiz Ibn Sino 1,https://www.olx.uz/d/obyavlenie/ijaraga-qizlar-qoyamiz-ibn-sino-1-ID49odA.html,700 000 сум,700000.0,сум,,,,,49odA,21,uchtepa
,https://www.olx.uz/d/obyavlenie/shayhontohur-ibn-sino-1-ijaraga-uy-ID4alra.html,,,,,,,,4alra,21,uchtepa
Shayhontohur Ibn Sino-1 IJARAGA UY,https://www.olx.uz/d/obyavlenie/shayhontohur-ibn-sino-1-ijaraga-uy-ID4alra.html,700 000 сум,700000.0,сум,,,,,4alra,21,uchtepa
,https://www.olx.uz/d/obyavlenie/kvartira-arenda-chilonzor-algaritm-zarhal-oylaga-ID4ekR6.html,,,,,,,,4ekR6,21,uchtepa
Kvartira arenda Chilonzor algaritm zarhal oylaga,https://www.olx.uz/d/obyavlenie/kvartira-arenda-chilonzor-algaritm-zarhal-oylaga-ID4ekR6.html,401 у.е.,401.0,у.е,,,,,4ekR6,21,uchtepa
,https://www.olx.uz/d/obyavlenie/algoritm-arenda-3hona-9-9-oilaga-ID4ekee.html,,,,,,,,4ekee,21,uchtepa
Алгоритм аренда 3хона 9/9/  оилага,https://www.olx.uz/d/obyavlenie/algoritm-arenda-3hona-9-9-oilaga-ID4ekee.html,350 у.е.,350.0,у.е,,,,,4ekee,21,uchtepa
,https://www.olx.uz/d/obyavlenie/kvartira-arenda-algaritm-qizilsharq-ID4ekaO.html,,,,,,,,4ekaO,21,uchtepa
Kvartira arenda Algaritm Qizilsharq,https://www.olx.uz/d/obyavlenie/kvartira-arenda-algaritm-qizilsharq-ID4ekaO.html,500 у.е.,500.0,у.е,,,,,4ekaO,21,uchtepa
,https://www.olx.uz/d/obyavlenie/ijaraga-kvartira-1-ta-qiz-kerak-sheriklikka-100-ID47OBK.html,,,,,,,,47OBK,21,uchtepa
Ijaraga kvartira 1 ta qiz kerak sheriklikka (100$),https://www.olx.uz/d/obyavlenie/ijaraga-kvartira-1-ta-qiz-kerak-sheriklikka-100-ID47OBK.html,500 у.е.,500.0,у.е,,,,,47OBK,21,uchtepa
,https://www.olx.uz/d/obyavlenie/uyutnaya-kvartira-v-otlichnom-rayone-s-udobstvami-15-kvartal-12-dom-76-k-ID4aZXe.html,,,,,,,,4aZXe,21,uchtepa
Уютная квартира в отличном районе с удобствами 15 кварталь 12 дом 76 к,https://www.olx.uz/d/obyavlenie/uyutnaya-kvartira-v-otlichnom-rayone-s-udobstvami-15-kvartal-12-dom-76-k-ID4aZXe.html,650 у.е. Договорная,650.0,у.е,,,,,4aZXe,21,uchtepa
,https://www.olx.uz/d/obyavlenie/arenda-jahon-tillari-letersturniy-ID3YO5b.html,,,,,,,,3YO5b,21,uchtepa
Arenda jahon tillari letersturniy,https://www.olx.uz/d/obyavlenie/arenda-jahon-tillari-letersturniy-ID3YO5b.html,100 у.е. Договорная,100.0,у.е,,,,,3YO5b,21,uchtepa
,https://www.olx.uz/d/obyavlenie/sheriklikka-bollaga-kvartira-ID4ei4e.html,,,,,,,,4ei4e,21,uchtepa
Sheriklikka bollaga kvartira,https://www.olx.uz/d/obyavlenie/sheriklikka-bollaga-kvartira-ID4ei4e.html,100 у.е.,100.0,у.е,,,,,4ei4e,21,uchtepa
,https://www.olx.uz/d/obyavlenie/sdaetsya-kvartira-v-arendu-na-31-kv-algoritm-tsena-450-ID3HVlG.html,,,,,,,,3HVlG,21,uchtepa
Сдается квартира в аренду на 31 КВ алгоритм цена 450$,https://www.olx.uz/d/obyavlenie/sdaetsya-kvartira-v-arendu-na-31-kv-algoritm-tsena-450-ID3HVlG.html,400 у.е.,400.0,у.е,,,,,3HVlG,21,uchtepa
,https://www.olx.uz/d/obyavlenie/uy-arenda-beramiz-sergili-yangi-hayot-2-hona-68-kv-ID4egMI.html,,,,,,,,4egMI,21,uchtepa
Uy arenda beramiz sergili yangi hayot 2 hona 68 kv,https://www.olx.uz/d/obyavlenie/uy-arenda-beramiz-sergili-yangi-hayot-2-hona-68-kv-ID4egMI.html,479 у.е.,479.0,у.е,,,,,4egMI,21,uchtepa
,https://www.olx.uz/d/obyavlenie/kvartira-arenda-srochni-ID40GqM.html,,,,,,,,40GqM,21,uchtepa
Kvartira arenda srochni,https://www.olx.uz/d/obyavlenie/kvartira-arenda-srochni-ID40GqM.html,400 у.е. Договорная,400.0,у.е,,,,,40GqM,21,uchtepa
,https://www.olx.uz/d/obyavlenie/sdaetsya-kvartira-uchtepa-15-ID4efUX.html,,,,,,,,4efUX,21,uchtepa
Сдаётся квартира Учтепа-15,https://www.olx.uz/d/obyavlenie/sdaetsya-kvartira-uchtepa-15-ID4efUX.html,500 у.е.,500.0,у.е,,,,,4efUX,21,uchtepa
,https://www.olx.uz/d/obyavlenie/izhara-kizlarga-inyaz-nizomiy-singapurskiy-univer-ID47wR1.html,,,,,,,,47wR1,21,uchtepa
Ижара кизларга Иняз/Низомий/Сингапурский универ,https://www.olx.uz/d/obyavlenie/izhara-kizlarga-inyaz-nizomiy-singapurskiy-univer-ID47wR1.html,950 000 сум,950000.0,сум,,,,,47wR1,21,uchtepa
,https://www.olx.uz/d/obyavlenie/kvartiraga-2ta-bola-kerak-ID4aVgn.html,,,,,,,,4aVgn,21,uchtepa
Kvartiraga. 2ta bola kerak,https://www.olx.uz/d/obyavlenie/kvartiraga-2ta-bola-kerak-ID4aVgn.html,850 000 сум,850000.0,сум,,,,,4aVgn,21,uchtepa
,https://www.olx.uz/d/obyavlenie/milliy-texnika-va-med-universiteti-yaqinida-kv-bor-qizlaga-ID3LFrm.html,,,,,,,,3LFrm,21,uchtepa
"MILLIY, Texnika va Med universiteti yaqinida kv bor qizlaga",https://www.olx.uz/d/obyavlenie/milliy-texnika-va-med-universiteti-yaqinida-kv-bor-qizlaga-ID3LFrm.html,750 000 сум,750000.0,сум,,,,,3LFrm,21,uchtepa
,https://www.olx.uz/d/obyavlenie/kvartira-arenda-chilonzor-20-oylaga-karetskiy-zdani-ID4efhv.html,,,,,,,,4efhv,21,uchtepa
Kvartira arenda Chilonzor 20 oylaga  karetskiy zdani,https://www.olx.uz/d/obyavlenie/kvartira-arenda-chilonzor-20-oylaga-karetskiy-zdani-ID4efhv.html,499 у.е.,499.0,у.е,,,,,4efhv,21,uchtepa
,https://www.olx.uz/d/obyavlenie/uchtepa-13-35-13-ID3j8im.html,,,,,,,,3j8im,21,uchtepa
UCHTEPA 13-35-13,https://www.olx.uz/d/obyavlenie/uchtepa-13-35-13-ID3j8im.html,550 у.е. Договорная,550.0,у.е,,,,,3j8im,21,uchtepa
,https://www.olx.uz/d/obyavlenie/2-hona-uchtepa-urigzor-ID4ee1P.html,,,,,,,,4ee1P,21,uchtepa
2 хона учтепа уригзор,https://www.olx.uz/d/obyavlenie/2-hona-uchtepa-urigzor-ID4ee1P.html,400 у.е.,400.0,у.е,,,,,4ee1P,21,uchtepa
,https://www.olx.uz/d/obyavlenie/arenda-kvartira-3-honali-oilaga-21-dekabrdan-bushaydi-ID4eeDG.html,,,,,,,,4eeDG,21,uchtepa
"Аренда квартира 3 хонали оилага, 21-декабрдан бушайди",https://www.olx.uz/d/obyavlenie/arenda-kvartira-3-honali-oilaga-21-dekabrdan-bushaydi-ID4eeDG.html,500 у.е.,500.0,у.е,,,,,4eeDG,21,uchtepa
,https://www.olx.uz/d/obyavlenie/urikzor-rezidens-zhk-betonka-2-honali-ID4ebUe.html,,,,,,,,4ebUe,21,uchtepa
Урикзор Резиденс жк Бетонка 2 хонали,https://www.olx.uz/d/obyavlenie/urikzor-rezidens-zhk-betonka-2-honali-ID4ebUe.html,450 у.е.,450.0,у.е,,,,,4ebUe,21,uchtepa
,https://www.olx.uz/d/obyavlenie/kvartera-bor-chilonzor-23-kv-57-dom-yulnig-ustda-ID4edA4.html,,,,,,,,4edA4,21,uchtepa
Kvartera bor Chilonzor 23 kv 57 dom yulnig ustda,https://www.olx.uz/d/obyavlenie/kvartera-bor-chilonzor-23-kv-57-dom-yulnig-ustda-ID4edA4.html,750 000 сум,750000.0,сум,,,,,4edA4,21,uchtepa
,https://www.olx.uz/d/obyavlenie/sdaetsya-kvartira-uchtepa-15kv-3-5-5-68m2-ID4ecQC.html,,,,,,,,4ecQC,21,uchtepa
Сдается Квартира Учтепа 15Кв 3/5/5  68м2,https://www.olx.uz/d/obyavlenie/sdaetsya-kvartira-uchtepa-15kv-3-5-5-68m2-ID4ecQC.html,500 у.е.,500.0,у.е,,,,,4ecQC,21,uchtepa
,https://www.olx.uz/d/obyavlenie/kukcha-oq-tepa-literaturniy-yoni-1-xona-navastroyka-300-ID4eb57.html,,,,,,,,4eb57,21,uchtepa
"Kukcha oq tepa, literaturniy yoni 1 xona navastroyka 300$",https://www.olx.uz/d/obyavlenie/kukcha-oq-tepa-literaturniy-yoni-1-xona-navastroyka-300-ID4eb57.html,300 у.е.,300.0,у.е,,,,,4eb57,21,uchtepa
,https://www.olx.uz/d/obyavlenie/kvartira-ijara-studentlar-uchun-ID4cwrX.html,,,,,,,,4cwrX,21,uchtepa
"Kvartira ijara, Studentlar uchun",https://www.olx.uz/d/obyavlenie/kvartira-ijara-studentlar-uchun-ID4cwrX.html,800 000 сум Договорная,800000.0,сум,,,,,4cwrX,21,uchtepa
,https://www.olx.uz/d/obyavlenie/sdaetsya-kvartira-chilanzar-25-kvartal-1v2-3-4-ID4eaKy.html,,,,,,,,4eaKy,21,uchtepa
Сдаётся квартира Чиланзар 25 квартал 1в2/3/4,https://www.olx.uz/d/obyavlenie/sdaetsya-kvartira-chilanzar-25-kvartal-1v2-3-4-ID4eaKy.html,450 у.е.,450.0,у.е,,,,,4eaKy,21,uchtepa
,https://www.olx.uz/d/obyavlenie/sdaetsya-kvartira-chilanzar-21-kvartal-1-4-4-ID4e8Up.html,,,,,,,,4e8Up,21,uchtepa
Сдаётся квартира Чиланзар 21 квартал 1/4/4,https://www.olx.uz/d/obyavlenie/sdaetsya-kvartira-chilanzar-21-kvartal-1-4-4-ID4e8Up.html,300 у.е.,300.0,у.е,,,,,4e8Up,21,uchtepa
,https://www.olx.uz/d/obyavlenie/orikzor-residence-kvartira-ijarasi-ID4e7P2.html,,,,,,,,4e7P2,21,uchtepa
O’rikzor Residence kvartira ijarasi,https://www.olx.uz/d/obyavlenie/orikzor-residence-kvartira-ijarasi-ID4e7P2.html,500 у.е.,500.0,у.е,,,,,4e7P2,21,uchtepa
,https://www.olx.uz/d/obyavlenie/urikzor-bazar-2-kom-arenda-kvartira-ID4e7MI.html,,,,,,,,4e7MI,21,uchtepa
Урикзор базар 2 ком аренда квартира,https://www.olx.uz/d/obyavlenie/urikzor-bazar-2-kom-arenda-kvartira-ID4e7MI.html,500 у.е.,500.0,у.е,,,,,4e7MI,21,uchtepa
,https://www.olx.uz/d/obyavlenie/kvartiraga-2ta-qiz-olamiz-ID3Lxq8.html,,,,,,,,3Lxq8,21,uchtepa
Kvartiraga 2ta qiz olamiz,https://www.olx.uz/d/obyavlenie/kvartiraga-2ta-qiz-olamiz-ID3Lxq8.html,900 000 сум,900000.0,сум,,,,,3Lxq8,21,uchtepa
,https://www.olx.uz/d/obyavlenie/oqiydigan-ishledigan-qizlarga-ID4e78T.html,,,,,,,,4e78T,21,uchtepa
O’qiydigan ishledigan qizlarga,https://www.olx.uz/d/obyavlenie/oqiydigan-ishledigan-qizlarga-ID4e78T.html,100 у.е.,100.0,у.е,,,,,4e78T,21,uchtepa
,https://www.olx.uz/d/obyavlenie/2-hona-3hona-qilinga-sheriklikga-oqiydigan-yoki-ishlaydigan-bola-kerak-ID4e69I.html,,,,,,,,4e69I,21,uchtepa
2 hona 3hona qilinga sheriklikga oqiydigan yoki ishlaydigan bola kerak,https://www.olx.uz/d/obyavlenie/2-hona-3hona-qilinga-sheriklikga-oqiydigan-yoki-ishlaydigan-bola-kerak-ID4e69I.html,800 000 сум,800000.0,сум,,,,,4e69I,21,uchtepa
,https://www.olx.uz/d/obyavlenie/arenda-3-1-7-izza-algoritm-kirpich-novostroyka-ID3I3ly.html,,,,,,,,3I3ly,21,uchtepa
Аренда 3/1/7 Изза - Алгоритм кирпич Новостройка,https://www.olx.uz/d/obyavlenie/arenda-3-1-7-izza-algoritm-kirpich-novostroyka-ID3I3ly.html,550 у.е. Договорная,550.0,у.е,,,,,3I3ly,21,uchtepa
,https://www.olx.uz/d/obyavlenie/ijaraga-qizlarni-quyaman-ID3YzP6.html,,,,,,,,3YzP6,21,uchtepa
Ijaraga qizlarni quyaman,https://www.olx.uz/d/obyavlenie/ijaraga-qizlarni-quyaman-ID3YzP6.html,500 000 сум,500000.0,сум,,,,,3YzP6,21,uchtepa
,https://www.olx.uz/d/obyavlenie/sdam-kvartiru-na-chilanzare-ID40sUs.html,,,,,,,,40sUs,21,uchtepa
Сдам квартиру на Чиланзаре,https://www.olx.uz/d/obyavlenie/sdam-kvartiru-na-chilanzare-ID40sUs.html,250 у.е.,250.0,у.е,,,,,40sUs,21,uchtepa
,https://www.olx.uz/d/obyavlenie/sheriklikga-oqiydigan-yoki-ishlatdigan-1-ta-qiz-kerak-ID374GJ.html,,,,,,,,374GJ,21,uchtepa
Sheriklikga o’qiydigan yoki ishlatdigan 1 ta qiz kerak,https://www.olx.uz/d/obyavlenie/sheriklikga-oqiydigan-yoki-ishlatdigan-1-ta-qiz-kerak-ID374GJ.html,70 у.е.,70.0,у.е,,,,,374GJ,21,uchtepa
,https://www.olx.uz/d/obyavlenie/talabalarga-ijaraga-kvartira-ID3SNdJ.html,,,,,,,,3SNdJ,21,uchtepa
Talabalarga ijaraga kvartira,https://www.olx.uz/d/obyavlenie/talabalarga-ijaraga-kvartira-ID3SNdJ.html,850 000 сум,850000.0,сум,,,,,3SNdJ,21,uchtepa
,https://www.olx.uz/d/obyavlenie/qizlarga-shirinda-kv-bor-850ming-ID3qyoP.html,,,,,,,,3qyoP,21,uchtepa
Qizlarga shirinda kv bor 850ming,https://www.olx.uz/d/obyavlenie/qizlarga-shirinda-kv-bor-850ming-ID3qyoP.html,73 у.е.,73.0,у.е,,,,,3qyoP,21,uchtepa
,https://www.olx.uz/d/obyavlenie/2-xonali-kvartira-ijaraga-beriladi-ID40Jbr.html,,,,,,,,40Jbr,21,uchtepa
2 xonali kvartira ijaraga beriladi.,https://www.olx.uz/d/obyavlenie/2-xonali-kvartira-ijaraga-beriladi-ID40Jbr.html,600 у.е.,600.0,у.е,,,,,40Jbr,21,uchtepa
,https://www.olx.uz/d/obyavlenie/kvartira-arenda-uchtepa-orikzor-residens-ID4e28r.html,,,,,,,,4e28r,21,uchtepa
"Kvartira arenda Uchtepa, O'rikzor Residens",https://www.olx.uz/d/obyavlenie/kvartira-arenda-uchtepa-orikzor-residens-ID4e28r.html,450 у.е.,450.0,у.е,,,,,4e28r,21,uchtepa
,https://www.olx.uz/d/obyavlenie/kvatira-qizlarga-ijaraga-beriladi-bez-makler-bez-xazayka-ID4e1uf.html,,,,,,,,4e1uf,21,uchtepa
Kvatira qizlarga ijaraga beriladi bez makler bez xazayka,https://www.olx.uz/d/obyavlenie/kvatira-qizlarga-ijaraga-beriladi-bez-makler-bez-xazayka-ID4e1uf.html,1 000 000 сум,1000000.0,сум,,,,,4e1uf,21,uchtepa
,https://www.olx.uz/d/obyavlenie/izhara-hotin-kizlar-uchun-chilonzor-13-ID3bAG5.html,,,,,,,,3bAG5,21,uchtepa
Ижара хотин-кизлар учун Чилонзор 13,https://www.olx.uz/d/obyavlenie/izhara-hotin-kizlar-uchun-chilonzor-13-ID3bAG5.html,600 000 сум,600000.0,сум,,,,,3bAG5,21,uchtepa
,https://www.olx.uz/d/obyavlenie/qoy-bolindi-joy-yoq-ID4e1oc.html,,,,,,,,4e1oc,21,uchtepa
Qoʻy boʻlindi joy yoʻq,https://www.olx.uz/d/obyavlenie/qoy-bolindi-joy-yoq-ID4e1oc.html,300 у.е.,300.0,у.е,,,,,4e1oc,21,uchtepa
,https://www.olx.uz/d/obyavlenie/ijaraga-uy-beriladi-ID4clYW.html,,,,,,,,4clYW,21,uchtepa
Ijaraga UY beriladi,https://www.olx.uz/d/obyavlenie/ijaraga-uy-beriladi-ID4clYW.html,26 000 000 сум,26000000.0,сум,,,,,4clYW,21,uchtepa
,https://www.olx.uz/d/obyavlenie/arenda-chilanzar-13-kv-choponota-atlanta-2-4-4-ID4dYIe.html,,,,,,,,4dYIe,21,uchtepa
Аренда чиланзар 13 кв чопонота атланта 2.4.4,https://www.olx.uz/d/obyavlenie/arenda-chilanzar-13-kv-choponota-atlanta-2-4-4-ID4dYIe.html,500 у.е.,500.0,у.е,,,,,4dYIe,21,uchtepa
,https://www.olx.uz/d/obyavlenie/toshkent-kvartira-sheriklikka-kamfort-ID3P5MA.html,,,,,,,,3P5MA,21,uchtepa
Toshkent kvartira sheriklikka kamfort,https://www.olx.uz/d/obyavlenie/toshkent-kvartira-sheriklikka-kamfort-ID3P5MA.html,140 у.е. Договорная,140.0,у.е,,,,,3P5MA,21,uchtepa
,https://www.olx.uz/d/obyavlenie/sdam-kvartiru-semeynoy-pare-bez-detey-i-zhivotnyh-na-dolgiy-srok-ID45zRN.html,,,,,,,,45zRN,21,uchtepa
Сдам квартиру семейной паре без детей и животных на долгий срок,https://www.olx.uz/d/obyavlenie/sdam-kvartiru-semeynoy-pare-bez-detey-i-zhivotnyh-na-dolgiy-srok-ID45zRN.html,350 у.е.,350.0,у.е,,,,,45zRN,21,uchtepa
,https://www.olx.uz/d/obyavlenie/sdayu-komnatu-dlya-devushki-v-kvartire-so-vsemi-usloviyami-na-chilanzare-ID4chlO.html,,,,,,,,4chlO,21,uchtepa
Сдаю комнату для девушки в квартире со  всеми условиями на Чиланзаре,https://www.olx.uz/d/obyavlenie/sdayu-komnatu-dlya-devushki-v-kvartire-so-vsemi-usloviyami-na-chilanzare-ID4chlO.html,125 000 сум Договорная,125000.0,сум,,,,,4chlO,21,uchtepa
,https://www.olx.uz/d/obyavlenie/sdaetsya-kvartira-chilanzar-11-kvartal-1-3-4-ID4dZpe.html,,,,,,,,4dZpe,21,uchtepa
Сдаётся квартира Чиланзар 11 квартал 1/3/4,https://www.olx.uz/d/obyavlenie/sdaetsya-kvartira-chilanzar-11-kvartal-1-3-4-ID4dZpe.html,400 у.е.,400.0,у.е,,,,,4dZpe,21,uchtepa
,https://www.olx.uz/d/obyavlenie/arenda-1-3-4-algoritm-30-ID3DjP1.html,,,,,,,,3DjP1,21,uchtepa
Аренда 1/3/4 Алгоритм-30,https://www.olx.uz/d/obyavlenie/arenda-1-3-4-algoritm-30-ID3DjP1.html,320 у.е.,320.0,у.е,,,,,3DjP1,21,uchtepa
,https://www.olx.uz/d/obyavlenie/arenda-2-3-4-algoritm-31-ID3ofoa.html,,,,,,,,3ofoa,21,uchtepa
Аренда 2/3/4 Алгоритм-31,https://www.olx.uz/d/obyavlenie/arenda-2-3-4-algoritm-31-ID3ofoa.html,330 у.е.,330.0,у.е,,,,,3ofoa,21,uchtepa
,https://www.olx.uz/d/obyavlenie/ozimniki-ogillar-uchun-kvartira-izhara-sheriklik-ijara-sheriklik-ID4cctO.html,,,,,,,,4cctO,21,uchtepa
Oʻzimniki) ogʻillar uchun Квартира Ижара шериклик/ ijara sheriklik,https://www.olx.uz/d/obyavlenie/ozimniki-ogillar-uchun-kvartira-izhara-sheriklik-ijara-sheriklik-ID4cctO.html,900 000 сум,900000.0,сум,,,,,4cctO,21,uchtepa
,https://www.olx.uz/d/obyavlenie/arenda-kvartira-ogil-bola-studentlar-uchun-uch-tepa-tum-14kv-ID4cjSW.html,,,,,,,,4cjSW,21,uchtepa
Arenda kvartira o'g'il bola studentlar uchun Uch tepa  tum. 14kv,https://www.olx.uz/d/obyavlenie/arenda-kvartira-ogil-bola-studentlar-uchun-uch-tepa-tum-14kv-ID4cjSW.html,1 200 000 сум Договорная,1200000.0,сум,,,,,4cjSW,21,uchtepa
,https://www.olx.uz/d/obyavlenie/arenda-2-3-4-algoritm-30-ID48eH4.html,,,,,,,,48eH4,21,uchtepa
Аренда 2/3/4 Алгоритм-30,https://www.olx.uz/d/obyavlenie/arenda-2-3-4-algoritm-30-ID48eH4.html,330 у.е.,330.0,у.е,,,,,48eH4,21,uchtepa
,https://www.olx.uz/d/obyavlenie/arenda-2-3-4-algoritm-31-ID42krr.html,,,,,,,,42krr,21,uchtepa
Аренда 2/3/4 Алгоритм-31,https://www.olx.uz/d/obyavlenie/arenda-2-3-4-algoritm-31-ID42krr.html,350 у.е.,350.0,у.е,,,,,42krr,21,uchtepa
,https://www.olx.uz/d/obyavlenie/kvartira-arenda-uchtepa-hokimiyat-ID4dXOw.html,,,,,,,,4dXOw,21,uchtepa
Kvartira arenda Uchtepa Hokimiyat,https://www.olx.uz/d/obyavlenie/kvartira-arenda-uchtepa-hokimiyat-ID4dXOw.html,580 у.е.,580.0,у.е,,,,,4dXOw,21,uchtepa
,https://www.olx.uz/d/obyavlenie/srochna-hostel-foydada-iwlab-turgan-arendaga-beriladi-ID3XT6O.html,,,,,,,,3XT6O,21,uchtepa
Srochna Hostel foydada iwlab turgan arendaga beriladi,https://www.olx.uz/d/obyavlenie/srochna-hostel-foydada-iwlab-turgan-arendaga-beriladi-ID3XT6O.html,1 650 у.е. Договорная,1650.0,у.е,,,,,3XT6O,21,uchtepa
,https://www.olx.uz/d/obyavlenie/kvartira-studentlarga-ID3PnAo.html,,,,,,,,3PnAo,21,uchtepa
Kvartira studentlarga,https://www.olx.uz/d/obyavlenie/kvartira-studentlarga-ID3PnAo.html,750 000 сум,750000.0,сум,,,,,3PnAo,21,uchtepa
,https://www.olx.uz/d/obyavlenie/kvartira-uchtena-ID3P1FQ.html,,,,,,,,3P1FQ,21,uchtepa
Квартира  учтена,https://www.olx.uz/d/obyavlenie/kvartira-uchtena-ID3P1FQ.html,2 500 000 сум,2500000.0,сум,,,,,3P1FQ,21,uchtepa
,https://www.olx.uz/d/obyavlenie/arenda-1-komnatnaya-chilanzar-25-s-udobstvami-ID4dVbI.html,,,,,,,,4dVbI,21,uchtepa
Аренда 1 комнатная Чиланзар 25 с удобствами,https://www.olx.uz/d/obyavlenie/arenda-1-komnatnaya-chilanzar-25-s-udobstvami-ID4dVbI.html,450 у.е.,450.0,у.е,,,,,4dVbI,21,uchtepa
,https://www.olx.uz/d/obyavlenie/arenda-2-8-10-algoritm-30-ID42Kc8.html,,,,,,,,42Kc8,21,uchtepa
Аренда 2/8/10 Алгоритм-30,https://www.olx.uz/d/obyavlenie/arenda-2-8-10-algoritm-30-ID42Kc8.html,400 у.е.,400.0,у.е,,,,,42Kc8,21,uchtepa
,https://www.olx.uz/d/obyavlenie/sdayu-kvartiru-v-arendu-chillzrtskvartal-3komnat-3etazh-bankovskoy-dom-ID3YURF.html,,,,,,,,3YURF,21,uchtepa
сдаю квартиру в аренду чиллзрЦквартал 3комнат 3этаж Банковской дом,https://www.olx.uz/d/obyavlenie/sdayu-kvartiru-v-arendu-chillzrtskvartal-3komnat-3etazh-bankovskoy-dom-ID3YURF.html,600 у.е.,600.0,у.е,,,,,3YURF,21,uchtepa
,https://www.olx.uz/d/obyavlenie/izharaga-hotin-kizlar-uchun-hona-beriladi-ID4cfLP.html,,,,,,,,4cfLP,21,uchtepa
"Ижарага хотин,кизлар учун хона берилади",https://www.olx.uz/d/obyavlenie/izharaga-hotin-kizlar-uchun-hona-beriladi-ID4cfLP.html,70 у.е.,70.0,у.е,,,,,4cfLP,21,uchtepa
,https://www.olx.uz/d/obyavlenie/uchtepada-sheriklika-kvartira-ijaraga-beriladi-ID4bV5C.html,,,,,,,,4bV5C,21,uchtepa
Uchtepada  sheriklika kvartira ijaraga beriladi,https://www.olx.uz/d/obyavlenie/uchtepada-sheriklika-kvartira-ijaraga-beriladi-ID4bV5C.html,900 000 сум Договорная,900000.0,сум,,,,,4bV5C,21,uchtepa
,https://www.olx.uz/d/obyavlenie/sheriklika-bola-kerak-beruniy-m-ID4dTWj.html,,,,,,,,4dTWj,21,uchtepa
Sheriklika bola kerak  Beruniy M,https://www.olx.uz/d/obyavlenie/sheriklika-bola-kerak-beruniy-m-ID4dTWj.html,700 000 сум Договорная,700000.0,сум,,,,,4dTWj,21,uchtepa
,https://www.olx.uz/d/obyavlenie/farxod-bozori-g9a-kv-3xona-ID3srTh.html,,,,,,,,3srTh,21,uchtepa
Farxod bozori G9a kv 3xona,https://www.olx.uz/d/obyavlenie/farxod-bozori-g9a-kv-3xona-ID3srTh.html,400 у.е.,400.0,у.е,,,,,3srTh,21,uchtepa
,https://www.olx.uz/d/obyavlenie/kvartiraga-student-qizlar-kerak-ID3N8kf.html,,,,,,,,3N8kf,21,uchtepa
kvartiraga student qizlar kerak,https://www.olx.uz/d/obyavlenie/kvartiraga-student-qizlar-kerak-ID3N8kf.html,100 у.е.,100.0,у.е,,,,,3N8kf,21,uchtepa
,https://www.olx.uz/d/obyavlenie/arenda-kvartira-yunsobod-2-hona-ID4dSZ8.html,,,,,,,,4dSZ8,21,uchtepa
Arenda kvartira yunsobod 2 hona,https://www.olx.uz/d/obyavlenie/arenda-kvartira-yunsobod-2-hona-ID4dSZ8.html,750 у.е.,750.0,у.е,,,,,4dSZ8,21,uchtepa
,https://www.olx.uz/d/obyavlenie/kvartira-dvuhkomnatnaya-sdaetsya-v-arendu-algoritm-31-kvartal-ID4dSlk.html,,,,,,,,4dSlk,21,uchtepa
Квартира Двухкомнатная сдаеться в аренду Алгоритм 31 квартал,https://www.olx.uz/d/obyavlenie/kvartira-dvuhkomnatnaya-sdaetsya-v-arendu-algoritm-31-kvartal-ID4dSlk.html,4 775 000 сум,4775000.0,сум,,,,,4dSlk,21,uchtepa
,https://www.olx.uz/d/obyavlenie/arenda-algoritm-guliston-23-1-5-ID4dLJG.html,,,,,,,,4dLJG,21,uchtepa
Аренда Алгоритм Гулистон 2*3/1/5,https://www.olx.uz/d/obyavlenie/arenda-algoritm-guliston-23-1-5-ID4dLJG.html,500 у.е. Договорная,500.0,у.е,,,,,4dLJG,21,uchtepa
,https://www.olx.uz/d/obyavlenie/kvartira-student-qizlarga-ID4dRYg.html,,,,,,,,4dRYg,21,uchtepa
Kvartira student qizlarga,https://www.olx.uz/d/obyavlenie/kvartira-student-qizlarga-ID4dRYg.html,750 000 сум,750000.0,сум,,,,,4dRYg,21,uchtepa
,https://www.olx.uz/d/obyavlenie/2-honali-uchtepa-urigzor-ID4dR4v.html,,,,,,,,4dR4v,21,uchtepa
2 хонали учтепа уригзор,https://www.olx.uz/d/obyavlenie/2-honali-uchtepa-urigzor-ID4dR4v.html,350 у.е.,350.0,у.е,,,,,4dR4v,21,uchtepa
,https://www.olx.uz/d/obyavlenie/2-xonali-uy-arendaga-beriladi-algaritmda-ID3N5j5.html,,,,,,,,3N5j5,21,uchtepa
2 xonali uy arendaga beriladi Algaritmda,https://www.olx.uz/d/obyavlenie/2-xonali-uy-arendaga-beriladi-algaritmda-ID3N5j5.html,450 у.е. Договорная,450.0,у.е,,,,,3N5j5,21,uchtepa
,https://www.olx.uz/d/obyavlenie/algoritm-2-komnatnaya-upakovannaya-kvartira-ID4dNgw.html,,,,,,,,4dNgw,21,uchtepa
Алгоритм 2-комнатная упакованная квартира,https://www.olx.uz/d/obyavlenie/algoritm-2-komnatnaya-upakovannaya-kvartira-ID4dNgw.html,500 у.е.,500.0,у.е,,,,,4dNgw,21,uchtepa
,https://www.olx.uz/d/obyavlenie/1yil-kafolat-beriladi-ID4dMyI.html,,,,,,,,4dMyI,21,uchtepa
1yil kafolat beriladi,https://www.olx.uz/d/obyavlenie/1yil-kafolat-beriladi-ID4dMyI.html,800 000 сум,800000.0,сум,,,,,4dMyI,21,uchtepa
,https://www.olx.uz/d/obyavlenie/talaba-qizlarga-ijaraga-kvartira-ID4dvtH.html,,,,,,,,4dvtH,21,uchtepa
Talaba qizlarga Ijaraga kvartira,https://www.olx.uz/d/obyavlenie/talaba-qizlarga-ijaraga-kvartira-ID4dvtH.html,800 000 сум,800000.0,сум,,,,,4dvtH,21,uchtepa
,https://www.olx.uz/d/obyavlenie/sheriklikka-kvartira-bor-ID4dIek.html,,,,,,,,4dIek,21,uchtepa
Шерикликка квартира бор,https://www.olx.uz/d/obyavlenie/sheriklikka-kvartira-bor-ID4dIek.html,70 у.е.,70.0,у.е,,,,,4dIek,21,uchtepa
,https://www.olx.uz/d/obyavlenie/izhara-arendaga-uzok-muddatga-hovli-ID3CUJn.html,,,,,,,,3CUJn,21,uchtepa
Ижара арендага узок муддатга ховли,https://www.olx.uz/d/obyavlenie/izhara-arendaga-uzok-muddatga-hovli-ID3CUJn.html,350 у.е. Договорная,350.0,у.е,,,,,3CUJn,21,uchtepa
,https://www.olx.uz/d/obyavlenie/kvartira-arenda-chilonzor-16-ID4dGYB.html,,,,,,,,4dGYB,21,uchtepa
Kvartira arenda Chilonzor 16,https://www.olx.uz/d/obyavlenie/kvartira-arenda-chilonzor-16-ID4dGYB.html,401 у.е.,401.0,у.е,,,,,4dGYB,21,uchtepa
,https://www.olx.uz/d/obyavlenie/kvartira-arenda-chilonzor-25-olmos-4-hona-oylaga-ID4dGXx.html,,,,,,,,4dGXx,21,uchtepa
Kvartira arenda Chilonzor 25 olmos 4 hona oylaga,https://www.olx.uz/d/obyavlenie/kvartira-arenda-chilonzor-25-olmos-4-hona-oylaga-ID4dGXx.html,600 у.е.,600.0,у.е,,,,,4dGXx,21,uchtepa
,https://www.olx.uz/d/obyavlenie/kvartira-sheriklikka-2ta-qiz-bola-kk-farxodski-bozor-yonida-kvartira-ID45fHI.html,,,,,,,,45fHI,21,uchtepa
Kvartira Sheriklikka 2ta qiz bola kk Farxodski bozor yonida kvartira,https://www.olx.uz/d/obyavlenie/kvartira-sheriklikka-2ta-qiz-bola-kk-farxodski-bozor-yonida-kvartira-ID45fHI.html,70 у.е. Договорная,70.0,у.е,,,,,45fHI,21,uchtepa
,https://www.olx.uz/d/obyavlenie/sdayu-svoyu-2-komnatnuyu-chilonzar-26-kvartal-ID48BIa.html,,,,,,,,48BIa,21,uchtepa
Сдаю свою 2 комнатную чилонзар 26 квартал,https://www.olx.uz/d/obyavlenie/sdayu-svoyu-2-komnatnuyu-chilonzar-26-kvartal-ID48BIa.html,380 у.е.,380.0,у.е,,,,,48BIa,21,uchtepa
,https://www.olx.uz/d/obyavlenie/ijaraga-kvartira-ID460fH.html,,,,,,,,460fH,21,uchtepa
Ijaraga kvartira,https://www.olx.uz/d/obyavlenie/ijaraga-kvartira-ID460fH.html,850 000 сум,850000.0,сум,,,,,460fH,21,uchtepa
,https://www.olx.uz/d/obyavlenie/algoritm-31-kv-da-sherikchilikka-uy-ijaraga-beriladi-ID3Fd4q.html,,,,,,,,3Fd4q,21,uchtepa
Algoritm 31-kv.da SHERIKCHILIKKA uy ijaraga beriladi,https://www.olx.uz/d/obyavlenie/algoritm-31-kv-da-sherikchilikka-uy-ijaraga-beriladi-ID3Fd4q.html,2 000 000 сум,2000000.0,сум,,,,,3Fd4q,21,uchtepa
,https://www.olx.uz/d/obyavlenie/chilonzorda-oilaga-yevro-remont-ID3sccf.html,,,,,,,,3sccf,21,uchtepa
Chilonzorda oilaga yevro remont,https://www.olx.uz/d/obyavlenie/chilonzorda-oilaga-yevro-remont-ID3sccf.html,500 у.е.,500.0,у.е,,,,,3sccf,21,uchtepa
,https://www.olx.uz/d/obyavlenie/kizlar-uchun-sheriklikka-kvartira-ID499vQ.html,,,,,,,,499vQ,21,uchtepa
Кизлар учун шерикликка квартира,https://www.olx.uz/d/obyavlenie/kizlar-uchun-sheriklikka-kvartira-ID499vQ.html,80 у.е.,80.0,у.е,,,,,499vQ,21,uchtepa
,https://www.olx.uz/d/obyavlenie/arenda-3x-komnatnaya-kvartira-ID3aZhp.html,,,,,,,,3aZhp,21,uchtepa
Аренда 3x-комнатная  квартира,https://www.olx.uz/d/obyavlenie/arenda-3x-komnatnaya-kvartira-ID3aZhp.html,700 у.е.,700.0,у.е,,,,,3aZhp,21,uchtepa
,https://www.olx.uz/d/obyavlenie/obschezhitie-yotokhona-talaba-kizlar-uchun-ID45eCR.html,,,,,,,,45eCR,21,uchtepa
Общежитие Йотокхона талаба кизлар учун,https://www.olx.uz/d/obyavlenie/obschezhitie-yotokhona-talaba-kizlar-uchun-ID45eCR.html,1 000 000 сум,1000000.0,сум,,,,,45eCR,21,uchtepa
,https://www.olx.uz/d/obyavlenie/kvartira-ona-bolaga-opa-uka-yoki-3-ta-qizga-ID3MWcd.html,,,,,,,,3MWcd,21,uchtepa
"Kvartira ona-bolaga, opa-uka yoki 3 ta qizga",https://www.olx.uz/d/obyavlenie/kvartira-ona-bolaga-opa-uka-yoki-3-ta-qizga-ID3MWcd.html,2 000 000 сум,2000000.0,сум,,,,,3MWcd,21,uchtepa
,https://www.olx.uz/d/obyavlenie/qizlarga-kvartira-ID315OO.html,,,,,,,,315OO,21,uchtepa
Qizlarga kvartira,https://www.olx.uz/d/obyavlenie/qizlarga-kvartira-ID315OO.html,800 000 сум,800000.0,сум,,,,,315OO,21,uchtepa
,https://www.olx.uz/d/obyavlenie/talaba-qizlar-uchun-ijaraga-xonadon-kvartira-jahon-tillari-univer-ID48Fcd.html,,,,,,,,48Fcd,21,uchtepa
Talaba qizlar uchun  ijaraga xonadon kvartira  Jahon tillari univer,https://www.olx.uz/d/obyavlenie/talaba-qizlar-uchun-ijaraga-xonadon-kvartira-jahon-tillari-univer-ID48Fcd.html,1 000 000 сум Договорная,1000000.0,сум,,,,,48Fcd,21,uchtepa
,https://www.olx.uz/d/obyavlenie/sdaetsya-kvartira-chilanzar-23-kvartal-2-2-5-kirpich-ID4dDM7.html,,,,,,,,4dDM7,21,uchtepa
Сдается квартира Чиланзар 23 квартал 2/2/5 кирпич,https://www.olx.uz/d/obyavlenie/sdaetsya-kvartira-chilanzar-23-kvartal-2-2-5-kirpich-ID4dDM7.html,500 у.е.,500.0,у.е,,,,,4dDM7,21,uchtepa
,https://www.olx.uz/d/obyavlenie/arenda-uy-uchtepa-tumani-mojal-uchtepa-rovidi-1-kishi-kerak-ID38yXw.html,,,,,,,,38yXw,21,uchtepa
Arenda uy uchtepa tumani mojal uchtepa rovidi  1 kishi kerak,https://www.olx.uz/d/obyavlenie/arenda-uy-uchtepa-tumani-mojal-uchtepa-rovidi-1-kishi-kerak-ID38yXw.html,700 000 сум,700000.0,сум,,,,,38yXw,21,uchtepa
,https://www.olx.uz/d/obyavlenie/kvartira-arenda-chilonzor-14-navastroyka-ID4dzZE.html,,,,,,,,4dzZE,21,uchtepa
Kvartira arenda chilonzor 14 navastroyka,https://www.olx.uz/d/obyavlenie/kvartira-arenda-chilonzor-14-navastroyka-ID4dzZE.html,500 у.е.,500.0,у.е,,,,,4dzZE,21,uchtepa
,https://www.olx.uz/d/obyavlenie/arenda-kvartiry-chilanzar-14-ID4dzAR.html,,,,,,,,4dzAR,21,uchtepa
Аренда квартиры Чиланзар -14,https://www.olx.uz/d/obyavlenie/arenda-kvartiry-chilanzar-14-ID4dzAR.html,400 у.е.,400.0,у.е,,,,,4dzAR,21,uchtepa
,https://www.olx.uz/d/obyavlenie/ijaraga-uy-ogil-bollarga-arenda-kvartira-ID4dzbO.html,,,,,,,,4dzbO,21,uchtepa
Ijaraga uy o'gil bollarga arenda kvartira,https://www.olx.uz/d/obyavlenie/ijaraga-uy-ogil-bollarga-arenda-kvartira-ID4dzbO.html,1 200 000 сум Договорная,1200000.0,сум,,,,,4dzbO,21,uchtepa
,https://www.olx.uz/d/obyavlenie/chilonzor-20-kvartlda-2-ta-yoshroq-bolaga-joy-bor-ID3J03E.html,,,,,,,,3J03E,21,uchtepa
Chilonzor 20-kvartlda 2 ta yoshroq bolaga joy bor,https://www.olx.uz/d/obyavlenie/chilonzor-20-kvartlda-2-ta-yoshroq-bolaga-joy-bor-ID3J03E.html,600 000 сум,600000.0,сум,,,,,3J03E,21,uchtepa
,https://www.olx.uz/d/obyavlenie/ayollar-qizlarga-kivartira-uchtepa-15-da-bez-maklar-ID456Sr.html,,,,,,,,456Sr,21,uchtepa
Ayollar qizlarga kivartira Uchtepa 15 da bez maklar,https://www.olx.uz/d/obyavlenie/ayollar-qizlarga-kivartira-uchtepa-15-da-bez-maklar-ID456Sr.html,700 000 сум,700000.0,сум,,,,,456Sr,21,uchtepa
,https://www.olx.uz/d/obyavlenie/kvartira-sheriklikka-bolalarga-ID4dykq.html,,,,,,,,4dykq,21,uchtepa
Квартира шерикликка болаларга,https://www.olx.uz/d/obyavlenie/kvartira-sheriklikka-bolalarga-ID4dykq.html,70 у.е.,70.0,у.е,,,,,4dykq,21,uchtepa
,https://www.olx.uz/d/obyavlenie/orikzor-residence-2-xona-kvartira-ijaraga-ID4bT3Q.html,,,,,,,,4bT3Q,21,uchtepa
O'rikzor Residence 2 xona kvartira ijaraga,https://www.olx.uz/d/obyavlenie/orikzor-residence-2-xona-kvartira-ijaraga-ID4bT3Q.html,400 у.е.,400.0,у.е,,,,,4bT3Q,21,uchtepa
,https://www.olx.uz/d/obyavlenie/qizlar-va-ayollarga-kvartira-ID3Sdhn.html,,,,,,,,3Sdhn,21,uchtepa
Qizlar va ayollarga kvartira,https://www.olx.uz/d/obyavlenie/qizlar-va-ayollarga-kvartira-ID3Sdhn.html,800 000 сум Договорная,800000.0,сум,,,,,3Sdhn,21,uchtepa
,https://www.olx.uz/d/obyavlenie/arenda-kvartira-chilanzar-23-or-farhadskiy-perekrostka-ID4dwke.html,,,,,,,,4dwke,21,uchtepa
Аренда квартира Чиланзар 23 ор. Фархадский перекростка,https://www.olx.uz/d/obyavlenie/arenda-kvartira-chilanzar-23-or-farhadskiy-perekrostka-ID4dwke.html,360 у.е.,360.0,у.е,,,,,4dwke,21,uchtepa
,https://www.olx.uz/d/obyavlenie/kvateraga-qizlarni-olamiz-ID3ADMC.html,,,,,,,,3ADMC,21,uchtepa
Kvateraga qizlarni olamiz,https://www.olx.uz/d/obyavlenie/kvateraga-qizlarni-olamiz-ID3ADMC.html,80 у.е.,80.0,у.е,,,,,3ADMC,21,uchtepa
,https://www.olx.uz/d/obyavlenie/arenda-kvartira-faqat-qizlar-uchun-algaritim-30-ID46Kt3.html,,,,,,,,46Kt3,21,uchtepa
Arenda kvartira faqat qizlar uchun algaritim 30,https://www.olx.uz/d/obyavlenie/arenda-kvartira-faqat-qizlar-uchun-algaritim-30-ID46Kt3.html,600 000 сум,600000.0,сум,,,,,46Kt3,21,uchtepa
,https://www.olx.uz/d/obyavlenie/arenda-2h-komn-chilanzar-13-ID4aPQ0.html,,,,,,,,4aPQ0,21,uchtepa
Аренда 2х комн Чиланзар 13,https://www.olx.uz/d/obyavlenie/arenda-2h-komn-chilanzar-13-ID4aPQ0.html,400 у.е.,400.0,у.е,,,,,4aPQ0,21,uchtepa
,https://www.olx.uz/d/obyavlenie/talabalar-uchun-oylik-arenda-kvartira-ijara-xonadon-arenda-kvartira-ID4bWXV.html,,,,,,,,4bWXV,21,uchtepa
Talabalar uchun oylik arenda kvartira ijara xonadon аренда квартира,https://www.olx.uz/d/obyavlenie/talabalar-uchun-oylik-arenda-kvartira-ijara-xonadon-arenda-kvartira-ID4bWXV.html,1 000 000 сум,1000000.0,сум,,,,,4bWXV,21,uchtepa
,https://www.olx.uz/d/obyavlenie/arenda-kvartira-kukcha-gulzor-ID49Mpu.html?reason=extended_search_extended_distance,,,,,,,,49Mpu,21,uchtepa
Аренда квартира Кукча Гулзор,https://www.olx.uz/d/obyavlenie/arenda-kvartira-kukcha-gulzor-ID49Mpu.html?reason=extended_search_extended_distance,400 у.е.,400.0,у.е,,,,,49Mpu,21,uchtepa
,https://www.olx.uz/d/obyavlenie/zhk-nest-one-2ka-s-vidom-na-park-tashkent-siti-novaya-kvartira-zhdet-vas-ID44vmU.html?reason=extended_search_extended_distance,,,,,,,,44vmU,21,uchtepa
Жк Nest One! 2ка с видом на парк Ташкент сити! Новая квартира ждет вас,https://www.olx.uz/d/obyavlenie/zhk-nest-one-2ka-s-vidom-na-park-tashkent-siti-novaya-kvartira-zhdet-vas-ID44vmU.html?reason=extended_search_extended_distance,1 000 у.е. Договорная,1000.0,у.е,,,,,44vmU,21,uchtepa
,https://www.olx.uz/d/obyavlenie/srochno-sdaetsya-2h-komn-77-kv-m-ul-samarkand-darvoza-shkola-85-bks-ID4dZ1u.html?reason=extended_search_extended_distance,,,,,,,,4dZ1u,21,uchtepa
"СРОЧНО СДАЕТСЯ!!2х комн,77 кв.м|ул Самарканд Дарвоза, школа-85. БКС",https://www.olx.uz/d/obyavlenie/srochno-sdaetsya-2h-komn-77-kv-m-ul-samarkand-darvoza-shkola-85-bks-ID4dZ1u.html?reason=extended_search_extended_distance,700 у.е. Договорная,700.0,у.е,,,,,4dZ1u,21,uchtepa
,https://www.olx.uz/d/obyavlenie/talaba-qizlar-uchun-ID3DPDM.html?reason=extended_search_extended_distance,,,,,,,,3DPDM,21,uchtepa
Talaba qizlar uchun,https://www.olx.uz/d/obyavlenie/talaba-qizlar-uchun-ID3DPDM.html?reason=extended_search_extended_distance,100 у.е.,100.0,у.е,,,,,3DPDM,21,uchtepa
,https://www.olx.uz/d/obyavlenie/gardens-toshkent-city-ijaraga-kvartira-sdaetsya-v-arendu-ID4f9SY.html?reason=extended_search_extended_distance,,,,,,,,4f9SY,21,uchtepa
Gardens Toshkent city Ijaraga kvartira/Сдается в аренду,https://www.olx.uz/d/obyavlenie/gardens-toshkent-city-ijaraga-kvartira-sdaetsya-v-arendu-ID4f9SY.html?reason=extended_search_extended_distance,1 400 у.е.,1400.0,у.е,,,,,4f9SY,21,uchtepa
,https://www.olx.uz/d/obyavlenie/boulevard-toshkent-city-kvartira-ijaraga-beriladi-ID4f9RH.html?reason=extended_search_extended_distance,,,,,,,,4f9RH,21,uchtepa
Boulevard Toshkent city kvartira ijaraga beriladi,https://www.olx.uz/d/obyavlenie/boulevard-toshkent-city-kvartira-ijaraga-beriladi-ID4f9RH.html?reason=extended_search_extended_distance,1 250 у.е.,1250.0,у.е,,,,,4f9RH,21,uchtepa
,https://www.olx.uz/d/obyavlenie/nrg-u-tower-ijaraga-kvartira-kvartira-v-arendu-ID4f9S2.html?reason=extended_search_extended_distance,,,,,,,,4f9S2,21,uchtepa
NRG U-TOWER ijaraga kvartira/Квартира в аренду,https://www.olx.uz/d/obyavlenie/nrg-u-tower-ijaraga-kvartira-kvartira-v-arendu-ID4f9S2.html?reason=extended_search_extended_distance,1 050 у.е. Договорная,1050.0,у.е,,,,,4f9S2,21,uchtepa
,https://www.olx.uz/d/obyavlenie/sdaetsya-kvartira-zhk-boulevard-ijaraga-kvartira-ID4f9Tb.html?reason=extended_search_extended_distance,,,,,,,,4f9Tb,21,uchtepa
Сдается квартира ЖК Boulevard/ijaraga kvartira,https://www.olx.uz/d/obyavlenie/sdaetsya-kvartira-zhk-boulevard-ijaraga-kvartira-ID4f9Tb.html?reason=extended_search_extended_distance,1 400 у.е.,1400.0,у.е,,,,,4f9Tb,21,uchtepa
,https://www.olx.uz/d/obyavlenie/sdaetsya-v-arendu-gardens-toshkent-city-ijaraga-kvartira-ID4f9T2.html?reason=extended_search_extended_distance,,,,,,,,4f9T2,21,uchtepa
Сдается в аренду/Gardens Toshkent city Ijaraga kvartira,https://www.olx.uz/d/obyavlenie/sdaetsya-v-arendu-gardens-toshkent-city-ijaraga-kvartira-ID4f9T2.html?reason=extended_search_extended_distance,1 300 у.е. Договорная,1300.0,у.е,,,,,4f9T2,21,uchtepa
,https://www.olx.uz/d/obyavlenie/lux-full-boulevard-4x-ijaraga-kvartira-sdaetsya-v-arendu-ID4f9Tp.html?reason=extended_search_extended_distance,,,,,,,,4f9Tp,21,uchtepa
Lux full Boulevard 4x Ijaraga kvartira /Сдается в аренду,https://www.olx.uz/d/obyavlenie/lux-full-boulevard-4x-ijaraga-kvartira-sdaetsya-v-arendu-ID4f9Tp.html?reason=extended_search_extended_distance,3 300 у.е.,3300.0,у.е,,,,,4f9Tp,21,uchtepa
,https://www.olx.uz/d/obyavlenie/jk-ozbegim-3x-ijaraga-beriladi-sdaetsya-v-arendu-ID4f9Tt.html?reason=extended_search_extended_distance,,,,,,,,4f9Tt,21,uchtepa
JK O'zbegim 3x ijaraga beriladi /Сдается в аренду,https://www.olx.uz/d/obyavlenie/jk-ozbegim-3x-ijaraga-beriladi-sdaetsya-v-arendu-ID4f9Tt.html?reason=extended_search_extended_distance,1 100 у.е. Договорная,1100.0,у.е,,,,,4f9Tt,21,uchtepa
,https://www.olx.uz/d/obyavlenie/boulevard-3x-kvartira-arenda-toshkent-city-ID4f9Tl.html?reason=extended_search_extended_distance,,,,,,,,4f9Tl,21,uchtepa
Boulevard 3x kvartira arenda Toshkent city,https://www.olx.uz/d/obyavlenie/boulevard-3x-kvartira-arenda-toshkent-city-ID4f9Tl.html?reason=extended_search_extended_distance,1 300 у.е. Договорная,1300.0,у.е,,,,,4f9Tl,21,uchtepa
,https://www.olx.uz/d/obyavlenie/3x-boulevard-jk-ijaraga-kvartira-kvartira-v-arendu-ID4f9Tx.html?reason=extended_search_extended_distance,,,,,,,,4f9Tx,21,uchtepa
3x  Boulevard JK ijaraga kvartira/Квартира в аренду,https://www.olx.uz/d/obyavlenie/3x-boulevard-jk-ijaraga-kvartira-kvartira-v-arendu-ID4f9Tx.html?reason=extended_search_extended_distance,1 400 у.е.,1400.0,у.е,,,,,4f9Tx,21,uchtepa
,https://www.olx.uz/d/obyavlenie/sdaetsya-2-komnatnaya-kvartira-shayhantahurskiy-sebzar-zhk-koh-ota-2-4-9-ID4f8mb.html?reason=extended_search_extended_distance,,,,,,,,4f8mb,21,uchtepa
Сдается 2-комнатная квартира Шайхантахурский Себзар ЖК Кох Ота 2/4/9,https://www.olx.uz/d/obyavlenie/sdaetsya-2-komnatnaya-kvartira-shayhantahurskiy-sebzar-zhk-koh-ota-2-4-9-ID4f8mb.html?reason=extended_search_extended_distance,700 у.е.,700.0,у.е,,,,,4f8mb,21,uchtepa
,https://www.olx.uz/d/obyavlenie/arenda-zhk-bulvar-prostornaya-kvartira-s-dizaynerskim-remontom-ID4eMK7.html?reason=extended_search_extended_distance,,,,,,,,4eMK7,21,uchtepa
Аренда ЖК «Бульвар» — просторная квартира с дизайнерским ремонтом,https://www.olx.uz/d/obyavlenie/arenda-zhk-bulvar-prostornaya-kvartira-s-dizaynerskim-remontom-ID4eMK7.html?reason=extended_search_extended_distance,2 000 у.е.,2000.0,у.е,,,,,4eMK7,21,uchtepa
,https://www.olx.uz/d/obyavlenie/arenda-kvartira-1-hona-kora-kamish-ID39aoK.html?reason=extended_search_extended_distance,,,,,,,,39aoK,21,uchtepa
Аренда Квартира 1 хона Кора камиш,https://www.olx.uz/d/obyavlenie/arenda-kvartira-1-hona-kora-kamish-ID39aoK.html?reason=extended_search_extended_distance,350 у.е.,350.0,у.е,,,,,39aoK,21,uchtepa
,https://www.olx.uz/d/obyavlenie/svoya-srochno-v-arendu-nest-one-ID4eEAy.html?reason=extended_search_extended_distance,,,,,,,,4eEAy,21,uchtepa
Своя Срочно в Аренду Nest one,https://www.olx.uz/d/obyavlenie/svoya-srochno-v-arendu-nest-one-ID4eEAy.html?reason=extended_search_extended_distance,1 300 у.е.,1300.0,у.е,,,,,4eEAy,21,uchtepa
,https://www.olx.uz/d/obyavlenie/metro-gafur-gulyam-sdam-2-komnat-chorsu-sebzor-ganga-dzhangoh-foto-real-ID4eMGt.html?reason=extended_search_extended_distance,,,,,,,,4eMGt,21,uchtepa
метро ГАФУР ГУЛЯМ сдам 2 комнат Чорсу Себзор ганга джангох ФОТО РЕАЛ,https://www.olx.uz/d/obyavlenie/metro-gafur-gulyam-sdam-2-komnat-chorsu-sebzor-ganga-dzhangoh-foto-real-ID4eMGt.html?reason=extended_search_extended_distance,500 у.е. Договорная,500.0,у.е,,,,,4eMGt,21,uchtepa
,https://www.olx.uz/d/obyavlenie/ts-15-zhangoh-kozogiston-posolstvo-elitnye-kvartiry-v-tsentre-goroda-ID3Xoua.html?reason=extended_search_extended_distance,,,,,,,,3Xoua,21,uchtepa
Ц-15 Жангох Козогистон посольство Элитные квартиры в центре города,https://www.olx.uz/d/obyavlenie/ts-15-zhangoh-kozogiston-posolstvo-elitnye-kvartiry-v-tsentre-goroda-ID3Xoua.html?reason=extended_search_extended_distance,650 у.е.,650.0,у.е,,,,,3Xoua,21,uchtepa
,https://www.olx.uz/d/obyavlenie/tinchlek-metro-3-honali-guncha-kinoteatr-elitnye-kvartiry-v-tsentre-gorod-ID3XbAP.html?reason=extended_search_extended_distance,,,,,,,,3XbAP,21,uchtepa
Тинчлек Метро 3.хонали Гунча кинотеатр Элитные квартиры в центре город,https://www.olx.uz/d/obyavlenie/tinchlek-metro-3-honali-guncha-kinoteatr-elitnye-kvartiry-v-tsentre-gorod-ID3XbAP.html?reason=extended_search_extended_distance,500 у.е.,500.0,у.е,,,,,3XbAP,21,uchtepa
,https://www.olx.uz/d/obyavlenie/tinchlek-metro-6-honali-guncha-kinoteatr-elitnye-kvartiry-v-tsentre-gorod-ID49YZv.html?reason=extended_search_extended_distance,,,,,,,,49YZv,21,uchtepa
Тинчлек Метро 6.хонали Гунча Кинотеатр Элитные квартиры в центре город,https://www.olx.uz/d/obyavlenie/tinchlek-metro-6-honali-guncha-kinoteatr-elitnye-kvartiry-v-tsentre-gorod-ID49YZv.html?reason=extended_search_extended_distance,700 у.е.,700.0,у.е,,,,,49YZv,21,uchtepa
,https://www.olx.uz/d/obyavlenie/sdaetsya-kvartira-v-tashkent-siti-zhk-gardens-po-ochen-nizkoy-tsene-ID4faRg.html?reason=extended_search_extended_distance,,,,,,,,4faRg,21,uchtepa
Сдаётся квартира в Ташкент сити ЖК Gardens по очень низкой цене!,https://www.olx.uz/d/obyavlenie/sdaetsya-kvartira-v-tashkent-siti-zhk-gardens-po-ochen-nizkoy-tsene-ID4faRg.html?reason=extended_search_extended_distance,1 800 у.е. Договорная,1800.0,у.е,,,,,4faRg,21,uchtepa
,https://www.olx.uz/d/obyavlenie/tashkent-siti-gardens-sdaetsya-novaya-3-h-komnatnaya-v-novostroyke-ID3de2q.html?reason=extended_search_extended_distance,,,,,,,,3de2q,21,uchtepa
Ташкент Сити-Gardens! Сдается новая 3-х комнатная в новостройке!,https://www.olx.uz/d/obyavlenie/tashkent-siti-gardens-sdaetsya-novaya-3-h-komnatnaya-v-novostroyke-ID3de2q.html?reason=extended_search_extended_distance,1 200 у.е. Договорная,1200.0,у.е,,,,,3de2q,21,uchtepa
,https://www.olx.uz/d/obyavlenie/sdaetsya-kvartira-v-tashkent-siti-zhk-bulvar-ID3oTRU.html?reason=extended_search_extended_distance,,,,,,,,3oTRU,21,uchtepa
Сдается квартира в Ташкент Сити! ЖК Бульвар!,https://www.olx.uz/d/obyavlenie/sdaetsya-kvartira-v-tashkent-siti-zhk-bulvar-ID3oTRU.html?reason=extended_search_extended_distance,1 000 у.е. Договорная,1000.0,у.е,,,,,3oTRU,21,uchtepa
,https://www.olx.uz/d/obyavlenie/zhk-tashkent-siti-gardens-sdaetsya-3-h-komnatnaya-kvartira-ID3tiJr.html?reason=extended_search_extended_distance,,,,,,,,3tiJr,21,uchtepa
ЖК Ташкент Сити Гарденс! Сдается 3-х комнатная квартира!,https://www.olx.uz/d/obyavlenie/zhk-tashkent-siti-gardens-sdaetsya-3-h-komnatnaya-kvartira-ID3tiJr.html?reason=extended_search_extended_distance,1 000 у.е. Договорная,1000.0,у.е,,,,,3tiJr,21,uchtepa
,https://www.olx.uz/d/obyavlenie/novostroyka-g-tashkent-siti-gardens-2-komnt-prekrasniy-vid-ID3THTB.html?reason=extended_search_extended_distance,,,,,,,,3THTB,21,uchtepa
"Новостройка г Ташкент Сити ""Гарденс"" 2 комнт прекрасний вид",https://www.olx.uz/d/obyavlenie/novostroyka-g-tashkent-siti-gardens-2-komnt-prekrasniy-vid-ID3THTB.html?reason=extended_search_extended_distance,1 000 у.е. Договорная,1000.0,у.е,,,,,3THTB,21,uchtepa
,https://www.olx.uz/d/obyavlenie/sdaetsya-v-arendu-ts-13-labzak-ID4dYMo.html?reason=extended_search_extended_distance,,,,,,,,4dYMo,21,uchtepa
Сдаётся в аренду  ц 13 лабзак,https://www.olx.uz/d/obyavlenie/sdaetsya-v-arendu-ts-13-labzak-ID4dYMo.html?reason=extended_search_extended_distance,700 у.е.,700.0,у.е,,,,,4dYMo,21,uchtepa
,https://www.olx.uz/d/obyavlenie/arenda-chorsu-samarkand-darvoza-1-honali-oilaga-beriladi-pustoy-uy-remo-ID3FXyn.html?reason=extended_search_extended_distance,,,,,,,,3FXyn,21,uchtepa
Аренда чорсу самарканд дарвоза 1.хонали оилага берилади пустой уй ремо,https://www.olx.uz/d/obyavlenie/arenda-chorsu-samarkand-darvoza-1-honali-oilaga-beriladi-pustoy-uy-remo-ID3FXyn.html?reason=extended_search_extended_distance,280 у.е.,280.0,у.е,,,,,3FXyn,21,uchtepa
,https://www.olx.uz/d/obyavlenie/srochno-sdaetsya-kv-or-r-halklar-dostligi-2-6-9-r-n-shayhantahurskiy-ID4faIq.html?reason=extended_search_extended_distance,,,,,,,,4faIq,21,uchtepa
СРОЧНО Сдаётся кв ор-р Халклар Достлиги 2/6/9 р-н Шайхантахурский,https://www.olx.uz/d/obyavlenie/srochno-sdaetsya-kv-or-r-halklar-dostligi-2-6-9-r-n-shayhantahurskiy-ID4faIq.html?reason=extended_search_extended_distance,550 у.е.,550.0,у.е,,,,,4faIq,21,uchtepa
,https://www.olx.uz/d/obyavlenie/tashkent-siti-zhk-gardens-sdaetsya-novaya-3-h-komnatnaya-v-elit-komplekse-ID3DuBk.html?reason=extended_search_extended_distance,,,,,,,,3DuBk,21,uchtepa
Ташкент Сити-Жк Gardens! Сдается новая 3-х комнатная в элит комплексе!,https://www.olx.uz/d/obyavlenie/tashkent-siti-zhk-gardens-sdaetsya-novaya-3-h-komnatnaya-v-elit-komplekse-ID3DuBk.html?reason=extended_search_extended_distance,1 200 у.е. Договорная,1200.0,у.е,,,,,3DuBk,21,uchtepa
,https://www.olx.uz/d/obyavlenie/arenda-navastroyka-1-honali-samarkand-darvoza-oilaga-beriladi-ID48q3j.html?reason=extended_search_extended_distance,,,,,,,,48q3j,21,uchtepa
Аренда навастройка 1.хонали самарканд дарвоза оилага берилади,https://www.olx.uz/d/obyavlenie/arenda-navastroyka-1-honali-samarkand-darvoza-oilaga-beriladi-ID48q3j.html?reason=extended_search_extended_distance,350 у.е. Договорная,350.0,у.е,,,,,48q3j,21,uchtepa
,https://www.olx.uz/d/obyavlenie/tashkent-siti-bulvar-sdaetsya-novaya-studiya-v-tsentre-ID3f0Hq.html?reason=extended_search_extended_distance,,,,,,,,3f0Hq,21,uchtepa
Ташкент Сити-Бульвар! Сдается новая студия в центре!,https://www.olx.uz/d/obyavlenie/tashkent-siti-bulvar-sdaetsya-novaya-studiya-v-tsentre-ID3f0Hq.html?reason=extended_search_extended_distance,1 000 у.е. Договорная,1000.0,у.е,,,,,3f0Hq,21,uchtepa
,https://www.olx.uz/d/obyavlenie/tashkent-city-nest-one-novaya-2h-komnatnaya-kvartira-vse-vklyucheno-ID47s45.html?reason=extended_search_extended_distance,,,,,,,,47s45,21,uchtepa
Tashkent city Nest One! Новая 2х комнатная квартира! Все включено!,https://www.olx.uz/d/obyavlenie/tashkent-city-nest-one-novaya-2h-komnatnaya-kvartira-vse-vklyucheno-ID47s45.html?reason=extended_search_extended_distance,900 у.е. Договорная,900.0,у.е,,,,,47s45,21,uchtepa
,https://www.olx.uz/d/obyavlenie/zhk-nest-one-sdaetsya-novaya-studiya-v-elit-komplekse-vse-vklyucheno-ID4585m.html?reason=extended_search_extended_distance,,,,,,,,4585m,21,uchtepa
Жк Nest One-Сдается новая студия в элит комплексе-все включено!,https://www.olx.uz/d/obyavlenie/zhk-nest-one-sdaetsya-novaya-studiya-v-elit-komplekse-vse-vklyucheno-ID4585m.html?reason=extended_search_extended_distance,1 000 у.е.,1000.0,у.е,,,,,4585m,21,uchtepa
,https://www.olx.uz/d/obyavlenie/tashkent-siti-zhk-bulvar-sdaetsya-novaya-3-h-komnatnaya-v-tsentre-goroda-ID3OOKB.html?reason=extended_search_extended_distance,,,,,,,,3OOKB,21,uchtepa
Ташкент Сити-Жк Бульвар! Сдается новая 3-х комнатная в центре города!,https://www.olx.uz/d/obyavlenie/tashkent-siti-zhk-bulvar-sdaetsya-novaya-3-h-komnatnaya-v-tsentre-goroda-ID3OOKB.html?reason=extended_search_extended_distance,1 200 у.е. Договорная,1200.0,у.е,,,,,3OOKB,21,uchtepa
,https://www.olx.uz/d/obyavlenie/arenda-pod-ofis-nest-one-a-blok-tashkent-city-ID4faCn.html?reason=extended_search_extended_distance,,,,,,,,4faCn,21,uchtepa
"Аренда под офис ""Nest One"" A blok . Tashkent City",https://www.olx.uz/d/obyavlenie/arenda-pod-ofis-nest-one-a-blok-tashkent-city-ID4faCn.html?reason=extended_search_extended_distance,1 700 у.е.,1700.0,у.е,,,,,4faCn,21,uchtepa
,https://www.olx.uz/d/obyavlenie/sdam-2-komnatnuyu-metro-novza-ID4fazG.html?reason=extended_search_extended_distance,,,,,,,,4fazG,21,uchtepa
Сдам 2 комнатную  Метро Новза,https://www.olx.uz/d/obyavlenie/sdam-2-komnatnuyu-metro-novza-ID4fazG.html?reason=extended_search_extended_distance,600 у.е.,600.0,у.е,,,,,4fazG,21,uchtepa
,https://www.olx.uz/d/obyavlenie/sdaetsya-kvartira-na-na-sebzare-shayhontohurskom-rayone-ID3wuRu.html?reason=extended_search_extended_distance,,,,,,,,3wuRu,21,uchtepa
Сдаётся квартира на на Себзаре Шайхонтохурском районе‼️,https://www.olx.uz/d/obyavlenie/sdaetsya-kvartira-na-na-sebzare-shayhontohurskom-rayone-ID3wuRu.html?reason=extended_search_extended_distance,500 у.е.,500.0,у.е,,,,,3wuRu,21,uchtepa
,https://www.olx.uz/d/obyavlenie/tashkent-siti-bulvar-sdaetsya-novaya-3-h-komnatnaya-v-elit-komplekse-ID3duk7.html?reason=extended_search_extended_distance,,,,,,,,3duk7,21,uchtepa
Ташкент Сити-Бульвар! Сдается новая 3-х комнатная в элит комплексе’,https://www.olx.uz/d/obyavlenie/tashkent-siti-bulvar-sdaetsya-novaya-3-h-komnatnaya-v-elit-komplekse-ID3duk7.html?reason=extended_search_extended_distance,1 200 у.е. Договорная,1200.0,у.е,,,,,3duk7,21,uchtepa
,https://www.olx.uz/d/obyavlenie/sdaetsya-kvartira-v-tashkent-siti-ID2BYDr.html?reason=extended_search_extended_distance,,,,,,,,2BYDr,21,uchtepa
Сдается квартира в Ташкент Сити,https://www.olx.uz/d/obyavlenie/sdaetsya-kvartira-v-tashkent-siti-ID2BYDr.html?reason=extended_search_extended_distance,1 500 у.е.,1500.0,у.е,,,,,2BYDr,21,uchtepa
,https://www.olx.uz/d/obyavlenie/sdaetsya-evro-kvartira-tashkent-siti-ID2HJzd.html?reason=extended_search_extended_distance,,,,,,,,2HJzd,21,uchtepa
Сдается Евро Квартира Ташкент Сити,https://www.olx.uz/d/obyavlenie/sdaetsya-evro-kvartira-tashkent-siti-ID2HJzd.html?reason=extended_search_extended_distance,1 200 у.е.,1200.0,у.е,,,,,2HJzd,21,uchtepa
,https://www.olx.uz/d/obyavlenie/tashkent-siti-zhk-bulvar-sdaetsya-novaya-studiya-v-tsentre-ID3qnyk.html?reason=extended_search_extended_distance,,,,,,,,3qnyk,21,uchtepa
Ташкент Сити-Жк Бульвар! Сдается новая студия в центре!,https://www.olx.uz/d/obyavlenie/tashkent-siti-zhk-bulvar-sdaetsya-novaya-studiya-v-tsentre-ID3qnyk.html?reason=extended_search_extended_distance,1 000 у.е.,1000.0,у.е,,,,,3qnyk,21,uchtepa
,https://www.olx.uz/d/obyavlenie/tashkent-siti-gardens-sdaetsya-3-h-komnatnaya-v-elit-komplekse-ID3edBV.html?reason=extended_search_extended_distance,,,,,,,,3edBV,21,uchtepa
Ташкент Сити-Gardens! Сдается 3-х комнатная в элит комплексе!,https://www.olx.uz/d/obyavlenie/tashkent-siti-gardens-sdaetsya-3-h-komnatnaya-v-elit-komplekse-ID3edBV.html?reason=extended_search_extended_distance,1 300 у.е. Договорная,1300.0,у.е,,,,,3edBV,21,uchtepa
,https://www.olx.uz/d/obyavlenie/arenda-kvartiry-zhk-nest-1-ID4en7Y.html?reason=extended_search_extended_distance,,,,,,,,4en7Y,21,uchtepa
Аренда Квартиры ЖК Нест 1,https://www.olx.uz/d/obyavlenie/arenda-kvartiry-zhk-nest-1-ID4en7Y.html?reason=extended_search_extended_distance,1 700 у.е.,1700.0,у.е,,,,,4en7Y,21,uchtepa
,https://www.olx.uz/d/obyavlenie/arenda-3-honali-metro-tinchlik-oilaga-beriladi-ID48t9i.html?reason=extended_search_extended_distance,,,,,,,,48t9i,21,uchtepa
Аренда 3.хонали метро тинчлик оилага берилади,https://www.olx.uz/d/obyavlenie/arenda-3-honali-metro-tinchlik-oilaga-beriladi-ID48t9i.html?reason=extended_search_extended_distance,500 у.е.,500.0,у.е,,,,,48t9i,21,uchtepa
,https://www.olx.uz/d/obyavlenie/srochno-2-kom-evro-kvartira-v-shayhantahurskom-r-n-or-druzhba-878-ID4fawD.html?reason=extended_search_extended_distance,,,,,,,,4fawD,21,uchtepa
СРОЧНО!!! 2-ком евро квартира в Шайхантахурском р-н ОР: Дружба 878*,https://www.olx.uz/d/obyavlenie/srochno-2-kom-evro-kvartira-v-shayhantahurskom-r-n-or-druzhba-878-ID4fawD.html?reason=extended_search_extended_distance,550 у.е. Договорная,550.0,у.е,,,,,4fawD,21,uchtepa
,https://www.olx.uz/d/obyavlenie/tashkent-siti-sdaetsya-gg-3-h-komnatnaya-kvartira-v-novastroyke-orrayhon-ID4b4dC.html?reason=extended_search_extended_distance,,,,,,,,4b4dC,21,uchtepa
Ташкент сити Сдается гг 3-х комнатная квартира в новастройке ор:Райхон,https://www.olx.uz/d/obyavlenie/tashkent-siti-sdaetsya-gg-3-h-komnatnaya-kvartira-v-novastroyke-orrayhon-ID4b4dC.html?reason=extended_search_extended_distance,1 000 у.е. Договорная,1000.0,у.е,,,,,4b4dC,21,uchtepa
,https://www.olx.uz/d/obyavlenie/dupleks-kvartira-v-tashkent-siti-zhk-bulvar-ID4fawA.html?reason=extended_search_extended_distance,,,,,,,,4fawA,21,uchtepa
Дуплекс квартира в Ташкент Сити . ЖК: Бульвар,https://www.olx.uz/d/obyavlenie/dupleks-kvartira-v-tashkent-siti-zhk-bulvar-ID4fawA.html?reason=extended_search_extended_distance,1 600 у.е.,1600.0,у.е,,,,,4fawA,21,uchtepa
,https://www.olx.uz/d/obyavlenie/novyy-kvartira-tashkent-siti-ID495qL.html?reason=extended_search_extended_distance,,,,,,,,495qL,21,uchtepa
Новый квартира Ташкент сити,https://www.olx.uz/d/obyavlenie/novyy-kvartira-tashkent-siti-ID495qL.html?reason=extended_search_extended_distance,3 000 у.е. Договорная,3000.0,у.е,,,,,495qL,21,uchtepa
,https://www.olx.uz/d/obyavlenie/tashkent-siti-zhk-gardens-sdaetsya-novaya-3-h-komnatnaya-v-elit-komplekse-ID42WAg.html?reason=extended_search_extended_distance,,,,,,,,42WAg,21,uchtepa
Ташкент Сити Жк Gardens! Сдается новая 3-х комнатная в элит комплексе!,https://www.olx.uz/d/obyavlenie/tashkent-siti-zhk-gardens-sdaetsya-novaya-3-h-komnatnaya-v-elit-komplekse-ID42WAg.html?reason=extended_search_extended_distance,1 400 у.е. Договорная,1400.0,у.е,,,,,42WAg,21,uchtepa
,https://www.olx.uz/d/obyavlenie/tashkent-siti-gardens-sdaetsya-novaya-3-h-komnatnaya-v-elit-komplekse-ID3dyK4.html?reason=extended_search_extended_distance,,,,,,,,3dyK4,21,uchtepa
Ташкент Сити-Gardens! Сдается новая 3-х комнатная в элит комплексе!,https://www.olx.uz/d/obyavlenie/tashkent-siti-gardens-sdaetsya-novaya-3-h-komnatnaya-v-elit-komplekse-ID3dyK4.html?reason=extended_search_extended_distance,1 400 у.е. Договорная,1400.0,у.е,,,,,3dyK4,21,uchtepa
,https://www.olx.uz/d/obyavlenie/tashkent-siti-gardens-sdaetsya-novaya-4-h-komnatnaya-posle-remonta-ID3z49l.html?reason=extended_search_extended_distance,,,,,,,,3z49l,21,uchtepa
Ташкент Сити-Gardens! Сдается новая 4-х комнатная после ремонта!,https://www.olx.uz/d/obyavlenie/tashkent-siti-gardens-sdaetsya-novaya-4-h-komnatnaya-posle-remonta-ID3z49l.html?reason=extended_search_extended_distance,1 600 у.е.,1600.0,у.е,,,,,3z49l,21,uchtepa
,https://www.olx.uz/d/obyavlenie/arenda-srochni-hadra-2-komnat-ID4eMjS.html?reason=extended_search_extended_distance,,,,,,,,4eMjS,21,uchtepa
Аренда срочни хадра 2 комнат,https://www.olx.uz/d/obyavlenie/arenda-srochni-hadra-2-komnat-ID4eMjS.html?reason=extended_search_extended_distance,500 у.е.,500.0,у.е,,,,,4eMjS,21,uchtepa
,https://www.olx.uz/d/obyavlenie/sdaetsya-v-arendu-2-komnatnaya-kvartira-v-novostroyke-nrg-u-tower-ID4en42.html?reason=extended_search_extended_distance,,,,,,,,4en42,21,uchtepa
Сдаётся в аренду 2 комнатная  квартира в новостройке  NRG U-Tower,https://www.olx.uz/d/obyavlenie/sdaetsya-v-arendu-2-komnatnaya-kvartira-v-novostroyke-nrg-u-tower-ID4en42.html?reason=extended_search_extended_distance,1 300 у.е.,1300.0,у.е,,,,,4en42,21,uchtepa
,https://www.olx.uz/d/obyavlenie/arenda-kvartira-v-nrg-u-tower-tashkent-siti-ID4fasE.html?reason=extended_search_extended_distance,,,,,,,,4fasE,21,uchtepa
Аренда квартира в NRG U-Tower . Ташкент сити,https://www.olx.uz/d/obyavlenie/arenda-kvartira-v-nrg-u-tower-tashkent-siti-ID4fasE.html?reason=extended_search_extended_distance,1 800 у.е.,1800.0,у.е,,,,,4fasE,21,uchtepa
,https://www.olx.uz/d/obyavlenie/sdaetsya-kvartira-na-karatashe-ID3OOT4.html?reason=extended_search_extended_distance,,,,,,,,3OOT4,21,uchtepa
Сдаётся квартира на Караташе‼️,https://www.olx.uz/d/obyavlenie/sdaetsya-kvartira-na-karatashe-ID3OOT4.html?reason=extended_search_extended_distance,650 у.е.,650.0,у.е,,,,,3OOT4,21,uchtepa
,https://www.olx.uz/d/obyavlenie/sdaetsya-3-7-9-74kv-tashkent-sity-gardens-ID4eju1.html?reason=extended_search_extended_distance,,,,,,,,4eju1,21,uchtepa
Сдается 3/7/9 74кв Tashkent sity Gardens,https://www.olx.uz/d/obyavlenie/sdaetsya-3-7-9-74kv-tashkent-sity-gardens-ID4eju1.html?reason=extended_search_extended_distance,1 500 у.е.,1500.0,у.е,,,,,4eju1,21,uchtepa
,https://www.olx.uz/d/obyavlenie/u-tower-druzhba-sdaetsya-2h-komnatnaya-shikarnaya-kvartira-foto-real-ID4dsH0.html?reason=extended_search_extended_distance,,,,,,,,4dsH0,21,uchtepa
U Tower Дружба Сдаётся 2х комнатная Шикарная квартира! Фото реал!,https://www.olx.uz/d/obyavlenie/u-tower-druzhba-sdaetsya-2h-komnatnaya-shikarnaya-kvartira-foto-real-ID4dsH0.html?reason=extended_search_extended_distance,1 500 у.е.,1500.0,у.е,,,,,4dsH0,21,uchtepa
,https://www.olx.uz/d/obyavlenie/dupleks-kvartira-v-tashkent-siti-bulvar-ID4fari.html?reason=extended_search_extended_distance,,,,,,,,4fari,21,uchtepa
Дуплекс квартира в Ташкент Сити . Бульвар,https://www.olx.uz/d/obyavlenie/dupleks-kvartira-v-tashkent-siti-bulvar-ID4fari.html?reason=extended_search_extended_distance,2 000 у.е.,2000.0,у.е,,,,,4fari,21,uchtepa
,https://www.olx.uz/d/obyavlenie/tashkent-siti-bulvar-sdaetsya-novaya-3-h-komnatnaya-v-elit-komplekse-ID3O3TX.html?reason=extended_search_extended_distance,,,,,,,,3O3TX,21,uchtepa
Ташкент Сити-Бульвар! Сдается новая 3-х комнатная в элит комплексе!,https://www.olx.uz/d/obyavlenie/tashkent-siti-bulvar-sdaetsya-novaya-3-h-komnatnaya-v-elit-komplekse-ID3O3TX.html?reason=extended_search_extended_distance,1 500 у.е. Договорная,1500.0,у.е,,,,,3O3TX,21,uchtepa
,https://www.olx.uz/d/obyavlenie/arenda-3-5-8-125m2-v-zhk-gardens-tashkent-city-ID4en14.html?reason=extended_search_extended_distance,,,,,,,,4en14,21,uchtepa
"Аренда 3/5/8 125м2 в ЖК Гарденс, Tashkent city",https://www.olx.uz/d/obyavlenie/arenda-3-5-8-125m2-v-zhk-gardens-tashkent-city-ID4en14.html?reason=extended_search_extended_distance,2 500 у.е.,2500.0,у.е,,,,,4en14,21,uchtepa
,https://www.olx.uz/d/obyavlenie/arenda-kvartira-tashkent-siti-zhk-bulvar-ID4fapS.html?reason=extended_search_extended_distance,,,,,,,,4fapS,21,uchtepa
Аренда квартира Ташкент Сити . ЖК Бульвар,https://www.olx.uz/d/obyavlenie/arenda-kvartira-tashkent-siti-zhk-bulvar-ID4fapS.html?reason=extended_search_extended_distance,1 500 у.е.,1500.0,у.е,,,,,4fapS,21,uchtepa
,https://www.olx.uz/d/obyavlenie/tashkent-siti-gardens-sdaetsya-novaya-kvartira-v-elit-komplekse-ID3nYke.html?reason=extended_search_extended_distance,,,,,,,,3nYke,21,uchtepa
Ташкент Сити-Gardens! Сдается новая квартира в элит комплексе!,https://www.olx.uz/d/obyavlenie/tashkent-siti-gardens-sdaetsya-novaya-kvartira-v-elit-komplekse-ID3nYke.html?reason=extended_search_extended_distance,1 600 у.е. Договорная,1600.0,у.е,,,,,3nYke,21,uchtepa
,https://www.olx.uz/d/obyavlenie/sdaetsya-v-arendu-uyatnaya-kvartira-v-shayhantahurskom-rayone-2-15-16-ID4dYov.html?reason=extended_search_extended_distance,,,,,,,,4dYov,21,uchtepa
Сдается в аренду уятная квартира в Шайхантахурском районе 2/15/16,https://www.olx.uz/d/obyavlenie/sdaetsya-v-arendu-uyatnaya-kvartira-v-shayhantahurskom-rayone-2-15-16-ID4dYov.html?reason=extended_search_extended_distance,750 у.е.,750.0,у.е,,,,,4dYov,21,uchtepa
,https://www.olx.uz/d/obyavlenie/sdaetsya-kvartira-na-ts14-metro-ganga-ID3wk8e.html?reason=extended_search_extended_distance,,,,,,,,3wk8e,21,uchtepa
Сдаётся квартира на Ц14 метро Ганга‼️,https://www.olx.uz/d/obyavlenie/sdaetsya-kvartira-na-ts14-metro-ganga-ID3wk8e.html?reason=extended_search_extended_distance,900 у.е.,900.0,у.е,,,,,3wk8e,21,uchtepa
,https://www.olx.uz/d/obyavlenie/sdaetsya-kvartira-na-ts-15-ID37Bng.html?reason=extended_search_extended_distance,,,,,,,,37Bng,21,uchtepa
Сдается квартира на Ц-15,https://www.olx.uz/d/obyavlenie/sdaetsya-kvartira-na-ts-15-ID37Bng.html?reason=extended_search_extended_distance,1 200 у.е.,1200.0,у.е,,,,,37Bng,21,uchtepa
,https://www.olx.uz/d/obyavlenie/tashkent-siti-zhk-gardens-sdaetsya-novaya-kvartira-v-elit-komplekse-ID3qn41.html?reason=extended_search_extended_distance,,,,,,,,3qn41,21,uchtepa
Ташкент Сити-Жк Gardens! Сдается новая квартира в элит комплексе!,https://www.olx.uz/d/obyavlenie/tashkent-siti-zhk-gardens-sdaetsya-novaya-kvartira-v-elit-komplekse-ID3qn41.html?reason=extended_search_extended_distance,1 200 у.е.,1200.0,у.е,,,,,3qn41,21,uchtepa
,https://www.olx.uz/d/obyavlenie/tashkent-siti-zhk-gardens-sdaetsya-novaya-4-h-komnatnaya-v-elit-komplekse-ID3VnIO.html?reason=extended_search_extended_distance,,,,,,,,3VnIO,21,uchtepa
Ташкент Сити-Жк Gardens! Сдается новая 4-х комнатная в элит комплексе!,https://www.olx.uz/d/obyavlenie/tashkent-siti-zhk-gardens-sdaetsya-novaya-4-h-komnatnaya-v-elit-komplekse-ID3VnIO.html?reason=extended_search_extended_distance,1 600 у.е. Договорная,1600.0,у.е,,,,,3VnIO,21,uchtepa
,https://www.olx.uz/d/obyavlenie/zhk-tashkent-siti-bulvar-sdaetsya-shikarnaya-3-h-komnatnaya-kvartira-ID3sDoG.html?reason=extended_search_extended_distance,,,,,,,,3sDoG,21,uchtepa
ЖК Ташкент Сити Бульвар! Сдается шикарная 3-х комнатная квартира!,https://www.olx.uz/d/obyavlenie/zhk-tashkent-siti-bulvar-sdaetsya-shikarnaya-3-h-komnatnaya-kvartira-ID3sDoG.html?reason=extended_search_extended_distance,1 000 у.е. Договорная,1000.0,у.е,,,,,3sDoG,21,uchtepa
,https://www.olx.uz/d/obyavlenie/srochno-sdaetsya-3-h-komnatnaya-ulitsa-navoi-tashkent-siti-ID4bCU9.html?reason=extended_search_extended_distance,,,,,,,,4bCU9,21,uchtepa
"Срочно Сдаётся 3-х комнатная, Улица Навои! Ташкент сити",https://www.olx.uz/d/obyavlenie/srochno-sdaetsya-3-h-komnatnaya-ulitsa-navoi-tashkent-siti-ID4bCU9.html?reason=extended_search_extended_distance,900 у.е. Договорная,900.0,у.е,,,,,4bCU9,21,uchtepa
,https://www.olx.uz/d/obyavlenie/tashkent-siti-arenda-a-shikarnaya-kvartira-v-novostroyke-4-6-8-ID3nKya.html?reason=extended_search_extended_distance,,,,,,,,3nKya,21,uchtepa
Ташкент сити Аренда а Шикарная квартира в новостройке 4/6/8,https://www.olx.uz/d/obyavlenie/tashkent-siti-arenda-a-shikarnaya-kvartira-v-novostroyke-4-6-8-ID3nKya.html?reason=extended_search_extended_distance,2 000 у.е. Договорная,2000.0,у.е,,,,,3nKya,21,uchtepa
,https://www.olx.uz/d/obyavlenie/sdaetsya-kvartira-v-zhk-gardens-residenceorientir-tashkent-siti-ID3s5je.html?reason=extended_search_extended_distance,,,,,,,,3s5je,21,uchtepa
"Сдается квартира. в ЖК Gardens Residence
Ориентир - Ташкент Сити",https://www.olx.uz/d/obyavlenie/sdaetsya-kvartira-v-zhk-gardens-residenceorientir-tashkent-siti-ID3s5je.html?reason=extended_search_extended_distance,1 450 у.е.,1450.0,у.е,,,,,3s5je,21,uchtepa
,https://www.olx.uz/d/obyavlenie/sdaetsya-kvartira-na-zhk-gardens-ID3WbDi.html?reason=extended_search_extended_distance,,,,,,,,3WbDi,21,uchtepa
Сдаётся квартира на ЖК Гарденс‼️,https://www.olx.uz/d/obyavlenie/sdaetsya-kvartira-na-zhk-gardens-ID3WbDi.html?reason=extended_search_extended_distance,1 200 у.е.,1200.0,у.е,,,,,3WbDi,21,uchtepa
,https://www.olx.uz/d/obyavlenie/sdaetsya-kvartira-ID3ysSW.html?reason=extended_search_extended_distance,,,,,,,,3ysSW,21,uchtepa
Сдаётся квартира,https://www.olx.uz/d/obyavlenie/sdaetsya-kvartira-ID3ysSW.html?reason=extended_search_extended_distance,700 у.е.,700.0,у.е,,,,,3ysSW,21,uchtepa
,https://www.olx.uz/d/obyavlenie/zhk-gardens-tashkent-siti-sdaetsya-3h-komnatnaya-s-evro-remontom-ID3FVOR.html?reason=extended_search_extended_distance,,,,,,,,3FVOR,21,uchtepa
ЖК Gardens Ташкент Сити! Сдаётся 3х комнатная с Евро ремонтом!,https://www.olx.uz/d/obyavlenie/zhk-gardens-tashkent-siti-sdaetsya-3h-komnatnaya-s-evro-remontom-ID3FVOR.html?reason=extended_search_extended_distance,1 199 у.е. Договорная,1199.0,у.е,,,,,3FVOR,21,uchtepa
,https://www.olx.uz/d/obyavlenie/tashkent-city-boulevard-avtorskiy-novyy-remont-3komnaty-vse-vklyucheno-ID45V26.html?reason=extended_search_extended_distance,,,,,,,,45V26,21,uchtepa
Tashkent city Boulevard! Авторский новый ремонт! 3комнаты все включено,https://www.olx.uz/d/obyavlenie/tashkent-city-boulevard-avtorskiy-novyy-remont-3komnaty-vse-vklyucheno-ID45V26.html?reason=extended_search_extended_distance,1 200 у.е. Договорная,1200.0,у.е,,,,,45V26,21,uchtepa
,https://www.olx.uz/d/obyavlenie/tashkent-siti-zhk-bulvar-sdaetsya-novaya-3h-komnatnaya-ID3GIBS.html?reason=extended_search_extended_distance,,,,,,,,3GIBS,21,uchtepa
Ташкент Сити ЖК Бульвар-Сдаётся новая 3х комнатная!,https://www.olx.uz/d/obyavlenie/tashkent-siti-zhk-bulvar-sdaetsya-novaya-3h-komnatnaya-ID3GIBS.html?reason=extended_search_extended_distance,1 250 у.е. Договорная,1250.0,у.е,,,,,3GIBS,21,uchtepa
,https://www.olx.uz/d/obyavlenie/zhk-tashkent-siti-gardens-novaya-3-h-komnatnaya-ID4c8zn.html?reason=extended_search_extended_distance,,,,,,,,4c8zn,21,uchtepa
ЖК Ташкент Сити Гарденс! новая 3-х комнатная!,https://www.olx.uz/d/obyavlenie/zhk-tashkent-siti-gardens-novaya-3-h-komnatnaya-ID4c8zn.html?reason=extended_search_extended_distance,1 200 у.е. Договорная,1200.0,у.е,,,,,4c8zn,21,uchtepa
,https://www.olx.uz/d/obyavlenie/shikarnaya-2-3-12-zhk-nrg-oybek-2-min-ot-grand-mir-oybek-nukusskaya-ID4eM6S.html?reason=extended_search_extended_distance,,,,,,,,4eM6S,21,uchtepa
ШИКАРНАЯ 2/3/12 ЖК NRG OYBEK 2 мин от Гранд Мир/Ойбек/ Нукусская,https://www.olx.uz/d/obyavlenie/shikarnaya-2-3-12-zhk-nrg-oybek-2-min-ot-grand-mir-oybek-nukusskaya-ID4eM6S.html?reason=extended_search_extended_distance,550 у.е. Договорная,550.0,у.е,,,,,4eM6S,21,uchtepa
,https://www.olx.uz/d/obyavlenie/tashkent-siti-zhk-bulvar-sdaetsya-novaya-kvartira-premium-klassa-ID3FUZ3.html?reason=extended_search_extended_distance,,,,,,,,3FUZ3,21,uchtepa
Ташкент Сити ЖК Бульвар Сдаётся новая квартира Премиум класса!,https://www.olx.uz/d/obyavlenie/tashkent-siti-zhk-bulvar-sdaetsya-novaya-kvartira-premium-klassa-ID3FUZ3.html?reason=extended_search_extended_distance,1 400 у.е. Договорная,1400.0,у.е,,,,,3FUZ3,21,uchtepa
,https://www.olx.uz/d/obyavlenie/arenda-shayhantahurskiy-r-n-1v2-4-12-ID4bYk1.html?reason=extended_search_extended_distance,,,,,,,,4bYk1,21,uchtepa
Аренда Шайхантахурский р-н 1в2/4/12,https://www.olx.uz/d/obyavlenie/arenda-shayhantahurskiy-r-n-1v2-4-12-ID4bYk1.html?reason=extended_search_extended_distance,350 у.е.,350.0,у.е,,,,,4bYk1,21,uchtepa
,https://www.olx.uz/d/obyavlenie/zhk-u-tower-druzhba-m-tashkent-siti-nest-one-2-komn-srochno-ID4ezsz.html?reason=extended_search_extended_distance,,,,,,,,4ezsz,21,uchtepa
ЖК U TOWER Дружба м. Ташкент сити Нест Оне 2 комн СРОЧНО,https://www.olx.uz/d/obyavlenie/zhk-u-tower-druzhba-m-tashkent-siti-nest-one-2-komn-srochno-ID4ezsz.html?reason=extended_search_extended_distance,650 у.е. Договорная,650.0,у.е,,,,,4ezsz,21,uchtepa
,https://www.olx.uz/d/obyavlenie/samarkand-darvoza-2-hona-urtacha-remont-hona-alohida-sharoitlari-bor-ID4emMl.html?reason=extended_search_extended_distance,,,,,,,,4emMl,21,uchtepa
САМАРКАНД ДАРВОЗА 2 ХОНА Уртача Ремонт хона Алохида Шароитлари бор,https://www.olx.uz/d/obyavlenie/samarkand-darvoza-2-hona-urtacha-remont-hona-alohida-sharoitlari-bor-ID4emMl.html?reason=extended_search_extended_distance,330 у.е.,330.0,у.е,,,,,4emMl,21,uchtepa
,https://www.olx.uz/d/obyavlenie/izharaga-uy-2-hona-chorsuda-mahala-pahta-kocha-da-fakat-aeollar-va-kiz-ID4bZcI.html?reason=extended_search_extended_distance,,,,,,,,4bZcI,21,uchtepa
ИЖАРАГА  УЙ  2 ХОНА чорсуда махала пахта коча да факат Аеоллар ва  киз,https://www.olx.uz/d/obyavlenie/izharaga-uy-2-hona-chorsuda-mahala-pahta-kocha-da-fakat-aeollar-va-kiz-ID4bZcI.html?reason=extended_search_extended_distance,800 000 сум,800000.0,сум,,,,,4bZcI,21,uchtepa
,https://www.olx.uz/d/obyavlenie/arenda-kvartira-shayhontohur-tumani-guncha-nurafshon-yuldagi-5-5-2-ID3FSEy.html?reason=extended_search_extended_distance,,,,,,,,3FSEy,21,uchtepa
Аренда Квартира! Шайхонтохур тумани!  Гунча нурафшон йулдаги  5/5/2,https://www.olx.uz/d/obyavlenie/arenda-kvartira-shayhontohur-tumani-guncha-nurafshon-yuldagi-5-5-2-ID3FSEy.html?reason=extended_search_extended_distance,450 у.е. Договорная,450.0,у.е,,,,,3FSEy,21,uchtepa
,https://www.olx.uz/d/obyavlenie/sdaetsya-kv-zhk-nrg-u-tower-3-kom-or-r-halklar-dostligi-ID40qcR.html?reason=extended_search_extended_distance,,,,,,,,40qcR,21,uchtepa
Сдаётся кв ЖК NRG U-Tower 3-ком ор-р Халклар Достлиги,https://www.olx.uz/d/obyavlenie/sdaetsya-kv-zhk-nrg-u-tower-3-kom-or-r-halklar-dostligi-ID40qcR.html?reason=extended_search_extended_distance,1 200 у.е.,1200.0,у.е,,,,,40qcR,21,uchtepa
,https://www.olx.uz/d/obyavlenie/tashkent-siti-arenda-2-h-komnatnaya-a-shikarnaya-kvartira-v-novostroyke-ID3TMqr.html?reason=extended_search_extended_distance,,,,,,,,3TMqr,21,uchtepa
Ташкент сити Аренда 2-х комнатная а Шикарная квартира в новостройке,https://www.olx.uz/d/obyavlenie/tashkent-siti-arenda-2-h-komnatnaya-a-shikarnaya-kvartira-v-novostroyke-ID3TMqr.html?reason=extended_search_extended_distance,1 000 у.е. Договорная,1000.0,у.е,,,,,3TMqr,21,uchtepa
,https://www.olx.uz/d/obyavlenie/tashkent-siti-arenda-zhkbulvar-a-shikarnaya-kvartira-v-novostroyke-ID3JZAk.html?reason=extended_search_extended_distance,,,,,,,,3JZAk,21,uchtepa
Ташкент Сити Аренда Жк:Бульвар а Шикарная квартира в новостройке,https://www.olx.uz/d/obyavlenie/tashkent-siti-arenda-zhkbulvar-a-shikarnaya-kvartira-v-novostroyke-ID3JZAk.html?reason=extended_search_extended_distance,1 000 у.е. Договорная,1000.0,у.е,,,,,3JZAk,21,uchtepa
,https://www.olx.uz/d/obyavlenie/srochno-sdaetsya-kvartira-tashkent-siti-gardens-vid-na-park-ID33Hbe.html?reason=extended_search_extended_distance,,,,,,,,33Hbe,21,uchtepa
Срочно сдается квартира Ташкент сити Гарденс вид на парк!!!,https://www.olx.uz/d/obyavlenie/srochno-sdaetsya-kvartira-tashkent-siti-gardens-vid-na-park-ID33Hbe.html?reason=extended_search_extended_distance,900 у.е.,900.0,у.е,,,,,33Hbe,21,uchtepa
,https://www.olx.uz/d/obyavlenie/srochno-sdaetsya-2h-komnatnaya-v-tashkent-siti-ID39HgA.html?reason=extended_search_extended_distance,,,,,,,,39HgA,21,uchtepa
Срочно сдаётся 2х комнатная в Ташкент сити!,https://www.olx.uz/d/obyavlenie/srochno-sdaetsya-2h-komnatnaya-v-tashkent-siti-ID39HgA.html?reason=extended_search_extended_distance,900 у.е. Договорная,900.0,у.е,,,,,39HgA,21,uchtepa
,https://www.olx.uz/d/obyavlenie/2-kom-ganga-hadra-m-gafura-gulyama-arenda-ID4fa5m.html?reason=extended_search_extended_distance,,,,,,,,4fa5m,21,uchtepa
2 ком. Ганга. Хадра. м. Гафура Гуляма. Аренда,https://www.olx.uz/d/obyavlenie/2-kom-ganga-hadra-m-gafura-gulyama-arenda-ID4fa5m.html?reason=extended_search_extended_distance,500 у.е.,500.0,у.е,,,,,4fa5m,21,uchtepa
,https://www.olx.uz/d/obyavlenie/arenda-kvartiry-v-zhk-nrg-u-tower-ID4cpBn.html?reason=extended_search_extended_distance,,,,,,,,4cpBn,21,uchtepa
Аренда квартиры в ЖК NRG U-Tower,https://www.olx.uz/d/obyavlenie/arenda-kvartiry-v-zhk-nrg-u-tower-ID4cpBn.html?reason=extended_search_extended_distance,1 300 у.е. Договорная,1300.0,у.е,,,,,4cpBn,21,uchtepa
,https://www.olx.uz/d/obyavlenie/svoya-na-ts13-3h-komnatnaya-kvartira-naprotiv-islamskogo-universmteta-ID4bJE5.html?reason=extended_search_extended_distance,,,,,,,,4bJE5,21,uchtepa
"СВОЯ, на Ц13, 3х комнатная квартира, напротив Исламского универсмтета",https://www.olx.uz/d/obyavlenie/svoya-na-ts13-3h-komnatnaya-kvartira-naprotiv-islamskogo-universmteta-ID4bJE5.html?reason=extended_search_extended_distance,600 у.е.,600.0,у.е,,,,,4bJE5,21,uchtepa
,https://www.olx.uz/d/obyavlenie/arenda-kvartiry-v-shayhantahurskom-rayone-zhk-u-tower-ID4fa1g.html?reason=extended_search_extended_distance,,,,,,,,4fa1g,21,uchtepa
Аренда квартиры в Шайхантахурском  районе ЖК U-Tower,https://www.olx.uz/d/obyavlenie/arenda-kvartiry-v-shayhantahurskom-rayone-zhk-u-tower-ID4fa1g.html?reason=extended_search_extended_distance,1 500 у.е.,1500.0,у.е,,,,,4fa1g,21,uchtepa
,https://www.olx.uz/d/obyavlenie/sdaetsya-kv-ts-15-zhangoh-3-kom-2-9-ro-n-shayhantahurskiy-ID40qoX.html?reason=extended_search_extended_distance,,,,,,,,40qoX,21,uchtepa
Сдаётся кв Ц-15 Жангох 3-ком/2/9 ро-н Шайхантахурский,https://www.olx.uz/d/obyavlenie/sdaetsya-kv-ts-15-zhangoh-3-kom-2-9-ro-n-shayhantahurskiy-ID40qoX.html?reason=extended_search_extended_distance,550 у.е.,550.0,у.е,,,,,40qoX,21,uchtepa
,https://www.olx.uz/d/obyavlenie/kivartira-bor-oy-ID4f9ZM.html?reason=extended_search_extended_distance,,,,,,,,4f9ZM,21,uchtepa
Kivartira bor oy,https://www.olx.uz/d/obyavlenie/kivartira-bor-oy-ID4f9ZM.html?reason=extended_search_extended_distance,400 у.е. Договорная,400.0,у.е,,,,,4f9ZM,21,uchtepa
,https://www.olx.uz/d/obyavlenie/kora-tosh-binkof-3-honali-novostroyka-v-tsentre-goroda-ID4az5r.html?reason=extended_search_extended_distance,,,,,,,,4az5r,21,uchtepa
Кора-тош Бинкоф 3.хонали Новостройка в центре города,https://www.olx.uz/d/obyavlenie/kora-tosh-binkof-3-honali-novostroyka-v-tsentre-goroda-ID4az5r.html?reason=extended_search_extended_distance,750 у.е.,750.0,у.е,,,,,4az5r,21,uchtepa
,https://www.olx.uz/d/obyavlenie/tashkent-siti-nest-one-arenda-ID4f9T7.html?reason=extended_search_extended_distance,,,,,,,,4f9T7,21,uchtepa
Ташкент Сити Nest One аренда,https://www.olx.uz/d/obyavlenie/tashkent-siti-nest-one-arenda-ID4f9T7.html?reason=extended_search_extended_distance,1 000 у.е. Договорная,1000.0,у.е,,,,,4f9T7,21,uchtepa
,https://www.olx.uz/d/obyavlenie/ibn-sino-stroy-mart-arenda-kanikuly-ID475ew.html?reason=extended_search_extended_distance,,,,,,,,475ew,21,uchtepa
IBN SINO Stroy mart аренда (каникулы),https://www.olx.uz/d/obyavlenie/ibn-sino-stroy-mart-arenda-kanikuly-ID475ew.html?reason=extended_search_extended_distance,100 у.е. Договорная,100.0,у.е,,,,,475ew,21,uchtepa
,https://www.olx.uz/d/obyavlenie/sdaetsya-arenda-ts-13-kazakistan-posolstva-3-komnatnaya-kvartira-ID4eLB6.html?reason=extended_search_extended_distance,,,,,,,,4eLB6,21,uchtepa
Сдаётся аренда Ц 13 Казакистан посольства 3 комнатная квартира,https://www.olx.uz/d/obyavlenie/sdaetsya-arenda-ts-13-kazakistan-posolstva-3-komnatnaya-kvartira-ID4eLB6.html?reason=extended_search_extended_distance,700 у.е.,700.0,у.е,,,,,4eLB6,21,uchtepa
,https://www.olx.uz/d/obyavlenie/arenda-3-kom-durizhba-narodov-ID4f9Hh.html?reason=extended_search_extended_distance,,,,,,,,4f9Hh,21,uchtepa
Аренда 3 ком Дурижба Народов,https://www.olx.uz/d/obyavlenie/arenda-3-kom-durizhba-narodov-ID4f9Hh.html?reason=extended_search_extended_distance,750 у.е.,750.0,у.е,,,,,4f9Hh,21,uchtepa
,https://www.olx.uz/d/obyavlenie/arenda-ts-14-ganga-3-4-9-ID4eLrl.html?reason=extended_search_extended_distance,,,,,,,,4eLrl,21,uchtepa
Аренда ц-14 Ганга 3/4/9,https://www.olx.uz/d/obyavlenie/arenda-ts-14-ganga-3-4-9-ID4eLrl.html?reason=extended_search_extended_distance,650 у.е.,650.0,у.е,,,,,4eLrl,21,uchtepa
,https://www.olx.uz/d/obyavlenie/u-tower-sdaetsya-2h-kom-kvartira-25-etazh-nays-vid-iz-okna-foto-real-ID4c8yy.html?reason=extended_search_extended_distance,,,,,,,,4c8yy,21,uchtepa
U-Tower Сдаётся 2х ком. квартира 25 Этаж .Найс вид из окна.Фото Реал!,https://www.olx.uz/d/obyavlenie/u-tower-sdaetsya-2h-kom-kvartira-25-etazh-nays-vid-iz-okna-foto-real-ID4c8yy.html?reason=extended_search_extended_distance,1 500 у.е. Договорная,1500.0,у.е,,,,,4c8yy,21,uchtepa
,https://www.olx.uz/d/obyavlenie/gofur-gulom-metro-5-6-minut-ID4f9zF.html?reason=extended_search_extended_distance,,,,,,,,4f9zF,21,uchtepa
Гофур Гулом метро 5-6 минут,https://www.olx.uz/d/obyavlenie/gofur-gulom-metro-5-6-minut-ID4f9zF.html?reason=extended_search_extended_distance,340 у.е.,340.0,у.е,,,,,4f9zF,21,uchtepa
,https://www.olx.uz/d/obyavlenie/kvartira-arenda-1-2-3-4-ID4f9AH.html?reason=extended_search_extended_distance,,,,,,,,4f9AH,21,uchtepa
Kvartira arenda 1-2/3/4,https://www.olx.uz/d/obyavlenie/kvartira-arenda-1-2-3-4-ID4f9AH.html?reason=extended_search_extended_distance,400 у.е.,400.0,у.е,,,,,4f9AH,21,uchtepa
,https://www.olx.uz/d/obyavlenie/shayxontohur-gafur-gulom-metrosi-yaqinida-maklersiz-kvartira-ID4f9tN.html?reason=extended_search_extended_distance,,,,,,,,4f9tN,21,uchtepa
Shayxontohur Gʻafur Gʻulom metrosi yaqinida maklersiz kvartira,https://www.olx.uz/d/obyavlenie/shayxontohur-gafur-gulom-metrosi-yaqinida-maklersiz-kvartira-ID4f9tN.html?reason=extended_search_extended_distance,280 у.е.,280.0,у.е,,,,,4f9tN,21,uchtepa
,https://www.olx.uz/d/obyavlenie/shayxontohur-drujba-metroga-5-minutlik-yol-ID4f9rR.html?reason=extended_search_extended_distance,,,,,,,,4f9rR,21,uchtepa
Shayxontohur Drujba metroga 5 minutlik yo'l,https://www.olx.uz/d/obyavlenie/shayxontohur-drujba-metroga-5-minutlik-yol-ID4f9rR.html?reason=extended_search_extended_distance,175 у.е.,175.0,у.е,,,,,4f9rR,21,uchtepa
,https://www.olx.uz/d/obyavlenie/shayxontohur-tumani-srochna-kvartira-ID4f9pU.html?reason=extended_search_extended_distance,,,,,,,,4f9pU,21,uchtepa
Shayxontohur tumani srochna kvartira,https://www.olx.uz/d/obyavlenie/shayxontohur-tumani-srochna-kvartira-ID4f9pU.html?reason=extended_search_extended_distance,280 у.е.,280.0,у.е,,,,,4f9pU,21,uchtepa
,https://www.olx.uz/d/obyavlenie/sdaetsya-3h-komnatnaya-kvartira-v-tsentre-goroda-zhk-tashkent-siti-gardens-ID3E6EK.html?reason=extended_search_extended_distance,,,,,,,,3E6EK,21,uchtepa
Сдаётся 3х комнатная квартира в центре города жк Ташкент сити гарденс,https://www.olx.uz/d/obyavlenie/sdaetsya-3h-komnatnaya-kvartira-v-tsentre-goroda-zhk-tashkent-siti-gardens-ID3E6EK.html?reason=extended_search_extended_distance,1 300 у.е.,1300.0,у.е,,,,,3E6EK,21,uchtepa
,https://www.olx.uz/d/obyavlenie/chorsu-bozori-roparasi-ID4f9nk.html?reason=extended_search_extended_distance,,,,,,,,4f9nk,21,uchtepa
Chorsu bozori ro'parasi,https://www.olx.uz/d/obyavlenie/chorsu-bozori-roparasi-ID4f9nk.html?reason=extended_search_extended_distance,250 у.е.,250.0,у.е,,,,,4f9nk,21,uchtepa
,https://www.olx.uz/d/obyavlenie/sdaetsya-3h-komnatnaya-kvartira-v-tashkent-siti-bulvar-ID3Eklp.html?reason=extended_search_extended_distance,,,,,,,,3Eklp,21,uchtepa
Сдаётся 3х комнатная квартира в Ташкент сити бульвар,https://www.olx.uz/d/obyavlenie/sdaetsya-3h-komnatnaya-kvartira-v-tashkent-siti-bulvar-ID3Eklp.html?reason=extended_search_extended_distance,1 300 у.е.,1300.0,у.е,,,,,3Eklp,21,uchtepa
,https://www.olx.uz/d/obyavlenie/kvartira-tashkent-siti-gardens-ID4f9mp.html?reason=extended_search_extended_distance,,,,,,,,4f9mp,21,uchtepa
Квартира. Ташкент сити Гарденс,https://www.olx.uz/d/obyavlenie/kvartira-tashkent-siti-gardens-ID4f9mp.html?reason=extended_search_extended_distance,30 000 000 сум Договорная,30000000.0,сум,,,,,4f9mp,21,uchtepa
,https://www.olx.uz/d/obyavlenie/shayxontohur-tumani-srochna-kvartira-ID4f9l8.html?reason=extended_search_extended_distance,,,,,,,,4f9l8,21,uchtepa
Shayxontohur tumani srochna kvartira,https://www.olx.uz/d/obyavlenie/shayxontohur-tumani-srochna-kvartira-ID4f9l8.html?reason=extended_search_extended_distance,270 у.е.,270.0,у.е,,,,,4f9l8,21,uchtepa
,https://www.olx.uz/d/obyavlenie/arenda-kvartira-humo-arena-ID45xiw.html?reason=extended_search_extended_distance,,,,,,,,45xiw,21,uchtepa
Аренда квартира Хумо Арена,https://www.olx.uz/d/obyavlenie/arenda-kvartira-humo-arena-ID45xiw.html?reason=extended_search_extended_distance,900 у.е.,900.0,у.е,,,,,45xiw,21,uchtepa
,https://www.olx.uz/d/obyavlenie/arendaga-2xona-qoraqamish-ID4f9hR.html?reason=extended_search_extended_distance,,,,,,,,4f9hR,21,uchtepa
Arendaga 2xona Qoraqamish,https://www.olx.uz/d/obyavlenie/arendaga-2xona-qoraqamish-ID4f9hR.html?reason=extended_search_extended_distance,550 у.е.,550.0,у.е,,,,,4f9hR,21,uchtepa
,https://www.olx.uz/d/obyavlenie/arenda-1-1-4-mikrorayon-oktepa-38-kvm-oilaga-ID4eL1Q.html?reason=extended_search_extended_distance,,,,,,,,4eL1Q,21,uchtepa
"Аренда  1/1/4 микрорайон Октепа,  38 квм, ОИЛАГА",https://www.olx.uz/d/obyavlenie/arenda-1-1-4-mikrorayon-oktepa-38-kvm-oilaga-ID4eL1Q.html?reason=extended_search_extended_distance,300 у.е.,300.0,у.е,,,,,4eL1Q,21,uchtepa
,https://www.olx.uz/d/obyavlenie/shayxontoxurda-kvartira-ijaraga-beriladi-ID4f92N.html?reason=extended_search_extended_distance,,,,,,,,4f92N,21,uchtepa
Shayxontoxurda kvartira ijaraga beriladi,https://www.olx.uz/d/obyavlenie/shayxontoxurda-kvartira-ijaraga-beriladi-ID4f92N.html?reason=extended_search_extended_distance,250 у.е.,250.0,у.е,,,,,4f92N,21,uchtepa
,https://www.olx.uz/d/obyavlenie/shayxontohur-tumani-srochna-kvartira-ID4f8Zy.html?reason=extended_search_extended_distance,,,,,,,,4f8Zy,21,uchtepa
Shayxontohur tumani srochna kvartira,https://www.olx.uz/d/obyavlenie/shayxontohur-tumani-srochna-kvartira-ID4f8Zy.html?reason=extended_search_extended_distance,300 у.е.,300.0,у.е,,,,,4f8Zy,21,uchtepa
,https://www.olx.uz/d/obyavlenie/srochno-arenda-kvartira-milliy-bog-duruzhba-ID4eKTt.html?reason=extended_search_extended_distance,,,,,,,,4eKTt,21,uchtepa
Срочно аренда квартира миллий бог дуружба,https://www.olx.uz/d/obyavlenie/srochno-arenda-kvartira-milliy-bog-duruzhba-ID4eKTt.html?reason=extended_search_extended_distance,1 000 у.е.,1000.0,у.е,,,,,4eKTt,21,uchtepa
,https://www.olx.uz/d/obyavlenie/sdaetsya-dvuhkomnatnaya-kvartira-v-tashkent-city-boulevard-ID4dVZv.html?reason=extended_search_extended_distance,,,,,,,,4dVZv,21,uchtepa
"Сдаётся двухкомнатная квартира в Tashkent City, Boulevard",https://www.olx.uz/d/obyavlenie/sdaetsya-dvuhkomnatnaya-kvartira-v-tashkent-city-boulevard-ID4dVZv.html?reason=extended_search_extended_distance,1 250 у.е.,1250.0,у.е,,,,,4dVZv,21,uchtepa
