title,url,price_raw,price_value,price_currency,location_text,posted_date_raw,posted_date,time_raw,card_id,district_id,district_name
,https://www.olx.uz/d/obyavlenie/dobryy-beshagach-105-m-3-5-5-prostornaya-parking-ID4eENe.html,,,,,,,,4eENe,26,yakkasarai
"(Добрый) Бешагач, 105 м², 3/5/5, Просторная, Паркинг",https://www.olx.uz/d/obyavlenie/dobryy-beshagach-105-m-3-5-5-prostornaya-parking-ID4eENe.html,750 у.е.,750.0,у.е,,,,,4eENe,26,yakkasarai
,https://www.olx.uz/d/obyavlenie/arenda-ul-shota-rustaveli-80-kv-m-kvartira-novyy-novyy-ID46O0y.html,,,,,,,,46O0y,26,yakkasarai
Аренда ул Шота Руставели 80 кв м квартира новый новый,https://www.olx.uz/d/obyavlenie/arenda-ul-shota-rustaveli-80-kv-m-kvartira-novyy-novyy-ID46O0y.html,900 у.е.,900.0,у.е,,,,,46O0y,26,yakkasarai
,https://www.olx.uz/d/obyavlenie/v-tsentre-rayon-tsuma-sdaetsya-2-komnatnaya-kvartira-ID4eWr1.html,,,,,,,,4eWr1,26,yakkasarai
В центре (район ЦУМа) сдаётся 2 комнатная квартира,https://www.olx.uz/d/obyavlenie/v-tsentre-rayon-tsuma-sdaetsya-2-komnatnaya-kvartira-ID4eWr1.html,1 100 у.е.,1100.0,у.е,,,,,4eWr1,26,yakkasarai
,https://www.olx.uz/d/obyavlenie/sdaetsya-odno-komnatnaya-kvartira-v-zhk-prestige-gardens-ID4eNqc.html,,,,,,,,4eNqc,26,yakkasarai
"Сдаётся одно комнатная квартира в ЖК ""Prestige Gardens""",https://www.olx.uz/d/obyavlenie/sdaetsya-odno-komnatnaya-kvartira-v-zhk-prestige-gardens-ID4eNqc.html,700 у.е.,700.0,у.е,,,,,4eNqc,26,yakkasarai
,https://www.olx.uz/d/obyavlenie/kvartira-arenda-novostroyka-2-komn-yakkasaray-139704-ID4fbIw.html,,,,,,,,4fbIw,26,yakkasarai
Квартира аренда новостройка 2-комн. Яккасарай 139704,https://www.olx.uz/d/obyavlenie/kvartira-arenda-novostroyka-2-komn-yakkasaray-139704-ID4fbIw.html,900 у.е.,900.0,у.е,,,,,4fbIw,26,yakkasarai
,https://www.olx.uz/d/obyavlenie/yakkasaroy-arenda-na-semyu-i-studentov-ID4faix.html,,,,,,,,4faix,26,yakkasarai
Яккасарой аренда на семью и студентов,https://www.olx.uz/d/obyavlenie/yakkasaroy-arenda-na-semyu-i-studentov-ID4faix.html,400 у.е.,400.0,у.е,,,,,4faix,26,yakkasarai
,https://www.olx.uz/d/obyavlenie/sdaetsya-2-h-komnatnaya-kvartira-v-zhk-uzbegim-ID4eNoo.html,,,,,,,,4eNoo,26,yakkasarai
"Сдаётся 2-х комнатная квартира в ЖК ""Узбегим""",https://www.olx.uz/d/obyavlenie/sdaetsya-2-h-komnatnaya-kvartira-v-zhk-uzbegim-ID4eNoo.html,1 300 у.е. Договорная,1300.0,у.е,,,,,4eNoo,26,yakkasarai
,https://www.olx.uz/d/obyavlenie/arenda-2h-kom-zhk-novza-or-r-metro-novza-novaya-nikto-ne-zhil-ID4eNom.html,,,,,,,,4eNom,26,yakkasarai
Аренда 2х ком ЖК Новза ор-р метро Новза Новая никто не жил !!,https://www.olx.uz/d/obyavlenie/arenda-2h-kom-zhk-novza-or-r-metro-novza-novaya-nikto-ne-zhil-ID4eNom.html,600 у.е. Договорная,600.0,у.е,,,,,4eNom,26,yakkasarai
,https://www.olx.uz/d/obyavlenie/sdaetsya-tsum-2-3-4-ID1HZg1.html,,,,,,,,1HZg1,26,yakkasarai
Сдается ЦУМ 2/3/4,https://www.olx.uz/d/obyavlenie/sdaetsya-tsum-2-3-4-ID1HZg1.html,600 у.е.,600.0,у.е,,,,,1HZg1,26,yakkasarai
,https://www.olx.uz/d/obyavlenie/335-sdam-2-komn-2-iz-5-ul-shota-rustaveli-park-druzhby-ID2OqwL.html,,,,,,,,2OqwL,26,yakkasarai
(335) Сдам 2-комн. 2 из 5 ул. Шота Руставели (Парк Дружбы),https://www.olx.uz/d/obyavlenie/335-sdam-2-komn-2-iz-5-ul-shota-rustaveli-park-druzhby-ID2OqwL.html,650 у.е.,650.0,у.е,,,,,2OqwL,26,yakkasarai
,https://www.olx.uz/d/obyavlenie/335-sdaetsya-4-komn-3-iz-7-na-ul-mukumi-ID3iOrs.html,,,,,,,,3iOrs,26,yakkasarai
(335) Сдается  4 комн. 3 из 7 на ул. Мукуми,https://www.olx.uz/d/obyavlenie/335-sdaetsya-4-komn-3-iz-7-na-ul-mukumi-ID3iOrs.html,900 у.е. Договорная,900.0,у.е,,,,,3iOrs,26,yakkasarai
,https://www.olx.uz/d/obyavlenie/sdaetsya-4-4-12-metro-kosmonavtov-aybek-zhemchug-mvd-korzinka-rakat-bashi-ID4bjq0.html,,,,,,,,4bjq0,26,yakkasarai
Сдается 4/4/12 Метро Космонавтов Айбек Жемчуг МВД Корзинка Ракат Баши,https://www.olx.uz/d/obyavlenie/sdaetsya-4-4-12-metro-kosmonavtov-aybek-zhemchug-mvd-korzinka-rakat-bashi-ID4bjq0.html,1 000 у.е.,1000.0,у.е,,,,,4bjq0,26,yakkasarai
,https://www.olx.uz/d/obyavlenie/arenda-istanbul-siti-srochno-2-komnatnaya-ID4dZGs.html,,,,,,,,4dZGs,26,yakkasarai
Аренда Истанбул сити срочно  2 комнатная,https://www.olx.uz/d/obyavlenie/arenda-istanbul-siti-srochno-2-komnatnaya-ID4dZGs.html,800 у.е.,800.0,у.е,,,,,4dZGs,26,yakkasarai
,https://www.olx.uz/d/obyavlenie/sdaetsya-stilnaya-4-komnatnaya-kvartira-v-tsentre-tashkenta-novostroyka-ID4eofR.html,,,,,,,,4eofR,26,yakkasarai
"Сдается стильная 4-комнатная квартира в центре Ташкента, новостройка",https://www.olx.uz/d/obyavlenie/sdaetsya-stilnaya-4-komnatnaya-kvartira-v-tsentre-tashkenta-novostroyka-ID4eofR.html,2 000 у.е.,2000.0,у.е,,,,,4eofR,26,yakkasarai
,https://www.olx.uz/d/obyavlenie/zhk-felicita-sdaetsya-novaya-dvuhyarusnaya-kvartira-v-elit-komplekse-ID42MTP.html,,,,,,,,42MTP,26,yakkasarai
Жк Felicita-Сдается новая двухьярусная квартира в элит комплексе!,https://www.olx.uz/d/obyavlenie/zhk-felicita-sdaetsya-novaya-dvuhyarusnaya-kvartira-v-elit-komplekse-ID42MTP.html,1 700 у.е. Договорная,1700.0,у.е,,,,,42MTP,26,yakkasarai
,https://www.olx.uz/d/obyavlenie/arenda4-7-7-yakkasaray100m2-1300ue-3-mes-predoplata-1-mes-depozit-ID3WLCX.html,,,,,,,,3WLCX,26,yakkasarai
Аренда4/7/7 Яккасарай100м2 1300уе 3 мес предоплата 1 мес депозит,https://www.olx.uz/d/obyavlenie/arenda4-7-7-yakkasaray100m2-1300ue-3-mes-predoplata-1-mes-depozit-ID3WLCX.html,1 300 у.е.,1300.0,у.е,,,,,3WLCX,26,yakkasarai
,https://www.olx.uz/d/obyavlenie/zhk-parisien-mukumiy-most-sdaetsya-3h-komnatnaya-ID3FW2K.html,,,,,,,,3FW2K,26,yakkasarai
ЖК Parisien Мукумий Мост! Сдаётся 3х комнатная!,https://www.olx.uz/d/obyavlenie/zhk-parisien-mukumiy-most-sdaetsya-3h-komnatnaya-ID3FW2K.html,1 000 у.е. Договорная,1000.0,у.е,,,,,3FW2K,26,yakkasarai
,https://www.olx.uz/d/obyavlenie/sdaetsya-3h-komnatnaya-kvartira-v-zhk-madrid-yakkasarayskiy-rayon-ID3FRr3.html,,,,,,,,3FRr3,26,yakkasarai
Сдаётся 3х комнатная квартира в жк Мадрид Яккасарайский район,https://www.olx.uz/d/obyavlenie/sdaetsya-3h-komnatnaya-kvartira-v-zhk-madrid-yakkasarayskiy-rayon-ID3FRr3.html,950 у.е.,950.0,у.е,,,,,3FRr3,26,yakkasarai
,https://www.olx.uz/d/obyavlenie/ogil-bolalarga-kvartera-bor-ID4fbBu.html,,,,,,,,4fbBu,26,yakkasarai
O'g'il bolalarga Kvartera bor,https://www.olx.uz/d/obyavlenie/ogil-bolalarga-kvartera-bor-ID4fbBu.html,700 000 сум,700000.0,сум,,,,,4fbBu,26,yakkasarai
,https://www.olx.uz/d/obyavlenie/arenda-chilanzar-6-golereyka-1-2-4-optovka-ID4fbAY.html,,,,,,,,4fbAY,26,yakkasarai
Аренда Чиланзар  6 Голерейка  1/2/4 Оптовка,https://www.olx.uz/d/obyavlenie/arenda-chilanzar-6-golereyka-1-2-4-optovka-ID4fbAY.html,300 у.е.,300.0,у.е,,,,,4fbAY,26,yakkasarai
,https://www.olx.uz/d/obyavlenie/yakkasaroy-3-xona-navastroyka-ID42HxY.html,,,,,,,,42HxY,26,yakkasarai
Yakkasaroy 3 xona navastroyka,https://www.olx.uz/d/obyavlenie/yakkasaroy-3-xona-navastroyka-ID42HxY.html,550 у.е.,550.0,у.е,,,,,42HxY,26,yakkasarai
,https://www.olx.uz/d/obyavlenie/zh-k-uzbegim-sdaetsya-novaya-kvartira-v-novostroyke-ID33754.html,,,,,,,,33754,26,yakkasarai
Ж/К «Узбегим» сдается новая квартира в новостройке,https://www.olx.uz/d/obyavlenie/zh-k-uzbegim-sdaetsya-novaya-kvartira-v-novostroyke-ID33754.html,650 у.е.,650.0,у.е,,,,,33754,26,yakkasarai
,https://www.olx.uz/d/obyavlenie/sdaetsya-novaya-upakovannaya-kvartira-v-novostroyke-park-babura-ID33eqV.html,,,,,,,,33eqV,26,yakkasarai
Сдается новая упакованная квартира в новостройке парк Бабура,https://www.olx.uz/d/obyavlenie/sdaetsya-novaya-upakovannaya-kvartira-v-novostroyke-park-babura-ID33eqV.html,700 у.е. Договорная,700.0,у.е,,,,,33eqV,26,yakkasarai
,https://www.olx.uz/d/obyavlenie/srochno-sheriklikka-bitta-bola-olamiz-ID4eNhG.html,,,,,,,,4eNhG,26,yakkasarai
Срочно шерикликка битта бола оламиз,https://www.olx.uz/d/obyavlenie/srochno-sheriklikka-bitta-bola-olamiz-ID4eNhG.html,1 300 000 сум,1300000.0,сум,,,,,4eNhG,26,yakkasarai
,https://www.olx.uz/d/obyavlenie/dobryy-zhk-white-house-115-m-4-komnaty-2-etazhnaya-zvezdnaya-ID3Lw0K.html,,,,,,,,3Lw0K,26,yakkasarai
"(Добрый) ЖК White House, 115 м², 4 комнаты 2 этажная, Звездная",https://www.olx.uz/d/obyavlenie/dobryy-zhk-white-house-115-m-4-komnaty-2-etazhnaya-zvezdnaya-ID3Lw0K.html,1 300 у.е.,1300.0,у.е,,,,,3Lw0K,26,yakkasarai
,https://www.olx.uz/d/obyavlenie/sdam-kvartiru-4h-komnatnuyu-na-shota-rustaveli-ID4e6KB.html,,,,,,,,4e6KB,26,yakkasarai
Сдам квартиру 4х комнатную на Шота Руставели,https://www.olx.uz/d/obyavlenie/sdam-kvartiru-4h-komnatnuyu-na-shota-rustaveli-ID4e6KB.html,850 у.е. Договорная,850.0,у.е,,,,,4e6KB,26,yakkasarai
,https://www.olx.uz/d/obyavlenie/zhk-uzbegim-shikarnaya-3-h-komnatnaya-kvartira-ID4c8G7.html,,,,,,,,4c8G7,26,yakkasarai
ЖК Узбегим! шикарная 3-х комнатная квартира,https://www.olx.uz/d/obyavlenie/zhk-uzbegim-shikarnaya-3-h-komnatnaya-kvartira-ID4c8G7.html,1 300 у.е. Договорная,1300.0,у.е,,,,,4c8G7,26,yakkasarai
,https://www.olx.uz/d/obyavlenie/srochno-sdaetsya-otel-v-arendu-v-yakkasarayskom-rayone-ID4eZCs.html,,,,,,,,4eZCs,26,yakkasarai
Срочно сдается отель в аренду в Яккасарайском районе,https://www.olx.uz/d/obyavlenie/srochno-sdaetsya-otel-v-arendu-v-yakkasarayskom-rayone-ID4eZCs.html,9 000 у.е. Договорная,9000.0,у.е,,,,,4eZCs,26,yakkasarai
,https://www.olx.uz/d/obyavlenie/uspeyte-sdaetsya-svetlaya-2-kom-kvartira-v-yakkasaraye-mozhno-bez-zagsa-ID4c5N1.html,,,,,,,,4c5N1,26,yakkasarai
"Успейте! Сдается Светлая 2-ком квартира в Яккасарайе, Можно Без Загса!",https://www.olx.uz/d/obyavlenie/uspeyte-sdaetsya-svetlaya-2-kom-kvartira-v-yakkasaraye-mozhno-bez-zagsa-ID4c5N1.html,600 у.е. Договорная,600.0,у.е,,,,,4c5N1,26,yakkasarai
,https://www.olx.uz/d/obyavlenie/kvartira-2-komnatnaya-ID4eNfv.html,,,,,,,,4eNfv,26,yakkasarai
квартира 2 комнатная,https://www.olx.uz/d/obyavlenie/kvartira-2-komnatnaya-ID4eNfv.html,500 у.е.,500.0,у.е,,,,,4eNfv,26,yakkasarai
,https://www.olx.uz/d/obyavlenie/srochno-sdaetsya-shikarnaya-3-3-9-kv-v-yakkasarayskiy-ul-sh-rustaveli-ID4bItM.html,,,,,,,,4bItM,26,yakkasarai
Срочно! Сдаётся Шикарная 3/3/9 кв в Яккасарайский Ул Ш. Руставели,https://www.olx.uz/d/obyavlenie/srochno-sdaetsya-shikarnaya-3-3-9-kv-v-yakkasarayskiy-ul-sh-rustaveli-ID4bItM.html,600 у.е. Договорная,600.0,у.е,,,,,4bItM,26,yakkasarai
,https://www.olx.uz/d/obyavlenie/arenda-lyuks-kvartira-90-kvm-ID4fbtN.html,,,,,,,,4fbtN,26,yakkasarai
Аренда Люкс Квартира 90 квм,https://www.olx.uz/d/obyavlenie/arenda-lyuks-kvartira-90-kvm-ID4fbtN.html,1 100 у.е.,1100.0,у.е,,,,,4fbtN,26,yakkasarai
,https://www.olx.uz/d/obyavlenie/zhk-parisien-golden-house-sdaetsya-novaya-4h-komnatnaya-ID3F7m3.html,,,,,,,,3F7m3,26,yakkasarai
ЖК Parisien Golden House! Сдается новая 4х комнатная!,https://www.olx.uz/d/obyavlenie/zhk-parisien-golden-house-sdaetsya-novaya-4h-komnatnaya-ID3F7m3.html,1 300 у.е. Договорная,1300.0,у.е,,,,,3F7m3,26,yakkasarai
,https://www.olx.uz/d/obyavlenie/seul-mun-4-2-10-srochno-sdaetsya-ID4eo82.html,,,,,,,,4eo82,26,yakkasarai
сеул мун 4\2\10 срочно сдается,https://www.olx.uz/d/obyavlenie/seul-mun-4-2-10-srochno-sdaetsya-ID4eo82.html,2 200 у.е.,2200.0,у.е,,,,,4eo82,26,yakkasarai
,https://www.olx.uz/d/obyavlenie/arenda-1-v-2-h-bashlyk-kushbegi-ID48CXU.html,,,,,,,,48CXU,26,yakkasarai
Аренда 1 в 2 х..Башлык-Кушбеги,https://www.olx.uz/d/obyavlenie/arenda-1-v-2-h-bashlyk-kushbegi-ID48CXU.html,400 у.е.,400.0,у.е,,,,,48CXU,26,yakkasarai
,https://www.olx.uz/d/obyavlenie/dream-house-3-5-10-100m-dlya-semi-bez-depozita-ID44mdb.html,,,,,,,,44mdb,26,yakkasarai
Dream House 3/5/10 100м² для семьи без депозита!,https://www.olx.uz/d/obyavlenie/dream-house-3-5-10-100m-dlya-semi-bez-depozita-ID44mdb.html,800 у.е. Договорная,800.0,у.е,,,,,44mdb,26,yakkasarai
,https://www.olx.uz/d/obyavlenie/sdaetsya-2h-komnatnaya-kvartira-dlya-molodoy-semi-zhk-madrid-ID44mbZ.html,,,,,,,,44mbZ,26,yakkasarai
Сдаётся 2х комнатная квартира для молодой семьи/ЖК MADRID,https://www.olx.uz/d/obyavlenie/sdaetsya-2h-komnatnaya-kvartira-dlya-molodoy-semi-zhk-madrid-ID44mbZ.html,600 у.е. Договорная,600.0,у.е,,,,,44mbZ,26,yakkasarai
,https://www.olx.uz/d/obyavlenie/3h-komnatnaya-kvartira-v-yakkasarayskom-rayone-so-svezhim-remontom-ID44lxn.html,,,,,,,,44lxn,26,yakkasarai
3х комнатная Квартира в Яккасарайском районе со свежим ремонтом!,https://www.olx.uz/d/obyavlenie/3h-komnatnaya-kvartira-v-yakkasarayskom-rayone-so-svezhim-remontom-ID44lxn.html,600 у.е. Договорная,600.0,у.е,,,,,44lxn,26,yakkasarai
,https://www.olx.uz/d/obyavlenie/bez-makler-kulik-kvartira-gostinitsa-otel-hostel-ID4dXIi.html,,,,,,,,4dXIi,26,yakkasarai
Без маклер Кулик квартира гостиница отель хостел,https://www.olx.uz/d/obyavlenie/bez-makler-kulik-kvartira-gostinitsa-otel-hostel-ID4dXIi.html,125 000 сум Договорная,125000.0,сум,,,,,4dXIi,26,yakkasarai
,https://www.olx.uz/d/obyavlenie/kulik-kvartira-gostinitsa-bez-zags-hostel-mexmonxona-ID4cb05.html,,,,,,,,4cb05,26,yakkasarai
Кулик квартира гостиница без ЗАГС хостел Mexmonxona,https://www.olx.uz/d/obyavlenie/kulik-kvartira-gostinitsa-bez-zags-hostel-mexmonxona-ID4cb05.html,150 000 сум,150000.0,сум,,,,,4cb05,26,yakkasarai
,https://www.olx.uz/d/obyavlenie/srochno-sdaetsya-2-2-9-m-kosmonavtov-tsum-ID4eOrC.html,,,,,,,,4eOrC,26,yakkasarai
Срочно сдается 2/2/9 м. Космонавтов (ЦУМ),https://www.olx.uz/d/obyavlenie/srochno-sdaetsya-2-2-9-m-kosmonavtov-tsum-ID4eOrC.html,1 000 у.е.,1000.0,у.е,,,,,4eOrC,26,yakkasarai
,https://www.olx.uz/d/obyavlenie/arenda-kvartiry-ID4cbz9.html,,,,,,,,4cbz9,26,yakkasarai
Аренда квартиры.,https://www.olx.uz/d/obyavlenie/arenda-kvartiry-ID4cbz9.html,600 у.е. Договорная,600.0,у.е,,,,,4cbz9,26,yakkasarai
,https://www.olx.uz/d/obyavlenie/srochno-sdayu-2-3-9-kvartira-v-shayhantahurskom-rayone-or-ganga-a1-ID4bTRA.html,,,,,,,,4bTRA,26,yakkasarai
"Срочно!!! Сдаю 2/3/9 Квартира в Шайхантахурском районе, Ор: Ганга А1",https://www.olx.uz/d/obyavlenie/srochno-sdayu-2-3-9-kvartira-v-shayhantahurskom-rayone-or-ganga-a1-ID4bTRA.html,500 у.е. Договорная,500.0,у.е,,,,,4bTRA,26,yakkasarai
,https://www.olx.uz/d/obyavlenie/sdaetsya-3-komnatnaya-kvartira-vozle-aeroporta-ID4fbno.html,,,,,,,,4fbno,26,yakkasarai
Сдается 3-комнатная квартира возле Аэропорта.,https://www.olx.uz/d/obyavlenie/sdaetsya-3-komnatnaya-kvartira-vozle-aeroporta-ID4fbno.html,700 у.е.,700.0,у.е,,,,,4fbno,26,yakkasarai
,https://www.olx.uz/d/obyavlenie/pabur-yakkasaroy-b-piramid-4-komnt-sdaetsya-bezuprechnaya-novostroyke-ID3V1SJ.html,,,,,,,,3V1SJ,26,yakkasarai
Пабур Яккасарой б пирамид 4 комнт Сдаётся безупречная новостройке,https://www.olx.uz/d/obyavlenie/pabur-yakkasaroy-b-piramid-4-komnt-sdaetsya-bezuprechnaya-novostroyke-ID3V1SJ.html,1 500 у.е. Договорная,1500.0,у.е,,,,,3V1SJ,26,yakkasarai
,https://www.olx.uz/d/obyavlenie/kushbegiy-3-5-5-700ye-ID4dZo7.html,,,,,,,,4dZo7,26,yakkasarai
Кушбегий 3/5/5 700ye,https://www.olx.uz/d/obyavlenie/kushbegiy-3-5-5-700ye-ID4dZo7.html,600 у.е.,600.0,у.е,,,,,4dZo7,26,yakkasarai
,https://www.olx.uz/d/obyavlenie/2h-komnatnaya-kvartira-posle-remonta-na-babura-ID44GRg.html,,,,,,,,44GRg,26,yakkasarai
2х комнатная квартира после ремонта на Бабура,https://www.olx.uz/d/obyavlenie/2h-komnatnaya-kvartira-posle-remonta-na-babura-ID44GRg.html,550 у.е.,550.0,у.е,,,,,44GRg,26,yakkasarai
,https://www.olx.uz/d/obyavlenie/srochno-sdaetsya-2-kom-5-8-na-yakkasarayskom-or-r-shota-rustaveli-ID3bkNQ.html,,,,,,,,3bkNQ,26,yakkasarai
Срочно сдаётся 2 ком/5/8 на Яккасарайском Ор-р Шота Руставели,https://www.olx.uz/d/obyavlenie/srochno-sdaetsya-2-kom-5-8-na-yakkasarayskom-or-r-shota-rustaveli-ID3bkNQ.html,700 у.е. Договорная,700.0,у.е,,,,,3bkNQ,26,yakkasarai
,https://www.olx.uz/d/obyavlenie/arenda-zhk-parisien-3-h-kom-novaya-kvartira-ID4euEQ.html,,,,,,,,4euEQ,26,yakkasarai
Аренда ЖК Parisien! 3-х ком новая квартира!,https://www.olx.uz/d/obyavlenie/arenda-zhk-parisien-3-h-kom-novaya-kvartira-ID4euEQ.html,1 000 у.е. Договорная,1000.0,у.е,,,,,4euEQ,26,yakkasarai
,https://www.olx.uz/d/obyavlenie/mexmonxona-hostel-gosinittsa-mehmonhona-otel-kunlik-kivartira-ID4eyxJ.html,,,,,,,,4eyxJ,26,yakkasarai
Mexmonxona hostel госинитца мехмонхона отел кунлик кивартира …,https://www.olx.uz/d/obyavlenie/mexmonxona-hostel-gosinittsa-mehmonhona-otel-kunlik-kivartira-ID4eyxJ.html,125 000 сум,125000.0,сум,,,,,4eyxJ,26,yakkasarai
,https://www.olx.uz/d/obyavlenie/sdaetsya-1-kom-zhk-prestige-gardens-ID4eN2c.html,,,,,,,,4eN2c,26,yakkasarai
Сдается 1 ком ЖК Prestige Gardens.,https://www.olx.uz/d/obyavlenie/sdaetsya-1-kom-zhk-prestige-gardens-ID4eN2c.html,550 у.е.,550.0,у.е,,,,,4eN2c,26,yakkasarai
,https://www.olx.uz/d/obyavlenie/bez-makler-kvartira-gostinitsa-hostel-kulik-kvartira-otel-mexmonxona-ID4dbd0.html,,,,,,,,4dbd0,26,yakkasarai
Без маклер квартира гостиница хостел Кулик квартира отель Mexmonxona,https://www.olx.uz/d/obyavlenie/bez-makler-kvartira-gostinitsa-hostel-kulik-kvartira-otel-mexmonxona-ID4dbd0.html,150 000 сум Договорная,150000.0,сум,,,,,4dbd0,26,yakkasarai
,https://www.olx.uz/d/obyavlenie/yakkasaray-zhk-novostroyka-2-komnatnaya-lyuks-ID44Q99.html,,,,,,,,44Q99,26,yakkasarai
Яккасарай ЖК новостройка 2 комнатная люкс,https://www.olx.uz/d/obyavlenie/yakkasaray-zhk-novostroyka-2-komnatnaya-lyuks-ID44Q99.html,550 у.е. Договорная,550.0,у.е,,,,,44Q99,26,yakkasarai
,https://www.olx.uz/d/obyavlenie/sobstvennik-arenda-svoya-kvartira-yakkasaray-salamatina-ID4eSDN.html,,,,,,,,4eSDN,26,yakkasarai
"Собственник, аренда своя квартира , Яккасарай саламатина",https://www.olx.uz/d/obyavlenie/sobstvennik-arenda-svoya-kvartira-yakkasaray-salamatina-ID4eSDN.html,1 000 у.е. Договорная,1000.0,у.е,,,,,4eSDN,26,yakkasarai
,https://www.olx.uz/d/obyavlenie/ul-shota-rustaveli-ID4enVb.html,,,,,,,,4enVb,26,yakkasarai
Ул. Шота Руставели,https://www.olx.uz/d/obyavlenie/ul-shota-rustaveli-ID4enVb.html,900 у.е.,900.0,у.е,,,,,4enVb,26,yakkasarai
,https://www.olx.uz/d/obyavlenie/sdam-3kom-1-etazh-4dom-chilonzor-2kv-oralleya-gagarina-ID4f1WW.html,,,,,,,,4f1WW,26,yakkasarai
Сдам 3⁴ком 1 этаж 4дом Чилонзор 2кв Ор:Аллея Гагарина.,https://www.olx.uz/d/obyavlenie/sdam-3kom-1-etazh-4dom-chilonzor-2kv-oralleya-gagarina-ID4f1WW.html,600 у.е.,600.0,у.е,,,,,4f1WW,26,yakkasarai
,https://www.olx.uz/d/obyavlenie/srochno-sdaetsya-2h-komn-45m2-ul-rakat-or-park-bobur-bks-ID4enWa.html,,,,,,,,4enWa,26,yakkasarai
"СРОЧНО СДАЕТСЯ!2х комн,45м2|ул РАКАТ, ор Парк Бобур.  БКС",https://www.olx.uz/d/obyavlenie/srochno-sdaetsya-2h-komn-45m2-ul-rakat-or-park-bobur-bks-ID4enWa.html,700 у.е. Договорная,700.0,у.е,,,,,4enWa,26,yakkasarai
,https://www.olx.uz/d/obyavlenie/metro-kosmonavtov-ID4enUY.html,,,,,,,,4enUY,26,yakkasarai
метро Космонавтов,https://www.olx.uz/d/obyavlenie/metro-kosmonavtov-ID4enUY.html,1 000 у.е.,1000.0,у.е,,,,,4enUY,26,yakkasarai
,https://www.olx.uz/d/obyavlenie/sdaetsya-svoya-2-h-komnatnaya-kvartira-ID3CW5r.html,,,,,,,,3CW5r,26,yakkasarai
Сдается своя 2-х комнатная квартира,https://www.olx.uz/d/obyavlenie/sdaetsya-svoya-2-h-komnatnaya-kvartira-ID3CW5r.html,800 у.е. Договорная,800.0,у.е,,,,,3CW5r,26,yakkasarai
,https://www.olx.uz/d/obyavlenie/sdaetsya-kvartira-v-novostroyke-ID34eFj.html,,,,,,,,34eFj,26,yakkasarai
Сдается Квартира В Новостройке,https://www.olx.uz/d/obyavlenie/sdaetsya-kvartira-v-novostroyke-ID34eFj.html,800 у.е.,800.0,у.е,,,,,34eFj,26,yakkasarai
,https://www.olx.uz/d/obyavlenie/sdaetsya-kvartira-na-tsume-ID2PZSu.html,,,,,,,,2PZSu,26,yakkasarai
Сдаётся квартира на Цуме,https://www.olx.uz/d/obyavlenie/sdaetsya-kvartira-na-tsume-ID2PZSu.html,1 500 у.е.,1500.0,у.е,,,,,2PZSu,26,yakkasarai
,https://www.olx.uz/d/obyavlenie/sdaetsya-gabus-200kvm-ID2IwsG.html,,,,,,,,2IwsG,26,yakkasarai
Сдается Габус 200квм,https://www.olx.uz/d/obyavlenie/sdaetsya-gabus-200kvm-ID2IwsG.html,2 000 у.е.,2000.0,у.е,,,,,2IwsG,26,yakkasarai
,https://www.olx.uz/d/obyavlenie/sdaetsya-kvartira-na-ul-babura-ID3s9ih.html,,,,,,,,3s9ih,26,yakkasarai
Сдается квартира на ул. Бабура,https://www.olx.uz/d/obyavlenie/sdaetsya-kvartira-na-ul-babura-ID3s9ih.html,1 200 у.е.,1200.0,у.е,,,,,3s9ih,26,yakkasarai
,https://www.olx.uz/d/obyavlenie/sdaetsya-kvartira-na-yakkasarayskom-rayone-ID3skku.html,,,,,,,,3skku,26,yakkasarai
Сдается квартира на Яккасарайском районе‼️,https://www.olx.uz/d/obyavlenie/sdaetsya-kvartira-na-yakkasarayskom-rayone-ID3skku.html,1 000 у.е.,1000.0,у.е,,,,,3skku,26,yakkasarai
,https://www.olx.uz/d/obyavlenie/bez-makler-srochno-arendaga-kuyiladi-ID4eHA5.html,,,,,,,,4eHA5,26,yakkasarai
Без маклер срочно арендага куйилади,https://www.olx.uz/d/obyavlenie/bez-makler-srochno-arendaga-kuyiladi-ID4eHA5.html,1 000 у.е.,1000.0,у.е,,,,,4eHA5,26,yakkasarai
,https://www.olx.uz/d/obyavlenie/sdaetsya-2-h-komnatnaya-kvartira-na-ulitse-mirabad-orientir-grand-mir-ID4csBs.html,,,,,,,,4csBs,26,yakkasarai
"Сдаётся 2-х комнатная квартира на улице Мирабад, ориентир Гранд-Мир",https://www.olx.uz/d/obyavlenie/sdaetsya-2-h-komnatnaya-kvartira-na-ulitse-mirabad-orientir-grand-mir-ID4csBs.html,750 у.е.,750.0,у.е,,,,,4csBs,26,yakkasarai
,https://www.olx.uz/d/obyavlenie/arenda-1-v-2-h-bashlyk-kushbegi-ID48CXU.html,,,,,,,,48CXU,26,yakkasarai
Аренда 1 в 2 х..Башлык-Кушбеги,https://www.olx.uz/d/obyavlenie/arenda-1-v-2-h-bashlyk-kushbegi-ID48CXU.html,400 у.е.,400.0,у.е,,,,,48CXU,26,yakkasarai
,https://www.olx.uz/d/obyavlenie/sdaetsya-kvartira-na-zhk-parisen-ID38eu1.html,,,,,,,,38eu1,26,yakkasarai
Сдается  квартира на ЖК Парисьен,https://www.olx.uz/d/obyavlenie/sdaetsya-kvartira-na-zhk-parisen-ID38eu1.html,1 400 у.е.,1400.0,у.е,,,,,38eu1,26,yakkasarai
,https://www.olx.uz/d/obyavlenie/sdaetsya-3-h-komnatnaya-kvartira-gabus-ID2ECxS.html,,,,,,,,2ECxS,26,yakkasarai
Сдаётся 3-х комнатная квартира Габус!,https://www.olx.uz/d/obyavlenie/sdaetsya-3-h-komnatnaya-kvartira-gabus-ID2ECxS.html,1 600 у.е.,1600.0,у.е,,,,,2ECxS,26,yakkasarai
,https://www.olx.uz/d/obyavlenie/srochnaya-arenda-2hkomn-ID4eMY8.html,,,,,,,,4eMY8,26,yakkasarai
Срочная аренда 2хкомн,https://www.olx.uz/d/obyavlenie/srochnaya-arenda-2hkomn-ID4eMY8.html,500 у.е. Договорная,500.0,у.е,,,,,4eMY8,26,yakkasarai
,https://www.olx.uz/d/obyavlenie/sdaetsya-kvartira-ID3ysVJ.html,,,,,,,,3ysVJ,26,yakkasarai
Сдаётся квартира,https://www.olx.uz/d/obyavlenie/sdaetsya-kvartira-ID3ysVJ.html,1 200 у.е.,1200.0,у.е,,,,,3ysVJ,26,yakkasarai
,https://www.olx.uz/d/obyavlenie/sdaetsya-kvartira-vozle-pervoy-notarialnoy-ID3aFN4.html,,,,,,,,3aFN4,26,yakkasarai
Сдается квартира возле Первой Нотариальной,https://www.olx.uz/d/obyavlenie/sdaetsya-kvartira-vozle-pervoy-notarialnoy-ID3aFN4.html,650 у.е.,650.0,у.е,,,,,3aFN4,26,yakkasarai
,https://www.olx.uz/d/obyavlenie/novastroyka-rakat-mahalla-3-kom-8-etazh-9-etazhka-vse-est-foto-realno-ID4dZdU.html,,,,,,,,4dZdU,26,yakkasarai
Новастройка Ракат махалла 3 ком 8 этаж 9 этажка все ест фото реално,https://www.olx.uz/d/obyavlenie/novastroyka-rakat-mahalla-3-kom-8-etazh-9-etazhka-vse-est-foto-realno-ID4dZdU.html,1 100 у.е.,1100.0,у.е,,,,,4dZdU,26,yakkasarai
,https://www.olx.uz/d/obyavlenie/sdaetsya-kvartira-ID32oHf.html,,,,,,,,32oHf,26,yakkasarai
Сдается квартира,https://www.olx.uz/d/obyavlenie/sdaetsya-kvartira-ID32oHf.html,2 200 у.е.,2200.0,у.е,,,,,32oHf,26,yakkasarai
,https://www.olx.uz/d/obyavlenie/sdaetsya-kvartira-v-tsentre-orientir-m-oybek-ID35QpK.html,,,,,,,,35QpK,26,yakkasarai
Сдается квартира в центре (ориентир м Ойбек),https://www.olx.uz/d/obyavlenie/sdaetsya-kvartira-v-tsentre-orientir-m-oybek-ID35QpK.html,1 800 у.е.,1800.0,у.е,,,,,35QpK,26,yakkasarai
,https://www.olx.uz/d/obyavlenie/sdaetsya-kvartira-vozle-metro-oybek-ID3gcq9.html,,,,,,,,3gcq9,26,yakkasarai
Сдаётся  Квартира возле метро Ойбек,https://www.olx.uz/d/obyavlenie/sdaetsya-kvartira-vozle-metro-oybek-ID3gcq9.html,1 100 у.е. Договорная,1100.0,у.е,,,,,3gcq9,26,yakkasarai
,https://www.olx.uz/d/obyavlenie/sdaetsya-kvartira-na-ul-chimkent-tsum-ID3pKQY.html,,,,,,,,3pKQY,26,yakkasarai
Сдаётся квартира на ул Чимкент ЦУМ,https://www.olx.uz/d/obyavlenie/sdaetsya-kvartira-na-ul-chimkent-tsum-ID3pKQY.html,750 у.е.,750.0,у.е,,,,,3pKQY,26,yakkasarai
,https://www.olx.uz/d/obyavlenie/yakkasarayskiy-rayon-2-komnatnaya-kvartira-arenda-ID3Y40v.html,,,,,,,,3Y40v,26,yakkasarai
Яккасарайский Район 2 комнатная квартира аренда,https://www.olx.uz/d/obyavlenie/yakkasarayskiy-rayon-2-komnatnaya-kvartira-arenda-ID3Y40v.html,600 у.е. Договорная,600.0,у.е,,,,,3Y40v,26,yakkasarai
,https://www.olx.uz/d/obyavlenie/arenda-premium-kvartiry-ID4eA93.html,,,,,,,,4eA93,26,yakkasarai
Аренда премиум квартиры!,https://www.olx.uz/d/obyavlenie/arenda-premium-kvartiry-ID4eA93.html,1 000 у.е.,1000.0,у.е,,,,,4eA93,26,yakkasarai
,https://www.olx.uz/d/obyavlenie/srochno-sdaetsya-kvartira-v-yakkasarayskom-rayone-zhk-drim-haus-ID33wbU.html,,,,,,,,33wbU,26,yakkasarai
Срочно сдается квартира в Яккасарайском районе! ЖК Дрим Хаус!,https://www.olx.uz/d/obyavlenie/srochno-sdaetsya-kvartira-v-yakkasarayskom-rayone-zhk-drim-haus-ID33wbU.html,1 000 у.е.,1000.0,у.е,,,,,33wbU,26,yakkasarai
,https://www.olx.uz/d/obyavlenie/sdaetsya-na-m-kosmonavtov-2-2-12-ID1Us1P.html,,,,,,,,1Us1P,26,yakkasarai
Сдается на м. Космонавтов 2/2/12,https://www.olx.uz/d/obyavlenie/sdaetsya-na-m-kosmonavtov-2-2-12-ID1Us1P.html,700 у.е.,700.0,у.е,,,,,1Us1P,26,yakkasarai
,https://www.olx.uz/d/obyavlenie/arenda-kvartiry-novostroyka-ID2wunv.html,,,,,,,,2wunv,26,yakkasarai
аренда квартиры новостройка,https://www.olx.uz/d/obyavlenie/arenda-kvartiry-novostroyka-ID2wunv.html,750 у.е.,750.0,у.е,,,,,2wunv,26,yakkasarai
,https://www.olx.uz/d/obyavlenie/sdaetsya-lyuks-2h-komnatnaya-kvartira-ID2ooM3.html,,,,,,,,2ooM3,26,yakkasarai
Сдается люкс 2х комнатная квартира,https://www.olx.uz/d/obyavlenie/sdaetsya-lyuks-2h-komnatnaya-kvartira-ID2ooM3.html,1 200 у.е. Договорная,1200.0,у.е,,,,,2ooM3,26,yakkasarai
,https://www.olx.uz/d/obyavlenie/sdaetsya-kvartira-ID3smd9.html,,,,,,,,3smd9,26,yakkasarai
сдается квартира,https://www.olx.uz/d/obyavlenie/sdaetsya-kvartira-ID3smd9.html,850 у.е.,850.0,у.е,,,,,3smd9,26,yakkasarai
,https://www.olx.uz/d/obyavlenie/arenda-kushbegi-novastroyka-3-8-9-srochno-ID4eMVI.html,,,,,,,,4eMVI,26,yakkasarai
Аренда Кушбеги Новастройка 3/8/9 срочно,https://www.olx.uz/d/obyavlenie/arenda-kushbegi-novastroyka-3-8-9-srochno-ID4eMVI.html,600 у.е.,600.0,у.е,,,,,4eMVI,26,yakkasarai
,https://www.olx.uz/d/obyavlenie/sdam-1-komnatu-bez-maklera-ID3HZF3.html,,,,,,,,3HZF3,26,yakkasarai
Сдам 1 комнату без маклера,https://www.olx.uz/d/obyavlenie/sdam-1-komnatu-bez-maklera-ID3HZF3.html,2 500 000 сум,2500000.0,сум,,,,,3HZF3,26,yakkasarai
,https://www.olx.uz/d/obyavlenie/evro-kvartira-v-tsentre-ID22r02.html,,,,,,,,22r02,26,yakkasarai
Евро квартира в центре,https://www.olx.uz/d/obyavlenie/evro-kvartira-v-tsentre-ID22r02.html,700 у.е.,700.0,у.е,,,,,22r02,26,yakkasarai
,https://www.olx.uz/d/obyavlenie/sdaetsya-kvartira-v-tsentre-ID2Z0Kk.html,,,,,,,,2Z0Kk,26,yakkasarai
сдается квартира в центре!!!,https://www.olx.uz/d/obyavlenie/sdaetsya-kvartira-v-tsentre-ID2Z0Kk.html,1 200 у.е.,1200.0,у.е,,,,,2Z0Kk,26,yakkasarai
,https://www.olx.uz/d/obyavlenie/arenda-tsum-3-5-7-ID1Rou3.html,,,,,,,,1Rou3,26,yakkasarai
Аренда ЦУМ 3/5/7,https://www.olx.uz/d/obyavlenie/arenda-tsum-3-5-7-ID1Rou3.html,1 700 у.е.,1700.0,у.е,,,,,1Rou3,26,yakkasarai
,https://www.olx.uz/d/obyavlenie/sdaetsya-novostroyka-ID1GoKZ.html,,,,,,,,1GoKZ,26,yakkasarai
Сдаётся новостройка,https://www.olx.uz/d/obyavlenie/sdaetsya-novostroyka-ID1GoKZ.html,800 у.е.,800.0,у.е,,,,,1GoKZ,26,yakkasarai
,https://www.olx.uz/d/obyavlenie/novostroyka-arenda-kvartira-ID3FSa8.html,,,,,,,,3FSa8,26,yakkasarai
Новостройка. Аренда квартира,https://www.olx.uz/d/obyavlenie/novostroyka-arenda-kvartira-ID3FSa8.html,1 000 у.е. Договорная,1000.0,у.е,,,,,3FSa8,26,yakkasarai
,https://www.olx.uz/d/obyavlenie/gosinittsa-hostel-mehmonhona-kunlik-kivartira-bez-zaks-ID4et34.html,,,,,,,,4et34,26,yakkasarai
Госинитца хостел мехмонхона кунлик кивартира без закс,https://www.olx.uz/d/obyavlenie/gosinittsa-hostel-mehmonhona-kunlik-kivartira-bez-zaks-ID4et34.html,130 000 сум,130000.0,сум,,,,,4et34,26,yakkasarai
,https://www.olx.uz/d/obyavlenie/arenda-zhk-kislorod-novaya-kvartira-ID4eQbf.html,,,,,,,,4eQbf,26,yakkasarai
Аренда ЖК Кислород! новая квартира,https://www.olx.uz/d/obyavlenie/arenda-zhk-kislorod-novaya-kvartira-ID4eQbf.html,900 у.е. Договорная,900.0,у.е,,,,,4eQbf,26,yakkasarai
,https://www.olx.uz/d/obyavlenie/sdaetsya-kvartira-v-tsentre-murad-bilding-ID1DBsC.html,,,,,,,,1DBsC,26,yakkasarai
Сдается Квартира в центре Мурад Билдинг,https://www.olx.uz/d/obyavlenie/sdaetsya-kvartira-v-tsentre-murad-bilding-ID1DBsC.html,2 500 у.е.,2500.0,у.е,,,,,1DBsC,26,yakkasarai
,https://www.olx.uz/d/obyavlenie/sdaetsya-kvartira-v-novostroyke-zhk-parisien-ID3ALHP.html,,,,,,,,3ALHP,26,yakkasarai
Сдаётся квартира в новостройке Жк Parisien,https://www.olx.uz/d/obyavlenie/sdaetsya-kvartira-v-novostroyke-zhk-parisien-ID3ALHP.html,1 500 у.е.,1500.0,у.е,,,,,3ALHP,26,yakkasarai
,https://www.olx.uz/d/obyavlenie/sdaetsya-4-3-7-apartments-for-rent-ID1Fr6M.html,,,,,,,,1Fr6M,26,yakkasarai
Сдаётся 4/3/7 apartments for rent,https://www.olx.uz/d/obyavlenie/sdaetsya-4-3-7-apartments-for-rent-ID1Fr6M.html,1 700 у.е. Договорная,1700.0,у.е,,,,,1Fr6M,26,yakkasarai
,https://www.olx.uz/d/obyavlenie/arenda-shevchenko-3-3-7-ID1RorB.html,,,,,,,,1RorB,26,yakkasarai
Аренда Шевченко 3/3/7,https://www.olx.uz/d/obyavlenie/arenda-shevchenko-3-3-7-ID1RorB.html,2 000 у.е.,2000.0,у.е,,,,,1RorB,26,yakkasarai
,https://www.olx.uz/d/obyavlenie/zhk-dream-haus-yakkasaroy-novastroyka-3-kom-8-etazh-10-etazhka-vse-est-ID4dZ8T.html,,,,,,,,4dZ8T,26,yakkasarai
ЖК Dream Haus Яккасарой новастройка 3 ком 8 этаж 10 этажка все ест,https://www.olx.uz/d/obyavlenie/zhk-dream-haus-yakkasaroy-novastroyka-3-kom-8-etazh-10-etazhka-vse-est-ID4dZ8T.html,750 у.е.,750.0,у.е,,,,,4dZ8T,26,yakkasarai
,https://www.olx.uz/d/obyavlenie/ul-sh-rustavelli-sity-mall-4-kom-8-etazh-10-etazhka-vse-est-foto-realno-ID4dZ7t.html,,,,,,,,4dZ7t,26,yakkasarai
Ул Ш. Руставелли Ситй Малл 4 ком 8 этаж 10 этажка все ест фото реално,https://www.olx.uz/d/obyavlenie/ul-sh-rustavelli-sity-mall-4-kom-8-etazh-10-etazhka-vse-est-foto-realno-ID4dZ7t.html,1 000 у.е.,1000.0,у.е,,,,,4dZ7t,26,yakkasarai
,https://www.olx.uz/d/obyavlenie/zhk-parisien-sdaetsya-v-arendu-v-elitnom-komplekse-ID3FKzD.html,,,,,,,,3FKzD,26,yakkasarai
ЖК Parisien Сдаётся в аренду в элитном комплексе!!!,https://www.olx.uz/d/obyavlenie/zhk-parisien-sdaetsya-v-arendu-v-elitnom-komplekse-ID3FKzD.html,1 600 у.е.,1600.0,у.е,,,,,3FKzD,26,yakkasarai
,https://www.olx.uz/d/obyavlenie/sdaetsya-zhile-dlya-malchikov-ID4cA9l.html,,,,,,,,4cA9l,26,yakkasarai
Сдается Жилье для Мальчиков!,https://www.olx.uz/d/obyavlenie/sdaetsya-zhile-dlya-malchikov-ID4cA9l.html,100 у.е.,100.0,у.е,,,,,4cA9l,26,yakkasarai
,https://www.olx.uz/d/obyavlenie/seuol-moon-3-h-komnatnaya-lyuks-kvartira-v-arendu-ID4dZ6q.html,,,,,,,,4dZ6q,26,yakkasarai
Seuol moon.  3 х комнатная ЛЮКС квартира в аренду,https://www.olx.uz/d/obyavlenie/seuol-moon-3-h-komnatnaya-lyuks-kvartira-v-arendu-ID4dZ6q.html,1 300 у.е.,1300.0,у.е,,,,,4dZ6q,26,yakkasarai
,https://www.olx.uz/d/obyavlenie/arenda-novostroyka-city-life-ID4dXdG.html,,,,,,,,4dXdG,26,yakkasarai
Аренда новостройка City Life,https://www.olx.uz/d/obyavlenie/arenda-novostroyka-city-life-ID4dXdG.html,1 200 у.е.,1200.0,у.е,,,,,4dXdG,26,yakkasarai
,https://www.olx.uz/d/obyavlenie/arenda-kvartry-aeroport-korzinka-inostrantsam-ID495dv.html,,,,,,,,495dv,26,yakkasarai
Аренда Квартры Аэропорт корзинка (иностранцам),https://www.olx.uz/d/obyavlenie/arenda-kvartry-aeroport-korzinka-inostrantsam-ID495dv.html,700 у.е.,700.0,у.е,,,,,495dv,26,yakkasarai
,https://www.olx.uz/d/obyavlenie/sdaetsya-5-kom-kv-vozle-nab-anhor-ul-yu-radzhabi-m-kosmonavty-ID423Sa.html,,,,,,,,423Sa,26,yakkasarai
"Сдается 5-ком. кв. возле наб. Анхор, ул. Ю. Раджаби, м. Космонавты",https://www.olx.uz/d/obyavlenie/sdaetsya-5-kom-kv-vozle-nab-anhor-ul-yu-radzhabi-m-kosmonavty-ID423Sa.html,1 400 у.е.,1400.0,у.е,,,,,423Sa,26,yakkasarai
,https://www.olx.uz/d/obyavlenie/sdaetsya-novaya-premium-3-7-12-kvartira-v-zhk-n-one-ul-nukus-ID4eMQP.html,,,,,,,,4eMQP,26,yakkasarai
Сдается новая премиум 3/7/12 квартира в ЖК N-ONE ул.Нукус,https://www.olx.uz/d/obyavlenie/sdaetsya-novaya-premium-3-7-12-kvartira-v-zhk-n-one-ul-nukus-ID4eMQP.html,2 000 у.е.,2000.0,у.е,,,,,4eMQP,26,yakkasarai
,https://www.olx.uz/d/obyavlenie/sdaetsya-v-arendu-3-komnatnaya-kvartira-v-yakkasarayskom-rayone-ID4cfPd.html,,,,,,,,4cfPd,26,yakkasarai
Сдаётся в аренду 3 комнатная квартира в Яккасарайском районе,https://www.olx.uz/d/obyavlenie/sdaetsya-v-arendu-3-komnatnaya-kvartira-v-yakkasarayskom-rayone-ID4cfPd.html,1 000 у.е.,1000.0,у.е,,,,,4cfPd,26,yakkasarai
,https://www.olx.uz/d/obyavlenie/luchshaya-kvartira-na-babure-2-3-4-foto-realnye-ID3wZe6.html,,,,,,,,3wZe6,26,yakkasarai
Лучшая квартира на Бабуре 2/3/4 Фото реальные!,https://www.olx.uz/d/obyavlenie/luchshaya-kvartira-na-babure-2-3-4-foto-realnye-ID3wZe6.html,550 у.е.,550.0,у.е,,,,,3wZe6,26,yakkasarai
,https://www.olx.uz/d/obyavlenie/yashnabod-metro-srochna-arenda-ID4enF7.html,,,,,,,,4enF7,26,yakkasarai
Yashnabod metro srochna arenda,https://www.olx.uz/d/obyavlenie/yashnabod-metro-srochna-arenda-ID4enF7.html,400 у.е.,400.0,у.е,,,,,4enF7,26,yakkasarai
,https://www.olx.uz/d/obyavlenie/zhk-parisien-stilnaya-dvuhyaruskaya-kvartira-4komnaty-140m2-ID44tEk.html,,,,,,,,44tEk,26,yakkasarai
Жк Parisien! Стильная двухяруская квартира 4комнаты 140м2!,https://www.olx.uz/d/obyavlenie/zhk-parisien-stilnaya-dvuhyaruskaya-kvartira-4komnaty-140m2-ID44tEk.html,1 600 у.е. Договорная,1600.0,у.е,,,,,44tEk,26,yakkasarai
,https://www.olx.uz/d/obyavlenie/sdaetsya-1-kom-zhk-prestige-gardens-ID4eMO7.html,,,,,,,,4eMO7,26,yakkasarai
Сдается 1 ком ЖК Prestige Gardens.,https://www.olx.uz/d/obyavlenie/sdaetsya-1-kom-zhk-prestige-gardens-ID4eMO7.html,650 у.е.,650.0,у.е,,,,,4eMO7,26,yakkasarai
,https://www.olx.uz/d/obyavlenie/arenda-2h-kom-kv-ID4eMO5.html,,,,,,,,4eMO5,26,yakkasarai
Аренда 2х ком кв,https://www.olx.uz/d/obyavlenie/arenda-2h-kom-kv-ID4eMO5.html,1 600 у.е.,1600.0,у.е,,,,,4eMO5,26,yakkasarai
,https://www.olx.uz/d/obyavlenie/arenda-yakassarayskom-r-2-1-5-ID4fb1g.html,,,,,,,,4fb1g,26,yakkasarai
Аренда!!! Якассарайском р. 2/1/5,https://www.olx.uz/d/obyavlenie/arenda-yakassarayskom-r-2-1-5-ID4fb1g.html,800 у.е.,800.0,у.е,,,,,4fb1g,26,yakkasarai
,https://www.olx.uz/d/obyavlenie/sdaetsya-2-komnatnaya-kv-v-yakkasarayskom-rayone-zhk-uzbegim-aeroport-ID4eMMX.html,,,,,,,,4eMMX,26,yakkasarai
Сдается 2-комнатная кв в Яккасарайском районе ЖК Узбегим | Аэропорт,https://www.olx.uz/d/obyavlenie/sdaetsya-2-komnatnaya-kv-v-yakkasarayskom-rayone-zhk-uzbegim-aeroport-ID4eMMX.html,1 200 у.е.,1200.0,у.е,,,,,4eMMX,26,yakkasarai
,https://www.olx.uz/d/obyavlenie/arenda-kvartiry-salamatina-yakkasaray-ID4dYXq.html,,,,,,,,4dYXq,26,yakkasarai
Аренда квартиры Саламатина Яккасарай,https://www.olx.uz/d/obyavlenie/arenda-kvartiry-salamatina-yakkasaray-ID4dYXq.html,450 у.е.,450.0,у.е,,,,,4dYXq,26,yakkasarai
,https://www.olx.uz/d/obyavlenie/mexmonxona-hostel-gosinittsa-mehmonhona-otel-kunlik-kivartira-ID4eyxJ.html,,,,,,,,4eyxJ,26,yakkasarai
Mexmonxona hostel госинитца мехмонхона отел кунлик кивартира …,https://www.olx.uz/d/obyavlenie/mexmonxona-hostel-gosinittsa-mehmonhona-otel-kunlik-kivartira-ID4eyxJ.html,125 000 сум,125000.0,сум,,,,,4eyxJ,26,yakkasarai
,https://www.olx.uz/d/obyavlenie/arenda-zhk-uzbegim-3-h-novaya-kvartira-ID4erb1.html,,,,,,,,4erb1,26,yakkasarai
Аренда ЖК Узбегим! 3-х новая квартира!,https://www.olx.uz/d/obyavlenie/arenda-zhk-uzbegim-3-h-novaya-kvartira-ID4erb1.html,1 100 у.е. Договорная,1100.0,у.е,,,,,4erb1,26,yakkasarai
,https://www.olx.uz/d/obyavlenie/kvartira-izharaga-beriladi-yangi-remont-ID496ff.html,,,,,,,,496ff,26,yakkasarai
Квартира ижарага берилади (янги ремонт),https://www.olx.uz/d/obyavlenie/kvartira-izharaga-beriladi-yangi-remont-ID496ff.html,1 000 у.е. Договорная,1000.0,у.е,,,,,496ff,26,yakkasarai
,https://www.olx.uz/d/obyavlenie/apenda-kvaritiry-yakkasaray-salamatina-ID4enwT.html,,,,,,,,4enwT,26,yakkasarai
Апенда кваритиры Яккасарай Саламатина,https://www.olx.uz/d/obyavlenie/apenda-kvaritiry-yakkasaray-salamatina-ID4enwT.html,430 у.е.,430.0,у.е,,,,,4enwT,26,yakkasarai
,https://www.olx.uz/d/obyavlenie/sdaetsya-kvartira-ID2V3z5.html,,,,,,,,2V3z5,26,yakkasarai
Сдаётся  Квартира,https://www.olx.uz/d/obyavlenie/sdaetsya-kvartira-ID2V3z5.html,800 у.е.,800.0,у.е,,,,,2V3z5,26,yakkasarai
,https://www.olx.uz/d/obyavlenie/sdaem-kvartiru-2-2-4-ID1Yi3p.html,,,,,,,,1Yi3p,26,yakkasarai
Сдаём квартиру 2/2/4,https://www.olx.uz/d/obyavlenie/sdaem-kvartiru-2-2-4-ID1Yi3p.html,800 у.е.,800.0,у.е,,,,,1Yi3p,26,yakkasarai
,https://www.olx.uz/d/obyavlenie/kvartira-sdaetsya-v-tsentre-3-3-5-spetsplan-ID1H653.html,,,,,,,,1H653,26,yakkasarai
квартира Сдаётся в центре 3/3/5 спецплан,https://www.olx.uz/d/obyavlenie/kvartira-sdaetsya-v-tsentre-3-3-5-spetsplan-ID1H653.html,700 у.е.,700.0,у.е,,,,,1H653,26,yakkasarai
,https://www.olx.uz/d/obyavlenie/sdaetsya-ul-salomatina-1-2-4-ID4dYPN.html,,,,,,,,4dYPN,26,yakkasarai
Сдаётся ул. Саломатина 1/2/4,https://www.olx.uz/d/obyavlenie/sdaetsya-ul-salomatina-1-2-4-ID4dYPN.html,450 у.е.,450.0,у.е,,,,,4dYPN,26,yakkasarai
,https://www.olx.uz/d/obyavlenie/bez-makler-gostinitsa-kulik-kvartira-hostel-otel-mexmonxona-ID4f3rV.html,,,,,,,,4f3rV,26,yakkasarai
Без Makler гостиница Кулик квартира хостел отель Mexmonxona,https://www.olx.uz/d/obyavlenie/bez-makler-gostinitsa-kulik-kvartira-hostel-otel-mexmonxona-ID4f3rV.html,120 000 сум Договорная,120000.0,сум,,,,,4f3rV,26,yakkasarai
,https://www.olx.uz/d/obyavlenie/rossiya-gostinitsa-sdaetsya-shikarnaya-3-h-komnatnaya-kvartira-ID3tqq9.html,,,,,,,,3tqq9,26,yakkasarai
Россия Гостиница! Сдается шикарная 3-х комнатная квартира!,https://www.olx.uz/d/obyavlenie/rossiya-gostinitsa-sdaetsya-shikarnaya-3-h-komnatnaya-kvartira-ID3tqq9.html,1 000 у.е. Договорная,1000.0,у.е,,,,,3tqq9,26,yakkasarai
,https://www.olx.uz/d/obyavlenie/arenda-2h-komnatnoy-na-metro-kosmonavtov-mirabadskiy-rayon-idt-ID4aILv.html,,,,,,,,4aILv,26,yakkasarai
Аренда 2х комнатной на метро Космонавтов Мирабадский район IDT,https://www.olx.uz/d/obyavlenie/arenda-2h-komnatnoy-na-metro-kosmonavtov-mirabadskiy-rayon-idt-ID4aILv.html,700 у.е. Договорная,700.0,у.е,,,,,4aILv,26,yakkasarai
,https://www.olx.uz/d/obyavlenie/arenda-kvartiry-v-novostroyke-ID3Dle4.html,,,,,,,,3Dle4,26,yakkasarai
Аренда квартиры в новостройке,https://www.olx.uz/d/obyavlenie/arenda-kvartiry-v-novostroyke-ID3Dle4.html,900 у.е.,900.0,у.е,,,,,3Dle4,26,yakkasarai
,https://www.olx.uz/d/obyavlenie/srochno-sdaetsya-zhk-parkwood-2-komn-kv-ra-novaya-yakkasarayaiky-rayon-idf-ID4aTAw.html,,,,,,,,4aTAw,26,yakkasarai
СРОЧНО сдаётся ЖК Parkwood 2 комн кв-ра новая! Яккасарайаикй район IDF,https://www.olx.uz/d/obyavlenie/srochno-sdaetsya-zhk-parkwood-2-komn-kv-ra-novaya-yakkasarayaiky-rayon-idf-ID4aTAw.html,750 у.е. Договорная,750.0,у.е,,,,,4aTAw,26,yakkasarai
,https://www.olx.uz/d/obyavlenie/rieltorskiy-uslugi-est-yakkasarayskiy-zhk-zarafshon-city-3-komnata-ID45Lh8.html,,,,,,,,45Lh8,26,yakkasarai
"Риелторский услуги есть Яккасарайский ЖК ,,ZARAFSHON CITY,, 3 комната",https://www.olx.uz/d/obyavlenie/rieltorskiy-uslugi-est-yakkasarayskiy-zhk-zarafshon-city-3-komnata-ID45Lh8.html,700 у.е. Договорная,700.0,у.е,,,,,45Lh8,26,yakkasarai
,https://www.olx.uz/d/obyavlenie/zhk-parisien-sdaetsya-novaya-3-h-komnatnaya-kvartira-ID3qEKq.html,,,,,,,,3qEKq,26,yakkasarai
ЖК PARISIEN! Сдается новая 3-х комнатная квартира!,https://www.olx.uz/d/obyavlenie/zhk-parisien-sdaetsya-novaya-3-h-komnatnaya-kvartira-ID3qEKq.html,1 000 у.е. Договорная,1000.0,у.е,,,,,3qEKq,26,yakkasarai
,https://www.olx.uz/d/obyavlenie/zhk-istanbul-city-sdaetsya-3h-kom-novaya-kvartira-s-horoshim-remontom-ID3q6by.html,,,,,,,,3q6by,26,yakkasarai
ЖК Istanbul City! Сдаётся 3х ком новая квартира с хорошим ремонтом!,https://www.olx.uz/d/obyavlenie/zhk-istanbul-city-sdaetsya-3h-kom-novaya-kvartira-s-horoshim-remontom-ID3q6by.html,1 000 у.е.,1000.0,у.е,,,,,3q6by,26,yakkasarai
,https://www.olx.uz/d/obyavlenie/tsum-ts-7-rent-2-1-4-ID4dYM2.html,,,,,,,,4dYM2,26,yakkasarai
Цум Ц-7 Rent 2/1/4,https://www.olx.uz/d/obyavlenie/tsum-ts-7-rent-2-1-4-ID4dYM2.html,800 у.е.,800.0,у.е,,,,,4dYM2,26,yakkasarai
,https://www.olx.uz/d/obyavlenie/sdaetsya-kvartira-v-arendu-tsum-id027-ID3DcPa.html,,,,,,,,3DcPa,26,yakkasarai
"Сдается квартира в аренду, «ЦУМ» ID027",https://www.olx.uz/d/obyavlenie/sdaetsya-kvartira-v-arendu-tsum-id027-ID3DcPa.html,600 у.е. Договорная,600.0,у.е,,,,,3DcPa,26,yakkasarai
,https://www.olx.uz/d/obyavlenie/super-tsena-arenda-kv-ry-v-yakkasaray-rayone-zhk-parisien-ul-babura-id026-ID3D02U.html,,,,,,,,3D02U,26,yakkasarai
СУПЕР ЦЕНА Аренда кв-ры в Яккасарай районе ЖК Parisien ул.Бабура ID026,https://www.olx.uz/d/obyavlenie/super-tsena-arenda-kv-ry-v-yakkasaray-rayone-zhk-parisien-ul-babura-id026-ID3D02U.html,850 у.е. Договорная,850.0,у.е,,,,,3D02U,26,yakkasarai
,https://www.olx.uz/d/obyavlenie/arenda-kvartiry-v-zhk-seoul-mun-id026-ID3DB7p.html,,,,,,,,3DB7p,26,yakkasarai
Аренда квартиры в ЖК Seoul Mun ID026,https://www.olx.uz/d/obyavlenie/arenda-kvartiry-v-zhk-seoul-mun-id026-ID3DB7p.html,700 у.е.,700.0,у.е,,,,,3DB7p,26,yakkasarai
,https://www.olx.uz/d/obyavlenie/arenda-shikarnoy-kvartiry-v-tsentre-tashkenta-2h-komnatnaya-nrg-oybek-idr-ID4arYU.html,,,,,,,,4arYU,26,yakkasarai
Аренда шикарной квартиры в ЦЕНТРЕ ТАШКЕНТА 2х комнатная NRG Oybek IDR,https://www.olx.uz/d/obyavlenie/arenda-shikarnoy-kvartiry-v-tsentre-tashkenta-2h-komnatnaya-nrg-oybek-idr-ID4arYU.html,750 у.е. Договорная,750.0,у.е,,,,,4arYU,26,yakkasarai
,https://www.olx.uz/d/obyavlenie/arenda-kvartiry-v-tsentre-ID22dwJ.html,,,,,,,,22dwJ,26,yakkasarai
Аренда Квартиры в центре,https://www.olx.uz/d/obyavlenie/arenda-kvartiry-v-tsentre-ID22dwJ.html,650 у.е.,650.0,у.е,,,,,22dwJ,26,yakkasarai
,https://www.olx.uz/d/obyavlenie/sdaetsya-shikarnaya-kvartira-posle-remonta-v-stile-loft-ID2BidT.html,,,,,,,,2BidT,26,yakkasarai
Сдаётся шикарная квартира после ремонта в стиле ЛОФТ!,https://www.olx.uz/d/obyavlenie/sdaetsya-shikarnaya-kvartira-posle-remonta-v-stile-loft-ID2BidT.html,2 300 у.е.,2300.0,у.е,,,,,2BidT,26,yakkasarai
,https://www.olx.uz/d/obyavlenie/sdaetsya-kvartira-novostroyka-ulitsa-nukus-ID2C2wl.html,,,,,,,,2C2wl,26,yakkasarai
Сдается квартира новостройка улица  Нукус,https://www.olx.uz/d/obyavlenie/sdaetsya-kvartira-novostroyka-ulitsa-nukus-ID2C2wl.html,1 300 у.е.,1300.0,у.е,,,,,2C2wl,26,yakkasarai
,https://www.olx.uz/d/obyavlenie/bez-makler-kulik-kvartira-gostinitsa-otel-hostel-ID4dXIi.html,,,,,,,,4dXIi,26,yakkasarai
Без маклер Кулик квартира гостиница отель хостел,https://www.olx.uz/d/obyavlenie/bez-makler-kulik-kvartira-gostinitsa-otel-hostel-ID4dXIi.html,125 000 сум Договорная,125000.0,сум,,,,,4dXIi,26,yakkasarai
,https://www.olx.uz/d/obyavlenie/arenda-kvartira-v-yakkasarayskom-rayone-ID3BJ4U.html,,,,,,,,3BJ4U,26,yakkasarai
Аренда квартира в яккасарайском районе,https://www.olx.uz/d/obyavlenie/arenda-kvartira-v-yakkasarayskom-rayone-ID3BJ4U.html,650 у.е.,650.0,у.е,,,,,3BJ4U,26,yakkasarai
,https://www.olx.uz/d/obyavlenie/zhk-parisien-sdaetsya-v-arendu-v-elitnom-komplekse-ID3FKzD.html,,,,,,,,3FKzD,26,yakkasarai
ЖК Parisien Сдаётся в аренду в элитном комплексе!!!,https://www.olx.uz/d/obyavlenie/zhk-parisien-sdaetsya-v-arendu-v-elitnom-komplekse-ID3FKzD.html,1 600 у.е.,1600.0,у.е,,,,,3FKzD,26,yakkasarai
,https://www.olx.uz/d/obyavlenie/zhk-parisien-sdaetsya-novaya-3-h-komnatnaya-kvartira-ID3sPhD.html,,,,,,,,3sPhD,26,yakkasarai
ЖК PARISIEN! Сдается новая 3-х комнатная квартира!,https://www.olx.uz/d/obyavlenie/zhk-parisien-sdaetsya-novaya-3-h-komnatnaya-kvartira-ID3sPhD.html,1 200 у.е. Договорная,1200.0,у.е,,,,,3sPhD,26,yakkasarai
,https://www.olx.uz/d/obyavlenie/sdaetsya-svoya-3-komnatnaya-kvartira-ID4eA5Y.html,,,,,,,,4eA5Y,26,yakkasarai
Сдается СВОЯ 3 комнатная квартира!,https://www.olx.uz/d/obyavlenie/sdaetsya-svoya-3-komnatnaya-kvartira-ID4eA5Y.html,1 200 у.е.,1200.0,у.е,,,,,4eA5Y,26,yakkasarai
,https://www.olx.uz/d/obyavlenie/arenda-1-komnatnoy-ulitsa-shota-rustaveli-kafe-bon-rynok-askiya-ID4enlX.html,,,,,,,,4enlX,26,yakkasarai
"Аренда 1 комнатной, улица Шота Руставели, кафе Бон,Рынок Аския",https://www.olx.uz/d/obyavlenie/arenda-1-komnatnoy-ulitsa-shota-rustaveli-kafe-bon-rynok-askiya-ID4enlX.html,4 776 000 сум,4776000.0,сум,,,,,4enlX,26,yakkasarai
,https://www.olx.uz/d/obyavlenie/arenda-novostroyka-2-8-10-ul-salomatina-ID4eMx7.html,,,,,,,,4eMx7,26,yakkasarai
Аренда Новостройка 2/8/10. Ул. Саломатина.,https://www.olx.uz/d/obyavlenie/arenda-novostroyka-2-8-10-ul-salomatina-ID4eMx7.html,600 у.е.,600.0,у.е,,,,,4eMx7,26,yakkasarai
,https://www.olx.uz/d/obyavlenie/kvartira-sdaetsya-tsum-2-5-9-ID1IEuh.html,,,,,,,,1IEuh,26,yakkasarai
квартира Сдается ЦУМ 2/5/9,https://www.olx.uz/d/obyavlenie/kvartira-sdaetsya-tsum-2-5-9-ID1IEuh.html,700 у.е.,700.0,у.е,,,,,1IEuh,26,yakkasarai
,https://www.olx.uz/d/obyavlenie/sdaetsya-kvartira-2-1-7-chehova-ID25JUx.html,,,,,,,,25JUx,26,yakkasarai
сдаётся квартира 2/1/7 Чехова,https://www.olx.uz/d/obyavlenie/sdaetsya-kvartira-2-1-7-chehova-ID25JUx.html,850 у.е.,850.0,у.е,,,,,25JUx,26,yakkasarai
,https://www.olx.uz/d/obyavlenie/sdaetsya-kvartira-massiv-kushbegi-ng9134-ID4f4nh.html,,,,,,,,4f4nh,26,yakkasarai
Сдается квартира массив Кушбеги Ng9134.,https://www.olx.uz/d/obyavlenie/sdaetsya-kvartira-massiv-kushbegi-ng9134-ID4f4nh.html,700 у.е. Договорная,700.0,у.е,,,,,4f4nh,26,yakkasarai
,https://www.olx.uz/d/obyavlenie/1-natarius-ofis-1-liniya-3h-kom-80m2-arenda-ID4faIS.html,,,,,,,,4faIS,26,yakkasarai
1-Натариус Офис 1-линия 3х ком 80м2 Аренда,https://www.olx.uz/d/obyavlenie/1-natarius-ofis-1-liniya-3h-kom-80m2-arenda-ID4faIS.html,1 500 у.е.,1500.0,у.е,,,,,4faIS,26,yakkasarai
,https://www.olx.uz/d/obyavlenie/arenda-kvartir-v-zhk-prestige-garden-1komn-ul-sh-rustaveli-bks-ID4eMwA.html,,,,,,,,4eMwA,26,yakkasarai
АРЕНДА КВАРТИР В ЖК Prestige Garden!1комн| ул Ш.Руставели|  БКС,https://www.olx.uz/d/obyavlenie/arenda-kvartir-v-zhk-prestige-garden-1komn-ul-sh-rustaveli-bks-ID4eMwA.html,700 у.е. Договорная,700.0,у.е,,,,,4eMwA,26,yakkasarai
,https://www.olx.uz/d/obyavlenie/sdam-3-h-komnatnuyu-kvartiru-v-yakkasaray-novostroyka-ID4eMwr.html,,,,,,,,4eMwr,26,yakkasarai
Сдам 3-х комнатную квартиру в яккасарай новостройка,https://www.olx.uz/d/obyavlenie/sdam-3-h-komnatnuyu-kvartiru-v-yakkasaray-novostroyka-ID4eMwr.html,1 300 у.е.,1300.0,у.е,,,,,4eMwr,26,yakkasarai
,https://www.olx.uz/d/obyavlenie/zhk-kislorod-sdaetsya-novaya-stilnaya-studiya-v-elit-komplekse-ID42JsN.html,,,,,,,,42JsN,26,yakkasarai
Жк Kislorod-Сдается новая стильная студия в элит комплексе!,https://www.olx.uz/d/obyavlenie/zhk-kislorod-sdaetsya-novaya-stilnaya-studiya-v-elit-komplekse-ID42JsN.html,1 000 у.е.,1000.0,у.е,,,,,42JsN,26,yakkasarai
,https://www.olx.uz/d/obyavlenie/kulik-kvartira-gostinitsa-bez-zags-hostel-mexmonxona-ID4cb05.html,,,,,,,,4cb05,26,yakkasarai
Кулик квартира гостиница без ЗАГС хостел Mexmonxona,https://www.olx.uz/d/obyavlenie/kulik-kvartira-gostinitsa-bez-zags-hostel-mexmonxona-ID4cb05.html,150 000 сум,150000.0,сум,,,,,4cb05,26,yakkasarai
,https://www.olx.uz/d/obyavlenie/arenda-lyuksovoy-kvartiry-v-tsentre-tashkenta-250m2-ID4c8Sj.html,,,,,,,,4c8Sj,26,yakkasarai
Аренда Люксовой квартиры в ЦЕНТРЕ Ташкента! 250м2!,https://www.olx.uz/d/obyavlenie/arenda-lyuksovoy-kvartiry-v-tsentre-tashkenta-250m2-ID4c8Sj.html,2 700 у.е.,2700.0,у.е,,,,,4c8Sj,26,yakkasarai
,https://www.olx.uz/d/obyavlenie/svoya-v-arendu-na-prospekt-kosmonavtov-ID421Cm.html,,,,,,,,421Cm,26,yakkasarai
Своя. В аренду на проспект космонавтов,https://www.olx.uz/d/obyavlenie/svoya-v-arendu-na-prospekt-kosmonavtov-ID421Cm.html,800 у.е.,800.0,у.е,,,,,421Cm,26,yakkasarai
,https://www.olx.uz/d/obyavlenie/kulik-kvartira-gostinitsa-bez-makler-hostel-otel-bez-zaks-mexmonxona-ID4f6Bp.html,,,,,,,,4f6Bp,26,yakkasarai
Кулик квартира гостиница без маклер хостел отель bez zaks mexmonxona,https://www.olx.uz/d/obyavlenie/kulik-kvartira-gostinitsa-bez-makler-hostel-otel-bez-zaks-mexmonxona-ID4f6Bp.html,125 000 сум Договорная,125000.0,сум,,,,,4f6Bp,26,yakkasarai
,https://www.olx.uz/d/obyavlenie/arenda-1-5-9-novostroyka-shota-rustaveli-mukimiy-parisien-yakkasaray-ID4apXG.html,,,,,,,,4apXG,26,yakkasarai
Аренда 1/5/9 Новостройка Шота Руставели Мукимий Parisien Яккасарай,https://www.olx.uz/d/obyavlenie/arenda-1-5-9-novostroyka-shota-rustaveli-mukimiy-parisien-yakkasaray-ID4apXG.html,450 у.е.,450.0,у.е,,,,,4apXG,26,yakkasarai
,https://www.olx.uz/d/obyavlenie/bez-predoplaty-2h-komn-58m2-evroremont-ul-bobur-park-bobur-bks-ID4dYEe.html,,,,,,,,4dYEe,26,yakkasarai
"БЕЗ ПРЕДОПЛАТЫ!!2х комн,58м2|ЕВРОРЕМОНТ|ул Бобур|Парк Бобур. БКС",https://www.olx.uz/d/obyavlenie/bez-predoplaty-2h-komn-58m2-evroremont-ul-bobur-park-bobur-bks-ID4dYEe.html,650 у.е. Договорная,650.0,у.е,,,,,4dYEe,26,yakkasarai
,https://www.olx.uz/d/obyavlenie/gosinittsa-hostel-mehmonhona-kunlik-kivartira-bez-zaks-ID4et34.html,,,,,,,,4et34,26,yakkasarai
Госинитца хостел мехмонхона кунлик кивартира без закс,https://www.olx.uz/d/obyavlenie/gosinittsa-hostel-mehmonhona-kunlik-kivartira-bez-zaks-ID4et34.html,130 000 сум,130000.0,сум,,,,,4et34,26,yakkasarai
,https://www.olx.uz/d/obyavlenie/arenda-prestizh-garden-1-9-14-ID4faFk.html,,,,,,,,4faFk,26,yakkasarai
Аренда Престиж Гарден. 1/9/14.,https://www.olx.uz/d/obyavlenie/arenda-prestizh-garden-1-9-14-ID4faFk.html,600 у.е.,600.0,у.е,,,,,4faFk,26,yakkasarai
,https://www.olx.uz/d/obyavlenie/yakkasaroy-zhk-madrid-2-7-9-ID4enfE.html,,,,,,,,4enfE,26,yakkasarai
Яккасарой ЖК Madrid 2/7/9,https://www.olx.uz/d/obyavlenie/yakkasaroy-zhk-madrid-2-7-9-ID4enfE.html,700 у.е.,700.0,у.е,,,,,4enfE,26,yakkasarai
,https://www.olx.uz/d/obyavlenie/sdaetsya-kvartira-v-zhk-modera-tower-1komn-25m2-ul-sh-rustaveli-bks-ID4eMtA.html,,,,,,,,4eMtA,26,yakkasarai
"СДАЕТСЯ КВАРТИРА в ЖК Modera Tower!1комн,25м2|ул Ш.Руставели  БКС",https://www.olx.uz/d/obyavlenie/sdaetsya-kvartira-v-zhk-modera-tower-1komn-25m2-ul-sh-rustaveli-bks-ID4eMtA.html,700 у.е. Договорная,700.0,у.е,,,,,4eMtA,26,yakkasarai
,https://www.olx.uz/d/obyavlenie/kushbegi-arenda-srochno-evro-remont-3-h-komnatnaya-ID4dYCt.html,,,,,,,,4dYCt,26,yakkasarai
Кушбеги.  Аренда.  Срочно.  ЕВРО РЕМОНТ. 3 х комнатная,https://www.olx.uz/d/obyavlenie/kushbegi-arenda-srochno-evro-remont-3-h-komnatnaya-ID4dYCt.html,600 у.е.,600.0,у.е,,,,,4dYCt,26,yakkasarai
,https://www.olx.uz/d/obyavlenie/srochno-arenda-kvartiry-4-2-9-yakkasaray-rayon-110-m2-orientir-8-roddom-ID4aktk.html,,,,,,,,4aktk,26,yakkasarai
Срочно аренда квартиры 4/2/9 Яккасарай район 110 м2 ориентир 8 роддом,https://www.olx.uz/d/obyavlenie/srochno-arenda-kvartiry-4-2-9-yakkasaray-rayon-110-m2-orientir-8-roddom-ID4aktk.html,1 100 у.е. Договорная,1100.0,у.е,,,,,4aktk,26,yakkasarai
,https://www.olx.uz/d/obyavlenie/arenda-lyuks-kvartira-3-4-8-novostroyka-100-kv-m-parizhen-parisien-ID2WxOq.html,,,,,,,,2WxOq,26,yakkasarai
Аренда ЛЮКС квартира  3/4/8 Новостройка 100 кв.м. Парижен PARISIEN,https://www.olx.uz/d/obyavlenie/arenda-lyuks-kvartira-3-4-8-novostroyka-100-kv-m-parizhen-parisien-ID2WxOq.html,1 800 у.е.,1800.0,у.е,,,,,2WxOq,26,yakkasarai
,https://www.olx.uz/d/obyavlenie/arenda-2-4-5-park-babura-nekst-seoul-mun-magic-city-ID4aXlh.html,,,,,,,,4aXlh,26,yakkasarai
Аренда 2/4/5 Парк Бабура Некст Seoul Mun Magic City,https://www.olx.uz/d/obyavlenie/arenda-2-4-5-park-babura-nekst-seoul-mun-magic-city-ID4aXlh.html,750 у.е.,750.0,у.е,,,,,4aXlh,26,yakkasarai
,https://www.olx.uz/d/obyavlenie/arenda-2h-kom-na-dolgiy-srok-ID4dvoe.html,,,,,,,,4dvoe,26,yakkasarai
Аренда 2х ком. на долгий срок,https://www.olx.uz/d/obyavlenie/arenda-2h-kom-na-dolgiy-srok-ID4dvoe.html,1 000 у.е.,1000.0,у.е,,,,,4dvoe,26,yakkasarai
,https://www.olx.uz/d/obyavlenie/arenda-zhk-parisien-3-h-kom-novaya-kvartira-ID4euEQ.html,,,,,,,,4euEQ,26,yakkasarai
Аренда ЖК Parisien! 3-х ком новая квартира!,https://www.olx.uz/d/obyavlenie/arenda-zhk-parisien-3-h-kom-novaya-kvartira-ID4euEQ.html,1 000 у.е. Договорная,1000.0,у.е,,,,,4euEQ,26,yakkasarai
,https://www.olx.uz/d/obyavlenie/novostroyka-yakkksaray-bratskiy-2h-komnatnaya-studiya-s-obstonovkoy-ID4eTt8.html,,,,,,,,4eTt8,26,yakkasarai
Новостройка Яккксарай Братский 2х комнатная Студия с обстоновкой,https://www.olx.uz/d/obyavlenie/novostroyka-yakkksaray-bratskiy-2h-komnatnaya-studiya-s-obstonovkoy-ID4eTt8.html,600 у.е.,600.0,у.е,,,,,4eTt8,26,yakkasarai
,https://www.olx.uz/d/obyavlenie/sdaetsya-novaya-kvartira-3-3-12-novostroyka-ul-babura-piramid-yakkasaray-ID3Y9uR.html,,,,,,,,3Y9uR,26,yakkasarai
Сдается Новая квартира 3/3/12 Новостройка ул.Бабура Пирамид Яккасарай,https://www.olx.uz/d/obyavlenie/sdaetsya-novaya-kvartira-3-3-12-novostroyka-ul-babura-piramid-yakkasaray-ID3Y9uR.html,900 у.е.,900.0,у.е,,,,,3Y9uR,26,yakkasarai
,https://www.olx.uz/d/obyavlenie/zhk-aeroport-haus-sdaetsya-3h-kom-kvartira-v-elit-komplekse-ID4dt2h.html,,,,,,,,4dt2h,26,yakkasarai
Жк Аэропорт хаус! Сдается 3х-ком квартира! В элит комплексе!,https://www.olx.uz/d/obyavlenie/zhk-aeroport-haus-sdaetsya-3h-kom-kvartira-v-elit-komplekse-ID4dt2h.html,1 000 у.е. Договорная,1000.0,у.е,,,,,4dt2h,26,yakkasarai
,https://www.olx.uz/d/obyavlenie/sdaetsya-kvartira-ID35kMq.html,,,,,,,,35kMq,26,yakkasarai
сдается квартира,https://www.olx.uz/d/obyavlenie/sdaetsya-kvartira-ID35kMq.html,650 у.е.,650.0,у.е,,,,,35kMq,26,yakkasarai
,https://www.olx.uz/d/obyavlenie/sdaetsya-kvartira-novostroyka-ID32pMy.html,,,,,,,,32pMy,26,yakkasarai
Сдается Квартира Новостройка,https://www.olx.uz/d/obyavlenie/sdaetsya-kvartira-novostroyka-ID32pMy.html,1 100 у.е.,1100.0,у.е,,,,,32pMy,26,yakkasarai
,https://www.olx.uz/d/obyavlenie/sdaetsya-kvartira-na-shota-rustaveli-ID2DrmZ.html,,,,,,,,2DrmZ,26,yakkasarai
Сдаётся квартира на Шота Руставели!,https://www.olx.uz/d/obyavlenie/sdaetsya-kvartira-na-shota-rustaveli-ID2DrmZ.html,750 у.е.,750.0,у.е,,,,,2DrmZ,26,yakkasarai
,https://www.olx.uz/d/obyavlenie/sdaetsya-3-3-4-na-chehova-ID1J2A5.html,,,,,,,,1J2A5,26,yakkasarai
Сдается 3/3/4 на Чехова,https://www.olx.uz/d/obyavlenie/sdaetsya-3-3-4-na-chehova-ID1J2A5.html,1 300 у.е.,1300.0,у.е,,,,,1J2A5,26,yakkasarai
,https://www.olx.uz/d/obyavlenie/kvartira-sdaetsya-3-2-4-na-m-kosmonavtov-ID1DXhQ.html,,,,,,,,1DXhQ,26,yakkasarai
квартира Сдается 3/2/4 на м. Космонавтов,https://www.olx.uz/d/obyavlenie/kvartira-sdaetsya-3-2-4-na-m-kosmonavtov-ID1DXhQ.html,800 у.е.,800.0,у.е,,,,,1DXhQ,26,yakkasarai
,https://www.olx.uz/d/obyavlenie/3-komnatnaya-shota-rustaveli-ID4dqnZ.html,,,,,,,,4dqnZ,26,yakkasarai
3 комнатная шота руставели,https://www.olx.uz/d/obyavlenie/3-komnatnaya-shota-rustaveli-ID4dqnZ.html,750 у.е. Договорная,750.0,у.е,,,,,4dqnZ,26,yakkasarai
,https://www.olx.uz/d/obyavlenie/zhk-kislorod-sdaetsya-novaya-studiya-v-novom-elitnom-komplekse-tashkenta-ID42JnA.html,,,,,,,,42JnA,26,yakkasarai
Жк Kislorod! Сдается новая студия в новом элитном комплексе Ташкента!,https://www.olx.uz/d/obyavlenie/zhk-kislorod-sdaetsya-novaya-studiya-v-novom-elitnom-komplekse-tashkenta-ID42JnA.html,1 000 у.е. Договорная,1000.0,у.е,,,,,42JnA,26,yakkasarai
,https://www.olx.uz/d/obyavlenie/sdaetsya-kvartira-s-avtorskim-remontom-ID2EPJB.html,,,,,,,,2EPJB,26,yakkasarai
Сдается квартира С Авторским ремонтом,https://www.olx.uz/d/obyavlenie/sdaetsya-kvartira-s-avtorskim-remontom-ID2EPJB.html,800 у.е. Договорная,800.0,у.е,,,,,2EPJB,26,yakkasarai
,https://www.olx.uz/d/obyavlenie/arenda-4-7-7-orientir-karavan-100m2-1300-ue-predoplata-3-mes-1-mes-dep-ID4eg60.html,,,,,,,,4eg60,26,yakkasarai
Аренда 4/7/7 ориентир Караван 100м2 1300 уе предоплата 3 мес 1 мес деп,https://www.olx.uz/d/obyavlenie/arenda-4-7-7-orientir-karavan-100m2-1300-ue-predoplata-3-mes-1-mes-dep-ID4eg60.html,1 300 у.е.,1300.0,у.е,,,,,4eg60,26,yakkasarai
,https://www.olx.uz/d/obyavlenie/sdaetsya-kvartira-v-arendu-raspolozhennuyu-ryadom-s-metro-novza-ID4bVFT.html,,,,,,,,4bVFT,26,yakkasarai
"Сдается квартира в аренду расположенную рядом с метро ""Новза""",https://www.olx.uz/d/obyavlenie/sdaetsya-kvartira-v-arendu-raspolozhennuyu-ryadom-s-metro-novza-ID4bVFT.html,1 900 у.е. Договорная,1900.0,у.е,,,,,4bVFT,26,yakkasarai
,https://www.olx.uz/d/obyavlenie/bez-makler-gostinitsa-kulik-kvartira-hostel-otel-mexmonxona-ID4f3rV.html,,,,,,,,4f3rV,26,yakkasarai
Без Makler гостиница Кулик квартира хостел отель Mexmonxona,https://www.olx.uz/d/obyavlenie/bez-makler-gostinitsa-kulik-kvartira-hostel-otel-mexmonxona-ID4f3rV.html,120 000 сум Договорная,120000.0,сум,,,,,4f3rV,26,yakkasarai
,https://www.olx.uz/d/obyavlenie/s-vidom-na-tashkent-siti-modera-towers-svoya-kva-ID4favc.html,,,,,,,,4favc,26,yakkasarai
"С видом на Ташкент Сити, Modera Towers, своя ква",https://www.olx.uz/d/obyavlenie/s-vidom-na-tashkent-siti-modera-towers-svoya-kva-ID4favc.html,1 650 у.е.,1650.0,у.е,,,,,4favc,26,yakkasarai
,https://www.olx.uz/d/obyavlenie/mukimiy-zhk-zaravshan-siti-2-h-komnatnaya-55-m-ID44GR8.html,,,,,,,,44GR8,26,yakkasarai
Мукимий ЖК Заравшан сити 2-х комнатная 55 м²,https://www.olx.uz/d/obyavlenie/mukimiy-zhk-zaravshan-siti-2-h-komnatnaya-55-m-ID44GR8.html,650 у.е.,650.0,у.е,,,,,44GR8,26,yakkasarai
,https://www.olx.uz/d/obyavlenie/nukuskaya-horoshenkaya-gg-gabus-3-kom-na-glinka-ID1juJc.html,,,,,,,,1juJc,26,yakkasarai
Нукуская хорошенькая гг Габус 3 ком на Глинка,https://www.olx.uz/d/obyavlenie/nukuskaya-horoshenkaya-gg-gabus-3-kom-na-glinka-ID1juJc.html,1 000 у.е. Договорная,1000.0,у.е,,,,,1juJc,26,yakkasarai
,https://www.olx.uz/d/obyavlenie/arenda-3-4-9-yunusabadskiy-rayon-ID4fawS.html,,,,,,,,4fawS,26,yakkasarai
Аренда 3/4/9 Юнусабадский район,https://www.olx.uz/d/obyavlenie/arenda-3-4-9-yunusabadskiy-rayon-ID4fawS.html,9 600 000 сум,9600000.0,сум,,,,,4fawS,26,yakkasarai
,https://www.olx.uz/d/obyavlenie/arenda-yakkasaray-shota-rustaveli-2hkom-ID3TFRt.html,,,,,,,,3TFRt,26,yakkasarai
Аренда Яккасарай Шота Руставели 2хКом,https://www.olx.uz/d/obyavlenie/arenda-yakkasaray-shota-rustaveli-2hkom-ID3TFRt.html,800 у.е.,800.0,у.е,,,,,3TFRt,26,yakkasarai
,https://www.olx.uz/d/obyavlenie/gai-glinka-novostroyka-sdaetsya-3-h-komnatnaya-v-elit-komplekse-ID3dpMO.html,,,,,,,,3dpMO,26,yakkasarai
Гаи Глинка-Новостройка! Сдается 3-х комнатная в элит комплексе!,https://www.olx.uz/d/obyavlenie/gai-glinka-novostroyka-sdaetsya-3-h-komnatnaya-v-elit-komplekse-ID3dpMO.html,1 000 у.е. Договорная,1000.0,у.е,,,,,3dpMO,26,yakkasarai
,https://www.olx.uz/d/obyavlenie/zhk-parisien-mukumiy-most-sdaetsya-novaya-3h-komnatnaya-ID3FBVd.html,,,,,,,,3FBVd,26,yakkasarai
ЖК Parisien Мукумий Мост! Сдаётся новая 3х комнатная!,https://www.olx.uz/d/obyavlenie/zhk-parisien-mukumiy-most-sdaetsya-novaya-3h-komnatnaya-ID3FBVd.html,900 у.е. Договорная,900.0,у.е,,,,,3FBVd,26,yakkasarai
,https://www.olx.uz/d/obyavlenie/yakkasaroy-toyhona-gg-areda-babur-4-komntnaya-dvuhyarusnaya-kvartira-ID3fQ5R.html,,,,,,,,3fQ5R,26,yakkasarai
Яккасарой Тойхона гг Ареда Бабур 4 комнтная двухярусная квартира,https://www.olx.uz/d/obyavlenie/yakkasaroy-toyhona-gg-areda-babur-4-komntnaya-dvuhyarusnaya-kvartira-ID3fQ5R.html,1 500 у.е. Договорная,1500.0,у.е,,,,,3fQ5R,26,yakkasarai
,https://www.olx.uz/d/obyavlenie/sdaetsya-shikarnaya-kvartira-shota-rustaveli-yakkasarayskiy-r-n-ID4eMjZ.html,,,,,,,,4eMjZ,26,yakkasarai
Сдается шикарная квартира Шота Руставели Яккасарайский р-н,https://www.olx.uz/d/obyavlenie/sdaetsya-shikarnaya-kvartira-shota-rustaveli-yakkasarayskiy-r-n-ID4eMjZ.html,1 000 у.е.,1000.0,у.е,,,,,4eMjZ,26,yakkasarai
,https://www.olx.uz/d/obyavlenie/lyuks-2-kom-evro-kvartira-v-yakkasaraye-or-magic-city-878-ID4faup.html,,,,,,,,4faup,26,yakkasarai
ЛЮКС!!! 2-ком евро квартира в Яккасарайе! ОР: Magic city 878*,https://www.olx.uz/d/obyavlenie/lyuks-2-kom-evro-kvartira-v-yakkasaraye-or-magic-city-878-ID4faup.html,550 у.е. Договорная,550.0,у.е,,,,,4faup,26,yakkasarai
,https://www.olx.uz/d/obyavlenie/arenda-kvartira-yakka-saraeskiy-raen-ID3I9d4.html,,,,,,,,3I9d4,26,yakkasarai
Аренда квартира Якка Сараеский раен,https://www.olx.uz/d/obyavlenie/arenda-kvartira-yakka-saraeskiy-raen-ID3I9d4.html,500 у.е.,500.0,у.е,,,,,3I9d4,26,yakkasarai
,https://www.olx.uz/d/obyavlenie/srochno-sdaetsya-2h-komnatnaya-yakkasarayskom-rayone-ID4f40q.html,,,,,,,,4f40q,26,yakkasarai
Срочно сдаётся 2х комнатная яккасарайском районе,https://www.olx.uz/d/obyavlenie/srochno-sdaetsya-2h-komnatnaya-yakkasarayskom-rayone-ID4f40q.html,500 у.е.,500.0,у.е,,,,,4f40q,26,yakkasarai
,https://www.olx.uz/d/obyavlenie/arenda-kvartiry-na-glinke-novostroyka-2h-komnatnaya-ID4aPJX.html,,,,,,,,4aPJX,26,yakkasarai
АРЕНДА Квартиры на Глинке Новостройка 2х комнатная,https://www.olx.uz/d/obyavlenie/arenda-kvartiry-na-glinke-novostroyka-2h-komnatnaya-ID4aPJX.html,700 у.е. Договорная,700.0,у.е,,,,,4aPJX,26,yakkasarai
,https://www.olx.uz/d/obyavlenie/kvartira-v-arendu-tsum-srochno-sdaetsya-2h-komn-kvartira-id025-ID3EMH1.html,,,,,,,,3EMH1,26,yakkasarai
"Квартира в аренду, ЦУМ, Срочно сдается 2х комн квартира ID025",https://www.olx.uz/d/obyavlenie/kvartira-v-arendu-tsum-srochno-sdaetsya-2h-komn-kvartira-id025-ID3EMH1.html,750 у.е. Договорная,750.0,у.е,,,,,3EMH1,26,yakkasarai
,https://www.olx.uz/d/obyavlenie/sdaetsya-novaya-kvartira-v-zhk-felicita-ID3tzRs.html,,,,,,,,3tzRs,26,yakkasarai
Сдается новая квартира в ЖК Felicita,https://www.olx.uz/d/obyavlenie/sdaetsya-novaya-kvartira-v-zhk-felicita-ID3tzRs.html,2 000 у.е.,2000.0,у.е,,,,,3tzRs,26,yakkasarai
,https://www.olx.uz/d/obyavlenie/sdaetsya-v-arendu-svoya-kvartira-v-tsentre-ID4ek7z.html,,,,,,,,4ek7z,26,yakkasarai
Сдается в аренду своя квартира в центре,https://www.olx.uz/d/obyavlenie/sdaetsya-v-arendu-svoya-kvartira-v-tsentre-ID4ek7z.html,900 у.е.,900.0,у.е,,,,,4ek7z,26,yakkasarai
,https://www.olx.uz/d/obyavlenie/zhk-parisien-sdaetsya-dvuhyarusnaya-kvartira-v-elitnom-komplekse-ID42O63.html,,,,,,,,42O63,26,yakkasarai
Жк Parisien-Сдается двухьярусная квартира в элитном комплексе!,https://www.olx.uz/d/obyavlenie/zhk-parisien-sdaetsya-dvuhyarusnaya-kvartira-v-elitnom-komplekse-ID42O63.html,1 600 у.е. Договорная,1600.0,у.е,,,,,42O63,26,yakkasarai
,https://www.olx.uz/d/obyavlenie/sdaetsya-kvartira-v-tsentre-na-tsume-ID3sia3.html,,,,,,,,3sia3,26,yakkasarai
Сдается квартира в центре на Цуме,https://www.olx.uz/d/obyavlenie/sdaetsya-kvartira-v-tsentre-na-tsume-ID3sia3.html,850 у.е.,850.0,у.е,,,,,3sia3,26,yakkasarai
,https://www.olx.uz/d/obyavlenie/arenda-kvartiry-yakkasaray-bashlyk-ID4emZp.html,,,,,,,,4emZp,26,yakkasarai
Аренда квартиры Яккасарай Башлык,https://www.olx.uz/d/obyavlenie/arenda-kvartiry-yakkasaray-bashlyk-ID4emZp.html,500 у.е.,500.0,у.е,,,,,4emZp,26,yakkasarai
,https://www.olx.uz/d/obyavlenie/arenda-kvartira-yakkasaroy-bobur-ID3KLbC.html,,,,,,,,3KLbC,26,yakkasarai
Arenda kvartira Yakkasaroy bobur,https://www.olx.uz/d/obyavlenie/arenda-kvartira-yakkasaroy-bobur-ID3KLbC.html,700 у.е.,700.0,у.е,,,,,3KLbC,26,yakkasarai
,https://www.olx.uz/d/obyavlenie/zhk-uzbegim-sdaetsya-novaya-2-h-komnatnaya-kvartira-v-stile-neoklassika-ID3vWuY.html,,,,,,,,3vWuY,26,yakkasarai
ЖК Узбегим! Сдается новая 2-х комнатная квартира в стиле Неоклассика!,https://www.olx.uz/d/obyavlenie/zhk-uzbegim-sdaetsya-novaya-2-h-komnatnaya-kvartira-v-stile-neoklassika-ID3vWuY.html,800 у.е. Договорная,800.0,у.е,,,,,3vWuY,26,yakkasarai
,https://www.olx.uz/d/obyavlenie/zhk-felicita-sdaetsya-novaya-2-h-komnatnaya-kvartira-posle-remonta-ID3pTz4.html,,,,,,,,3pTz4,26,yakkasarai
ЖК Felicita! Сдается новая 2-х комнатная квартира после ремонта!,https://www.olx.uz/d/obyavlenie/zhk-felicita-sdaetsya-novaya-2-h-komnatnaya-kvartira-posle-remonta-ID3pTz4.html,950 у.е. Договорная,950.0,у.е,,,,,3pTz4,26,yakkasarai
,https://www.olx.uz/d/obyavlenie/arenda-yakkasaray-2-komnatnaya-kvartira-v-zhk-salaris-ID4dYno.html,,,,,,,,4dYno,26,yakkasarai
"Аренда /Яккасарай, 2 комнатная квартира в  ЖК Salaris",https://www.olx.uz/d/obyavlenie/arenda-yakkasaray-2-komnatnaya-kvartira-v-zhk-salaris-ID4dYno.html,800 у.е.,800.0,у.е,,,,,4dYno,26,yakkasarai
,https://www.olx.uz/d/obyavlenie/arenda-kvartiry-yakkasaray-salamatina-dlya-studentov-ID4eMe3.html,,,,,,,,4eMe3,26,yakkasarai
Аренда квартиры Яккасарай Саламатина для СТУДЕНТОВ,https://www.olx.uz/d/obyavlenie/arenda-kvartiry-yakkasaray-salamatina-dlya-studentov-ID4eMe3.html,600 у.е.,600.0,у.е,,,,,4eMe3,26,yakkasarai
,https://www.olx.uz/d/obyavlenie/sdaetsya-3-1-4-kvartira-chilanzar-2-torg-tsentr-alleya-gagarina-ID4fanR.html,,,,,,,,4fanR,26,yakkasarai
"Сдается 3⁴/1/4 квартира, Чиланзар 2, Торг. центр, Аллея Гагарина",https://www.olx.uz/d/obyavlenie/sdaetsya-3-1-4-kvartira-chilanzar-2-torg-tsentr-alleya-gagarina-ID4fanR.html,600 у.е.,600.0,у.е,,,,,4fanR,26,yakkasarai
,https://www.olx.uz/d/obyavlenie/zhk-parisien-dubleks-4h-komnatnaya-new-house-ID3GeUq.html,,,,,,,,3GeUq,26,yakkasarai
ЖК Parisien ДУБЛЕКС-4х комнатная! New House,https://www.olx.uz/d/obyavlenie/zhk-parisien-dubleks-4h-komnatnaya-new-house-ID3GeUq.html,1 600 у.е. Договорная,1600.0,у.е,,,,,3GeUq,26,yakkasarai
,https://www.olx.uz/d/obyavlenie/gabus-gostinitsa-rossiya-prostornaya4h-komnatnaya-kvartira-140m2-v-tsentre-ID44jpe.html,,,,,,,,44jpe,26,yakkasarai
Gabus гостиница Россия! Просторная4х комнатная квартира 140м2 в центре,https://www.olx.uz/d/obyavlenie/gabus-gostinitsa-rossiya-prostornaya4h-komnatnaya-kvartira-140m2-v-tsentre-ID44jpe.html,1 400 у.е. Договорная,1400.0,у.е,,,,,44jpe,26,yakkasarai
,https://www.olx.uz/d/obyavlenie/sdaetsya-kvartira-zhk-meraas-ID413lY.html,,,,,,,,413lY,26,yakkasarai
Сдаётся квартира ЖК Мераас‼️,https://www.olx.uz/d/obyavlenie/sdaetsya-kvartira-zhk-meraas-ID413lY.html,2 200 у.е.,2200.0,у.е,,,,,413lY,26,yakkasarai
,https://www.olx.uz/d/obyavlenie/sdaetsya-kvartira-v-zhk-novomoskovskaya-ID3AifK.html,,,,,,,,3AifK,26,yakkasarai
"Сдается квартира в ЖК ""Новомосковская"" !!!",https://www.olx.uz/d/obyavlenie/sdaetsya-kvartira-v-zhk-novomoskovskaya-ID3AifK.html,1 200 у.е.,1200.0,у.е,,,,,3AifK,26,yakkasarai
,https://www.olx.uz/d/obyavlenie/sdaetsya-kvartira-na-zhk-dream-house-ID3UzaS.html,,,,,,,,3UzaS,26,yakkasarai
Сдаётся квартира на ЖК Dream house‼️,https://www.olx.uz/d/obyavlenie/sdaetsya-kvartira-na-zhk-dream-house-ID3UzaS.html,800 у.е.,800.0,у.е,,,,,3UzaS,26,yakkasarai
,https://www.olx.uz/d/obyavlenie/sdaetsya-kvartira-v-mirobadskom-rayone-ID2B5jt.html,,,,,,,,2B5jt,26,yakkasarai
Сдается квартира в Миробадском районе,https://www.olx.uz/d/obyavlenie/sdaetsya-kvartira-v-mirobadskom-rayone-ID2B5jt.html,1 100 у.е.,1100.0,у.е,,,,,2B5jt,26,yakkasarai
,https://www.olx.uz/d/obyavlenie/sdaetsya-kvartira-ID2zOKU.html,,,,,,,,2zOKU,26,yakkasarai
Сдается квартира,https://www.olx.uz/d/obyavlenie/sdaetsya-kvartira-ID2zOKU.html,700 у.е.,700.0,у.е,,,,,2zOKU,26,yakkasarai
,https://www.olx.uz/d/obyavlenie/sdaetsya-v-novostroyke-kafe-frigat-ID37AgB.html,,,,,,,,37AgB,26,yakkasarai
"сдается в новостройке , кафе Фригат",https://www.olx.uz/d/obyavlenie/sdaetsya-v-novostroyke-kafe-frigat-ID37AgB.html,800 у.е.,800.0,у.е,,,,,37AgB,26,yakkasarai
,https://www.olx.uz/d/obyavlenie/zhk-parisien-elitnyy-kompleks-sdaetsya-novaya-2h-komnatnaya-ID3GTY6.html,,,,,,,,3GTY6,26,yakkasarai
ЖК Parisien-Элитный комплекс! Сдаётся новая 2х комнатная!,https://www.olx.uz/d/obyavlenie/zhk-parisien-elitnyy-kompleks-sdaetsya-novaya-2h-komnatnaya-ID3GTY6.html,800 у.е. Договорная,800.0,у.е,,,,,3GTY6,26,yakkasarai
,https://www.olx.uz/d/obyavlenie/zhk-madrid-sdaetsya-3h-komnatnaya-ID3F6Ci.html,,,,,,,,3F6Ci,26,yakkasarai
ЖК Мадрид сдается 3х комнатная!,https://www.olx.uz/d/obyavlenie/zhk-madrid-sdaetsya-3h-komnatnaya-ID3F6Ci.html,900 у.е. Договорная,900.0,у.е,,,,,3F6Ci,26,yakkasarai
,https://www.olx.uz/d/obyavlenie/srochno-sdaetsya-kvartira-v-yakkasarayskom-rayone-zhk-drim-haus-ID33wbU.html,,,,,,,,33wbU,26,yakkasarai
Срочно сдается квартира в Яккасарайском районе! ЖК Дрим Хаус!,https://www.olx.uz/d/obyavlenie/srochno-sdaetsya-kvartira-v-yakkasarayskom-rayone-zhk-drim-haus-ID33wbU.html,1 000 у.е.,1000.0,у.е,,,,,33wbU,26,yakkasarai
,https://www.olx.uz/d/obyavlenie/zhk-parisien-uyutnaya-3h-komnatnaya-kvartira-dlya-vas-i-vashey-semi-ID44hV6.html,,,,,,,,44hV6,26,yakkasarai
Жк Parisien! Уютная 3х комнатная квартира! Для вас и вашей семьи!,https://www.olx.uz/d/obyavlenie/zhk-parisien-uyutnaya-3h-komnatnaya-kvartira-dlya-vas-i-vashey-semi-ID44hV6.html,1 100 у.е. Договорная,1100.0,у.е,,,,,44hV6,26,yakkasarai
,https://www.olx.uz/d/obyavlenie/arenda-kvartiry-yakkasaray-ID4emTk.html,,,,,,,,4emTk,26,yakkasarai
Аренда Квартиры Яккасарай,https://www.olx.uz/d/obyavlenie/arenda-kvartiry-yakkasaray-ID4emTk.html,900 у.е.,900.0,у.е,,,,,4emTk,26,yakkasarai
,https://www.olx.uz/d/obyavlenie/zhk-kislorod-premialnaya-novaya-2h-komnatnaya-kvartira-avtorskiy-remont-ID45wfz.html,,,,,,,,45wfz,26,yakkasarai
Жк Kislorod! Премиальная новая 2х комнатная квартира! Авторский ремонт,https://www.olx.uz/d/obyavlenie/zhk-kislorod-premialnaya-novaya-2h-komnatnaya-kvartira-avtorskiy-remont-ID45wfz.html,1 000 у.е. Договорная,1000.0,у.е,,,,,45wfz,26,yakkasarai
,https://www.olx.uz/d/obyavlenie/zhk-uzbegim-shikarnaya-3-h-komnatnaya-kvartira-ID4c8G7.html,,,,,,,,4c8G7,26,yakkasarai
ЖК Узбегим! шикарная 3-х комнатная квартира,https://www.olx.uz/d/obyavlenie/zhk-uzbegim-shikarnaya-3-h-komnatnaya-kvartira-ID4c8G7.html,1 300 у.е. Договорная,1300.0,у.е,,,,,4c8G7,26,yakkasarai
,https://www.olx.uz/d/obyavlenie/yakkasarayskiy-rayon-2-komnatnaya-kvartira-arenda-ID3Y40v.html,,,,,,,,3Y40v,26,yakkasarai
Яккасарайский Район 2 комнатная квартира аренда,https://www.olx.uz/d/obyavlenie/yakkasarayskiy-rayon-2-komnatnaya-kvartira-arenda-ID3Y40v.html,600 у.е. Договорная,600.0,у.е,,,,,3Y40v,26,yakkasarai
,https://www.olx.uz/d/obyavlenie/zhk-parisen-4h-komnatnyy-dupleks-s-nepovtorimym-remontom-novyy-remont-ID4413x.html,,,,,,,,4413x,26,yakkasarai
Жк Парисьен!4х комнатный дуплекс!С неповторимым ремонтом! Новый ремонт,https://www.olx.uz/d/obyavlenie/zhk-parisen-4h-komnatnyy-dupleks-s-nepovtorimym-remontom-novyy-remont-ID4413x.html,1 600 у.е.,1600.0,у.е,,,,,4413x,26,yakkasarai
,https://www.olx.uz/d/obyavlenie/zhk-uzbegim-sdaetsya-3h-komnatnaya-v-elit-komplekse-ID3EDHG.html,,,,,,,,3EDHG,26,yakkasarai
ЖК Узбегим сдается 3х комнатная в элит комплексе!,https://www.olx.uz/d/obyavlenie/zhk-uzbegim-sdaetsya-3h-komnatnaya-v-elit-komplekse-ID3EDHG.html,900 у.е. Договорная,900.0,у.е,,,,,3EDHG,26,yakkasarai
,https://www.olx.uz/d/obyavlenie/sdaetsya-bez-depozit-2h-kom-80m2-novostroyka-kushbegi-bmw-moyka-bks-ID4dYeV.html,,,,,,,,4dYeV,26,yakkasarai
"СДАЕТСЯ БЕЗ ДЕПОЗИТ!2х ком,80м2. Новостройка|Кушбеги,BMW мойка. БКС",https://www.olx.uz/d/obyavlenie/sdaetsya-bez-depozit-2h-kom-80m2-novostroyka-kushbegi-bmw-moyka-bks-ID4dYeV.html,650 у.е. Договорная,650.0,у.е,,,,,4dYeV,26,yakkasarai
,https://www.olx.uz/d/obyavlenie/srochno-arenda-kushbegi-2-4-5-remont-sredniy-lokatsii-bez-mebelya-top-ID4ddh9.html,,,,,,,,4ddh9,26,yakkasarai
Срочно Аренда Кушбеги 2/4/5 ремонт средний локации без мебелья топ!,https://www.olx.uz/d/obyavlenie/srochno-arenda-kushbegi-2-4-5-remont-sredniy-lokatsii-bez-mebelya-top-ID4ddh9.html,400 у.е.,400.0,у.е,,,,,4ddh9,26,yakkasarai
,https://www.olx.uz/d/obyavlenie/arenda-kvartiry-yakkasaray-ID4emOZ.html,,,,,,,,4emOZ,26,yakkasarai
Аренда Квартиры Яккасарай,https://www.olx.uz/d/obyavlenie/arenda-kvartiry-yakkasaray-ID4emOZ.html,900 у.е.,900.0,у.е,,,,,4emOZ,26,yakkasarai
,https://www.olx.uz/d/obyavlenie/arenda-kvartiry-yakkasaray-ID4emNx.html,,,,,,,,4emNx,26,yakkasarai
Аренда Квартиры Яккасарай,https://www.olx.uz/d/obyavlenie/arenda-kvartiry-yakkasaray-ID4emNx.html,500 у.е.,500.0,у.е,,,,,4emNx,26,yakkasarai
,https://www.olx.uz/d/obyavlenie/yakkasaray-ulitsa-shota-rustaveli-zhk-novostroyka-2-komnatnaya-ID3Zm4T.html,,,,,,,,3Zm4T,26,yakkasarai
Яккасарай  улица Шота Руставели ЖК новостройка 2 комнатная,https://www.olx.uz/d/obyavlenie/yakkasaray-ulitsa-shota-rustaveli-zhk-novostroyka-2-komnatnaya-ID3Zm4T.html,600 у.е. Договорная,600.0,у.е,,,,,3Zm4T,26,yakkasarai
,https://www.olx.uz/d/obyavlenie/5min-ot-park-bobur-arenda-3h-kom-kvartiry-70m2-askiya-sh-rustaveli-bks-ID4dYcu.html,,,,,,,,4dYcu,26,yakkasarai
5мин от ПАРК БОБУР!Аренда 3х ком Квартиры!70м2. Аския|Ш.Руставели  БКС,https://www.olx.uz/d/obyavlenie/5min-ot-park-bobur-arenda-3h-kom-kvartiry-70m2-askiya-sh-rustaveli-bks-ID4dYcu.html,700 у.е. Договорная,700.0,у.е,,,,,4dYcu,26,yakkasarai
,https://www.olx.uz/d/obyavlenie/arenda-kvartiry-yakkasaray-ID4emMd.html,,,,,,,,4emMd,26,yakkasarai
Аренда Квартиры Яккасарай,https://www.olx.uz/d/obyavlenie/arenda-kvartiry-yakkasaray-ID4emMd.html,700 у.е.,700.0,у.е,,,,,4emMd,26,yakkasarai
,https://www.olx.uz/d/obyavlenie/sdaetsya-zhk-london-na-novomoskovskoy-ID4ebSd.html,,,,,,,,4ebSd,26,yakkasarai
Сдается ЖК Лондон на Новомосковской,https://www.olx.uz/d/obyavlenie/sdaetsya-zhk-london-na-novomoskovskoy-ID4ebSd.html,1 200 у.е.,1200.0,у.е,,,,,4ebSd,26,yakkasarai
,https://www.olx.uz/d/obyavlenie/sdaetsya-kvartira-zhk-salamatina-2-kom-ro-n-yakkasarayskiy-ID3ZEZC.html,,,,,,,,3ZEZC,26,yakkasarai
Сдаётся  КВАРТИРА ЖК Саламатина 2-ком ро-н Яккасарайский,https://www.olx.uz/d/obyavlenie/sdaetsya-kvartira-zhk-salamatina-2-kom-ro-n-yakkasarayskiy-ID3ZEZC.html,550 у.е.,550.0,у.е,,,,,3ZEZC,26,yakkasarai
,https://www.olx.uz/d/obyavlenie/zhk-istanbul-siti-sdaetsya-3h-kom-kvartira-v-elit-komplekse-ID4dsyy.html,,,,,,,,4dsyy,26,yakkasarai
Жк Истанбул Сити! Сдается 3х-ком квартира! В элит комплексе!,https://www.olx.uz/d/obyavlenie/zhk-istanbul-siti-sdaetsya-3h-kom-kvartira-v-elit-komplekse-ID4dsyy.html,1 000 у.е. Договорная,1000.0,у.е,,,,,4dsyy,26,yakkasarai
,https://www.olx.uz/d/obyavlenie/sdaetsya-zhk-dream-house-3h-kom-kvartira-novostroyke-klassa-premum-ID3Rjf8.html,,,,,,,,3Rjf8,26,yakkasarai
"Сдаётся Жк ""Dream House"" 3х ком квартира Новостройке  класса PREMUM",https://www.olx.uz/d/obyavlenie/sdaetsya-zhk-dream-house-3h-kom-kvartira-novostroyke-klassa-premum-ID3Rjf8.html,14 520 000 сум Договорная,14520000.0,сум,,,,,3Rjf8,26,yakkasarai
,https://www.olx.uz/d/obyavlenie/arenda-svoya-granmir-oybek-ID4dzhw.html,,,,,,,,4dzhw,26,yakkasarai
Аренда . Своя . GranMir/Ойбек,https://www.olx.uz/d/obyavlenie/arenda-svoya-granmir-oybek-ID4dzhw.html,1 000 у.е.,1000.0,у.е,,,,,4dzhw,26,yakkasarai
,https://www.olx.uz/d/obyavlenie/arenda-kvartiry-3-komnatnaya-s-remontom-v-tsentre-yakkasarayskiy-rayon-ID4eM0h.html,,,,,,,,4eM0h,26,yakkasarai
"Аренда квартиры, 3 комнатная, с ремонтом, в центре Яккасарайский район",https://www.olx.uz/d/obyavlenie/arenda-kvartiry-3-komnatnaya-s-remontom-v-tsentre-yakkasarayskiy-rayon-ID4eM0h.html,500 у.е.,500.0,у.е,,,,,4eM0h,26,yakkasarai
,https://www.olx.uz/d/obyavlenie/arenda-kvartira-kizlarga-ID4fa8e.html,,,,,,,,4fa8e,26,yakkasarai
Аренда квартира кизларга,https://www.olx.uz/d/obyavlenie/arenda-kvartira-kizlarga-ID4fa8e.html,1 350 000 сум,1350000.0,сум,,,,,4fa8e,26,yakkasarai
,https://www.olx.uz/d/obyavlenie/zhk-parisien-sdaetsya-novaya-kvartira-prestizhnom-komplekse-ID3eDKA.html,,,,,,,,3eDKA,26,yakkasarai
Жк Parisien-Сдается новая квартира престижном комплексе!,https://www.olx.uz/d/obyavlenie/zhk-parisien-sdaetsya-novaya-kvartira-prestizhnom-komplekse-ID3eDKA.html,1 200 у.е. Договорная,1200.0,у.е,,,,,3eDKA,26,yakkasarai
,https://www.olx.uz/d/obyavlenie/zhk-seul-mun-sdaetsya-novaya-4-h-komnatnaya-kvartira-v-elitnom-rayone-ID3VfC7.html,,,,,,,,3VfC7,26,yakkasarai
Жк Сеул Мун! Сдается новая 4-х комнатная квартира в элитном районе!,https://www.olx.uz/d/obyavlenie/zhk-seul-mun-sdaetsya-novaya-4-h-komnatnaya-kvartira-v-elitnom-rayone-ID3VfC7.html,1 400 у.е. Договорная,1400.0,у.е,,,,,3VfC7,26,yakkasarai
,https://www.olx.uz/d/obyavlenie/zhk-parisien-sdaetsya-novaya-dvuhyarusnaya-kvartira-v-tsentre-goroda-ID3EA53.html,,,,,,,,3EA53,26,yakkasarai
Жк Parisien-Сдается новая Двухъярусная квартира в центре города!,https://www.olx.uz/d/obyavlenie/zhk-parisien-sdaetsya-novaya-dvuhyarusnaya-kvartira-v-tsentre-goroda-ID3EA53.html,1 500 у.е. Договорная,1500.0,у.е,,,,,3EA53,26,yakkasarai
,https://www.olx.uz/d/obyavlenie/arenda-novostroyka-city-life-ID4dXdG.html,,,,,,,,4dXdG,26,yakkasarai
Аренда новостройка City Life,https://www.olx.uz/d/obyavlenie/arenda-novostroyka-city-life-ID4dXdG.html,1 200 у.е.,1200.0,у.е,,,,,4dXdG,26,yakkasarai
,https://www.olx.uz/d/obyavlenie/sdam-kvartiru-ul-shota-rustaveli-babura-2-h-komnatnaya-s-obstanovkoy-ID460bm.html,,,,,,,,460bm,26,yakkasarai
"Сдам квартиру ул. Шота Руставели, Бабура,  2-х комнатная с обстановкой",https://www.olx.uz/d/obyavlenie/sdam-kvartiru-ul-shota-rustaveli-babura-2-h-komnatnaya-s-obstanovkoy-ID460bm.html,500 у.е.,500.0,у.е,,,,,460bm,26,yakkasarai
,https://www.olx.uz/d/obyavlenie/srochno-dlya-inostrantsa-1-komnatnaya-s-vsemi-udobstvami-v-tsentre-next-ID45v8h.html,,,,,,,,45v8h,26,yakkasarai
"Срочно для иностранца, 1 комнатная с всеми удобствами в центре NEXT",https://www.olx.uz/d/obyavlenie/srochno-dlya-inostrantsa-1-komnatnaya-s-vsemi-udobstvami-v-tsentre-next-ID45v8h.html,600 у.е.,600.0,у.е,,,,,45v8h,26,yakkasarai
,https://www.olx.uz/d/obyavlenie/svoya-v-arendu-na-prospekt-kosmonavtov-ID421Cm.html,,,,,,,,421Cm,26,yakkasarai
Своя. В аренду на проспект космонавтов,https://www.olx.uz/d/obyavlenie/svoya-v-arendu-na-prospekt-kosmonavtov-ID421Cm.html,800 у.е.,800.0,у.е,,,,,421Cm,26,yakkasarai
,https://www.olx.uz/d/obyavlenie/srochno-arenda-kvartira-yakkasaray-o-r-salamatina-2-7-10-ID4emCI.html,,,,,,,,4emCI,26,yakkasarai
Срочно Аренда Квартира Яккасарай о-р Саламатина 2/7/10,https://www.olx.uz/d/obyavlenie/srochno-arenda-kvartira-yakkasaray-o-r-salamatina-2-7-10-ID4emCI.html,500 у.е. Договорная,500.0,у.е,,,,,4emCI,26,yakkasarai
,https://www.olx.uz/d/obyavlenie/srochno-sdaetsya-2-kom-kv-or-r-metro-kosmonavt-ID45WJZ.html,,,,,,,,45WJZ,26,yakkasarai
СРОЧНО Сдается 2-ком кв ор-р метро Космонавт,https://www.olx.uz/d/obyavlenie/srochno-sdaetsya-2-kom-kv-or-r-metro-kosmonavt-ID45WJZ.html,600 у.е.,600.0,у.е,,,,,45WJZ,26,yakkasarai
,https://www.olx.uz/d/obyavlenie/sdayu-kvartiru-v-arendu-yakkasaray-instabul-city-ID4cedS.html,,,,,,,,4cedS,26,yakkasarai
Сдаю квартиру в аренду Яккасарай Instabul city,https://www.olx.uz/d/obyavlenie/sdayu-kvartiru-v-arendu-yakkasaray-instabul-city-ID4cedS.html,1 000 у.е.,1000.0,у.е,,,,,4cedS,26,yakkasarai
,https://www.olx.uz/d/obyavlenie/sdaetsya-seoul-mun-2-komn-evro-kvartira-srochno-ID40MEk.html,,,,,,,,40MEk,26,yakkasarai
Сдается Seoul Mun 2-комн ЕВРО Квартира СРОЧНО!!!,https://www.olx.uz/d/obyavlenie/sdaetsya-seoul-mun-2-komn-evro-kvartira-srochno-ID40MEk.html,500 у.е.,500.0,у.е,,,,,40MEk,26,yakkasarai
,https://www.olx.uz/d/obyavlenie/uyutnoe-kvartira-ul-shota-rustaveli-ro-n-yakkasarayskiy-ID40f7X.html,,,,,,,,40f7X,26,yakkasarai
Уютное квартира ул Шота Руставели  ро-н Яккасарайский,https://www.olx.uz/d/obyavlenie/uyutnoe-kvartira-ul-shota-rustaveli-ro-n-yakkasarayskiy-ID40f7X.html,550 у.е.,550.0,у.е,,,,,40f7X,26,yakkasarai
,https://www.olx.uz/d/obyavlenie/sdaetsya-arenda-yakkasaray-gostinitsa-rossiya-23-peredelannyy-ID4dY09.html,,,,,,,,4dY09,26,yakkasarai
Сдаётся аренда Яккасарай гостиница Россия 2*3 переделанный,https://www.olx.uz/d/obyavlenie/sdaetsya-arenda-yakkasaray-gostinitsa-rossiya-23-peredelannyy-ID4dY09.html,800 у.е.,800.0,у.е,,,,,4dY09,26,yakkasarai
,https://www.olx.uz/d/obyavlenie/arenda-zhk-parisien-2-3-8ploschad-72-m-ID4emys.html,,,,,,,,4emys,26,yakkasarai
"Аренда | ЖК Parisien 2/3/8
Площадь: 72 м²",https://www.olx.uz/d/obyavlenie/arenda-zhk-parisien-2-3-8ploschad-72-m-ID4emys.html,900 у.е. Договорная,900.0,у.е,,,,,4emys,26,yakkasarai
,https://www.olx.uz/d/obyavlenie/zhk-parisien-sdaetsya-4h-kom-kvartira-frantsuzskiy-kvartal-ID4dsd4.html,,,,,,,,4dsd4,26,yakkasarai
Жк Parisien! Сдается 4х-ком квартира! Французский квартал!,https://www.olx.uz/d/obyavlenie/zhk-parisien-sdaetsya-4h-kom-kvartira-frantsuzskiy-kvartal-ID4dsd4.html,1 200 у.е. Договорная,1200.0,у.е,,,,,4dsd4,26,yakkasarai
,https://www.olx.uz/d/obyavlenie/sdaetsya-1-kom-next-soul-moon-magic-city-ID4f9UZ.html,,,,,,,,4f9UZ,26,yakkasarai
Сдается 1 ком Next. Soul moon. Magic City,https://www.olx.uz/d/obyavlenie/sdaetsya-1-kom-next-soul-moon-magic-city-ID4f9UZ.html,450 у.е.,450.0,у.е,,,,,4f9UZ,26,yakkasarai
,https://www.olx.uz/d/obyavlenie/yakkasarayskiy-rayon-salamatina-ID4f9T3.html,,,,,,,,4f9T3,26,yakkasarai
Яккасарайский район Саламатина,https://www.olx.uz/d/obyavlenie/yakkasarayskiy-rayon-salamatina-ID4f9T3.html,700 у.е. Договорная,700.0,у.е,,,,,4f9T3,26,yakkasarai
,https://www.olx.uz/d/obyavlenie/kulik-kvartira-gostinitsa-bez-makler-hostel-otel-bez-zaks-mexmonxona-ID4f6Bp.html,,,,,,,,4f6Bp,26,yakkasarai
Кулик квартира гостиница без маклер хостел отель bez zaks mexmonxona,https://www.olx.uz/d/obyavlenie/kulik-kvartira-gostinitsa-bez-makler-hostel-otel-bez-zaks-mexmonxona-ID4f6Bp.html,125 000 сум Договорная,125000.0,сум,,,,,4f6Bp,26,yakkasarai
,https://www.olx.uz/d/obyavlenie/arenda-kvartira-yakkasaroy-ID4dXO0.html,,,,,,,,4dXO0,26,yakkasarai
Аренда квартира яккасарой,https://www.olx.uz/d/obyavlenie/arenda-kvartira-yakkasaroy-ID4dXO0.html,650 у.е.,650.0,у.е,,,,,4dXO0,26,yakkasarai
,https://www.olx.uz/d/obyavlenie/arenda-kvartira-yakkasaroy-ID4dXNH.html,,,,,,,,4dXNH,26,yakkasarai
Arenda kvartira Yakkasaroy,https://www.olx.uz/d/obyavlenie/arenda-kvartira-yakkasaroy-ID4dXNH.html,900 у.е.,900.0,у.е,,,,,4dXNH,26,yakkasarai
,https://www.olx.uz/d/obyavlenie/yakkasaroy-kvartira-sdaetsya-ID4dXN2.html,,,,,,,,4dXN2,26,yakkasarai
Яккасарой квартира сдаётся,https://www.olx.uz/d/obyavlenie/yakkasaroy-kvartira-sdaetsya-ID4dXN2.html,800 у.е.,800.0,у.е,,,,,4dXN2,26,yakkasarai
,https://www.olx.uz/d/obyavlenie/arenda-kvartir-bez-makler-maklersiz-ijara-uylar-kv-0817-ID4eWCk.html,,,,,,,,4eWCk,26,yakkasarai
Аренда Квартир + Без Маклер / Maklersiz - Ijara Uylar!! [KV_0817],https://www.olx.uz/d/obyavlenie/arenda-kvartir-bez-makler-maklersiz-ijara-uylar-kv-0817-ID4eWCk.html,4 000 000 сум Договорная,4000000.0,сум,,,,,4eWCk,26,yakkasarai
,https://www.olx.uz/d/obyavlenie/arendaga-kvartira-oylaga-iz-bollarga-chilonzor-metro-oldida-3-hona-650-ID4eLB2.html,,,,,,,,4eLB2,26,yakkasarai
Арендага квартира ойлага қиз болларга Чилонзор метро олдида 3 хона 650,https://www.olx.uz/d/obyavlenie/arendaga-kvartira-oylaga-iz-bollarga-chilonzor-metro-oldida-3-hona-650-ID4eLB2.html,650 у.е.,650.0,у.е,,,,,4eLB2,26,yakkasarai
,https://www.olx.uz/d/obyavlenie/v-tsentre-rayon-tsuma-sdaetsya-2-komnatnaya-kvartira-ID4eWr1.html,,,,,,,,4eWr1,26,yakkasarai
В центре (район ЦУМа) сдаётся 2 комнатная квартира,https://www.olx.uz/d/obyavlenie/v-tsentre-rayon-tsuma-sdaetsya-2-komnatnaya-kvartira-ID4eWr1.html,1 100 у.е.,1100.0,у.е,,,,,4eWr1,26,yakkasarai
,https://www.olx.uz/d/obyavlenie/sdaetsya-2-h-komnatnaya-kvartira-na-ulitse-mirabad-orientir-grand-mir-ID4csBs.html,,,,,,,,4csBs,26,yakkasarai
"Сдаётся 2-х комнатная квартира на улице Мирабад, ориентир Гранд-Мир",https://www.olx.uz/d/obyavlenie/sdaetsya-2-h-komnatnaya-kvartira-na-ulitse-mirabad-orientir-grand-mir-ID4csBs.html,750 у.е.,750.0,у.е,,,,,4csBs,26,yakkasarai
,https://www.olx.uz/d/obyavlenie/srochno-sdaetsya-2-2-9-m-kosmonavtov-tsum-ID4eOrC.html,,,,,,,,4eOrC,26,yakkasarai
Срочно сдается 2/2/9 м. Космонавтов (ЦУМ),https://www.olx.uz/d/obyavlenie/srochno-sdaetsya-2-2-9-m-kosmonavtov-tsum-ID4eOrC.html,1 000 у.е.,1000.0,у.е,,,,,4eOrC,26,yakkasarai
,https://www.olx.uz/d/obyavlenie/arenda-zhk-nukus-avenue-3-7-12-90m-s-umnym-domom-ID4em2V.html,,,,,,,,4em2V,26,yakkasarai
Аренда !! ЖК Nukus Avenue 3/7/12  90м²  с умным домом !!,https://www.olx.uz/d/obyavlenie/arenda-zhk-nukus-avenue-3-7-12-90m-s-umnym-domom-ID4em2V.html,700 у.е. Договорная,700.0,у.е,,,,,4em2V,26,yakkasarai
,https://www.olx.uz/d/obyavlenie/arenda-zhk-uzbegim-3-5-12-82m2-or-r-piramit-tower-ID4em0u.html,,,,,,,,4em0u,26,yakkasarai
Аренда ЖК Узбегим 3/5/12  82м2 ор-р Piramit Tower !!,https://www.olx.uz/d/obyavlenie/arenda-zhk-uzbegim-3-5-12-82m2-or-r-piramit-tower-ID4em0u.html,650 у.е.,650.0,у.е,,,,,4em0u,26,yakkasarai
,https://www.olx.uz/d/obyavlenie/sdaetsya-3h-komnatnaya-kvartira-v-tsentre-goroda-ID3FOVD.html,,,,,,,,3FOVD,26,yakkasarai
Сдаётся 3х комнатная квартира в центре города,https://www.olx.uz/d/obyavlenie/sdaetsya-3h-komnatnaya-kvartira-v-tsentre-goroda-ID3FOVD.html,1 000 у.е.,1000.0,у.е,,,,,3FOVD,26,yakkasarai
,https://www.olx.uz/d/obyavlenie/yakkasaroy-rayon-shota-rustaveli-ID4f9lS.html,,,,,,,,4f9lS,26,yakkasarai
Яккасарой район Шота Руставели,https://www.olx.uz/d/obyavlenie/yakkasaroy-rayon-shota-rustaveli-ID4f9lS.html,300 у.е.,300.0,у.е,,,,,4f9lS,26,yakkasarai
,https://www.olx.uz/d/obyavlenie/sdaetsya-2h-komn-kvartira-zhk-viaport-zavodskaya-ul-babura-ID4elWl.html,,,,,,,,4elWl,26,yakkasarai
Сдается 2х комн Квартира ЖК Виапорт Заводская ул Бабура,https://www.olx.uz/d/obyavlenie/sdaetsya-2h-komn-kvartira-zhk-viaport-zavodskaya-ul-babura-ID4elWl.html,1 200 у.е.,1200.0,у.е,,,,,4elWl,26,yakkasarai
,https://www.olx.uz/d/obyavlenie/kvartira-arenda-yakkasaray-zhk-parijen-ID4eLcY.html,,,,,,,,4eLcY,26,yakkasarai
Квартира Аренда Яккасарай Жк Parijen,https://www.olx.uz/d/obyavlenie/kvartira-arenda-yakkasaray-zhk-parijen-ID4eLcY.html,1 500 у.е.,1500.0,у.е,,,,,4eLcY,26,yakkasarai
,https://www.olx.uz/d/obyavlenie/kvartira-arenda-yakkasaray-zhk-parijen-ID4eLaV.html,,,,,,,,4eLaV,26,yakkasarai
Квартира Аренда Яккасарай ЖК Parijen,https://www.olx.uz/d/obyavlenie/kvartira-arenda-yakkasaray-zhk-parijen-ID4eLaV.html,1 600 у.е. Договорная,1600.0,у.е,,,,,4eLaV,26,yakkasarai
,https://www.olx.uz/d/obyavlenie/arendaarenda-58-poliklinika-48-shkola-2-5-9-ID41zuw.html,,,,,,,,41zuw,26,yakkasarai
"‼️АРЕНДА‼️
Аренда 
58 поликлиника, 48 школа 2\5\9",https://www.olx.uz/d/obyavlenie/arendaarenda-58-poliklinika-48-shkola-2-5-9-ID41zuw.html,550 у.е.,550.0,у.е,,,,,41zuw,26,yakkasarai
,https://www.olx.uz/d/obyavlenie/yakkasaroy-tumani-qushbegi-5a-17-kv-ID4f9gt.html,,,,,,,,4f9gt,26,yakkasarai
Yakkasaroy tumani Qushbegi 5A 17 kv,https://www.olx.uz/d/obyavlenie/yakkasaroy-tumani-qushbegi-5a-17-kv-ID4f9gt.html,250 у.е.,250.0,у.е,,,,,4f9gt,26,yakkasarai
,https://www.olx.uz/d/obyavlenie/sdaetsya-2-h-komnatnaya-kvartira-v-zhk-solaris-ID4eL6X.html,,,,,,,,4eL6X,26,yakkasarai
"Сдаётся 2-х комнатная квартира в ЖК ""Соларис""",https://www.olx.uz/d/obyavlenie/sdaetsya-2-h-komnatnaya-kvartira-v-zhk-solaris-ID4eL6X.html,800 у.е.,800.0,у.е,,,,,4eL6X,26,yakkasarai
,https://www.olx.uz/d/obyavlenie/sdaetsya-v-arendu-bobur-ulitsa-3-komnatnaya-ID4eL4J.html,,,,,,,,4eL4J,26,yakkasarai
Сдается в аренду бобур улица 3 комнатная,https://www.olx.uz/d/obyavlenie/sdaetsya-v-arendu-bobur-ulitsa-3-komnatnaya-ID4eL4J.html,500 у.е.,500.0,у.е,,,,,4eL4J,26,yakkasarai
,https://www.olx.uz/d/obyavlenie/kvartira-kushbegi-sherikchilka-1ta-ugil-bola-olinadi-akuratni-turadigon-ID41BDl.html,,,,,,,,41BDl,26,yakkasarai
Квартира кушбеги шерикчилка 1та угил бола олинади акуратни турадигон,https://www.olx.uz/d/obyavlenie/kvartira-kushbegi-sherikchilka-1ta-ugil-bola-olinadi-akuratni-turadigon-ID41BDl.html,100 у.е.,100.0,у.е,,,,,41BDl,26,yakkasarai
,https://www.olx.uz/d/obyavlenie/yakkasaroy-nukus-kochada-kvartira-ijaraga-beriladi-ID4f95P.html,,,,,,,,4f95P,26,yakkasarai
Yakkasaroy Nukus kochada kvartira ijaraga beriladi,https://www.olx.uz/d/obyavlenie/yakkasaroy-nukus-kochada-kvartira-ijaraga-beriladi-ID4f95P.html,290 у.е. Договорная,290.0,у.е,,,,,4f95P,26,yakkasarai
,https://www.olx.uz/d/obyavlenie/zhk-luminar-house-2-komnatnaya-novaya-kv-umnyy-dom-or-r-tekstilnyy-ID4elDF.html,,,,,,,,4elDF,26,yakkasarai
ЖК LUMINAR HOUSE 2-комнатная НОВАЯ кв - Умный Дом! Ор-р Текстильный,https://www.olx.uz/d/obyavlenie/zhk-luminar-house-2-komnatnaya-novaya-kv-umnyy-dom-or-r-tekstilnyy-ID4elDF.html,550 у.е. Договорная,550.0,у.е,,,,,4elDF,26,yakkasarai
,https://www.olx.uz/d/obyavlenie/seoul-mun-zhk-kislorod-2-kom-panoramnyy-vid-umnyy-dom-ID4elCw.html,,,,,,,,4elCw,26,yakkasarai
Seoul Mun Жк Кислород 2-ком ПАНОРАМНЫЙ вид -  Умный Дом!,https://www.olx.uz/d/obyavlenie/seoul-mun-zhk-kislorod-2-kom-panoramnyy-vid-umnyy-dom-ID4elCw.html,550 у.е. Договорная,550.0,у.е,,,,,4elCw,26,yakkasarai
,https://www.olx.uz/d/obyavlenie/sdam-3-h-kom-kvartiru-v-zhk-yakkasaray-siti-moll-srochno-ID4eKPy.html,,,,,,,,4eKPy,26,yakkasarai
Сдам 3-х ком квартиру в ЖК Яккасарай сити молл. Срочно,https://www.olx.uz/d/obyavlenie/sdam-3-h-kom-kvartiru-v-zhk-yakkasaray-siti-moll-srochno-ID4eKPy.html,900 у.е.,900.0,у.е,,,,,4eKPy,26,yakkasarai
,https://www.olx.uz/d/obyavlenie/2-h-komnatnaya-kvartira-posle-remonta-or-r-park-babura-2-2-9-ID3ElZh.html,,,,,,,,3ElZh,26,yakkasarai
2-х комнатная квартира после ремонта! Ор-р парк Бабура! 2/2/9!,https://www.olx.uz/d/obyavlenie/2-h-komnatnaya-kvartira-posle-remonta-or-r-park-babura-2-2-9-ID3ElZh.html,600 у.е. Договорная,600.0,у.е,,,,,3ElZh,26,yakkasarai
,https://www.olx.uz/d/obyavlenie/arenda-evro-kvartiry-na-yakkasaray-zhk-milano-1-9-10-ID4elsN.html,,,,,,,,4elsN,26,yakkasarai
Аренда Евро квартиры на Яккасарай ЖК Милано 1/9/10,https://www.olx.uz/d/obyavlenie/arenda-evro-kvartiry-na-yakkasaray-zhk-milano-1-9-10-ID4elsN.html,600 у.е.,600.0,у.е,,,,,4elsN,26,yakkasarai
,https://www.olx.uz/d/obyavlenie/sdaetsya-2-h-komnatnaya-kvartira-v-zhk-istanbul-siti-ID4eKM5.html,,,,,,,,4eKM5,26,yakkasarai
"Сдаётся 2-х комнатная квартира в ЖК ""Истанбул Сити""",https://www.olx.uz/d/obyavlenie/sdaetsya-2-h-komnatnaya-kvartira-v-zhk-istanbul-siti-ID4eKM5.html,1 000 у.е.,1000.0,у.е,,,,,4eKM5,26,yakkasarai
,https://www.olx.uz/d/obyavlenie/sdam-kvartiru-4h-komnatnuyu-na-shota-rustaveli-ID4e6KB.html,,,,,,,,4e6KB,26,yakkasarai
Сдам квартиру 4х комнатную на Шота Руставели,https://www.olx.uz/d/obyavlenie/sdam-kvartiru-4h-komnatnuyu-na-shota-rustaveli-ID4e6KB.html,850 у.е. Договорная,850.0,у.е,,,,,4e6KB,26,yakkasarai
,https://www.olx.uz/d/obyavlenie/sdaetsya-kvartira-na-yakkasarayskom-rayone-or-tsum-ID4f1Q1.html,,,,,,,,4f1Q1,26,yakkasarai
Сдается квартира на Яккасарайском районе ор: Цум,https://www.olx.uz/d/obyavlenie/sdaetsya-kvartira-na-yakkasarayskom-rayone-or-tsum-ID4f1Q1.html,750 у.е. Договорная,750.0,у.е,,,,,4f1Q1,26,yakkasarai
,https://www.olx.uz/d/obyavlenie/sdaetsya-kvartira-na-yakkasarayskom-r-ne-shota-rustaveli-ID4eQoV.html,,,,,,,,4eQoV,26,yakkasarai
Сдается квартира на Яккасарайском р-не Шота Руставели,https://www.olx.uz/d/obyavlenie/sdaetsya-kvartira-na-yakkasarayskom-r-ne-shota-rustaveli-ID4eQoV.html,700 у.е. Договорная,700.0,у.е,,,,,4eQoV,26,yakkasarai
,https://www.olx.uz/d/obyavlenie/sdaetsya-kvartira-na-yakkasarayskom-rayone-ulitsa-shota-rustaveli-ID4f4MS.html,,,,,,,,4f4MS,26,yakkasarai
Сдается квартира на Яккасарайском районе улица Шота Руставели,https://www.olx.uz/d/obyavlenie/sdaetsya-kvartira-na-yakkasarayskom-rayone-ulitsa-shota-rustaveli-ID4f4MS.html,800 у.е. Договорная,800.0,у.е,,,,,4f4MS,26,yakkasarai
,https://www.olx.uz/d/obyavlenie/3-komnatnaya-yakkasarayskiy-zhk-parisen-arenda-kvartiry-ID4f8X0.html,,,,,,,,4f8X0,26,yakkasarai
3- комнатная Яккасарайский ЖК Парисен /Аренда Квартиры,https://www.olx.uz/d/obyavlenie/3-komnatnaya-yakkasarayskiy-zhk-parisen-arenda-kvartiry-ID4f8X0.html,1 000 у.е.,1000.0,у.е,,,,,4f8X0,26,yakkasarai
,https://www.olx.uz/d/obyavlenie/sdaetsya-3-komnatnaya-na-shota-rustaveli-ID4eAeT.html,,,,,,,,4eAeT,26,yakkasarai
Сдаётся 3 комнатная на Шота Руставели,https://www.olx.uz/d/obyavlenie/sdaetsya-3-komnatnaya-na-shota-rustaveli-ID4eAeT.html,1 200 у.е.,1200.0,у.е,,,,,4eAeT,26,yakkasarai
,https://www.olx.uz/d/obyavlenie/sdaetsya-kvartira-v-zhk-luminar-house-2-6-8-ID4f8TQ.html,,,,,,,,4f8TQ,26,yakkasarai
Сдается квартира в ЖК Luminar House 2/6/8,https://www.olx.uz/d/obyavlenie/sdaetsya-kvartira-v-zhk-luminar-house-2-6-8-ID4f8TQ.html,900 у.е.,900.0,у.е,,,,,4f8TQ,26,yakkasarai
,https://www.olx.uz/d/obyavlenie/sdaetsya-kvartira-yakkasaray-zhk-prestige-gardens-1-5-14-ID4f8Hj.html,,,,,,,,4f8Hj,26,yakkasarai
Сдается квартира | Яккасарай | ЖК Prestige Gardens | 1/5/14,https://www.olx.uz/d/obyavlenie/sdaetsya-kvartira-yakkasaray-zhk-prestige-gardens-1-5-14-ID4f8Hj.html,499 у.е.,499.0,у.е,,,,,4f8Hj,26,yakkasarai
,https://www.olx.uz/d/obyavlenie/sdaetsya-kvartira-v-novostroyke-zhk-parisien-ID2X4u0.html,,,,,,,,2X4u0,26,yakkasarai
Сдаётся  Квартира в Новостройке ЖК Парисиен,https://www.olx.uz/d/obyavlenie/sdaetsya-kvartira-v-novostroyke-zhk-parisien-ID2X4u0.html,2 000 у.е.,2000.0,у.е,,,,,2X4u0,26,yakkasarai
,https://www.olx.uz/d/obyavlenie/cdaetsya-kvartira-na-yakkasarayskom-rayone-ulitsa-nukusskaya-ID4f899.html,,,,,,,,4f899,26,yakkasarai
Cдается квартира на Яккасарайском районе улица Нукусская,https://www.olx.uz/d/obyavlenie/cdaetsya-kvartira-na-yakkasarayskom-rayone-ulitsa-nukusskaya-ID4f899.html,650 у.е.,650.0,у.е,,,,,4f899,26,yakkasarai
,https://www.olx.uz/d/obyavlenie/sdaetsya-kvartira-na-ul-shota-rustaveli-novostroyka-ID43FBn.html,,,,,,,,43FBn,26,yakkasarai
Сдаётся квартира на ул. Шота Руставели Новостройка‼️,https://www.olx.uz/d/obyavlenie/sdaetsya-kvartira-na-ul-shota-rustaveli-novostroyka-ID43FBn.html,1 200 у.е.,1200.0,у.е,,,,,43FBn,26,yakkasarai
,https://www.olx.uz/d/obyavlenie/next-seoul-moon-novostroyka-sdaetsya-2h-komnatnaya-ID3FKVi.html,,,,,,,,3FKVi,26,yakkasarai
Next Seoul Moon Новостройка! Сдаётся 2х комнатная!,https://www.olx.uz/d/obyavlenie/next-seoul-moon-novostroyka-sdaetsya-2h-komnatnaya-ID3FKVi.html,900 у.е. Договорная,900.0,у.е,,,,,3FKVi,26,yakkasarai
,https://www.olx.uz/d/obyavlenie/sdaetsya-kvartira-na-m-kosmonavtov-ID3qIhy.html,,,,,,,,3qIhy,26,yakkasarai
Сдается квартира.. на м.Космонавтов,https://www.olx.uz/d/obyavlenie/sdaetsya-kvartira-na-m-kosmonavtov-ID3qIhy.html,700 у.е.,700.0,у.е,,,,,3qIhy,26,yakkasarai
,https://www.olx.uz/d/obyavlenie/sdaetsya-kvartira-v-novostroyke-na-ul-nukus-orientir-safia-ID3s5ft.html,,,,,,,,3s5ft,26,yakkasarai
"Сдается квартира в новостройке на ул.Нукус 
Ориентир -  Safia",https://www.olx.uz/d/obyavlenie/sdaetsya-kvartira-v-novostroyke-na-ul-nukus-orientir-safia-ID3s5ft.html,1 300 у.е.,1300.0,у.е,,,,,3s5ft,26,yakkasarai
,https://www.olx.uz/d/obyavlenie/sdaetsya-kvartira-v-gabuse-po-ul-chehova-ID3x6GK.html,,,,,,,,3x6GK,26,yakkasarai
Сдается квартира в Габусе по ул Чехова,https://www.olx.uz/d/obyavlenie/sdaetsya-kvartira-v-gabuse-po-ul-chehova-ID3x6GK.html,2 000 у.е.,2000.0,у.е,,,,,3x6GK,26,yakkasarai
,https://www.olx.uz/d/obyavlenie/sdaetsya-kvartira-dyupleks-v-zhk-grinvichorientir-elektroapparat-ID3spBT.html,,,,,,,,3spBT,26,yakkasarai
"Сдаётся квартира-Дюплекс в ЖК Гринвич
Ориентир - Электроаппарат",https://www.olx.uz/d/obyavlenie/sdaetsya-kvartira-dyupleks-v-zhk-grinvichorientir-elektroapparat-ID3spBT.html,1 200 у.е.,1200.0,у.е,,,,,3spBT,26,yakkasarai
,https://www.olx.uz/d/obyavlenie/2h-kom-kv-yakkasarayskiy-r-n-zhk-solaris-shota-rustaveli-ID4dYtC.html,,,,,,,,4dYtC,26,yakkasarai
2х ком кв Яккасарайский р-н/ ЖК Solaris/ Шота Руставели,https://www.olx.uz/d/obyavlenie/2h-kom-kv-yakkasarayskiy-r-n-zhk-solaris-shota-rustaveli-ID4dYtC.html,550 у.е. Договорная,550.0,у.е,,,,,4dYtC,26,yakkasarai
,https://www.olx.uz/d/obyavlenie/arenda-kvartiry-na-chilanzare-posle-remonta-na-1-kvartale-2-2-4-ID4f8Rs.html,,,,,,,,4f8Rs,26,yakkasarai
Аренда квартиры на  Чиланзаре после ремонта на  1 квартале 2/2/4,https://www.olx.uz/d/obyavlenie/arenda-kvartiry-na-chilanzare-posle-remonta-na-1-kvartale-2-2-4-ID4f8Rs.html,700 у.е.,700.0,у.е,,,,,4f8Rs,26,yakkasarai
,https://www.olx.uz/d/obyavlenie/novostroyka-arenda-kvartira-ID3FSa8.html,,,,,,,,3FSa8,26,yakkasarai
Новостройка. Аренда квартира,https://www.olx.uz/d/obyavlenie/novostroyka-arenda-kvartira-ID3FSa8.html,1 000 у.е. Договорная,1000.0,у.е,,,,,3FSa8,26,yakkasarai
,https://www.olx.uz/d/obyavlenie/cdaetsya-kv-zhk-prestige-garden-3-7-10-ro-n-yakkasarayskiy-ID4f8QM.html,,,,,,,,4f8QM,26,yakkasarai
Cдается кв ЖК PRESTIGE GARDEN 3/7/10 ро-н Яккасарайский,https://www.olx.uz/d/obyavlenie/cdaetsya-kv-zhk-prestige-garden-3-7-10-ro-n-yakkasarayskiy-ID4f8QM.html,600 у.е.,600.0,у.е,,,,,4f8QM,26,yakkasarai
,https://www.olx.uz/d/obyavlenie/zhk-navruz-2-komnatnaya-56kv-ulitsa-shota-rustaveli-nikto-ne-zhil-srochno-ID4eKyA.html,,,,,,,,4eKyA,26,yakkasarai
ЖК Navruz 2 -комнатная 56кв улица Шота Руставели Никто не жил СРОЧНО,https://www.olx.uz/d/obyavlenie/zhk-navruz-2-komnatnaya-56kv-ulitsa-shota-rustaveli-nikto-ne-zhil-srochno-ID4eKyA.html,600 у.е. Договорная,600.0,у.е,,,,,4eKyA,26,yakkasarai
,https://www.olx.uz/d/obyavlenie/zhk-istanbul-siti-sdaetsya-novaya-2h-komnatnaya-ID3Hnj8.html,,,,,,,,3Hnj8,26,yakkasarai
ЖК Истанбул Сити-Сдаётся новая 2х комнатная!,https://www.olx.uz/d/obyavlenie/zhk-istanbul-siti-sdaetsya-novaya-2h-komnatnaya-ID3Hnj8.html,700 у.е. Договорная,700.0,у.е,,,,,3Hnj8,26,yakkasarai
,https://www.olx.uz/d/obyavlenie/1-komnatnaya-naprotiv-seul-moon-ID4f8Pd.html,,,,,,,,4f8Pd,26,yakkasarai
1 комнатная напротив Seul Moon,https://www.olx.uz/d/obyavlenie/1-komnatnaya-naprotiv-seul-moon-ID4f8Pd.html,450 у.е.,450.0,у.е,,,,,4f8Pd,26,yakkasarai
,https://www.olx.uz/d/obyavlenie/arenda-3-komnatnaya-yakkasaray-rakat-korzinka-ID4eldf.html,,,,,,,,4eldf,26,yakkasarai
Аренда 3 комнатная Яккасарай Ракат Корзинка,https://www.olx.uz/d/obyavlenie/arenda-3-komnatnaya-yakkasaray-rakat-korzinka-ID4eldf.html,800 у.е.,800.0,у.е,,,,,4eldf,26,yakkasarai
,https://www.olx.uz/d/obyavlenie/sdaetsya-kv-zhk-yakkasaray-rezident-3-8-10-ro-n-yakkasarayskiy-ID4f8Ml.html,,,,,,,,4f8Ml,26,yakkasarai
Сдаётся кв ЖК Яккасарай Резидент 3/8/10 ро-н Яккасарайский,https://www.olx.uz/d/obyavlenie/sdaetsya-kv-zhk-yakkasaray-rezident-3-8-10-ro-n-yakkasarayskiy-ID4f8Ml.html,600 у.е.,600.0,у.е,,,,,4f8Ml,26,yakkasarai
,https://www.olx.uz/d/obyavlenie/sdaetsya-kvartira-po-ulitse-babura-naprotiv-seul-mun-v-tsentre-ID4f8Kk.html,,,,,,,,4f8Kk,26,yakkasarai
Сдается квартира по улице Бабура напротив Сеул Мун в центре,https://www.olx.uz/d/obyavlenie/sdaetsya-kvartira-po-ulitse-babura-naprotiv-seul-mun-v-tsentre-ID4f8Kk.html,450 у.е.,450.0,у.е,,,,,4f8Kk,26,yakkasarai
,https://www.olx.uz/d/obyavlenie/sdaetsya-v-arendu-darkhon-residence-2-4-9-ID4f8JD.html,,,,,,,,4f8JD,26,yakkasarai
Сдаётся в аренду Darkhon Residence 2/4/9,https://www.olx.uz/d/obyavlenie/sdaetsya-v-arendu-darkhon-residence-2-4-9-ID4f8JD.html,850 у.е.,850.0,у.е,,,,,4f8JD,26,yakkasarai
,https://www.olx.uz/d/obyavlenie/yakkasarayskiy-or-r-yakkasaray-restoran-zh-k-aer-hous-tsentr-goroda-ID4el7x.html,,,,,,,,4el7x,26,yakkasarai
Яккасарайский ор-р Яккасарай Ресторан Ж.К Аэр Хоус ЦЕНТР ГОРОДА,https://www.olx.uz/d/obyavlenie/yakkasarayskiy-or-r-yakkasaray-restoran-zh-k-aer-hous-tsentr-goroda-ID4el7x.html,800 у.е.,800.0,у.е,,,,,4el7x,26,yakkasarai
,https://www.olx.uz/d/obyavlenie/sdaetsya-kv-zhk-royal-house-2-6-9-ro-n-yakkasarayskiy-ID4f8IO.html,,,,,,,,4f8IO,26,yakkasarai
"Сдаётся кв ЖК ""Royal House""  2/6/9 ро-н Яккасарайский",https://www.olx.uz/d/obyavlenie/sdaetsya-kv-zhk-royal-house-2-6-9-ro-n-yakkasarayskiy-ID4f8IO.html,700 у.е.,700.0,у.е,,,,,4f8IO,26,yakkasarai
,https://www.olx.uz/d/obyavlenie/sdaetsya-kvartira-zhk-novza-golden-haus-ID2NSNY.html,,,,,,,,2NSNY,26,yakkasarai
Сдается квартира ЖК Новза Голден хаус,https://www.olx.uz/d/obyavlenie/sdaetsya-kvartira-zhk-novza-golden-haus-ID2NSNY.html,800 у.е.,800.0,у.е,,,,,2NSNY,26,yakkasarai
,https://www.olx.uz/d/obyavlenie/sdaetsya-kvartira-ID36Mf4.html,,,,,,,,36Mf4,26,yakkasarai
Сдается Квартира,https://www.olx.uz/d/obyavlenie/sdaetsya-kvartira-ID36Mf4.html,700 у.е.,700.0,у.е,,,,,36Mf4,26,yakkasarai
,https://www.olx.uz/d/obyavlenie/sdaetsya-kvartira-mvd-kosmonavty-ID3gZ5Z.html,,,,,,,,3gZ5Z,26,yakkasarai
Сдается квартира МВД .Космонавты,https://www.olx.uz/d/obyavlenie/sdaetsya-kvartira-mvd-kosmonavty-ID3gZ5Z.html,1 000 у.е.,1000.0,у.е,,,,,3gZ5Z,26,yakkasarai
,https://www.olx.uz/d/obyavlenie/sdaetsya-3-h-komnatnaya-kvartira-na-zhk-dream-house-ID3Vhq3.html,,,,,,,,3Vhq3,26,yakkasarai
Сдаётся 3-х комнатная квартира на ЖК Dream House‼️,https://www.olx.uz/d/obyavlenie/sdaetsya-3-h-komnatnaya-kvartira-na-zhk-dream-house-ID3Vhq3.html,900 у.е.,900.0,у.е,,,,,3Vhq3,26,yakkasarai
,https://www.olx.uz/d/obyavlenie/sdaetsya-kvartira-na-yakkasaray-metro-kosmonavty-ID3u3si.html,,,,,,,,3u3si,26,yakkasarai
Сдаётся квартира на Яккасарай  метро Космонавты,https://www.olx.uz/d/obyavlenie/sdaetsya-kvartira-na-yakkasaray-metro-kosmonavty-ID3u3si.html,1 300 у.е.,1300.0,у.е,,,,,3u3si,26,yakkasarai
,https://www.olx.uz/d/obyavlenie/sdaetsya-goryachaya-2-kom-kvartira-zhk-kislorod-seul-mun-ID40L6U.html,,,,,,,,40L6U,26,yakkasarai
Сдаётся горячая 2-ком квартира! ЖК Кислород/Сеул Мун,https://www.olx.uz/d/obyavlenie/sdaetsya-goryachaya-2-kom-kvartira-zhk-kislorod-seul-mun-ID40L6U.html,600 у.е.,600.0,у.е,,,,,40L6U,26,yakkasarai
,https://www.olx.uz/d/obyavlenie/sdaetsya-kvartira-ID35SOP.html,,,,,,,,35SOP,26,yakkasarai
Сдается Квартира,https://www.olx.uz/d/obyavlenie/sdaetsya-kvartira-ID35SOP.html,700 у.е.,700.0,у.е,,,,,35SOP,26,yakkasarai
,https://www.olx.uz/d/obyavlenie/sdaetsya-kvartira-na-zhk-city-life-ID3VmXz.html,,,,,,,,3VmXz,26,yakkasarai
Сдаётся квартира на ЖК City Life!,https://www.olx.uz/d/obyavlenie/sdaetsya-kvartira-na-zhk-city-life-ID3VmXz.html,1 000 у.е.,1000.0,у.е,,,,,3VmXz,26,yakkasarai
,https://www.olx.uz/d/obyavlenie/sdaetsya-kvartira-na-ul-shota-rustaveli-ID3qIdS.html,,,,,,,,3qIdS,26,yakkasarai
Сдается квартира.. на ул.Шота Руставели,https://www.olx.uz/d/obyavlenie/sdaetsya-kvartira-na-ul-shota-rustaveli-ID3qIdS.html,750 у.е.,750.0,у.е,,,,,3qIdS,26,yakkasarai
,https://www.olx.uz/d/obyavlenie/sdaetsya-kvartira-na-zhk-salyaris-s-avtorskim-remontam-ID3XTbD.html,,,,,,,,3XTbD,26,yakkasarai
Сдаётся квартира на ЖК Салярис с Авторским ремонтам‼️,https://www.olx.uz/d/obyavlenie/sdaetsya-kvartira-na-zhk-salyaris-s-avtorskim-remontam-ID3XTbD.html,1 000 у.е.,1000.0,у.е,,,,,3XTbD,26,yakkasarai
,https://www.olx.uz/d/obyavlenie/2-3-9-arenda-rental-arenda-maxtumquli-for-foreigners-ID46S4v.html,,,,,,,,46S4v,26,yakkasarai
2/3/9 arenda rental аренда. Maxtumquli. For foreigners,https://www.olx.uz/d/obyavlenie/2-3-9-arenda-rental-arenda-maxtumquli-for-foreigners-ID46S4v.html,650 у.е.,650.0,у.е,,,,,46S4v,26,yakkasarai
,https://www.olx.uz/d/obyavlenie/yakkasaroy-zhk-uzbegim-2-2-10-ID3TvQj.html,,,,,,,,3TvQj,26,yakkasarai
Яккасарой ЖК Узбегим 2/2/10,https://www.olx.uz/d/obyavlenie/yakkasaroy-zhk-uzbegim-2-2-10-ID3TvQj.html,800 у.е.,800.0,у.е,,,,,3TvQj,26,yakkasarai
,https://www.olx.uz/d/obyavlenie/arenda-arzon-kvartira-oyla-ayolaga-ID4f8zo.html,,,,,,,,4f8zo,26,yakkasarai
Arenda Arzon Kvartira Oyla Ayolaga,https://www.olx.uz/d/obyavlenie/arenda-arzon-kvartira-oyla-ayolaga-ID4f8zo.html,150 у.е.,150.0,у.е,,,,,4f8zo,26,yakkasarai
,https://www.olx.uz/d/obyavlenie/zhk-madrid-novostroyka-sdaetsya-novaya-2h-komnatnaya-ID3GA47.html,,,,,,,,3GA47,26,yakkasarai
ЖК Мадрид Новостройка-Сдаётся новая 2х комнатная!,https://www.olx.uz/d/obyavlenie/zhk-madrid-novostroyka-sdaetsya-novaya-2h-komnatnaya-ID3GA47.html,800 у.е. Договорная,800.0,у.е,,,,,3GA47,26,yakkasarai
,https://www.olx.uz/d/obyavlenie/sdaetsya-kvartira-ID2ZfAd.html,,,,,,,,2ZfAd,26,yakkasarai
Сдается квартира,https://www.olx.uz/d/obyavlenie/sdaetsya-kvartira-ID2ZfAd.html,750 у.е.,750.0,у.е,,,,,2ZfAd,26,yakkasarai
,https://www.olx.uz/d/obyavlenie/sdaetsya-kvartira-na-ulitse-glinka-drim-haus-ID3sVfu.html,,,,,,,,3sVfu,26,yakkasarai
Сдаётся квартира на улице Глинка Дрим Хаус‼️,https://www.olx.uz/d/obyavlenie/sdaetsya-kvartira-na-ulitse-glinka-drim-haus-ID3sVfu.html,1 200 у.е.,1200.0,у.е,,,,,3sVfu,26,yakkasarai
,https://www.olx.uz/d/obyavlenie/sdaetsya-3-h-komnatnaya-kvartira-po-ul-bobura-ID3XGfU.html,,,,,,,,3XGfU,26,yakkasarai
Сдаётся 3-х комнатная квартира по ул. Бобура!,https://www.olx.uz/d/obyavlenie/sdaetsya-3-h-komnatnaya-kvartira-po-ul-bobura-ID3XGfU.html,2 000 у.е.,2000.0,у.е,,,,,3XGfU,26,yakkasarai
,https://www.olx.uz/d/obyavlenie/sdaetsya-kvartira-v-yakkasarayskom-rayone-ID3wd4y.html,,,,,,,,3wd4y,26,yakkasarai
Сдаётся квартира в Яккасарайском районе**,https://www.olx.uz/d/obyavlenie/sdaetsya-kvartira-v-yakkasarayskom-rayone-ID3wd4y.html,1 200 у.е.,1200.0,у.е,,,,,3wd4y,26,yakkasarai
,https://www.olx.uz/d/obyavlenie/sdaetsya-kvartira-v-novostroyke-ID3rk9x.html,,,,,,,,3rk9x,26,yakkasarai
Сдается квартира.. в новостройке,https://www.olx.uz/d/obyavlenie/sdaetsya-kvartira-v-novostroyke-ID3rk9x.html,700 у.е.,700.0,у.е,,,,,3rk9x,26,yakkasarai
,https://www.olx.uz/d/obyavlenie/arenda-kvartiry-zhk-madrid-orientir-tekstilnyy-most-ID4ekXd.html,,,,,,,,4ekXd,26,yakkasarai
"Аренда квартиры ЖК ""Мадрид"" Ориентир Текстильный мост",https://www.olx.uz/d/obyavlenie/arenda-kvartiry-zhk-madrid-orientir-tekstilnyy-most-ID4ekXd.html,699 у.е.,699.0,у.е,,,,,4ekXd,26,yakkasarai
,https://www.olx.uz/d/obyavlenie/zhk-milano-ul-abdula-kahara-ID4ekVO.html,,,,,,,,4ekVO,26,yakkasarai
ЖК Milano ул абдула кахара,https://www.olx.uz/d/obyavlenie/zhk-milano-ul-abdula-kahara-ID4ekVO.html,1 500 у.е. Договорная,1500.0,у.е,,,,,4ekVO,26,yakkasarai
,https://www.olx.uz/d/obyavlenie/sdaetsya-2h-komnatnaya-kvartira-v-tsentre-goroda-ID3FjKu.html,,,,,,,,3FjKu,26,yakkasarai
Сдаётся 2х комнатная квартира в центре города,https://www.olx.uz/d/obyavlenie/sdaetsya-2h-komnatnaya-kvartira-v-tsentre-goroda-ID3FjKu.html,700 у.е.,700.0,у.е,,,,,3FjKu,26,yakkasarai
,https://www.olx.uz/d/obyavlenie/zhk-madrid-mukumiy-most-sdaetsya-novaya-2h-komnatnaya-ID3FKeQ.html,,,,,,,,3FKeQ,26,yakkasarai
ЖК МАДРИД Мукумий мост! Сдаётся новая 2х комнатная!,https://www.olx.uz/d/obyavlenie/zhk-madrid-mukumiy-most-sdaetsya-novaya-2h-komnatnaya-ID3FKeQ.html,650 у.е. Договорная,650.0,у.е,,,,,3FKeQ,26,yakkasarai
,https://www.olx.uz/d/obyavlenie/srochno-na-dolgiy-srok-2h-komn-34m2-sh-rustaveli-eee-ID4f8wD.html,,,,,,,,4f8wD,26,yakkasarai
"СРОЧНО на Долгий Срок!2х комн,34м2|Ш.Руставели   ЭЭЭ",https://www.olx.uz/d/obyavlenie/srochno-na-dolgiy-srok-2h-komn-34m2-sh-rustaveli-eee-ID4f8wD.html,800 у.е. Договорная,800.0,у.е,,,,,4f8wD,26,yakkasarai
,https://www.olx.uz/d/obyavlenie/sdaetsya-kvartira-ID3Loo6.html,,,,,,,,3Loo6,26,yakkasarai
Сдаётся квартира,https://www.olx.uz/d/obyavlenie/sdaetsya-kvartira-ID3Loo6.html,1 200 у.е.,1200.0,у.е,,,,,3Loo6,26,yakkasarai
,https://www.olx.uz/d/obyavlenie/sdaetsya-kvartira-na-tsume-ID378Wo.html,,,,,,,,378Wo,26,yakkasarai
Сдается квартира на цуме,https://www.olx.uz/d/obyavlenie/sdaetsya-kvartira-na-tsume-ID378Wo.html,1 200 у.е.,1200.0,у.е,,,,,378Wo,26,yakkasarai
,https://www.olx.uz/d/obyavlenie/sdaetsya-kvartira-na-rakate-ID3u0GT.html,,,,,,,,3u0GT,26,yakkasarai
Сдаётся квартира на Ракате‼️,https://www.olx.uz/d/obyavlenie/sdaetsya-kvartira-na-rakate-ID3u0GT.html,1 100 у.е.,1100.0,у.е,,,,,3u0GT,26,yakkasarai
,https://www.olx.uz/d/obyavlenie/sdaetsya-kvartira-vozle-humo-areny-ID3voFT.html,,,,,,,,3voFT,26,yakkasarai
СДАЕТСЯ квартира возле Хумо арены,https://www.olx.uz/d/obyavlenie/sdaetsya-kvartira-vozle-humo-areny-ID3voFT.html,600 у.е.,600.0,у.е,,,,,3voFT,26,yakkasarai
,https://www.olx.uz/d/obyavlenie/sdaetsya-kvartira-lyuks-3-4-6-yakkasarayskiy-rayon-ID2aAvA.html,,,,,,,,2aAvA,26,yakkasarai
Сдаётся квартира люкс 3/4/6 Яккасарайский район,https://www.olx.uz/d/obyavlenie/sdaetsya-kvartira-lyuks-3-4-6-yakkasarayskiy-rayon-ID2aAvA.html,2 000 у.е.,2000.0,у.е,,,,,2aAvA,26,yakkasarai
,https://www.olx.uz/d/obyavlenie/sdaetsya-kvartira-na-glinke-kichik-beshagach-ID3Vnaz.html,,,,,,,,3Vnaz,26,yakkasarai
Сдаётся квартира на Глинке (Кичик Бешагач),https://www.olx.uz/d/obyavlenie/sdaetsya-kvartira-na-glinke-kichik-beshagach-ID3Vnaz.html,800 у.е.,800.0,у.е,,,,,3Vnaz,26,yakkasarai
,https://www.olx.uz/d/obyavlenie/sdaetsya-kvartira-novostroyka-po-ulitse-nukusa-ID2APk3.html,,,,,,,,2APk3,26,yakkasarai
Сдается квартира новостройка по улице Нукуса,https://www.olx.uz/d/obyavlenie/sdaetsya-kvartira-novostroyka-po-ulitse-nukusa-ID2APk3.html,1 400 у.е.,1400.0,у.е,,,,,2APk3,26,yakkasarai
,https://www.olx.uz/d/obyavlenie/sdaetsya-kvartira-na-shota-rustaveli-ID3pu0Y.html,,,,,,,,3pu0Y,26,yakkasarai
Сдаётся  Квартира На Шота Руставели...,https://www.olx.uz/d/obyavlenie/sdaetsya-kvartira-na-shota-rustaveli-ID3pu0Y.html,800 у.е. Договорная,800.0,у.е,,,,,3pu0Y,26,yakkasarai
,https://www.olx.uz/d/obyavlenie/yakkasaroy-qushbegi-kvartira-1-ta-qizga-joy-jor-ID4cu1B.html,,,,,,,,4cu1B,26,yakkasarai
Yakkasaroy qushbegi kvartira 1 ta qizga joy jor,https://www.olx.uz/d/obyavlenie/yakkasaroy-qushbegi-kvartira-1-ta-qizga-joy-jor-ID4cu1B.html,900 000 сум Договорная,900000.0,сум,,,,,4cu1B,26,yakkasarai
,https://www.olx.uz/d/obyavlenie/sdaetsya-kvartira-v-tsentre-nekst-ID4f8rN.html,,,,,,,,4f8rN,26,yakkasarai
Сдается квартира в центре Некст,https://www.olx.uz/d/obyavlenie/sdaetsya-kvartira-v-tsentre-nekst-ID4f8rN.html,450 у.е.,450.0,у.е,,,,,4f8rN,26,yakkasarai
,https://www.olx.uz/d/obyavlenie/kvartira-arenda-tsum-3-2-7-ID1TfdJ.html,,,,,,,,1TfdJ,26,yakkasarai
Квартирa Аренда ЦУМ 3/2/7,https://www.olx.uz/d/obyavlenie/kvartira-arenda-tsum-3-2-7-ID1TfdJ.html,2 000 у.е.,2000.0,у.е,,,,,1TfdJ,26,yakkasarai
,https://www.olx.uz/d/obyavlenie/zhk-parisien-sdaetsya-novaya-3-h-komnatnaya-v-prestizhnom-rayone-ID3qhCE.html,,,,,,,,3qhCE,26,yakkasarai
Жк Parisien-Сдается новая 3-х комнатная в престижном районе!,https://www.olx.uz/d/obyavlenie/zhk-parisien-sdaetsya-novaya-3-h-komnatnaya-v-prestizhnom-rayone-ID3qhCE.html,1 100 у.е. Договорная,1100.0,у.е,,,,,3qhCE,26,yakkasarai
,https://www.olx.uz/d/obyavlenie/sdaetsya-kvartira-bez-depozit-2h-komn-ul-sh-rustaveli-or-park-bobur-bks-ID4dVag.html,,,,,,,,4dVag,26,yakkasarai
Сдается Квартира БЕЗ ДЕПОЗИТ!!2х комн|ул Ш.Руставели|ор ПАРК БОБУР БКС,https://www.olx.uz/d/obyavlenie/sdaetsya-kvartira-bez-depozit-2h-komn-ul-sh-rustaveli-or-park-bobur-bks-ID4dVag.html,700 у.е. Договорная,700.0,у.е,,,,,4dVag,26,yakkasarai
,https://www.olx.uz/d/obyavlenie/sdaetsya-shikarnaya-3-h-komnatnaya-kvartira-v-tsentre-goroda-ID3vTJS.html,,,,,,,,3vTJS,26,yakkasarai
Сдается шикарная 3-х комнатная квартира в центре города!,https://www.olx.uz/d/obyavlenie/sdaetsya-shikarnaya-3-h-komnatnaya-kvartira-v-tsentre-goroda-ID3vTJS.html,1 200 у.е.,1200.0,у.е,,,,,3vTJS,26,yakkasarai
,https://www.olx.uz/d/obyavlenie/gostinitsa-rossiya-sdaetsya-novaya-3-kom-v-tsentre-goroda-novostroyka-ID3pYU6.html,,,,,,,,3pYU6,26,yakkasarai
Гостиница Россия! Сдается новая 3-ком в центре города! Новостройка,https://www.olx.uz/d/obyavlenie/gostinitsa-rossiya-sdaetsya-novaya-3-kom-v-tsentre-goroda-novostroyka-ID3pYU6.html,1 000 у.е. Договорная,1000.0,у.е,,,,,3pYU6,26,yakkasarai
,https://www.olx.uz/d/obyavlenie/zhk-uzbegim-sdaetsya-novaya-kvartira-neoklassika-ID3TIeR.html,,,,,,,,3TIeR,26,yakkasarai
ЖК Узбегим! Сдается новая квартира /неоклассика/,https://www.olx.uz/d/obyavlenie/zhk-uzbegim-sdaetsya-novaya-kvartira-neoklassika-ID3TIeR.html,1 000 у.е. Договорная,1000.0,у.е,,,,,3TIeR,26,yakkasarai
,https://www.olx.uz/d/obyavlenie/arenda-zhk-felichita-3-h-komnatnaya-premium-kvartira-ID3voru.html,,,,,,,,3voru,26,yakkasarai
Аренда ЖК Феличита! 3-х комнатная премиум квартира!,https://www.olx.uz/d/obyavlenie/arenda-zhk-felichita-3-h-komnatnaya-premium-kvartira-ID3voru.html,1 300 у.е. Договорная,1300.0,у.е,,,,,3voru,26,yakkasarai
,https://www.olx.uz/d/obyavlenie/srochno-arenda-kvartira-yakkasaray-4-komnatnaya-ID4dV8y.html,,,,,,,,4dV8y,26,yakkasarai
срочно аренда квартира яккасарай 4 комнатная,https://www.olx.uz/d/obyavlenie/srochno-arenda-kvartira-yakkasaray-4-komnatnaya-ID4dV8y.html,2 500 у.е.,2500.0,у.е,,,,,4dV8y,26,yakkasarai
,https://www.olx.uz/d/obyavlenie/gabus-sdaetsya-novaya-kvartira-v-elit-komplekse-ID3Glac.html,,,,,,,,3Glac,26,yakkasarai
ГАБУС! Сдается новая квартира в элит комплексе!,https://www.olx.uz/d/obyavlenie/gabus-sdaetsya-novaya-kvartira-v-elit-komplekse-ID3Glac.html,600 у.е.,600.0,у.е,,,,,3Glac,26,yakkasarai
,https://www.olx.uz/d/obyavlenie/zhk-istanbul-siti-sdaetsya-v-arendu-2-h-kom-kvartira-ID3zUGe.html,,,,,,,,3zUGe,26,yakkasarai
Жк Истанбул Сити! Сдаётся в аренду 2-х ком квартира,https://www.olx.uz/d/obyavlenie/zhk-istanbul-siti-sdaetsya-v-arendu-2-h-kom-kvartira-ID3zUGe.html,750 у.е. Договорная,750.0,у.е,,,,,3zUGe,26,yakkasarai
,https://www.olx.uz/d/obyavlenie/zhk-felichita-sdaetsya-novaya-4-kom-kvartira-3-san-uzla-foto-realnoe-ID3Ztx3.html,,,,,,,,3Ztx3,26,yakkasarai
Жк Феличита! Сдаётся новая 4- ком квартира 3 сан узла фото реальное!,https://www.olx.uz/d/obyavlenie/zhk-felichita-sdaetsya-novaya-4-kom-kvartira-3-san-uzla-foto-realnoe-ID3Ztx3.html,2 600 у.е. Договорная,2600.0,у.е,,,,,3Ztx3,26,yakkasarai
,https://www.olx.uz/d/obyavlenie/yakkasaray-nukuskaya-3-komntnaya-a-sdaetsya-bezuprechnaya-kvartira-ID3U7Tp.html,,,,,,,,3U7Tp,26,yakkasarai
Яккасарай Нукуская 3 комнтная а Сдаётся безупречная квартира,https://www.olx.uz/d/obyavlenie/yakkasaray-nukuskaya-3-komntnaya-a-sdaetsya-bezuprechnaya-kvartira-ID3U7Tp.html,800 у.е. Договорная,800.0,у.е,,,,,3U7Tp,26,yakkasarai
,https://www.olx.uz/d/obyavlenie/zhk-uzbegim-sdaetsya-v-arendu-3-kom-kvartira-novaya-kvartira-ID3BBhy.html,,,,,,,,3BBhy,26,yakkasarai
Жк Узбегим! Сдаётся в аренду 3- ком квартира новая квартира,https://www.olx.uz/d/obyavlenie/zhk-uzbegim-sdaetsya-v-arendu-3-kom-kvartira-novaya-kvartira-ID3BBhy.html,1 000 у.е. Договорная,1000.0,у.е,,,,,3BBhy,26,yakkasarai
,https://www.olx.uz/d/obyavlenie/arenda-kvartiry-v-tashkente-5-1-8-yakkasarayskiy-r-n-mukimiy-ID4bi8S.html,,,,,,,,4bi8S,26,yakkasarai
"Аренда квартиры в Ташкенте 5/1/8! Яккасарайский р-н, Мукимий",https://www.olx.uz/d/obyavlenie/arenda-kvartiry-v-tashkente-5-1-8-yakkasarayskiy-r-n-mukimiy-ID4bi8S.html,650 у.е.,650.0,у.е,,,,,4bi8S,26,yakkasarai
,https://www.olx.uz/d/obyavlenie/shota-rustaveli-zhk-prestige-gardens-ID4eJXq.html,,,,,,,,4eJXq,26,yakkasarai
Шота Руставели ЖК “Prestige Gardens”,https://www.olx.uz/d/obyavlenie/shota-rustaveli-zhk-prestige-gardens-ID4eJXq.html,1 200 у.е.,1200.0,у.е,,,,,4eJXq,26,yakkasarai
,https://www.olx.uz/d/obyavlenie/istanbul-city-3-kom-kvartira-v-arendu-yakkasarayskiy-rayon-ID3W6gr.html,,,,,,,,3W6gr,26,yakkasarai
Istanbul city 3-ком квартира в аренду! Яккасарайский район!!!,https://www.olx.uz/d/obyavlenie/istanbul-city-3-kom-kvartira-v-arendu-yakkasarayskiy-rayon-ID3W6gr.html,1 300 у.е. Договорная,1300.0,у.е,,,,,3W6gr,26,yakkasarai
,https://www.olx.uz/d/obyavlenie/sdaetsya-1-kom-zhk-black-tower-ID4f8jh.html,,,,,,,,4f8jh,26,yakkasarai
Сдается 1 ком ЖК Black Tower,https://www.olx.uz/d/obyavlenie/sdaetsya-1-kom-zhk-black-tower-ID4f8jh.html,600 у.е.,600.0,у.е,,,,,4f8jh,26,yakkasarai
,https://www.olx.uz/d/obyavlenie/srochno-shikarnaya-3-h-komnatnaya-160m-zhk-via-port-ID41vmK.html,,,,,,,,41vmK,26,yakkasarai
Срочно! Шикарная 3-х комнатная 160м² ЖК Via Port,https://www.olx.uz/d/obyavlenie/srochno-shikarnaya-3-h-komnatnaya-160m-zhk-via-port-ID41vmK.html,1 200 у.е.,1200.0,у.е,,,,,41vmK,26,yakkasarai
,https://www.olx.uz/d/obyavlenie/yakkasaroy-qushbegi-arenda-ID4ekI1.html,,,,,,,,4ekI1,26,yakkasarai
Yakkasaroy qushbegi arenda,https://www.olx.uz/d/obyavlenie/yakkasaroy-qushbegi-arenda-ID4ekI1.html,600 у.е.,600.0,у.е,,,,,4ekI1,26,yakkasarai
,https://www.olx.uz/d/obyavlenie/zhk-uzbegim-sdaetsya-3h-komnatnaya-s-avtorskim-remontom-ID3EC2v.html,,,,,,,,3EC2v,26,yakkasarai
ЖК Узбегим сдается 3х комнатная с Авторским ремонтом!,https://www.olx.uz/d/obyavlenie/zhk-uzbegim-sdaetsya-3h-komnatnaya-s-avtorskim-remontom-ID3EC2v.html,1 000 у.е. Договорная,1000.0,у.е,,,,,3EC2v,26,yakkasarai
,https://www.olx.uz/d/obyavlenie/yakkasaroy-salamatina-arenda-ID4ekHl.html,,,,,,,,4ekHl,26,yakkasarai
Яккасарой Саламатина аренда,https://www.olx.uz/d/obyavlenie/yakkasaroy-salamatina-arenda-ID4ekHl.html,900 у.е.,900.0,у.е,,,,,4ekHl,26,yakkasarai
,https://www.olx.uz/d/obyavlenie/sdaetsya-3-komnatnaya-v-yakkasarayskiy-rayone-zhk-dream-house-8-roddom-ID4eJW1.html,,,,,,,,4eJW1,26,yakkasarai
"Сдается 3-комнатная в Яккасарайский районе,  ЖК Dream house | 8 роддом",https://www.olx.uz/d/obyavlenie/sdaetsya-3-komnatnaya-v-yakkasarayskiy-rayone-zhk-dream-house-8-roddom-ID4eJW1.html,1 400 у.е.,1400.0,у.е,,,,,4eJW1,26,yakkasarai
,https://www.olx.uz/d/obyavlenie/zhk-parisen-sdaetsya-v-arendu-3-h-kom-novaya-kvartira-ID3zQX3.html,,,,,,,,3zQX3,26,yakkasarai
Жк Парисен! Сдаётся в аренду 3-х ком новая квартира,https://www.olx.uz/d/obyavlenie/zhk-parisen-sdaetsya-v-arendu-3-h-kom-novaya-kvartira-ID3zQX3.html,1 000 у.е.,1000.0,у.е,,,,,3zQX3,26,yakkasarai
,https://www.olx.uz/d/obyavlenie/zhk-via-port-sdaetsya-3-h-komnatnaya-novaya-kvartira-ID3ALh7.html,,,,,,,,3ALh7,26,yakkasarai
Жк Via Port! Сдается 3-х комнатная новая квартира,https://www.olx.uz/d/obyavlenie/zhk-via-port-sdaetsya-3-h-komnatnaya-novaya-kvartira-ID3ALh7.html,1 100 у.е.,1100.0,у.е,,,,,3ALh7,26,yakkasarai
,https://www.olx.uz/d/obyavlenie/zhk-grinvich-sdaetsya-4-h-komnatnaya-novaya-kvartira-ID3ALya.html,,,,,,,,3ALya,26,yakkasarai
ЖК Гринвич! Сдается 4-х комнатная новая квартира,https://www.olx.uz/d/obyavlenie/zhk-grinvich-sdaetsya-4-h-komnatnaya-novaya-kvartira-ID3ALya.html,1 100 у.е.,1100.0,у.е,,,,,3ALya,26,yakkasarai
,https://www.olx.uz/d/obyavlenie/arenda-1-kom-kushbegi-bashlyk-aeroport-ID45fkC.html,,,,,,,,45fkC,26,yakkasarai
Аренда.1-Ком.Кушбеги-Башлык.Аэропорт,https://www.olx.uz/d/obyavlenie/arenda-1-kom-kushbegi-bashlyk-aeroport-ID45fkC.html,400 у.е. Договорная,400.0,у.е,,,,,45fkC,26,yakkasarai
,https://www.olx.uz/d/obyavlenie/sdaetsya-kvartira-yakkasarayskiy-rayon-zhk-istanbul-siti-2-4-10-ID4f8f6.html,,,,,,,,4f8f6,26,yakkasarai
Сдается квартира Яккасарайский район ЖК Истанбул Сити 2/4/10,https://www.olx.uz/d/obyavlenie/sdaetsya-kvartira-yakkasarayskiy-rayon-zhk-istanbul-siti-2-4-10-ID4f8f6.html,700 у.е.,700.0,у.е,,,,,4f8f6,26,yakkasarai
,https://www.olx.uz/d/obyavlenie/yakkasaroy-shota-rustaveli-premier-motors-aftosalon-ID4f8ch.html,,,,,,,,4f8ch,26,yakkasarai
Yakkasaroy Shota Rustaveli Premier motors Aftosalon,https://www.olx.uz/d/obyavlenie/yakkasaroy-shota-rustaveli-premier-motors-aftosalon-ID4f8ch.html,245 у.е.,245.0,у.е,,,,,4f8ch,26,yakkasarai
,https://www.olx.uz/d/obyavlenie/komfortnaya-1-komnatnaya-kvartira-idealnoe-zhile-dlya-pary-36m2-ID3ydhK.html,,,,,,,,3ydhK,26,yakkasarai
Комфортная 1-комнатная квартира: идеальное жилье для пары/36м2,https://www.olx.uz/d/obyavlenie/komfortnaya-1-komnatnaya-kvartira-idealnoe-zhile-dlya-pary-36m2-ID3ydhK.html,500 у.е. Договорная,500.0,у.е,,,,,3ydhK,26,yakkasarai
,https://www.olx.uz/d/obyavlenie/zhk-madrid-3h-kom-nedaleko-ot-piramit-tower-s-dorogim-remontom-3-6-9-ID44zsv.html,,,,,,,,44zsv,26,yakkasarai
ЖК МАДРИД ! 3х ком недалеко от Piramit tower с дорогим ремонтом 3/6/9,https://www.olx.uz/d/obyavlenie/zhk-madrid-3h-kom-nedaleko-ot-piramit-tower-s-dorogim-remontom-3-6-9-ID44zsv.html,800 у.е.,800.0,у.е,,,,,44zsv,26,yakkasarai
,https://www.olx.uz/d/obyavlenie/istanbul-siti-novostroyka-sdaetsya-2h-komnatnaya-ID3GDi9.html,,,,,,,,3GDi9,26,yakkasarai
Истанбул Сити Новостройка-Сдаётся 2х комнатная!,https://www.olx.uz/d/obyavlenie/istanbul-siti-novostroyka-sdaetsya-2h-komnatnaya-ID3GDi9.html,700 у.е. Договорная,700.0,у.е,,,,,3GDi9,26,yakkasarai
,https://www.olx.uz/d/obyavlenie/sdaetsya-elitnaya-2-4-14-kvartira-v-yakkasaraye-ul-shota-rustaveli-ID4eJPN.html,,,,,,,,4eJPN,26,yakkasarai
"Сдается Элитная 2/4/14 квартира в Яккасарайе, Ул Шота Руставели",https://www.olx.uz/d/obyavlenie/sdaetsya-elitnaya-2-4-14-kvartira-v-yakkasaraye-ul-shota-rustaveli-ID4eJPN.html,600 у.е. Договорная,600.0,у.е,,,,,4eJPN,26,yakkasarai
,https://www.olx.uz/d/obyavlenie/arenda-kvartiry-orientir-ulitsa-mukimi-makro-zhk-golden-haus-ID4eJNI.html,,,,,,,,4eJNI,26,yakkasarai
"Аренда квартиры Ориентир - улица Мукими, Макро, ЖК Голден Хаус",https://www.olx.uz/d/obyavlenie/arenda-kvartiry-orientir-ulitsa-mukimi-makro-zhk-golden-haus-ID4eJNI.html,899 у.е. Договорная,899.0,у.е,,,,,4eJNI,26,yakkasarai
,https://www.olx.uz/d/obyavlenie/sdaetsya-2h-komnatnaya-kvartira-v-zhk-istanbul-siti-ID3Fk1P.html,,,,,,,,3Fk1P,26,yakkasarai
Сдаётся 2х комнатная квартира в жк Истанбул сити,https://www.olx.uz/d/obyavlenie/sdaetsya-2h-komnatnaya-kvartira-v-zhk-istanbul-siti-ID3Fk1P.html,700 у.е.,700.0,у.е,,,,,3Fk1P,26,yakkasarai
,https://www.olx.uz/d/obyavlenie/arenda-kvartira-ul-babur-ID4ekyv.html,,,,,,,,4ekyv,26,yakkasarai
Аренда квартира ул Бабур,https://www.olx.uz/d/obyavlenie/arenda-kvartira-ul-babur-ID4ekyv.html,700 у.е.,700.0,у.е,,,,,4ekyv,26,yakkasarai
,https://www.olx.uz/d/obyavlenie/sdaetsya-kvartira-bashlyk-1v2-3-5-ID4eky0.html,,,,,,,,4eky0,26,yakkasarai
Сдаётся квартира Башлык 1в2/3/5,https://www.olx.uz/d/obyavlenie/sdaetsya-kvartira-bashlyk-1v2-3-5-ID4eky0.html,500 у.е.,500.0,у.е,,,,,4eky0,26,yakkasarai
,https://www.olx.uz/d/obyavlenie/sdaetsya-kv-zhk-yakkasaray-rezident-3-7-10-ro-n-yakkasarayskiy-ID4f875.html,,,,,,,,4f875,26,yakkasarai
Сдаётся кв ЖК Яккасарай Резидент 3/7/10 ро-н Яккасарайский,https://www.olx.uz/d/obyavlenie/sdaetsya-kv-zhk-yakkasaray-rezident-3-7-10-ro-n-yakkasarayskiy-ID4f875.html,900 у.е.,900.0,у.е,,,,,4f875,26,yakkasarai
,https://www.olx.uz/d/obyavlenie/srochno-sdaetsya-kvartira-na-metro-kosmonavtov-ID4cGyF.html,,,,,,,,4cGyF,26,yakkasarai
Срочно сдается квартира на метро Космонавтов,https://www.olx.uz/d/obyavlenie/srochno-sdaetsya-kvartira-na-metro-kosmonavtov-ID4cGyF.html,800 у.е.,800.0,у.е,,,,,4cGyF,26,yakkasarai
,https://www.olx.uz/d/obyavlenie/yakkasaroy-tumani-oybek-kosmonavtlar-metro-ID4f7Wf.html,,,,,,,,4f7Wf,26,yakkasarai
Yakkasaroy tumani (Oybek / Kosmonavtlar metro),https://www.olx.uz/d/obyavlenie/yakkasaroy-tumani-oybek-kosmonavtlar-metro-ID4f7Wf.html,220 у.е.,220.0,у.е,,,,,4f7Wf,26,yakkasarai
,https://www.olx.uz/d/obyavlenie/sdaetsya-kvartira-v-mirabad-avenyu-ID4ekrI.html,,,,,,,,4ekrI,26,yakkasarai
Сдается квартира в Мирабад Авеню,https://www.olx.uz/d/obyavlenie/sdaetsya-kvartira-v-mirabad-avenyu-ID4ekrI.html,1 700 у.е.,1700.0,у.е,,,,,4ekrI,26,yakkasarai
,https://www.olx.uz/d/obyavlenie/sdaetsya-kvartira-2-4-9-na-yakkasarayskiy-r-n-ul-shotarustaveli-ID4ekr0.html,,,,,,,,4ekr0,26,yakkasarai
Сдаётся Квартира 2/4/9 на Яккасарайский р-н Ул Шотаруставели,https://www.olx.uz/d/obyavlenie/sdaetsya-kvartira-2-4-9-na-yakkasarayskiy-r-n-ul-shotarustaveli-ID4ekr0.html,400 у.е.,400.0,у.е,,,,,4ekr0,26,yakkasarai
,https://www.olx.uz/d/obyavlenie/arenda-studii-30-m-v-prestizhnom-zhk-prestige-gardens-ID4f833.html,,,,,,,,4f833,26,yakkasarai
Аренда студии 30 м² в престижном ЖК Prestige Gardens,https://www.olx.uz/d/obyavlenie/arenda-studii-30-m-v-prestizhnom-zhk-prestige-gardens-ID4f833.html,550 у.е.,550.0,у.е,,,,,4f833,26,yakkasarai
,https://www.olx.uz/d/obyavlenie/arenda-zhk-pristizh-yakkasaroy-2-kom-7-etazh-14-etazhka-vse-est-foto-realno-ID4bPOQ.html,,,,,,,,4bPOQ,26,yakkasarai
Аренда ЖК Пристиж Яккасарой 2 ком 7 этаж 14 этажка все ест фото реално,https://www.olx.uz/d/obyavlenie/arenda-zhk-pristizh-yakkasaroy-2-kom-7-etazh-14-etazhka-vse-est-foto-realno-ID4bPOQ.html,800 у.е.,800.0,у.е,,,,,4bPOQ,26,yakkasarai
,https://www.olx.uz/d/obyavlenie/srochno-arenda-yakkasaray-novostroyka-evro-remont-ID4f4QC.html,,,,,,,,4f4QC,26,yakkasarai
Срочно аренда.  Яккасарай новостройка ЕВРО РЕМОНТ,https://www.olx.uz/d/obyavlenie/srochno-arenda-yakkasaray-novostroyka-evro-remont-ID4f4QC.html,500 у.е.,500.0,у.е,,,,,4f4QC,26,yakkasarai
,https://www.olx.uz/d/obyavlenie/arenda-zhk-uzbegim-3-h-novaya-kvartira-ID4erb1.html,,,,,,,,4erb1,26,yakkasarai
Аренда ЖК Узбегим! 3-х новая квартира!,https://www.olx.uz/d/obyavlenie/arenda-zhk-uzbegim-3-h-novaya-kvartira-ID4erb1.html,1 100 у.е. Договорная,1100.0,у.е,,,,,4erb1,26,yakkasarai
,https://www.olx.uz/d/obyavlenie/zhk-parisien-novastroyka-yakkasaroy-2-kom-7-etazh-8-etazhka-vse-est-ID4ap2e.html,,,,,,,,4ap2e,26,yakkasarai
ЖК Парисиен новастройка Яккасарой 2 ком 7 этаж 8 этажка все ест,https://www.olx.uz/d/obyavlenie/zhk-parisien-novastroyka-yakkasaroy-2-kom-7-etazh-8-etazhka-vse-est-ID4ap2e.html,800 у.е.,800.0,у.е,,,,,4ap2e,26,yakkasarai
,https://www.olx.uz/d/obyavlenie/metro-kosmonaft-spetsplan-3-kom-1-etazh-5-etazhka-vse-est-foto-realno-ID46iYn.html,,,,,,,,46iYn,26,yakkasarai
Метро Космонафт Спецплан 3 ком 1 этаж 5 этажка все ест фото реално,https://www.olx.uz/d/obyavlenie/metro-kosmonaft-spetsplan-3-kom-1-etazh-5-etazhka-vse-est-foto-realno-ID46iYn.html,1 300 у.е.,1300.0,у.е,,,,,46iYn,26,yakkasarai
,https://www.olx.uz/d/obyavlenie/arenda-zhk-askiya-sity-2-kom-5-etazh-13-etazhka-vse-est-foto-realno-ID4dWJk.html,,,,,,,,4dWJk,26,yakkasarai
Аренда ЖК Askiya Sity 2 ком 5 этаж 13 этажка все ест фото реално,https://www.olx.uz/d/obyavlenie/arenda-zhk-askiya-sity-2-kom-5-etazh-13-etazhka-vse-est-foto-realno-ID4dWJk.html,750 у.е.,750.0,у.е,,,,,4dWJk,26,yakkasarai
,https://www.olx.uz/d/obyavlenie/sdaetsya-kvartira-v-novostroyke-ID348Hy.html,,,,,,,,348Hy,26,yakkasarai
Сдается Квартира в Новостройке,https://www.olx.uz/d/obyavlenie/sdaetsya-kvartira-v-novostroyke-ID348Hy.html,1 700 у.е.,1700.0,у.е,,,,,348Hy,26,yakkasarai
,https://www.olx.uz/d/obyavlenie/sdaetsya-kvartira-park-babur-ID2PNh7.html,,,,,,,,2PNh7,26,yakkasarai
Сдаётся квартира парк Бабур,https://www.olx.uz/d/obyavlenie/sdaetsya-kvartira-park-babur-ID2PNh7.html,1 100 у.е.,1100.0,у.е,,,,,2PNh7,26,yakkasarai
,https://www.olx.uz/d/obyavlenie/sdaetsya-kvartira-ID2PVoc.html,,,,,,,,2PVoc,26,yakkasarai
Сдаётся  Квартира,https://www.olx.uz/d/obyavlenie/sdaetsya-kvartira-ID2PVoc.html,650 у.е.,650.0,у.е,,,,,2PVoc,26,yakkasarai
,https://www.olx.uz/d/obyavlenie/sdaetsya-kvartira-studiya-ID3ipRB.html,,,,,,,,3ipRB,26,yakkasarai
сдается квартира студия,https://www.olx.uz/d/obyavlenie/sdaetsya-kvartira-studiya-ID3ipRB.html,550 у.е.,550.0,у.е,,,,,3ipRB,26,yakkasarai
,https://www.olx.uz/d/obyavlenie/sdaetsya-kvartira-ID3cQ8U.html,,,,,,,,3cQ8U,26,yakkasarai
Сдаётся Квартира,https://www.olx.uz/d/obyavlenie/sdaetsya-kvartira-ID3cQ8U.html,700 у.е.,700.0,у.е,,,,,3cQ8U,26,yakkasarai
,https://www.olx.uz/d/obyavlenie/sdaetsya-3-h-komnatnaya-kvartira-po-ul-bobura-ID3QGQT.html,,,,,,,,3QGQT,26,yakkasarai
Сдаётся  3-х комнатная квартира по ул. Бобура!,https://www.olx.uz/d/obyavlenie/sdaetsya-3-h-komnatnaya-kvartira-po-ul-bobura-ID3QGQT.html,800 у.е.,800.0,у.е,,,,,3QGQT,26,yakkasarai
,https://www.olx.uz/d/obyavlenie/srochno-arenda-kvartera-istambul-siti-ID41fLe.html,,,,,,,,41fLe,26,yakkasarai
Срочно аренда квартера истамбул сити,https://www.olx.uz/d/obyavlenie/srochno-arenda-kvartera-istambul-siti-ID41fLe.html,1 000 у.е.,1000.0,у.е,,,,,41fLe,26,yakkasarai
,https://www.olx.uz/d/obyavlenie/104-m-3-h-komnatnaya-v-tsentre-goroda-na-parkentskom-orientir-makro-ID3DCSV.html,,,,,,,,3DCSV,26,yakkasarai
104 м²! 3-х комнатная в центре города на Паркентском! Ориентир Макро!,https://www.olx.uz/d/obyavlenie/104-m-3-h-komnatnaya-v-tsentre-goroda-na-parkentskom-orientir-makro-ID3DCSV.html,800 у.е.,800.0,у.е,,,,,3DCSV,26,yakkasarai
,https://www.olx.uz/d/obyavlenie/arenda-kvartiry-ul-shota-rustaveli-zhk-navruz-ID4ekhq.html,,,,,,,,4ekhq,26,yakkasarai
"Аренда квартиры ул. Шота Руставели ""ЖК Навруз""",https://www.olx.uz/d/obyavlenie/arenda-kvartiry-ul-shota-rustaveli-zhk-navruz-ID4ekhq.html,449 у.е.,449.0,у.е,,,,,4ekhq,26,yakkasarai
,https://www.olx.uz/d/obyavlenie/sdaetsya-kvartira-2-kom-na-yakkasarayskom-r-n-zhk-solaris-kushbegi-ID4f3Cx.html,,,,,,,,4f3Cx,26,yakkasarai
Сдаётся квартира 2 ком на Яккасарайском р-н ЖК Соларис Кушбеги,https://www.olx.uz/d/obyavlenie/sdaetsya-kvartira-2-kom-na-yakkasarayskom-r-n-zhk-solaris-kushbegi-ID4f3Cx.html,400 у.е.,400.0,у.е,,,,,4f3Cx,26,yakkasarai
,https://www.olx.uz/d/obyavlenie/sdaetsya-kvartira-2-kom-na-yakkasarayskom-r-n-shota-rustaveli-ID4f4pd.html,,,,,,,,4f4pd,26,yakkasarai
Сдаётся квартира 2 ком на  Яккасарайском р-н Шота Руставели,https://www.olx.uz/d/obyavlenie/sdaetsya-kvartira-2-kom-na-yakkasarayskom-r-n-shota-rustaveli-ID4f4pd.html,400 у.е.,400.0,у.е,,,,,4f4pd,26,yakkasarai
,https://www.olx.uz/d/obyavlenie/sdaetsya-kvartira-2-kom-na-yakkasarayskom-r-n-glinka-ID4f4Vm.html,,,,,,,,4f4Vm,26,yakkasarai
Сдаётся квартира 2 ком на Яккасарайском р-н Глинка,https://www.olx.uz/d/obyavlenie/sdaetsya-kvartira-2-kom-na-yakkasarayskom-r-n-glinka-ID4f4Vm.html,400 у.е.,400.0,у.е,,,,,4f4Vm,26,yakkasarai
,https://www.olx.uz/d/obyavlenie/uzbegim-aeraport-yuli-2-3-9-ID4ekg0.html,,,,,,,,4ekg0,26,yakkasarai
Узбегим Аерапорт йули.  2/3/9,https://www.olx.uz/d/obyavlenie/uzbegim-aeraport-yuli-2-3-9-ID4ekg0.html,800 у.е.,800.0,у.е,,,,,4ekg0,26,yakkasarai
,https://www.olx.uz/d/obyavlenie/sdaetsya-kvartira-2-kom-na-yakkasarayskom-r-n-ul-bobur-rakat-ID4f4PI.html,,,,,,,,4f4PI,26,yakkasarai
Сдаётся квартира 2 ком на Яккасарайском р-н Ул Бобур Ракат,https://www.olx.uz/d/obyavlenie/sdaetsya-kvartira-2-kom-na-yakkasarayskom-r-n-ul-bobur-rakat-ID4f4PI.html,400 у.е.,400.0,у.е,,,,,4f4PI,26,yakkasarai
,https://www.olx.uz/d/obyavlenie/luchshiy-vid-v-gorode-ID43dbg.html,,,,,,,,43dbg,26,yakkasarai
Лучший ВИД в городе,https://www.olx.uz/d/obyavlenie/luchshiy-vid-v-gorode-ID43dbg.html,1 600 у.е.,1600.0,у.е,,,,,43dbg,26,yakkasarai
,https://www.olx.uz/d/obyavlenie/novostroyka-yakkksaray-bratskiy-2h-komnatnaya-studiya-s-obstonovkoy-ID4eTt8.html,,,,,,,,4eTt8,26,yakkasarai
Новостройка Яккксарай Братский 2х комнатная Студия с обстоновкой,https://www.olx.uz/d/obyavlenie/novostroyka-yakkksaray-bratskiy-2h-komnatnaya-studiya-s-obstonovkoy-ID4eTt8.html,600 у.е.,600.0,у.е,,,,,4eTt8,26,yakkasarai
,https://www.olx.uz/d/obyavlenie/arenda-lyuksovoy-kvartiry-v-tsentre-tashkenta-250m2-ID4c8Sj.html,,,,,,,,4c8Sj,26,yakkasarai
Аренда Люксовой квартиры в ЦЕНТРЕ Ташкента! 250м2!,https://www.olx.uz/d/obyavlenie/arenda-lyuksovoy-kvartiry-v-tsentre-tashkenta-250m2-ID4c8Sj.html,2 700 у.е.,2700.0,у.е,,,,,4c8Sj,26,yakkasarai
,https://www.olx.uz/d/obyavlenie/zhk-dream-house-novaya-3h-kom-kvartira-v-elitnom-komplekse-ID44bys.html,,,,,,,,44bys,26,yakkasarai
ЖК Dream House новая 3х ком квартира в элитном комплексе!,https://www.olx.uz/d/obyavlenie/zhk-dream-house-novaya-3h-kom-kvartira-v-elitnom-komplekse-ID44bys.html,750 у.е.,750.0,у.е,,,,,44bys,26,yakkasarai
,https://www.olx.uz/d/obyavlenie/sdaetsya-kvartira-2-kom-na-yakkasarayskom-r-n-ul-bobur-rakat-ID4f1fW.html,,,,,,,,4f1fW,26,yakkasarai
Сдаётся квартира 2 ком на  Яккасарайском р-н УЛ Бобур Ракат,https://www.olx.uz/d/obyavlenie/sdaetsya-kvartira-2-kom-na-yakkasarayskom-r-n-ul-bobur-rakat-ID4f1fW.html,500 у.е.,500.0,у.е,,,,,4f1fW,26,yakkasarai
,https://www.olx.uz/d/obyavlenie/sdaetsya-kvartira-2-kom-na-yakkasarayskom-r-n-zhk-solaris-kushbegi-ID4f13y.html,,,,,,,,4f13y,26,yakkasarai
Сдаётся квартира 2 ком на  Яккасарайском р-н ЖК Соларис Кушбеги,https://www.olx.uz/d/obyavlenie/sdaetsya-kvartira-2-kom-na-yakkasarayskom-r-n-zhk-solaris-kushbegi-ID4f13y.html,550 у.е.,550.0,у.е,,,,,4f13y,26,yakkasarai
,https://www.olx.uz/d/obyavlenie/sdaetsya-kvartira-2-kom-na-yakkasarayskom-r-n-ul-shota-rustaveli-ID4f0El.html,,,,,,,,4f0El,26,yakkasarai
Сдаётся квартира 2 ком на Яккасарайском р-н ул. Шота Руставели,https://www.olx.uz/d/obyavlenie/sdaetsya-kvartira-2-kom-na-yakkasarayskom-r-n-ul-shota-rustaveli-ID4f0El.html,550 у.е.,550.0,у.е,,,,,4f0El,26,yakkasarai
,https://www.olx.uz/d/obyavlenie/arenda-kvartiry-yakkasarayskom-rayone-zhk-solaris-2-8-10-ID4ek96.html,,,,,,,,4ek96,26,yakkasarai
"Аренда квартиры Яккасарайском районе ЖК ""Соларис""  2/8/10",https://www.olx.uz/d/obyavlenie/arenda-kvartiry-yakkasarayskom-rayone-zhk-solaris-2-8-10-ID4ek96.html,499 у.е.,499.0,у.е,,,,,4ek96,26,yakkasarai
,https://www.olx.uz/d/obyavlenie/sdaetsya-kvartira-2kom-na-yakkasarayskom-r-n-ul-afrosieb-kosmonavt-metro-ID4f1tF.html,,,,,,,,4f1tF,26,yakkasarai
Сдаётся квартира 2ком на Яккасарайском р-н ул Афросиёб Космонавт метро,https://www.olx.uz/d/obyavlenie/sdaetsya-kvartira-2kom-na-yakkasarayskom-r-n-ul-afrosieb-kosmonavt-metro-ID4f1tF.html,500 у.е.,500.0,у.е,,,,,4f1tF,26,yakkasarai
,https://www.olx.uz/d/obyavlenie/sdaetsya-evro-kvartira-v-samom-tsentre-goroda-golden-house-ID2JG1r.html,,,,,,,,2JG1r,26,yakkasarai
Сдается евро квартира в самом центре города GOLDEN HOUSE,https://www.olx.uz/d/obyavlenie/sdaetsya-evro-kvartira-v-samom-tsentre-goroda-golden-house-ID2JG1r.html,600 у.е.,600.0,у.е,,,,,2JG1r,26,yakkasarai
,https://www.olx.uz/d/obyavlenie/akay-city-3h-komnatnaya-100-kv-m-ID47Wni.html,,,,,,,,47Wni,26,yakkasarai
Akay city 3х комнатная 100 кв.м.,https://www.olx.uz/d/obyavlenie/akay-city-3h-komnatnaya-100-kv-m-ID47Wni.html,1 500 у.е.,1500.0,у.е,,,,,47Wni,26,yakkasarai
,https://www.olx.uz/d/obyavlenie/sdaetsya-kvartira-na-bobur-parke-3h-komnatnaya-srochno-ID3GJWQ.html,,,,,,,,3GJWQ,26,yakkasarai
Сдаётся квартира на Бобур парке 3х комнатная срочно!,https://www.olx.uz/d/obyavlenie/sdaetsya-kvartira-na-bobur-parke-3h-komnatnaya-srochno-ID3GJWQ.html,600 у.е.,600.0,у.е,,,,,3GJWQ,26,yakkasarai
,https://www.olx.uz/d/obyavlenie/srochno-sdaetsya-evro-kvartira-rossiya-gostinitsa-ID3GCnF.html,,,,,,,,3GCnF,26,yakkasarai
Срочно сдаётся евро квартира РОССИЯ гостиница,https://www.olx.uz/d/obyavlenie/srochno-sdaetsya-evro-kvartira-rossiya-gostinitsa-ID3GCnF.html,600 у.е. Договорная,600.0,у.е,,,,,3GCnF,26,yakkasarai
,https://www.olx.uz/d/obyavlenie/sdaetsya-kvartira-na-abdulla-kahhor-2h-komnatnaya-evro-remont-ID3GGIb.html,,,,,,,,3GGIb,26,yakkasarai
Сдаётся квартира на Абдулла Каххор 2х комнатная евро ремонт,https://www.olx.uz/d/obyavlenie/sdaetsya-kvartira-na-abdulla-kahhor-2h-komnatnaya-evro-remont-ID3GGIb.html,700 у.е.,700.0,у.е,,,,,3GGIb,26,yakkasarai
,https://www.olx.uz/d/obyavlenie/sdaetsya-ogromnaya-kvartira-na-oybeke-5-ti-komnatnaya-ID3GGDw.html,,,,,,,,3GGDw,26,yakkasarai
Сдаётся огромная квартира на Ойбеке 5 ти комнатная,https://www.olx.uz/d/obyavlenie/sdaetsya-ogromnaya-kvartira-na-oybeke-5-ti-komnatnaya-ID3GGDw.html,750 у.е.,750.0,у.е,,,,,3GGDw,26,yakkasarai
,https://www.olx.uz/d/obyavlenie/srochno-sdaetsya-kvartira-v-samom-tsentre-goroda-ID3GNWA.html,,,,,,,,3GNWA,26,yakkasarai
Срочно сдаётся квартира в самом центре города,https://www.olx.uz/d/obyavlenie/srochno-sdaetsya-kvartira-v-samom-tsentre-goroda-ID3GNWA.html,650 у.е.,650.0,у.е,,,,,3GNWA,26,yakkasarai
,https://www.olx.uz/d/obyavlenie/srochno-sdaetsya-kvartira-4h-komnatnaya-askiya-bazar-ID3GJW6.html,,,,,,,,3GJW6,26,yakkasarai
Срочно сдаётся квартира 4х комнатная!!! Аския базар!!!,https://www.olx.uz/d/obyavlenie/srochno-sdaetsya-kvartira-4h-komnatnaya-askiya-bazar-ID3GJW6.html,700 у.е.,700.0,у.е,,,,,3GJW6,26,yakkasarai
,https://www.olx.uz/d/obyavlenie/srochno-sdaetsya-shota-rustaveli-kvartira-evro-remont-ID3GGB2.html,,,,,,,,3GGB2,26,yakkasarai
Срочно сдаётся ШОТА РУСТАВЕЛИ квартира евро ремонт,https://www.olx.uz/d/obyavlenie/srochno-sdaetsya-shota-rustaveli-kvartira-evro-remont-ID3GGB2.html,600 у.е.,600.0,у.е,,,,,3GGB2,26,yakkasarai
,https://www.olx.uz/d/obyavlenie/sdaetsya-kvartira-2-kom-na-yakkasarayskom-r-n-ul-bobur-askiya-bazar-ID4f0Ol.html,,,,,,,,4f0Ol,26,yakkasarai
Сдаётся квартира 2 ком на Яккасарайском р-н УЛ Бобур  Аския базар,https://www.olx.uz/d/obyavlenie/sdaetsya-kvartira-2-kom-na-yakkasarayskom-r-n-ul-bobur-askiya-bazar-ID4f0Ol.html,550 у.е.,550.0,у.е,,,,,4f0Ol,26,yakkasarai
,https://www.olx.uz/d/obyavlenie/1-komn-ul-nukus-byvsh-gai-glinka-ID3Lwvy.html,,,,,,,,3Lwvy,26,yakkasarai
1-комн. ул.Нукус (бывш ГАИ Глинка),https://www.olx.uz/d/obyavlenie/1-komn-ul-nukus-byvsh-gai-glinka-ID3Lwvy.html,300 у.е.,300.0,у.е,,,,,3Lwvy,26,yakkasarai
,https://www.olx.uz/d/obyavlenie/zhk-parisien-sdaetsya-novaya-2-h-komnatnaya-v-elit-komplekse-ID3q5QQ.html,,,,,,,,3q5QQ,26,yakkasarai
ЖК Parisien! Сдается новая 2-х комнатная в элит комплексе!,https://www.olx.uz/d/obyavlenie/zhk-parisien-sdaetsya-novaya-2-h-komnatnaya-v-elit-komplekse-ID3q5QQ.html,1 000 у.е. Договорная,1000.0,у.е,,,,,3q5QQ,26,yakkasarai
,https://www.olx.uz/d/obyavlenie/arenda-appartament-v-elitnoy-zhk-uzbegim-ID3pmZH.html,,,,,,,,3pmZH,26,yakkasarai
Аренда аппартамент в Элитной ЖК Uzbegim!,https://www.olx.uz/d/obyavlenie/arenda-appartament-v-elitnoy-zhk-uzbegim-ID3pmZH.html,1 000 у.е. Договорная,1000.0,у.е,,,,,3pmZH,26,yakkasarai
,https://www.olx.uz/d/obyavlenie/arenda-zhk-mirabad-avenyu-2-h-kom-uyutnaya-kvartira-ID3H1eR.html,,,,,,,,3H1eR,26,yakkasarai
Аренда ЖК Мирабад Авеню! 2-х ком уютная квартира!,https://www.olx.uz/d/obyavlenie/arenda-zhk-mirabad-avenyu-2-h-kom-uyutnaya-kvartira-ID3H1eR.html,1 000 у.е. Договорная,1000.0,у.е,,,,,3H1eR,26,yakkasarai
,https://www.olx.uz/d/obyavlenie/021-cdam-kv-2-3-8-yakkasaray-most-mukimiy-ID38hXI.html,,,,,,,,38hXI,26,yakkasarai
(021) Cдам кв 2/3/8 Яккасарай мост Мукимий,https://www.olx.uz/d/obyavlenie/021-cdam-kv-2-3-8-yakkasaray-most-mukimiy-ID38hXI.html,550 у.е. Договорная,550.0,у.е,,,,,38hXI,26,yakkasarai
,https://www.olx.uz/d/obyavlenie/zhk-istanbul-city-sdaetsya-v-arendu-2-h-kom-novaya-kvartira-ID3zR16.html,,,,,,,,3zR16,26,yakkasarai
Жк Istanbul City!! Сдаётся в аренду 2-х ком новая квартира,https://www.olx.uz/d/obyavlenie/zhk-istanbul-city-sdaetsya-v-arendu-2-h-kom-novaya-kvartira-ID3zR16.html,800 у.е. Договорная,800.0,у.е,,,,,3zR16,26,yakkasarai
,https://www.olx.uz/d/obyavlenie/sdaetsya-kvartira-shota-rustaveli-ID4dWtE.html,,,,,,,,4dWtE,26,yakkasarai
Сдается Квартира Шота Руставели,https://www.olx.uz/d/obyavlenie/sdaetsya-kvartira-shota-rustaveli-ID4dWtE.html,650 у.е.,650.0,у.е,,,,,4dWtE,26,yakkasarai
,https://www.olx.uz/d/obyavlenie/zhk-istanbul-city-sdaetsya-3h-kom-novaya-kvartira-s-horoshim-remontom-ID3q6by.html,,,,,,,,3q6by,26,yakkasarai
ЖК Istanbul City! Сдаётся 3х ком новая квартира с хорошим ремонтом!,https://www.olx.uz/d/obyavlenie/zhk-istanbul-city-sdaetsya-3h-kom-novaya-kvartira-s-horoshim-remontom-ID3q6by.html,1 000 у.е.,1000.0,у.е,,,,,3q6by,26,yakkasarai
,https://www.olx.uz/d/obyavlenie/zhk-parisien-sdaetsya-novaya-3-h-komnatnaya-kvartira-ID3sPhD.html,,,,,,,,3sPhD,26,yakkasarai
ЖК PARISIEN! Сдается новая 3-х комнатная квартира!,https://www.olx.uz/d/obyavlenie/zhk-parisien-sdaetsya-novaya-3-h-komnatnaya-kvartira-ID3sPhD.html,1 200 у.е. Договорная,1200.0,у.е,,,,,3sPhD,26,yakkasarai
,https://www.olx.uz/d/obyavlenie/ts1-yaponskoe-posolstvokol-vo-komnat-2-arenda-ID3YAIy.html,,,,,,,,3YAIy,26,yakkasarai
"Ц1
 Японское посольство
Кол-во комнат: 2 Аренда",https://www.olx.uz/d/obyavlenie/ts1-yaponskoe-posolstvokol-vo-komnat-2-arenda-ID3YAIy.html,550 у.е.,550.0,у.е,,,,,3YAIy,26,yakkasarai
,https://www.olx.uz/d/obyavlenie/arenda-shota-rostavelli-2-h-kom-tsentr-srochno-ID4dlHb.html,,,,,,,,4dlHb,26,yakkasarai
Аренда Шота Роставелли 2 х ком центр срочно,https://www.olx.uz/d/obyavlenie/arenda-shota-rostavelli-2-h-kom-tsentr-srochno-ID4dlHb.html,650 у.е.,650.0,у.е,,,,,4dlHb,26,yakkasarai
,https://www.olx.uz/d/obyavlenie/sdaetsya-kvartira-2-kom-na-yakkasarayskom-r-n-glinka-ID4f1os.html,,,,,,,,4f1os,26,yakkasarai
Сдаётся квартира 2 ком на Яккасарайском р-н Глинка,https://www.olx.uz/d/obyavlenie/sdaetsya-kvartira-2-kom-na-yakkasarayskom-r-n-glinka-ID4f1os.html,500 у.е.,500.0,у.е,,,,,4f1os,26,yakkasarai
,https://www.olx.uz/d/obyavlenie/sdaetsya-kvartira-v-zhk-mirabad-avenyu-mirabad-avenue-ID4f7Kf.html,,,,,,,,4f7Kf,26,yakkasarai
Сдаётся квартира в ЖК Мирабад авеню Mirabad Avenue,https://www.olx.uz/d/obyavlenie/sdaetsya-kvartira-v-zhk-mirabad-avenyu-mirabad-avenue-ID4f7Kf.html,1 700 у.е.,1700.0,у.е,,,,,4f7Kf,26,yakkasarai
,https://www.olx.uz/d/obyavlenie/sdaetsya-kvartira-na-yakkasarayskom-r-ne-ul-babur-ID4duAg.html,,,,,,,,4duAg,26,yakkasarai
Сдается квартира на Яккасарайском р-не ул Бабур,https://www.olx.uz/d/obyavlenie/sdaetsya-kvartira-na-yakkasarayskom-r-ne-ul-babur-ID4duAg.html,1 000 у.е. Договорная,1000.0,у.е,,,,,4duAg,26,yakkasarai
,https://www.olx.uz/d/obyavlenie/sdaetsya-kvartira-na-yakkasarayskom-r-ne-seul-mun-ID4dNM5.html,,,,,,,,4dNM5,26,yakkasarai
Сдается квартира на Яккасарайском р-не Сеул Мун,https://www.olx.uz/d/obyavlenie/sdaetsya-kvartira-na-yakkasarayskom-r-ne-seul-mun-ID4dNM5.html,800 у.е. Договорная,800.0,у.е,,,,,4dNM5,26,yakkasarai
,https://www.olx.uz/d/obyavlenie/zhk-istanbul-city-sdaetsya-2-h-kom-kvartira-posle-remonta-ID4dNOd.html,,,,,,,,4dNOd,26,yakkasarai
ЖК Istanbul City! Сдается 2-х ком квартира после ремонта!,https://www.olx.uz/d/obyavlenie/zhk-istanbul-city-sdaetsya-2-h-kom-kvartira-posle-remonta-ID4dNOd.html,700 у.е. Договорная,700.0,у.е,,,,,4dNOd,26,yakkasarai
